{
"type": "FeatureCollection",
"name": "block, half",
"crs": { "type": "name", "properties": { "name": "urn:ogc:def:crs:OGC:1.3:CRS84" } },
"features": [
{ "type": "Feature", "properties": { "STATEFP": "36", "COUNTYFP": "047", "TRACTCE": "078601", "BLKGRPCE": "2", "GEOID": "360470786012", "NAMELSAD": "Block Group 2", "MTFCC": "G5030", "FUNCSTAT": "S", "ALAND": 42310.0, "AWATER": 0.0, "INTPTLAT": "+40.6330898", "INTPTLON": "-073.9468119", "Shape__Are": 73541.4375, "Shape__Len": 1184.9069052299999 }, "geometry": { "type": "MultiPolygon", "coordinates": [ [ [ [ -73.94777400021492, 40.633999000581916 ], [ -73.946805000094358, 40.634059000601418 ], [ -73.945867999760836, 40.634117000409937 ], [ -73.945616999690671, 40.631778000019963 ], [ -73.946292000083375, 40.631722999886343 ], [ -73.946478999681119, 40.631707999532175 ], [ -73.946561000595196, 40.631784999451106 ], [ -73.946826999835665, 40.632033999289433 ], [ -73.947698999871847, 40.632884999992896 ], [ -73.948818999605152, 40.633902000220417 ], [ -73.94777400021492, 40.633999000581916 ] ] ] ] } },
{ "type": "Feature", "properties": { "STATEFP": "36", "COUNTYFP": "047", "TRACTCE": "078602", "BLKGRPCE": "2", "GEOID": "360470786022", "NAMELSAD": "Block Group 2", "MTFCC": "G5030", "FUNCSTAT": "S", "ALAND": 62089.0, "AWATER": 0.0, "INTPTLAT": "+40.6352233", "INTPTLON": "-073.9464480", "Shape__Are": 107925.070312, "Shape__Len": 1314.13066334 }, "geometry": { "type": "MultiPolygon", "coordinates": [ [ [ [ -73.948015000239351, 40.636266999674831 ], [ -73.947043999570653, 40.636328999792106 ], [ -73.94614999979315, 40.636384999584671 ], [ -73.945123000844575, 40.636447999635998 ], [ -73.944881000096942, 40.63417700032344 ], [ -73.945867999760836, 40.634117000409937 ], [ -73.946805000094358, 40.634059000601418 ], [ -73.94777400021492, 40.633999000581916 ], [ -73.948015000239351, 40.636266999674831 ] ] ] ] } },
{ "type": "Feature", "properties": { "STATEFP": "36", "COUNTYFP": "047", "TRACTCE": "078602", "BLKGRPCE": "1", "GEOID": "360470786021", "NAMELSAD": "Block Group 1", "MTFCC": "G5030", "FUNCSTAT": "S", "ALAND": 21841.0, "AWATER": 0.0, "INTPTLAT": "+40.6329773", "INTPTLON": "-073.9452487", "Shape__Are": 37962.5234375, "Shape__Len": 909.03718365500004 }, "geometry": { "type": "MultiPolygon", "coordinates": [ [ [ [ -73.945867999760836, 40.634117000409937 ], [ -73.944881000096942, 40.63417700032344 ], [ -73.944629000201857, 40.631838000671813 ], [ -73.945616999690671, 40.631778000019963 ], [ -73.945867999760836, 40.634117000409937 ] ] ] ] } },
{ "type": "Feature", "properties": { "STATEFP": "36", "COUNTYFP": "047", "TRACTCE": "001804", "BLKGRPCE": "1", "GEOID": "360470018041", "NAMELSAD": "Block Group 1", "MTFCC": "G5030", "FUNCSTAT": "S", "ALAND": 342773.0, "AWATER": 0.0, "INTPTLAT": "+40.6436980", "INTPTLON": "-074.0267360", "Shape__Are": 595974.75, "Shape__Len": 4585.0194538300002 }, "geometry": { "type": "MultiPolygon", "coordinates": [ [ [ [ -74.032346000436192, 40.644127999909124 ], [ -74.03197600054034, 40.643853999831741 ], [ -74.03159799935024, 40.644202000717208 ], [ -74.03128499935579, 40.644514000532574 ], [ -74.031097999758046, 40.644634999941765 ], [ -74.030804999855079, 40.644993000001683 ], [ -74.030498000606741, 40.645299999972508 ], [ -74.030394999776263, 40.645211000334974 ], [ -74.029119999333929, 40.644436999617028 ], [ -74.028936000109255, 40.644462999679376 ], [ -74.028254999868778, 40.644052999770885 ], [ -74.026059999709688, 40.646261000239114 ], [ -74.029619999824462, 40.648471000315062 ], [ -74.029293999411209, 40.64873999986132 ], [ -74.025693000186877, 40.646616000082417 ], [ -74.02546800005598, 40.646833000679074 ], [ -74.025055000502434, 40.646991000525091 ], [ -74.024846999191652, 40.64650699957302 ], [ -74.023834999413381, 40.645918999276184 ], [ -74.021598000319827, 40.644598000128816 ], [ -74.022165999684091, 40.644050999911478 ], [ -74.022769000106749, 40.643469000101128 ], [ -74.02337099980619, 40.642888999881571 ], [ -74.023955999787219, 40.642326999959209 ], [ -74.024547000514318, 40.641760000256333 ], [ -74.025119999901449, 40.641210000039699 ], [ -74.025723999250715, 40.640631000621177 ], [ -74.026097999344529, 40.640269999700386 ], [ -74.026257000251505, 40.640132000075042 ], [ -74.026605999332645, 40.640236000155106 ], [ -74.026725999881549, 40.640271999673104 ], [ -74.02690300033187, 40.64033600013164 ], [ -74.027017000134691, 40.640380000155638 ], [ -74.027401999200833, 40.64054400017563 ], [ -74.028001000323883, 40.640828999285027 ], [ -74.028371000219707, 40.640995000197819 ], [ -74.028896999751197, 40.641213999928731 ], [ -74.02907899932606, 40.641274000280532 ], [ -74.029105000163653, 40.641414999497648 ], [ -74.028922999690451, 40.641451000424752 ], [ -74.029059999957795, 40.641726999389604 ], [ -74.03056300000577, 40.642564000593211 ], [ -74.032076000099437, 40.643406999798799 ], [ -74.032644000362026, 40.643800000037061 ], [ -74.032346000436192, 40.644127999909124 ] ] ] ] } },
{ "type": "Feature", "properties": { "STATEFP": "36", "COUNTYFP": "047", "TRACTCE": "048200", "BLKGRPCE": "2", "GEOID": "360470482002", "NAMELSAD": "Block Group 2", "MTFCC": "G5030", "FUNCSTAT": "S", "ALAND": 54503.0, "AWATER": 0.0, "INTPTLAT": "+40.6314593", "INTPTLON": "-073.9701658", "Shape__Are": 94729.875, "Shape__Len": 1361.1085595500001 }, "geometry": { "type": "MultiPolygon", "coordinates": [ [ [ [ -73.972113000336918, 40.631369000718962 ], [ -73.971853000045925, 40.631493999884398 ], [ -73.971596000127988, 40.631619000179285 ], [ -73.968894000704026, 40.632916999680376 ], [ -73.968494999597539, 40.632445999600094 ], [ -73.96841900032787, 40.632331999967057 ], [ -73.967925999510058, 40.631743999558459 ], [ -73.968409999208717, 40.631508999604918 ], [ -73.969281000318304, 40.631087999897396 ], [ -73.970302999244012, 40.630598000104889 ], [ -73.971264999691869, 40.630133000176784 ], [ -73.971567999640584, 40.629987999749474 ], [ -73.971718000326732, 40.629915999829407 ], [ -73.971806000190284, 40.629874000010581 ], [ -73.971922999467836, 40.630646000251794 ], [ -73.972113000336918, 40.631369000718962 ] ] ] ] } },
{ "type": "Feature", "properties": { "STATEFP": "36", "COUNTYFP": "047", "TRACTCE": "012200", "BLKGRPCE": "4", "GEOID": "360470122004", "NAMELSAD": "Block Group 4", "MTFCC": "G5030", "FUNCSTAT": "S", "ALAND": 91715.0, "AWATER": 0.0, "INTPTLAT": "+40.6377814", "INTPTLON": "-074.0182875", "Shape__Are": 159434.425781, "Shape__Len": 1728.9956746600001 }, "geometry": { "type": "MultiPolygon", "coordinates": [ [ [ [ -74.021032999531997, 40.638316999791833 ], [ -74.020773999964206, 40.638580999987312 ], [ -74.02018999980811, 40.639145000098701 ], [ -74.019608000200151, 40.63970399956095 ], [ -74.017351999941695, 40.638341000162619 ], [ -74.015145999911965, 40.637014000114277 ], [ -74.015739999215498, 40.636451999810411 ], [ -74.016068000176858, 40.636138999756383 ], [ -74.018828000225469, 40.636909999786454 ], [ -74.01889700072077, 40.636855999827638 ], [ -74.019553999773493, 40.637091000049452 ], [ -74.020430999832541, 40.637668000127888 ], [ -74.020773999964206, 40.637978000449877 ], [ -74.021086999958655, 40.638261999591329 ], [ -74.021032999531997, 40.638316999791833 ] ] ] ] } },
{ "type": "Feature", "properties": { "STATEFP": "36", "COUNTYFP": "047", "TRACTCE": "010402", "BLKGRPCE": "1", "GEOID": "360470104021", "NAMELSAD": "Block Group 1", "MTFCC": "G5030", "FUNCSTAT": "S", "ALAND": 38417.0, "AWATER": 0.0, "INTPTLAT": "+40.6353991", "INTPTLON": "-074.0078635", "Shape__Are": 66778.5273438, "Shape__Len": 1052.89356387 }, "geometry": { "type": "MultiPolygon", "coordinates": [ [ [ [ -74.008952999970205, 40.636075000045963 ], [ -74.008370999463935, 40.636635000715039 ], [ -74.006168999632138, 40.635302999855988 ], [ -74.006750999240111, 40.634744999741578 ], [ -74.007355999312608, 40.634163999994485 ], [ -74.009556999319457, 40.635493000225765 ], [ -74.008952999970205, 40.636075000045963 ] ] ] ] } },
{ "type": "Feature", "properties": { "STATEFP": "36", "COUNTYFP": "047", "TRACTCE": "010402", "BLKGRPCE": "2", "GEOID": "360470104022", "NAMELSAD": "Block Group 2", "MTFCC": "G5030", "FUNCSTAT": "S", "ALAND": 37753.0, "AWATER": 0.0, "INTPTLAT": "+40.6365295", "INTPTLON": "-074.0066873", "Shape__Are": 65627.0898438, "Shape__Len": 1045.7801926699999 }, "geometry": { "type": "MultiPolygon", "coordinates": [ [ [ [ -74.00778800003107, 40.637195000095268 ], [ -74.007205999524786, 40.637755000231628 ], [ -74.005002999868097, 40.636424999992016 ], [ -74.005586000199287, 40.635866000340606 ], [ -74.006168999632138, 40.635302999855988 ], [ -74.008370999463935, 40.636635000715039 ], [ -74.00778800003107, 40.637195000095268 ] ] ] ] } },
{ "type": "Feature", "properties": { "STATEFP": "36", "COUNTYFP": "047", "TRACTCE": "019200", "BLKGRPCE": "3", "GEOID": "360470192003", "NAMELSAD": "Block Group 3", "MTFCC": "G5030", "FUNCSTAT": "S", "ALAND": 57607.0, "AWATER": 0.0, "INTPTLAT": "+40.6275628", "INTPTLON": "-073.9998523", "Shape__Are": 100111.71875, "Shape__Len": 1577.74655869 }, "geometry": { "type": "MultiPolygon", "coordinates": [ [ [ [ -74.002227999750886, 40.62875100007561 ], [ -74.001931000548268, 40.629032999977895 ], [ -74.001735000729695, 40.629250999937227 ], [ -74.001677000105047, 40.629315000052891 ], [ -73.99941499999882, 40.628006999738631 ], [ -73.997927999844393, 40.62709999955905 ], [ -73.997182000204916, 40.626709999753132 ], [ -73.997423000229333, 40.626484000183439 ], [ -73.997480999955656, 40.626428999780252 ], [ -73.997536000207234, 40.626377000597081 ], [ -73.998116999990287, 40.625815999596917 ], [ -74.000313999799189, 40.627144999626104 ], [ -74.002515000704378, 40.628474999961014 ], [ -74.002227999750886, 40.62875100007561 ] ] ] ] } },
{ "type": "Feature", "properties": { "STATEFP": "36", "COUNTYFP": "047", "TRACTCE": "113200", "BLKGRPCE": "3", "GEOID": "360471132003", "NAMELSAD": "Block Group 3", "MTFCC": "G5030", "FUNCSTAT": "S", "ALAND": 30794.0, "AWATER": 0.0, "INTPTLAT": "+40.6621835", "INTPTLON": "-073.9005378", "Shape__Are": 53570.3710938, "Shape__Len": 1151.4982110200001 }, "geometry": { "type": "MultiPolygon", "coordinates": [ [ [ [ -73.901450999963544, 40.663659000307653 ], [ -73.90071400054488, 40.663738000117412 ], [ -73.900417000443952, 40.663805999775263 ], [ -73.900025999733401, 40.662280999891635 ], [ -73.899651999639588, 40.660735000490469 ], [ -73.899889000364368, 40.660640000182944 ], [ -73.90025900026022, 40.660619000060855 ], [ -73.900660999943113, 40.66058700002435 ], [ -73.901052999580273, 40.662124999452061 ], [ -73.901450999963544, 40.663659000307653 ] ] ] ] } },
{ "type": "Feature", "properties": { "STATEFP": "36", "COUNTYFP": "047", "TRACTCE": "036700", "BLKGRPCE": "4", "GEOID": "360470367004", "NAMELSAD": "Block Group 4", "MTFCC": "G5030", "FUNCSTAT": "S", "ALAND": 20071.0, "AWATER": 0.0, "INTPTLAT": "+40.6783464", "INTPTLON": "-073.9045964", "Shape__Are": 34932.8984375, "Shape__Len": 834.23805357900005 }, "geometry": { "type": "MultiPolygon", "coordinates": [ [ [ [ -73.906128000336878, 40.678587999454798 ], [ -73.904463999732116, 40.678776000397384 ], [ -73.903466000197568, 40.67889699966549 ], [ -73.903315999511435, 40.677868999960133 ], [ -73.904688000038121, 40.67794299945313 ], [ -73.905970999978052, 40.678012000397821 ], [ -73.906128000336878, 40.678587999454798 ] ] ] ] } },
{ "type": "Feature", "properties": { "STATEFP": "36", "COUNTYFP": "047", "TRACTCE": "109800", "BLKGRPCE": "4", "GEOID": "360471098004", "NAMELSAD": "Block Group 4", "MTFCC": "G5030", "FUNCSTAT": "S", "ALAND": 126801.0, "AWATER": 0.0, "INTPTLAT": "+40.6530746", "INTPTLON": "-073.8987682", "Shape__Are": 220527.441406, "Shape__Len": 2085.06170471 }, "geometry": { "type": "MultiPolygon", "coordinates": [ [ [ [ -73.900196999437625, 40.654692000107353 ], [ -73.899408999965345, 40.655683999983673 ], [ -73.898596999305298, 40.655827999366302 ], [ -73.898003000001765, 40.653800999826416 ], [ -73.897610000539686, 40.653453999714046 ], [ -73.895861000444455, 40.651881000502605 ], [ -73.897342000751095, 40.650909000601587 ], [ -73.897942999727306, 40.650515000135691 ], [ -73.898835999679889, 40.651307000069778 ], [ -73.898967000099461, 40.651422999652965 ], [ -73.899836000660912, 40.652117000114913 ], [ -73.901650999980092, 40.653752000187076 ], [ -73.900196999437625, 40.654692000107353 ] ] ] ] } },
{ "type": "Feature", "properties": { "STATEFP": "36", "COUNTYFP": "047", "TRACTCE": "109800", "BLKGRPCE": "5", "GEOID": "360471098005", "NAMELSAD": "Block Group 5", "MTFCC": "G5030", "FUNCSTAT": "S", "ALAND": 140171.0, "AWATER": 0.0, "INTPTLAT": "+40.6558347", "INTPTLON": "-073.8965413", "Shape__Are": 243801.558594, "Shape__Len": 1958.78027361 }, "geometry": { "type": "MultiPolygon", "coordinates": [ [ [ [ -73.899041000617615, 40.65737199990582 ], [ -73.898866999642024, 40.657398000380532 ], [ -73.89880700026589, 40.657406999310588 ], [ -73.897966000191857, 40.657532000150042 ], [ -73.897044999751841, 40.657667999783229 ], [ -73.89610999996647, 40.657754000670963 ], [ -73.895909999949936, 40.657771000072586 ], [ -73.895381999870338, 40.65771999981029 ], [ -73.89524499960298, 40.657534000286944 ], [ -73.894631000207966, 40.656692999779359 ], [ -73.893951999617329, 40.655778000098593 ], [ -73.89354699956138, 40.655201999590048 ], [ -73.89441100009995, 40.654832999600615 ], [ -73.895206000143233, 40.654487999631584 ], [ -73.895943999386802, 40.654173000087191 ], [ -73.896781999986132, 40.653809999923141 ], [ -73.896992000048414, 40.653719000479228 ], [ -73.897259000012113, 40.653603999903517 ], [ -73.897610000539686, 40.653453999714046 ], [ -73.898003000001765, 40.653800999826416 ], [ -73.898596999305298, 40.655827999366302 ], [ -73.89879200019729, 40.656520000185097 ], [ -73.899005999559208, 40.657253999616266 ], [ -73.899041000617615, 40.65737199990582 ] ] ] ] } },
{ "type": "Feature", "properties": { "STATEFP": "36", "COUNTYFP": "047", "TRACTCE": "002200", "BLKGRPCE": "4", "GEOID": "360470022004", "NAMELSAD": "Block Group 4", "MTFCC": "G5030", "FUNCSTAT": "S", "ALAND": 38008.0, "AWATER": 0.0, "INTPTLAT": "+40.6393915", "INTPTLON": "-074.0252124", "Shape__Are": 66076.2578125, "Shape__Len": 1048.8883774400001 }, "geometry": { "type": "MultiPolygon", "coordinates": [ [ [ [ -74.026694000094508, 40.639699999581396 ], [ -74.026600000383155, 40.639786999763665 ], [ -74.026442000199424, 40.639939999973585 ], [ -74.026347999589788, 40.640043000363001 ], [ -74.026308999231716, 40.640089999865737 ], [ -74.026257000251505, 40.640132000075042 ], [ -74.026097999344529, 40.640269999700386 ], [ -74.025723999250715, 40.640631000621177 ], [ -74.024719999868353, 40.64002500054464 ], [ -74.024663999791855, 40.639983000267968 ], [ -74.024573999380166, 40.639924000110632 ], [ -74.02354499988347, 40.639313999748119 ], [ -74.023958000335341, 40.638916000330745 ], [ -74.02413099968939, 40.638752999728595 ], [ -74.024521999501644, 40.638340000147338 ], [ -74.024754000203544, 40.63812099984932 ], [ -74.026860999600757, 40.639536000214569 ], [ -74.026694000094508, 40.639699999581396 ] ] ] ] } },
{ "type": "Feature", "properties": { "STATEFP": "36", "COUNTYFP": "047", "TRACTCE": "021400", "BLKGRPCE": "3", "GEOID": "360470214003", "NAMELSAD": "Block Group 3", "MTFCC": "G5030", "FUNCSTAT": "S", "ALAND": 77745.0, "AWATER": 0.0, "INTPTLAT": "+40.6324083", "INTPTLON": "-074.0041103", "Shape__Are": 135127.113281, "Shape__Len": 1475.8881250500001 }, "geometry": { "type": "MultiPolygon", "coordinates": [ [ [ [ -74.00630699972443, 40.632583999433621 ], [ -74.005563999559669, 40.633084000591445 ], [ -74.004820999394909, 40.633579999704004 ], [ -74.004107000440783, 40.634060000680833 ], [ -74.003989000440001, 40.633989999858521 ], [ -74.001764000143694, 40.632645000143512 ], [ -74.002348000299804, 40.632083999985532 ], [ -74.002950999824151, 40.631503000262462 ], [ -74.003553999348512, 40.630922999700964 ], [ -74.003823999685252, 40.630665000002125 ], [ -74.006616999345823, 40.632379000126413 ], [ -74.00630699972443, 40.632583999433621 ] ] ] ] } },
{ "type": "Feature", "properties": { "STATEFP": "36", "COUNTYFP": "047", "TRACTCE": "036700", "BLKGRPCE": "3", "GEOID": "360470367003", "NAMELSAD": "Block Group 3", "MTFCC": "G5030", "FUNCSTAT": "S", "ALAND": 56115.0, "AWATER": 0.0, "INTPTLAT": "+40.6782563", "INTPTLON": "-073.9063605", "Shape__Are": 97667.4101562, "Shape__Len": 1823.5630105400001 }, "geometry": { "type": "MultiPolygon", "coordinates": [ [ [ [ -73.907974999443098, 40.677362999826386 ], [ -73.907833000051198, 40.678115999346751 ], [ -73.907534000300444, 40.678416000200826 ], [ -73.907230000526837, 40.678661999512236 ], [ -73.906345999896757, 40.679311999782648 ], [ -73.905493000127152, 40.680036999812607 ], [ -73.904790999970288, 40.679640999554714 ], [ -73.904567999489203, 40.679514999877377 ], [ -73.904046000155702, 40.679220000301314 ], [ -73.903466000197568, 40.67889699966549 ], [ -73.904463999732116, 40.678776000397384 ], [ -73.906128000336878, 40.678587999454798 ], [ -73.905970999978052, 40.678012000397821 ], [ -73.906017000008802, 40.677257000157333 ], [ -73.907022999939301, 40.677312000238025 ], [ -73.907125000046534, 40.676247999407536 ], [ -73.907777999799606, 40.676242000680105 ], [ -73.908088000319324, 40.676190000104867 ], [ -73.907974999443098, 40.677362999826386 ] ] ] ] } },
{ "type": "Feature", "properties": { "STATEFP": "36", "COUNTYFP": "047", "TRACTCE": "010601", "BLKGRPCE": "2", "GEOID": "360470106012", "NAMELSAD": "Block Group 2", "MTFCC": "G5030", "FUNCSTAT": "S", "ALAND": 37755.0, "AWATER": 0.0, "INTPTLAT": "+40.6389801", "INTPTLON": "-074.0077241", "Shape__Are": 65635.4375, "Shape__Len": 1045.41528791 }, "geometry": { "type": "MultiPolygon", "coordinates": [ [ [ [ -74.008824999923675, 40.639644999838652 ], [ -74.00824200049081, 40.6402049998729 ], [ -74.006041000483947, 40.638877000059821 ], [ -74.006622000266987, 40.638314999760567 ], [ -74.007205999524786, 40.637755000231628 ], [ -74.009409000079785, 40.639084999878243 ], [ -74.008824999923675, 40.639644999838652 ] ] ] ] } },
{ "type": "Feature", "properties": { "STATEFP": "36", "COUNTYFP": "047", "TRACTCE": "010401", "BLKGRPCE": "1", "GEOID": "360470104011", "NAMELSAD": "Block Group 1", "MTFCC": "G5030", "FUNCSTAT": "S", "ALAND": 37699.0, "AWATER": 0.0, "INTPTLAT": "+40.6378597", "INTPTLON": "-074.0088888", "Shape__Are": 65536.6601562, "Shape__Len": 1045.08329516 }, "geometry": { "type": "MultiPolygon", "coordinates": [ [ [ [ -74.009989000037919, 40.638523999979242 ], [ -74.009409000079785, 40.639084999878243 ], [ -74.007205999524786, 40.637755000231628 ], [ -74.00778800003107, 40.637195000095268 ], [ -74.008370999463935, 40.636635000715039 ], [ -74.010571999470798, 40.637964999497747 ], [ -74.009989000037919, 40.638523999979242 ] ] ] ] } },
{ "type": "Feature", "properties": { "STATEFP": "36", "COUNTYFP": "047", "TRACTCE": "048200", "BLKGRPCE": "3", "GEOID": "360470482003", "NAMELSAD": "Block Group 3", "MTFCC": "G5030", "FUNCSTAT": "S", "ALAND": 47343.0, "AWATER": 0.0, "INTPTLAT": "+40.6328337", "INTPTLON": "-073.9708230", "Shape__Are": 82290.0039062, "Shape__Len": 1215.5148118699999 }, "geometry": { "type": "MultiPolygon", "coordinates": [ [ [ [ -73.972418999760364, 40.632991999377836 ], [ -73.972161000017508, 40.633111999809309 ], [ -73.97190400009957, 40.633229999841468 ], [ -73.970876000427765, 40.633720000089696 ], [ -73.969869000672361, 40.634194000277759 ], [ -73.969618999528791, 40.633840999977203 ], [ -73.969436999953928, 40.63358199987713 ], [ -73.969390999923178, 40.633516999673262 ], [ -73.968894000704026, 40.632916999680376 ], [ -73.971596000127988, 40.631619000179285 ], [ -73.971853000045925, 40.631493999884398 ], [ -73.972113000336918, 40.631369000718962 ], [ -73.972266000497797, 40.632143000254374 ], [ -73.972418999760364, 40.632991999377836 ] ] ] ] } },
{ "type": "Feature", "properties": { "STATEFP": "36", "COUNTYFP": "047", "TRACTCE": "019200", "BLKGRPCE": "4", "GEOID": "360470192004", "NAMELSAD": "Block Group 4", "MTFCC": "G5030", "FUNCSTAT": "S", "ALAND": 8086.0, "AWATER": 0.0, "INTPTLAT": "+40.6260007", "INTPTLON": "-073.9974081", "Shape__Are": 14051.5859375, "Shape__Len": 521.22133005900002 }, "geometry": { "type": "MultiPolygon", "coordinates": [ [ [ [ -73.997536000207234, 40.626377000597081 ], [ -73.997480999955656, 40.626428999780252 ], [ -73.997423000229333, 40.626484000183439 ], [ -73.997182000204916, 40.626709999753132 ], [ -73.996878000431309, 40.626530000175947 ], [ -73.997017000348464, 40.626061999959326 ], [ -73.997240999756144, 40.625288999695258 ], [ -73.998116999990287, 40.625815999596917 ], [ -73.997536000207234, 40.626377000597081 ] ] ] ] } },
{ "type": "Feature", "properties": { "STATEFP": "36", "COUNTYFP": "047", "TRACTCE": "010401", "BLKGRPCE": "2", "GEOID": "360470104012", "NAMELSAD": "Block Group 2", "MTFCC": "G5030", "FUNCSTAT": "S", "ALAND": 38443.0, "AWATER": 0.0, "INTPTLAT": "+40.6367289", "INTPTLON": "-074.0100650", "Shape__Are": 66825.9921875, "Shape__Len": 1053.3137626099999 }, "geometry": { "type": "MultiPolygon", "coordinates": [ [ [ [ -74.011153999977054, 40.637403999730275 ], [ -74.010571999470798, 40.637964999497747 ], [ -74.008370999463935, 40.636635000715039 ], [ -74.008952999970205, 40.636075000045963 ], [ -74.009556999319457, 40.635493000225765 ], [ -74.011760000772796, 40.636822999944947 ], [ -74.011153999977054, 40.637403999730275 ] ] ] ] } },
{ "type": "Feature", "properties": { "STATEFP": "36", "COUNTYFP": "047", "TRACTCE": "011800", "BLKGRPCE": "3", "GEOID": "360470118003", "NAMELSAD": "Block Group 3", "MTFCC": "G5030", "FUNCSTAT": "S", "ALAND": 69903.0, "AWATER": 0.0, "INTPTLAT": "+40.6344568", "INTPTLON": "-074.0088737", "Shape__Are": 121504.972656, "Shape__Len": 2053.5542935600001 }, "geometry": { "type": "MultiPolygon", "coordinates": [ [ [ [ -74.011760000772796, 40.636822999944947 ], [ -74.009556999319457, 40.635493000225765 ], [ -74.007355999312608, 40.634163999994485 ], [ -74.005563999559669, 40.633084000591445 ], [ -74.00630699972443, 40.632583999433621 ], [ -74.006616999345823, 40.632379000126413 ], [ -74.010461999865925, 40.634625000199861 ], [ -74.010160000640454, 40.63491200017075 ], [ -74.012364000122062, 40.636243000603507 ], [ -74.011760000772796, 40.636822999944947 ] ] ] ] } },
{ "type": "Feature", "properties": { "STATEFP": "36", "COUNTYFP": "047", "TRACTCE": "010602", "BLKGRPCE": "1", "GEOID": "360470106021", "NAMELSAD": "Block Group 1", "MTFCC": "G5030", "FUNCSTAT": "S", "ALAND": 37762.0, "AWATER": 0.0, "INTPTLAT": "+40.6376505", "INTPTLON": "-074.0055215", "Shape__Are": 65644.6757812, "Shape__Len": 1045.83096183 }, "geometry": { "type": "MultiPolygon", "coordinates": [ [ [ [ -74.006622000266987, 40.638314999760567 ], [ -74.006041000483947, 40.638877000059821 ], [ -74.003837999928948, 40.637546000332136 ], [ -74.004420000435232, 40.636985000452093 ], [ -74.005002999868097, 40.636424999992016 ], [ -74.007205999524786, 40.637755000231628 ], [ -74.006622000266987, 40.638314999760567 ] ] ] ] } },
{ "type": "Feature", "properties": { "STATEFP": "36", "COUNTYFP": "047", "TRACTCE": "021400", "BLKGRPCE": "2", "GEOID": "360470214002", "NAMELSAD": "Block Group 2", "MTFCC": "G5030", "FUNCSTAT": "S", "ALAND": 67214.0, "AWATER": 0.0, "INTPTLAT": "+40.6309811", "INTPTLON": "-074.0016980", "Shape__Are": 116819.785156, "Shape__Len": 1370.0876839 }, "geometry": { "type": "MultiPolygon", "coordinates": [ [ [ [ -74.003553999348512, 40.630922999700964 ], [ -74.002950999824151, 40.631503000262462 ], [ -74.002348000299804, 40.632083999985532 ], [ -74.001764000143694, 40.632645000143512 ], [ -73.999560999588695, 40.631314999687277 ], [ -74.000141999371749, 40.630756000202567 ], [ -74.000748000167462, 40.630175000514441 ], [ -74.001349000041998, 40.629597999765025 ], [ -74.001677000105047, 40.629315000052891 ], [ -74.003823999685252, 40.630665000002125 ], [ -74.003553999348512, 40.630922999700964 ] ] ] ] } },
{ "type": "Feature", "properties": { "STATEFP": "36", "COUNTYFP": "047", "TRACTCE": "109800", "BLKGRPCE": "1", "GEOID": "360471098001", "NAMELSAD": "Block Group 1", "MTFCC": "G5030", "FUNCSTAT": "S", "ALAND": 132691.0, "AWATER": 0.0, "INTPTLAT": "+40.6537516", "INTPTLON": "-073.9054838", "Shape__Are": 230780.003906, "Shape__Len": 3087.5318289400002 }, "geometry": { "type": "MultiPolygon", "coordinates": [ [ [ [ -73.909449000077032, 40.651522000089557 ], [ -73.908557999774288, 40.652096000035982 ], [ -73.90821600036584, 40.652312000045612 ], [ -73.907400000406156, 40.652843999649384 ], [ -73.907816000332758, 40.654435000037331 ], [ -73.907855999617425, 40.654588999834857 ], [ -73.906916000707483, 40.654732000448213 ], [ -73.905057000109068, 40.655012999883645 ], [ -73.904142000415177, 40.655146999673001 ], [ -73.903173000294601, 40.655300999871621 ], [ -73.902311000304181, 40.655792000060927 ], [ -73.901260999992743, 40.656451999914452 ], [ -73.900572000254655, 40.657093999386809 ], [ -73.900302999742848, 40.657262999928662 ], [ -73.899967000182173, 40.657285000157216 ], [ -73.901732000170952, 40.655280999874783 ], [ -73.906237999941737, 40.65206499980998 ], [ -73.907783999647393, 40.651333000181936 ], [ -73.908680999797923, 40.650716999468116 ], [ -73.909449000077032, 40.651522000089557 ] ] ] ] } },
{ "type": "Feature", "properties": { "STATEFP": "36", "COUNTYFP": "047", "TRACTCE": "092000", "BLKGRPCE": "4", "GEOID": "360470920004", "NAMELSAD": "Block Group 4", "MTFCC": "G5030", "FUNCSTAT": "S", "ALAND": 26278.0, "AWATER": 0.0, "INTPTLAT": "+40.6580263", "INTPTLON": "-073.8998798", "Shape__Are": 45708.4960938, "Shape__Len": 867.31570315900001 }, "geometry": { "type": "MultiPolygon", "coordinates": [ [ [ [ -73.90103000001406, 40.658302000728206 ], [ -73.900187000290188, 40.658674999454639 ], [ -73.899615999654571, 40.658931999546795 ], [ -73.899216999446395, 40.659112000355584 ], [ -73.898843000250906, 40.657556000426126 ], [ -73.89880700026589, 40.657406999310588 ], [ -73.898866999642024, 40.657398000380532 ], [ -73.899041000617615, 40.65737199990582 ], [ -73.899967000182173, 40.657285000157216 ], [ -73.900302999742848, 40.657262999928662 ], [ -73.900755000552763, 40.657229999231454 ], [ -73.90103000001406, 40.658302000728206 ] ] ] ] } },
{ "type": "Feature", "properties": { "STATEFP": "36", "COUNTYFP": "047", "TRACTCE": "109800", "BLKGRPCE": "3", "GEOID": "360471098003", "NAMELSAD": "Block Group 3", "MTFCC": "G5030", "FUNCSTAT": "S", "ALAND": 153617.0, "AWATER": 0.0, "INTPTLAT": "+40.6511875", "INTPTLON": "-073.9012628", "Shape__Are": 267150.90625, "Shape__Len": 2107.42175997 }, "geometry": { "type": "MultiPolygon", "coordinates": [ [ [ [ -73.904550999770777, 40.65187699988978 ], [ -73.901650999980092, 40.653752000187076 ], [ -73.899836000660912, 40.652117000114913 ], [ -73.898967000099461, 40.651422999652965 ], [ -73.898835999679889, 40.651307000069778 ], [ -73.897942999727306, 40.650515000135691 ], [ -73.898728000623166, 40.650024999801467 ], [ -73.89946900023979, 40.649542000254179 ], [ -73.900192999239664, 40.649089000342386 ], [ -73.900891999921811, 40.648641000068281 ], [ -73.902733999903475, 40.650244000573593 ], [ -73.904550999770777, 40.65187699988978 ] ] ] ] } },
{ "type": "Feature", "properties": { "STATEFP": "36", "COUNTYFP": "047", "TRACTCE": "113200", "BLKGRPCE": "1", "GEOID": "360471132001", "NAMELSAD": "Block Group 1", "MTFCC": "G5030", "FUNCSTAT": "S", "ALAND": 86938.0, "AWATER": 0.0, "INTPTLAT": "+40.6592670", "INTPTLON": "-073.8978787", "Shape__Are": 151227.636719, "Shape__Len": 1611.1904729800001 }, "geometry": { "type": "MultiPolygon", "coordinates": [ [ [ [ -73.899651999639588, 40.660735000490469 ], [ -73.898818999961463, 40.660860999541917 ], [ -73.897895999871636, 40.660998999917297 ], [ -73.896974999431649, 40.661134999978351 ], [ -73.896739999255018, 40.660216999466712 ], [ -73.896448999900201, 40.659102999611157 ], [ -73.896166999867887, 40.657973999647986 ], [ -73.896150999974367, 40.657912000554902 ], [ -73.89610999996647, 40.657754000670963 ], [ -73.897044999751841, 40.657667999783229 ], [ -73.897966000191857, 40.657532000150042 ], [ -73.89880700026589, 40.657406999310588 ], [ -73.898843000250906, 40.657556000426126 ], [ -73.899216999446395, 40.659112000355584 ], [ -73.899651999639588, 40.660735000490469 ] ] ] ] } },
{ "type": "Feature", "properties": { "STATEFP": "36", "COUNTYFP": "047", "TRACTCE": "078601", "BLKGRPCE": "1", "GEOID": "360470786011", "NAMELSAD": "Block Group 1", "MTFCC": "G5030", "FUNCSTAT": "S", "ALAND": 44831.0, "AWATER": 0.0, "INTPTLAT": "+40.6352425", "INTPTLON": "-073.9490340", "Shape__Are": 77928.0273438, "Shape__Len": 1203.05941355 }, "geometry": { "type": "MultiPolygon", "coordinates": [ [ [ [ -73.951100999802861, 40.636072999947466 ], [ -73.950904999984303, 40.63608700063542 ], [ -73.949919000145272, 40.636151999700701 ], [ -73.948984000359914, 40.636208999688961 ], [ -73.948015000239351, 40.636266999674831 ], [ -73.94777400021492, 40.633999000581916 ], [ -73.948818999605152, 40.633902000220417 ], [ -73.949449000690322, 40.634508000660638 ], [ -73.949778000578291, 40.634814000385887 ], [ -73.95090800035733, 40.635891000281099 ], [ -73.951100999802861, 40.636072999947466 ] ] ] ] } },
{ "type": "Feature", "properties": { "STATEFP": "36", "COUNTYFP": "047", "TRACTCE": "077000", "BLKGRPCE": "1", "GEOID": "360470770001", "NAMELSAD": "Block Group 1", "MTFCC": "G5030", "FUNCSTAT": "S", "ALAND": 45845.0, "AWATER": 0.0, "INTPTLAT": "+40.6347960", "INTPTLON": "-073.9511877", "Shape__Are": 79690.1445312, "Shape__Len": 1131.94750451 }, "geometry": { "type": "MultiPolygon", "coordinates": [ [ [ [ -73.952258000244427, 40.635943000236388 ], [ -73.951659999844622, 40.636010000223983 ], [ -73.951100999802861, 40.636072999947466 ], [ -73.95090800035733, 40.635891000281099 ], [ -73.949778000578291, 40.634814000385887 ], [ -73.949449000690322, 40.634508000660638 ], [ -73.950227999941774, 40.634026000017897 ], [ -73.950835000562407, 40.633659999765584 ], [ -73.951058999970073, 40.633634999671415 ], [ -73.952009999648979, 40.633531000215463 ], [ -73.952461999560597, 40.635921999839837 ], [ -73.952258000244427, 40.635943000236388 ] ] ] ] } },
{ "type": "Feature", "properties": { "STATEFP": "36", "COUNTYFP": "047", "TRACTCE": "077200", "BLKGRPCE": "1", "GEOID": "360470772001", "NAMELSAD": "Block Group 1", "MTFCC": "G5030", "FUNCSTAT": "S", "ALAND": 124696.0, "AWATER": 0.0, "INTPTLAT": "+40.6339173", "INTPTLON": "-073.9541894", "Shape__Are": 216742.613281, "Shape__Len": 2053.46053523 }, "geometry": { "type": "MultiPolygon", "coordinates": [ [ [ [ -73.956240999958482, 40.635508999787341 ], [ -73.955315000393952, 40.635609000027898 ], [ -73.954387999207839, 40.63571100022795 ], [ -73.953423000183548, 40.635816999802969 ], [ -73.952461999560597, 40.635921999839837 ], [ -73.952009999648979, 40.633531000215463 ], [ -73.952973999746675, 40.633428000004642 ], [ -73.952729999349202, 40.632147000004935 ], [ -73.954135999312754, 40.63199100001065 ], [ -73.954619000084847, 40.631943999578255 ], [ -73.954573999879017, 40.631552999992742 ], [ -73.955473000577683, 40.631430999930643 ], [ -73.955790999696688, 40.633118000370601 ], [ -73.956240999958482, 40.635508999787341 ] ] ] ] } },
{ "type": "Feature", "properties": { "STATEFP": "36", "COUNTYFP": "047", "TRACTCE": "078000", "BLKGRPCE": "1", "GEOID": "360470780001", "NAMELSAD": "Block Group 1", "MTFCC": "G5030", "FUNCSTAT": "S", "ALAND": 80978.0, "AWATER": 0.0, "INTPTLAT": "+40.6356690", "INTPTLON": "-073.9392750", "Shape__Are": 140760.261719, "Shape__Len": 1510.68776329 }, "geometry": { "type": "MultiPolygon", "coordinates": [ [ [ [ -73.941282999449015, 40.636687000090845 ], [ -73.940348999488549, 40.636744000303992 ], [ -73.939412999878257, 40.636803999901765 ], [ -73.938479999742711, 40.636862000052446 ], [ -73.937512000345365, 40.636921000189297 ], [ -73.937266999224676, 40.634650999993895 ], [ -73.938237000068455, 40.634590999824717 ], [ -73.939171999853841, 40.634531999673861 ], [ -73.940108000362443, 40.634474999617318 ], [ -73.941038999949853, 40.634416999438045 ], [ -73.941282999449015, 40.636687000090845 ] ] ] ] } },
{ "type": "Feature", "properties": { "STATEFP": "36", "COUNTYFP": "047", "TRACTCE": "113000", "BLKGRPCE": "1", "GEOID": "360471130001", "NAMELSAD": "Block Group 1", "MTFCC": "G5030", "FUNCSTAT": "S", "ALAND": 41569.0, "AWATER": 0.0, "INTPTLAT": "+40.6650401", "INTPTLON": "-073.8974984", "Shape__Are": 72321.7773438, "Shape__Len": 1088.57905497 }, "geometry": { "type": "MultiPolygon", "coordinates": [ [ [ [ -73.8990759998794, 40.665608000197643 ], [ -73.898157999812469, 40.665746999895987 ], [ -73.897233000072831, 40.665877999758287 ], [ -73.896315999830804, 40.666019000139201 ], [ -73.895920999820589, 40.664470999548861 ], [ -73.896838999887535, 40.664335000157031 ], [ -73.897757999779401, 40.664200999743485 ], [ -73.89868000004428, 40.664061999548792 ], [ -73.8990759998794, 40.665608000197643 ] ] ] ] } },
{ "type": "Feature", "properties": { "STATEFP": "36", "COUNTYFP": "047", "TRACTCE": "040300", "BLKGRPCE": "1", "GEOID": "360470403001", "NAMELSAD": "Block Group 1", "MTFCC": "G5030", "FUNCSTAT": "S", "ALAND": 99089.0, "AWATER": 0.0, "INTPTLAT": "+40.6845146", "INTPTLON": "-073.9066260", "Shape__Are": 172495.453125, "Shape__Len": 2117.1374247700001 }, "geometry": { "type": "MultiPolygon", "coordinates": [ [ [ [ -73.909274999999781, 40.682234999808564 ], [ -73.907877999358718, 40.683656999447791 ], [ -73.908628999919401, 40.684085999376428 ], [ -73.907182999772843, 40.685561000504059 ], [ -73.905738000349544, 40.687040000188659 ], [ -73.905473000035684, 40.68689299948938 ], [ -73.905342999441018, 40.686819999684246 ], [ -73.904969000245529, 40.686599999815954 ], [ -73.904493999869359, 40.686299000395522 ], [ -73.905432999852707, 40.683659999499731 ], [ -73.90578700075335, 40.683397000562394 ], [ -73.906376000034001, 40.6828019995719 ], [ -73.907125999871454, 40.683229999530248 ], [ -73.908517000664716, 40.681803999456662 ], [ -73.90885999989807, 40.68199400026981 ], [ -73.909054999891751, 40.682105000103455 ], [ -73.909274999999781, 40.682234999808564 ] ] ] ] } },
{ "type": "Feature", "properties": { "STATEFP": "36", "COUNTYFP": "047", "TRACTCE": "040700", "BLKGRPCE": "1", "GEOID": "360470407001", "NAMELSAD": "Block Group 1", "MTFCC": "G5030", "FUNCSTAT": "S", "ALAND": 504834.0, "AWATER": 0.0, "INTPTLAT": "+40.6842987", "INTPTLON": "-073.9012071", "Shape__Are": 878804.76171899994, "Shape__Len": 4302.0405487300004 }, "geometry": { "type": "MultiPolygon", "coordinates": [ [ [ [ -73.905432999852707, 40.683659999499731 ], [ -73.904493999869359, 40.686299000395522 ], [ -73.904969000245529, 40.686599999815954 ], [ -73.905342999441018, 40.686819999684246 ], [ -73.904142000415177, 40.688568000409411 ], [ -73.901804999965876, 40.690766000387164 ], [ -73.900425000839888, 40.688183999823259 ], [ -73.901162000258537, 40.687878000294454 ], [ -73.897341000027851, 40.683367999939996 ], [ -73.896518000395488, 40.682396999746508 ], [ -73.896615000479869, 40.682008000179216 ], [ -73.896822999994001, 40.681155000378602 ], [ -73.896929000299224, 40.680746000520472 ], [ -73.897034999706108, 40.680565000130336 ], [ -73.897186000217161, 40.680368000227361 ], [ -73.897494000188743, 40.680073999728634 ], [ -73.897769000548351, 40.67992600062275 ], [ -73.898203999843219, 40.679768000432162 ], [ -73.898899000327404, 40.679560999430358 ], [ -73.899698000568662, 40.679544999530215 ], [ -73.900283000549663, 40.679442000166155 ], [ -73.900752000179722, 40.679676999613456 ], [ -73.902621999750465, 40.680664000235268 ], [ -73.90276400004069, 40.680745000459474 ], [ -73.902822000665324, 40.681626000720456 ], [ -73.902822000665324, 40.682352999499557 ], [ -73.902956000559627, 40.68243499975064 ], [ -73.903133000111637, 40.682537999939711 ], [ -73.903903000040586, 40.682946000354903 ], [ -73.904636000159584, 40.683376000112965 ], [ -73.905432999852707, 40.683659999499731 ] ] ] ] } },
{ "type": "Feature", "properties": { "STATEFP": "36", "COUNTYFP": "047", "TRACTCE": "040900", "BLKGRPCE": "1", "GEOID": "360470409001", "NAMELSAD": "Block Group 1", "MTFCC": "G5030", "FUNCSTAT": "S", "ALAND": 90096.0, "AWATER": 0.0, "INTPTLAT": "+40.6911651", "INTPTLON": "-073.9035852", "Shape__Are": 156869.847656, "Shape__Len": 1953.4659261500001 }, "geometry": { "type": "MultiPolygon", "coordinates": [ [ [ [ -73.905846000304578, 40.691691999784346 ], [ -73.904288000005025, 40.693277999740467 ], [ -73.903541000540628, 40.6928489997253 ], [ -73.902787999431808, 40.692417999900705 ], [ -73.902072999754481, 40.691999000082028 ], [ -73.901829999181913, 40.691814999915934 ], [ -73.901589999880713, 40.691631999820508 ], [ -73.901240999901262, 40.691437999635824 ], [ -73.901804999965876, 40.690766000387164 ], [ -73.904142000415177, 40.688568000409411 ], [ -73.904728000221098, 40.688752999946303 ], [ -73.904814999361406, 40.688806999456617 ], [ -73.905041000215533, 40.688935000517596 ], [ -73.903939999850493, 40.690057999929039 ], [ -73.903596999718815, 40.690408999988129 ], [ -73.904342000431711, 40.690835999546678 ], [ -73.905094999743909, 40.691264999581009 ], [ -73.905846000304578, 40.691691999784346 ] ] ] ] } },
{ "type": "Feature", "properties": { "STATEFP": "36", "COUNTYFP": "047", "TRACTCE": "040900", "BLKGRPCE": "2", "GEOID": "360470409002", "NAMELSAD": "Block Group 2", "MTFCC": "G5030", "FUNCSTAT": "S", "ALAND": 48562.0, "AWATER": 0.0, "INTPTLAT": "+40.6903140", "INTPTLON": "-073.9054437", "Shape__Are": 84549.8046875, "Shape__Len": 1166.0286214600001 }, "geometry": { "type": "MultiPolygon", "coordinates": [ [ [ [ -73.907291999552811, 40.690219000005214 ], [ -73.905846000304578, 40.691691999784346 ], [ -73.905094999743909, 40.691264999581009 ], [ -73.904342000431711, 40.690835999546678 ], [ -73.903596999718815, 40.690408999988129 ], [ -73.903939999850493, 40.690057999929039 ], [ -73.905041000215533, 40.688935000517596 ], [ -73.905792999702811, 40.689365000461656 ], [ -73.90654400026348, 40.689790999973361 ], [ -73.907291999552811, 40.690219000005214 ] ] ] ] } },
{ "type": "Feature", "properties": { "STATEFP": "36", "COUNTYFP": "047", "TRACTCE": "041100", "BLKGRPCE": "1", "GEOID": "360470411001", "NAMELSAD": "Block Group 1", "MTFCC": "G5030", "FUNCSTAT": "S", "ALAND": 53899.0, "AWATER": 0.0, "INTPTLAT": "+40.6883330", "INTPTLON": "-073.9060267", "Shape__Are": 93838.6015625, "Shape__Len": 1250.2981985900001 }, "geometry": { "type": "MultiPolygon", "coordinates": [ [ [ [ -73.907989000585118, 40.688317999722166 ], [ -73.90654400026348, 40.689790999973361 ], [ -73.905792999702811, 40.689365000461656 ], [ -73.905041000215533, 40.688935000517596 ], [ -73.904814999361406, 40.688806999456617 ], [ -73.904728000221098, 40.688752999946303 ], [ -73.904142000415177, 40.688568000409411 ], [ -73.905342999441018, 40.686819999684246 ], [ -73.905473000035684, 40.68689299948938 ], [ -73.905738000349544, 40.687040000188659 ], [ -73.906486000537171, 40.687460999776398 ], [ -73.907238000024435, 40.6878899997415 ], [ -73.907989000585118, 40.688317999722166 ] ] ] ] } },
{ "type": "Feature", "properties": { "STATEFP": "36", "COUNTYFP": "047", "TRACTCE": "041100", "BLKGRPCE": "2", "GEOID": "360470411002", "NAMELSAD": "Block Group 2", "MTFCC": "G5030", "FUNCSTAT": "S", "ALAND": 48599.0, "AWATER": 0.0, "INTPTLAT": "+40.6869399", "INTPTLON": "-073.9075881", "Shape__Are": 84606.7890625, "Shape__Len": 1167.1043566000001 }, "geometry": { "type": "MultiPolygon", "coordinates": [ [ [ [ -73.909439000031298, 40.686845000289019 ], [ -73.907989000585118, 40.688317999722166 ], [ -73.907238000024435, 40.6878899997415 ], [ -73.906486000537171, 40.687460999776398 ], [ -73.905738000349544, 40.687040000188659 ], [ -73.907182999772843, 40.685561000504059 ], [ -73.90793399943523, 40.68598800047392 ], [ -73.90868800036894, 40.686417000384651 ], [ -73.909439000031298, 40.686845000289019 ] ] ] ] } },
{ "type": "Feature", "properties": { "STATEFP": "36", "COUNTYFP": "047", "TRACTCE": "091800", "BLKGRPCE": "1", "GEOID": "360470918001", "NAMELSAD": "Block Group 1", "MTFCC": "G5030", "FUNCSTAT": "S", "ALAND": 98150.0, "AWATER": 0.0, "INTPTLAT": "+40.6614340", "INTPTLON": "-073.9064805", "Shape__Are": 170742.488281, "Shape__Len": 1769.0336654600001 }, "geometry": { "type": "MultiPolygon", "coordinates": [ [ [ [ -73.908920000172543, 40.662553999612555 ], [ -73.908046000486522, 40.662683999963107 ], [ -73.907032000160115, 40.662833999842988 ], [ -73.906138000382626, 40.662966999949539 ], [ -73.905172999561699, 40.663105999700598 ], [ -73.90478199974946, 40.661567999723722 ], [ -73.904384999191109, 40.660034000524576 ], [ -73.905350000012035, 40.659890999691058 ], [ -73.906269999728792, 40.659754000125155 ], [ -73.90719100016878, 40.659619000352251 ], [ -73.907584999455764, 40.661155999937982 ], [ -73.908523999439083, 40.66101399982238 ], [ -73.908920000172543, 40.662553999612555 ] ] ] ] } },
{ "type": "Feature", "properties": { "STATEFP": "36", "COUNTYFP": "047", "TRACTCE": "092200", "BLKGRPCE": "1", "GEOID": "360470922001", "NAMELSAD": "Block Group 1", "MTFCC": "G5030", "FUNCSTAT": "S", "ALAND": 82824.0, "AWATER": 0.0, "INTPTLAT": "+40.6559997", "INTPTLON": "-073.9042864", "Shape__Are": 144060.035156, "Shape__Len": 1880.70085954 }, "geometry": { "type": "MultiPolygon", "coordinates": [ [ [ [ -73.907307000519722, 40.656273000534398 ], [ -73.906369000361309, 40.656411999923364 ], [ -73.905450000469457, 40.656547000734292 ], [ -73.904529999854375, 40.656683999390019 ], [ -73.90356400010684, 40.656825999863635 ], [ -73.902631999796228, 40.656965999881081 ], [ -73.901686999965094, 40.657104000136471 ], [ -73.900755000552763, 40.657229999231454 ], [ -73.900302999742848, 40.657262999928662 ], [ -73.900572000254655, 40.657093999386809 ], [ -73.901260999992743, 40.656451999914452 ], [ -73.902311000304181, 40.655792000060927 ], [ -73.903173000294601, 40.655300999871621 ], [ -73.904142000415177, 40.655146999673001 ], [ -73.905057000109068, 40.655012999883645 ], [ -73.906916000707483, 40.654732000448213 ], [ -73.906959999291786, 40.654905000589928 ], [ -73.907307000519722, 40.656273000534398 ] ] ] ] } },
{ "type": "Feature", "properties": { "STATEFP": "36", "COUNTYFP": "047", "TRACTCE": "092800", "BLKGRPCE": "2", "GEOID": "360470928002", "NAMELSAD": "Block Group 2", "MTFCC": "G5030", "FUNCSTAT": "S", "ALAND": 88739.0, "AWATER": 0.0, "INTPTLAT": "+40.6520497", "INTPTLON": "-073.9110014", "Shape__Are": 154326.441406, "Shape__Len": 1898.5152606500001 }, "geometry": { "type": "MultiPolygon", "coordinates": [ [ [ [ -73.912691999999424, 40.651866999719694 ], [ -73.911814999940347, 40.652436999526664 ], [ -73.911015999699117, 40.652950999756804 ], [ -73.912129999584621, 40.65395499972427 ], [ -73.912328999776264, 40.654134999649997 ], [ -73.910679000313522, 40.654179999896328 ], [ -73.910550999368681, 40.654022999813868 ], [ -73.910143999662907, 40.653521000526418 ], [ -73.909335000274226, 40.652808999895484 ], [ -73.908557999774288, 40.652096000035982 ], [ -73.909449000077032, 40.651522000089557 ], [ -73.910229999876634, 40.651014000071882 ], [ -73.911101000087911, 40.650447999712583 ], [ -73.91182300033627, 40.649984000205713 ], [ -73.913407000575077, 40.651406999816444 ], [ -73.912691999999424, 40.651866999719694 ] ] ] ] } },
{ "type": "Feature", "properties": { "STATEFP": "36", "COUNTYFP": "047", "TRACTCE": "093000", "BLKGRPCE": "1", "GEOID": "360470930001", "NAMELSAD": "Block Group 1", "MTFCC": "G5030", "FUNCSTAT": "S", "ALAND": 76780.0, "AWATER": 0.0, "INTPTLAT": "+40.6512823", "INTPTLON": "-073.9157721", "Shape__Are": 133526.671875, "Shape__Len": 1478.3171716700001 }, "geometry": { "type": "MultiPolygon", "coordinates": [ [ [ [ -73.91737000019765, 40.651653999761642 ], [ -73.916653999797077, 40.652117000114927 ], [ -73.915940999769546, 40.652576999894187 ], [ -73.915226000092204, 40.653038999500012 ], [ -73.913407000575077, 40.651406999816444 ], [ -73.914122000252419, 40.650945000497011 ], [ -73.91483500027995, 40.650483999856796 ], [ -73.915548000307496, 40.650020999758915 ], [ -73.916319999886255, 40.64952699981437 ], [ -73.918136999753557, 40.651157999992051 ], [ -73.91737000019765, 40.651653999761642 ] ] ] ] } },
{ "type": "Feature", "properties": { "STATEFP": "36", "COUNTYFP": "047", "TRACTCE": "093000", "BLKGRPCE": "2", "GEOID": "360470930002", "NAMELSAD": "Block Group 2", "MTFCC": "G5030", "FUNCSTAT": "S", "ALAND": 117449.0, "AWATER": 0.0, "INTPTLAT": "+40.6490444", "INTPTLON": "-073.9151691", "Shape__Are": 204237.484375, "Shape__Len": 2040.5046290099999 }, "geometry": { "type": "MultiPolygon", "coordinates": [ [ [ [ -73.917801000192881, 40.648568000636246 ], [ -73.917086999442134, 40.649026999808292 ], [ -73.916319999886255, 40.64952699981437 ], [ -73.915548000307496, 40.650020999758915 ], [ -73.91483500027995, 40.650483999856796 ], [ -73.914122000252419, 40.650945000497011 ], [ -73.913407000575077, 40.651406999816444 ], [ -73.91182300033627, 40.649984000205713 ], [ -73.912535000538895, 40.649521000046434 ], [ -73.913253000589279, 40.649060999646608 ], [ -73.913960999695632, 40.6486010001653 ], [ -73.914732000347797, 40.64810100003676 ], [ -73.915500999553501, 40.647604999757554 ], [ -73.916208999558151, 40.64715099976371 ], [ -73.916937000552622, 40.646682999581799 ], [ -73.918515000045318, 40.648105999381862 ], [ -73.917801000192881, 40.648568000636246 ] ] ] ] } },
{ "type": "Feature", "properties": { "STATEFP": "36", "COUNTYFP": "047", "TRACTCE": "093400", "BLKGRPCE": "1", "GEOID": "360470934001", "NAMELSAD": "Block Group 1", "MTFCC": "G5030", "FUNCSTAT": "S", "ALAND": 81275.0, "AWATER": 0.0, "INTPTLAT": "+40.6506221", "INTPTLON": "-073.9188988", "Shape__Are": 141341.214844, "Shape__Len": 1805.0179721899999 }, "geometry": { "type": "MultiPolygon", "coordinates": [ [ [ [ -73.920772999953584, 40.652553999673863 ], [ -73.919962000016781, 40.652788999833113 ], [ -73.918136999753557, 40.651157999992051 ], [ -73.916319999886255, 40.64952699981437 ], [ -73.917086999442134, 40.649026999808292 ], [ -73.917801000192881, 40.648568000636246 ], [ -73.919620999534928, 40.650201000074134 ], [ -73.920467000530152, 40.649654000114843 ], [ -73.920553999670489, 40.65045900061066 ], [ -73.920581000332987, 40.650706999805742 ], [ -73.920622000340856, 40.651098000347076 ], [ -73.920746000189411, 40.652271000491943 ], [ -73.920772999953584, 40.652553999673863 ] ] ] ] } },
{ "type": "Feature", "properties": { "STATEFP": "36", "COUNTYFP": "047", "TRACTCE": "093400", "BLKGRPCE": "2", "GEOID": "360470934002", "NAMELSAD": "Block Group 2", "MTFCC": "G5030", "FUNCSTAT": "S", "ALAND": 96483.0, "AWATER": 0.0, "INTPTLAT": "+40.6474955", "INTPTLON": "-073.9191127", "Shape__Are": 167772.882812, "Shape__Len": 1986.43267309 }, "geometry": { "type": "MultiPolygon", "coordinates": [ [ [ [ -73.920467000530152, 40.649654000114843 ], [ -73.919620999534928, 40.650201000074134 ], [ -73.917801000192881, 40.648568000636246 ], [ -73.918515000045318, 40.648105999381862 ], [ -73.916937000552622, 40.646682999581799 ], [ -73.917648000032017, 40.646223000067167 ], [ -73.918302000508305, 40.645812000161513 ], [ -73.918924000299228, 40.645398000041034 ], [ -73.919429999739208, 40.645060999681782 ], [ -73.919821000449787, 40.644784000270441 ], [ -73.919951000146114, 40.644707000347978 ], [ -73.919976000260476, 40.64502999959565 ], [ -73.920098000459205, 40.646177000009502 ], [ -73.920165999332951, 40.646808999953606 ], [ -73.920179000650052, 40.646927000313312 ], [ -73.920184999599527, 40.647030000144859 ], [ -73.920358999676793, 40.648597000037363 ], [ -73.920375000468653, 40.648778999822113 ], [ -73.920467000530152, 40.649654000114843 ] ] ] ] } },
{ "type": "Feature", "properties": { "STATEFP": "36", "COUNTYFP": "047", "TRACTCE": "093600", "BLKGRPCE": "2", "GEOID": "360470936002", "NAMELSAD": "Block Group 2", "MTFCC": "G5030", "FUNCSTAT": "S", "ALAND": 103466.0, "AWATER": 0.0, "INTPTLAT": "+40.6474889", "INTPTLON": "-073.9213604", "Shape__Are": 179915.527344, "Shape__Len": 2312.4351725299998 }, "geometry": { "type": "MultiPolygon", "coordinates": [ [ [ [ -73.923248999421759, 40.648598999760551 ], [ -73.922311999986547, 40.648657999747151 ], [ -73.921382000224057, 40.648716999681525 ], [ -73.921585000613632, 40.650643999580858 ], [ -73.920984999665691, 40.650680999449676 ], [ -73.920581000332987, 40.650706999805742 ], [ -73.920553999670489, 40.65045900061066 ], [ -73.920467000530152, 40.649654000114843 ], [ -73.920375000468653, 40.648778999822113 ], [ -73.920358999676793, 40.648597000037363 ], [ -73.920184999599527, 40.647030000144859 ], [ -73.920179000650052, 40.646927000313312 ], [ -73.920165999332951, 40.646808999953606 ], [ -73.920098000459205, 40.646177000009502 ], [ -73.919976000260476, 40.64502999959565 ], [ -73.920531999929167, 40.644999000176725 ], [ -73.9209839998408, 40.644975000154929 ], [ -73.921916000151427, 40.644908999539368 ], [ -73.922116999992895, 40.646796000721451 ], [ -73.923049999230116, 40.646738999549221 ], [ -73.923248999421759, 40.648598999760551 ] ] ] ] } },
{ "type": "Feature", "properties": { "STATEFP": "36", "COUNTYFP": "047", "TRACTCE": "112600", "BLKGRPCE": "2", "GEOID": "360471126002", "NAMELSAD": "Block Group 2", "MTFCC": "G5030", "FUNCSTAT": "S", "ALAND": 57287.0, "AWATER": 0.0, "INTPTLAT": "+40.6649022", "INTPTLON": "-073.8930888", "Shape__Are": 99666.1484375, "Shape__Len": 1353.0572555700001 }, "geometry": { "type": "MultiPolygon", "coordinates": [ [ [ [ -73.894438999689044, 40.666297000258453 ], [ -73.893445999279024, 40.666445999914067 ], [ -73.892526000460563, 40.66658100017888 ], [ -73.892132000275282, 40.665033999983116 ], [ -73.891738000089987, 40.663507000281029 ], [ -73.892661000179785, 40.663369000324444 ], [ -73.893650000391844, 40.66322299953621 ], [ -73.894042000029003, 40.664752000209617 ], [ -73.894438999689044, 40.666297000258453 ] ] ] ] } },
{ "type": "Feature", "properties": { "STATEFP": "36", "COUNTYFP": "047", "TRACTCE": "112800", "BLKGRPCE": "2", "GEOID": "360471128002", "NAMELSAD": "Block Group 2", "MTFCC": "G5030", "FUNCSTAT": "S", "ALAND": 60773.0, "AWATER": 0.0, "INTPTLAT": "+40.6617844", "INTPTLON": "-073.8919061", "Shape__Are": 105721.304688, "Shape__Len": 1428.2101630499999 }, "geometry": { "type": "MultiPolygon", "coordinates": [ [ [ [ -73.893650000391844, 40.66322299953621 ], [ -73.892661000179785, 40.663369000324444 ], [ -73.891738000089987, 40.663507000281029 ], [ -73.891449000384995, 40.662562999891335 ], [ -73.890014999933996, 40.660636000095323 ], [ -73.890831999718614, 40.660284000301864 ], [ -73.891649000401515, 40.659933000387028 ], [ -73.893103000045656, 40.661833999950353 ], [ -73.893650000391844, 40.66322299953621 ] ] ] ] } },
{ "type": "Feature", "properties": { "STATEFP": "36", "COUNTYFP": "047", "TRACTCE": "113000", "BLKGRPCE": "3", "GEOID": "360471130003", "NAMELSAD": "Block Group 3", "MTFCC": "G5030", "FUNCSTAT": "S", "ALAND": 41460.0, "AWATER": 0.0, "INTPTLAT": "+40.6619663", "INTPTLON": "-073.8967109", "Shape__Are": 72126.7539062, "Shape__Len": 1095.18602362 }, "geometry": { "type": "MultiPolygon", "coordinates": [ [ [ [ -73.898290000056946, 40.662534000427243 ], [ -73.897368999616958, 40.66267299971782 ], [ -73.896449999725107, 40.662808999772864 ], [ -73.895530999833241, 40.662944999550575 ], [ -73.895150999891655, 40.661313999941619 ], [ -73.896055000613202, 40.661272000115183 ], [ -73.896974999431649, 40.661134999978351 ], [ -73.897895999871636, 40.660998999917297 ], [ -73.898290000056946, 40.662534000427243 ] ] ] ] } },
{ "type": "Feature", "properties": { "STATEFP": "36", "COUNTYFP": "047", "TRACTCE": "025200", "BLKGRPCE": "3", "GEOID": "360470252003", "NAMELSAD": "Block Group 3", "MTFCC": "G5030", "FUNCSTAT": "S", "ALAND": 52036.0, "AWATER": 0.0, "INTPTLAT": "+40.6205647", "INTPTLON": "-073.9944233", "Shape__Are": 90409.8085938, "Shape__Len": 1216.13036422 }, "geometry": { "type": "MultiPolygon", "coordinates": [ [ [ [ -73.996393000009405, 40.620582000190261 ], [ -73.995546000087586, 40.621392999709677 ], [ -73.994920000098674, 40.62199399986617 ], [ -73.992466000371834, 40.620508999393103 ], [ -73.993093000185638, 40.619908999804153 ], [ -73.993877000358268, 40.619155999843642 ], [ -73.994530000111354, 40.619521000196286 ], [ -73.995130999985861, 40.619864999244875 ], [ -73.995744000454295, 40.620213000396696 ], [ -73.996393000009405, 40.620582000190261 ] ] ] ] } },
{ "type": "Feature", "properties": { "STATEFP": "36", "COUNTYFP": "047", "TRACTCE": "026200", "BLKGRPCE": "1", "GEOID": "360470262001", "NAMELSAD": "Block Group 1", "MTFCC": "G5030", "FUNCSTAT": "S", "ALAND": 74832.0, "AWATER": 0.0, "INTPTLAT": "+40.6195412", "INTPTLON": "-073.9963502", "Shape__Are": 130015.691406, "Shape__Len": 1694.3038800100001 }, "geometry": { "type": "MultiPolygon", "coordinates": [ [ [ [ -73.998388999976839, 40.621259000335257 ], [ -73.998295000265514, 40.621619000141983 ], [ -73.997383999871246, 40.621146000287553 ], [ -73.996711000026721, 40.620762999711523 ], [ -73.996608999919474, 40.620704999895715 ], [ -73.996393000009405, 40.620582000190261 ], [ -73.995744000454295, 40.620213000396696 ], [ -73.995130999985861, 40.619864999244875 ], [ -73.994530000111354, 40.619521000196286 ], [ -73.993877000358268, 40.619155999843642 ], [ -73.994253999926812, 40.618789000289901 ], [ -73.994834999709852, 40.618230999920101 ], [ -73.995418000041056, 40.617673000344467 ], [ -73.99787099994299, 40.619153999920286 ], [ -73.997285000137069, 40.619711999399193 ], [ -73.997526999986405, 40.619857999928122 ], [ -73.997694000390979, 40.619959000032587 ], [ -73.998595000739485, 40.62050200014378 ], [ -73.998388999976839, 40.621259000335257 ] ] ] ] } },
{ "type": "Feature", "properties": { "STATEFP": "36", "COUNTYFP": "047", "TRACTCE": "094401", "BLKGRPCE": "1", "GEOID": "360470944011", "NAMELSAD": "Block Group 1", "MTFCC": "G5030", "FUNCSTAT": "S", "ALAND": 70712.0, "AWATER": 0.0, "INTPTLAT": "+40.6405994", "INTPTLON": "-073.9246586", "Shape__Are": 122934.324219, "Shape__Len": 1608.23081505 }, "geometry": { "type": "MultiPolygon", "coordinates": [ [ [ [ -73.926032999759798, 40.638543000214597 ], [ -73.925742999331561, 40.640013999971622 ], [ -73.925703999871828, 40.640360999761519 ], [ -73.925478999740932, 40.641587000116594 ], [ -73.925382000554862, 40.642384000128146 ], [ -73.924542000305749, 40.642439000340708 ], [ -73.923564999789235, 40.64249900027297 ], [ -73.923374999818449, 40.640495000344863 ], [ -73.923353999902048, 40.64017700022135 ], [ -73.923327000137874, 40.639899999627303 ], [ -73.926082000163603, 40.638162999934174 ], [ -73.926032999759798, 40.638543000214597 ] ] ] ] } },
{ "type": "Feature", "properties": { "STATEFP": "36", "COUNTYFP": "047", "TRACTCE": "094401", "BLKGRPCE": "2", "GEOID": "360470944012", "NAMELSAD": "Block Group 2", "MTFCC": "G5030", "FUNCSTAT": "S", "ALAND": 116614.0, "AWATER": 0.0, "INTPTLAT": "+40.6371144", "INTPTLON": "-073.9246727", "Shape__Are": 202714.851562, "Shape__Len": 2014.73357562 }, "geometry": { "type": "MultiPolygon", "coordinates": [ [ [ [ -73.926788000518428, 40.636108000298378 ], [ -73.92651300015882, 40.636539999495923 ], [ -73.926362000546092, 40.636908999749778 ], [ -73.926146000636024, 40.637568000244691 ], [ -73.926082000163603, 40.638162999934174 ], [ -73.923327000137874, 40.639899999627303 ], [ -73.923309999521123, 40.639747000007361 ], [ -73.923168000129223, 40.638837000439914 ], [ -73.923077999717535, 40.637907999645378 ], [ -73.922832000568548, 40.635543000376728 ], [ -73.923803000338935, 40.63548500044358 ], [ -73.924738000124307, 40.635427999837233 ], [ -73.925705999521654, 40.635367000306431 ], [ -73.926674999642216, 40.635306000038227 ], [ -73.927447999944206, 40.635258999894162 ], [ -73.926788000518428, 40.636108000298378 ] ] ] ] } },
{ "type": "Feature", "properties": { "STATEFP": "36", "COUNTYFP": "047", "TRACTCE": "095400", "BLKGRPCE": "1", "GEOID": "360470954001", "NAMELSAD": "Block Group 1", "MTFCC": "G5030", "FUNCSTAT": "S", "ALAND": 87939.0, "AWATER": 0.0, "INTPTLAT": "+40.6405458", "INTPTLON": "-073.9164074", "Shape__Are": 152884.425781, "Shape__Len": 1566.2156969099999 }, "geometry": { "type": "MultiPolygon", "coordinates": [ [ [ [ -73.918162999692811, 40.641080000107138 ], [ -73.917401999984705, 40.641516999688328 ], [ -73.916621000185117, 40.641948000049595 ], [ -73.91592499987604, 40.642384000128153 ], [ -73.913903999794215, 40.640569000409272 ], [ -73.914608999425838, 40.640102000415126 ], [ -73.915321000526774, 40.639637000553954 ], [ -73.91603299983106, 40.63917199949865 ], [ -73.916808999607767, 40.638682000408288 ], [ -73.918930000147043, 40.640585000117618 ], [ -73.918162999692811, 40.641080000107138 ] ] ] ] } },
{ "type": "Feature", "properties": { "STATEFP": "36", "COUNTYFP": "047", "TRACTCE": "096000", "BLKGRPCE": "1", "GEOID": "360470960001", "NAMELSAD": "Block Group 1", "MTFCC": "G5030", "FUNCSTAT": "S", "ALAND": 423887.0, "AWATER": 0.0, "INTPTLAT": "+40.6459270", "INTPTLON": "-073.9147665", "Shape__Are": 737053.94921899994, "Shape__Len": 4454.2043214599998 }, "geometry": { "type": "MultiPolygon", "coordinates": [ [ [ [ -73.919951000146114, 40.644707000347978 ], [ -73.919821000449787, 40.644784000270441 ], [ -73.919429999739208, 40.645060999681782 ], [ -73.918924000299228, 40.645398000041034 ], [ -73.918302000508305, 40.645812000161513 ], [ -73.917648000032017, 40.646223000067167 ], [ -73.916937000552622, 40.646682999581799 ], [ -73.916208999558151, 40.64715099976371 ], [ -73.915500999553501, 40.647604999757554 ], [ -73.914732000347797, 40.64810100003676 ], [ -73.913960999695632, 40.6486010001653 ], [ -73.913253000589279, 40.649060999646608 ], [ -73.912535000538895, 40.649521000046434 ], [ -73.91182300033627, 40.649984000205713 ], [ -73.911101000087911, 40.650447999712583 ], [ -73.910229999876634, 40.651014000071882 ], [ -73.909449000077032, 40.651522000089557 ], [ -73.908680999797923, 40.650716999468116 ], [ -73.907615000491305, 40.649896000522808 ], [ -73.908399000663948, 40.649388000394509 ], [ -73.909290000068381, 40.648816999901726 ], [ -73.910003999920832, 40.648355000371211 ], [ -73.910716000123458, 40.647888000325914 ], [ -73.911755000564213, 40.647224000064163 ], [ -73.912096999972647, 40.646998999610112 ], [ -73.91242699968555, 40.646773000553232 ], [ -73.91275599957352, 40.646328000776485 ], [ -73.912978000229657, 40.645324999788073 ], [ -73.913257999713835, 40.644444999689696 ], [ -73.912914999582156, 40.644177000481058 ], [ -73.913197000512781, 40.644069999936839 ], [ -73.913687999884147, 40.643812999852798 ], [ -73.913754999831298, 40.643777999451835 ], [ -73.914441000094655, 40.643342000299555 ], [ -73.914723999951875, 40.643160999944612 ], [ -73.915187000632471, 40.642861999940159 ], [ -73.915670000506211, 40.642549999900382 ], [ -73.91592499987604, 40.642384000128153 ], [ -73.916621000185117, 40.641948000049595 ], [ -73.917401999984705, 40.641516999688328 ], [ -73.918162999692811, 40.641080000107138 ], [ -73.918930000147043, 40.640585000117618 ], [ -73.919556000135913, 40.641185000046114 ], [ -73.919582999900086, 40.641398000018754 ], [ -73.919616999336967, 40.641659000402591 ], [ -73.919661999542811, 40.642103999954657 ], [ -73.919729000388273, 40.642724999488415 ], [ -73.919907000663514, 40.644330000171287 ], [ -73.919951000146114, 40.644707000347978 ] ] ] ] } },
{ "type": "Feature", "properties": { "STATEFP": "36", "COUNTYFP": "047", "TRACTCE": "096200", "BLKGRPCE": "1", "GEOID": "360470962001", "NAMELSAD": "Block Group 1", "MTFCC": "G5030", "FUNCSTAT": "S", "ALAND": 179100.0, "AWATER": 0.0, "INTPTLAT": "+40.6450267", "INTPTLON": "-073.9105174", "Shape__Are": 311408.992188, "Shape__Len": 2198.56068753 }, "geometry": { "type": "MultiPolygon", "coordinates": [ [ [ [ -73.912978000229657, 40.645324999788073 ], [ -73.91275599957352, 40.646328000776485 ], [ -73.91242699968555, 40.646773000553232 ], [ -73.912096999972647, 40.646998999610112 ], [ -73.911755000564213, 40.647224000064163 ], [ -73.910716000123458, 40.647888000325914 ], [ -73.910488999444411, 40.647684000176653 ], [ -73.90943400000846, 40.646737999659749 ], [ -73.908899000256142, 40.646256000074231 ], [ -73.907084000038651, 40.644623000207332 ], [ -73.907579000506303, 40.644304000057062 ], [ -73.908023999846904, 40.644017000247167 ], [ -73.909279999124323, 40.643204000208925 ], [ -73.910050999776502, 40.642708999611337 ], [ -73.910763999804033, 40.6422460001018 ], [ -73.911600999680118, 40.642996999538113 ], [ -73.912914999582156, 40.644177000481058 ], [ -73.913257999713835, 40.644444999689696 ], [ -73.912978000229657, 40.645324999788073 ] ] ] ] } },
{ "type": "Feature", "properties": { "STATEFP": "36", "COUNTYFP": "047", "TRACTCE": "096400", "BLKGRPCE": "1", "GEOID": "360470964001", "NAMELSAD": "Block Group 1", "MTFCC": "G5030", "FUNCSTAT": "S", "ALAND": 87997.0, "AWATER": 0.0, "INTPTLAT": "+40.6426974", "INTPTLON": "-073.9080951", "Shape__Are": 152997.3125, "Shape__Len": 1646.92811519 }, "geometry": { "type": "MultiPolygon", "coordinates": [ [ [ [ -73.910763999804033, 40.6422460001018 ], [ -73.910050999776502, 40.642708999611337 ], [ -73.909279999124323, 40.643204000208925 ], [ -73.908023999846904, 40.644017000247167 ], [ -73.907579000506303, 40.644304000057062 ], [ -73.907084000038651, 40.644623000207332 ], [ -73.906559000332109, 40.644152000235465 ], [ -73.905416999959172, 40.64312900039566 ], [ -73.906320999782409, 40.642561000055508 ], [ -73.906812000052085, 40.642257999581943 ], [ -73.907637000232612, 40.641729999964809 ], [ -73.908402999963599, 40.64123200010809 ], [ -73.909119000364171, 40.640770000557069 ], [ -73.910119999373478, 40.64167099998825 ], [ -73.910763999804033, 40.6422460001018 ] ] ] ] } },
{ "type": "Feature", "properties": { "STATEFP": "36", "COUNTYFP": "047", "TRACTCE": "083600", "BLKGRPCE": "1", "GEOID": "360470836001", "NAMELSAD": "Block Group 1", "MTFCC": "G5030", "FUNCSTAT": "S", "ALAND": 82911.0, "AWATER": 0.0, "INTPTLAT": "+40.6371920", "INTPTLON": "-073.9336907", "Shape__Are": 144128.523438, "Shape__Len": 1781.0994985699999 }, "geometry": { "type": "MultiPolygon", "coordinates": [ [ [ [ -73.934887000015976, 40.639439000399413 ], [ -73.933917999895399, 40.639496000307872 ], [ -73.932983999934933, 40.639555000161856 ], [ -73.932734000587999, 40.63721700012357 ], [ -73.932500000236274, 40.634946999766861 ], [ -73.933426999625723, 40.634883999662577 ], [ -73.934394999921381, 40.634826999906522 ], [ -73.934637999595623, 40.63709800028704 ], [ -73.934887000015976, 40.639439000399413 ] ] ] ] } },
{ "type": "Feature", "properties": { "STATEFP": "36", "COUNTYFP": "047", "TRACTCE": "083600", "BLKGRPCE": "2", "GEOID": "360470836002", "NAMELSAD": "Block Group 2", "MTFCC": "G5030", "FUNCSTAT": "S", "ALAND": 125286.0, "AWATER": 0.0, "INTPTLAT": "+40.6370439", "INTPTLON": "-073.9360780", "Shape__Are": 217791.371094, "Shape__Len": 1998.8644096200001 }, "geometry": { "type": "MultiPolygon", "coordinates": [ [ [ [ -73.937761999692299, 40.639258999687378 ], [ -73.936792000645141, 40.639318999751424 ], [ -73.935856000136525, 40.639377999761834 ], [ -73.934887000015976, 40.639439000399413 ], [ -73.934637999595623, 40.63709800028704 ], [ -73.934394999921381, 40.634826999906522 ], [ -73.935359999843996, 40.634766999895461 ], [ -73.936295999454273, 40.634708999969888 ], [ -73.937266999224676, 40.634650999993895 ], [ -73.937512000345365, 40.636921000189297 ], [ -73.937761999692299, 40.639258999687378 ] ] ] ] } },
{ "type": "Feature", "properties": { "STATEFP": "36", "COUNTYFP": "047", "TRACTCE": "083800", "BLKGRPCE": "2", "GEOID": "360470838002", "NAMELSAD": "Block Group 2", "MTFCC": "G5030", "FUNCSTAT": "S", "ALAND": 84291.0, "AWATER": 0.0, "INTPTLAT": "+40.6406081", "INTPTLON": "-073.9350123", "Shape__Are": 146542.542969, "Shape__Len": 1539.21549633 }, "geometry": { "type": "MultiPolygon", "coordinates": [ [ [ [ -73.937041000167156, 40.641657999755346 ], [ -73.936108000031609, 40.641714999813921 ], [ -73.935138999911047, 40.641784999352971 ], [ -73.934168999965564, 40.641838000133326 ], [ -73.933234000180192, 40.641895000038204 ], [ -73.932983999934933, 40.639555000161856 ], [ -73.933917999895399, 40.639496000307872 ], [ -73.934887000015976, 40.639439000399413 ], [ -73.935856000136525, 40.639377999761834 ], [ -73.936792000645141, 40.639318999751424 ], [ -73.937041000167156, 40.641657999755346 ] ] ] ] } },
{ "type": "Feature", "properties": { "STATEFP": "36", "COUNTYFP": "047", "TRACTCE": "078400", "BLKGRPCE": "2", "GEOID": "360470784002", "NAMELSAD": "Block Group 2", "MTFCC": "G5030", "FUNCSTAT": "S", "ALAND": 84950.0, "AWATER": 0.0, "INTPTLAT": "+40.6331273", "INTPTLON": "-073.9428340", "Shape__Are": 147655.335938, "Shape__Len": 1546.90946027 }, "geometry": { "type": "MultiPolygon", "coordinates": [ [ [ [ -73.944881000096942, 40.63417700032344 ], [ -73.943913000699595, 40.634237000182949 ], [ -73.942978000015898, 40.63429500051857 ], [ -73.942008999895336, 40.634354999590343 ], [ -73.941038999949853, 40.634416999438045 ], [ -73.940787999879689, 40.632075999794907 ], [ -73.941757000000266, 40.632016999466877 ], [ -73.942728999595545, 40.631956999657618 ], [ -73.94366000008128, 40.631899999448059 ], [ -73.944629000201857, 40.631838000671813 ], [ -73.944881000096942, 40.63417700032344 ] ] ] ] } },
{ "type": "Feature", "properties": { "STATEFP": "36", "COUNTYFP": "047", "TRACTCE": "084000", "BLKGRPCE": "1", "GEOID": "360470840001", "NAMELSAD": "Block Group 1", "MTFCC": "G5030", "FUNCSTAT": "S", "ALAND": 84319.0, "AWATER": 0.0, "INTPTLAT": "+40.6431632", "INTPTLON": "-073.9314167", "Shape__Are": 146602.0, "Shape__Len": 1542.94440777 }, "geometry": { "type": "MultiPolygon", "coordinates": [ [ [ [ -73.933478000577665, 40.644192000078604 ], [ -73.932508999558777, 40.6442519997983 ], [ -73.931538999613309, 40.644313000071499 ], [ -73.930604999652843, 40.644370999832603 ], [ -73.929599000620684, 40.644433000602724 ], [ -73.929355000223183, 40.64213400007808 ], [ -73.930360000328776, 40.642073000539973 ], [ -73.931293000464322, 40.642015000145264 ], [ -73.93226400023471, 40.64194999997202 ], [ -73.933234000180192, 40.641895000038204 ], [ -73.933478000577665, 40.644192000078604 ] ] ] ] } },
{ "type": "Feature", "properties": { "STATEFP": "36", "COUNTYFP": "047", "TRACTCE": "084600", "BLKGRPCE": "2", "GEOID": "360470846002", "NAMELSAD": "Block Group 2", "MTFCC": "G5030", "FUNCSTAT": "S", "ALAND": 81228.0, "AWATER": 0.0, "INTPTLAT": "+40.6411133", "INTPTLON": "-073.9273931", "Shape__Are": 141218.988281, "Shape__Len": 1513.91617961 }, "geometry": { "type": "MultiPolygon", "coordinates": [ [ [ [ -73.929355000223183, 40.64213400007808 ], [ -73.928348000467807, 40.642196999475551 ], [ -73.927416000157152, 40.642252999798821 ], [ -73.926446000211669, 40.64231599976555 ], [ -73.925382000554862, 40.642384000128146 ], [ -73.925478999740932, 40.641587000116594 ], [ -73.925703999871828, 40.640360999761519 ], [ -73.925742999331561, 40.640013999971622 ], [ -73.925933999127281, 40.639998000126383 ], [ -73.926197999616235, 40.639975999651256 ], [ -73.927165000087001, 40.639915999496068 ], [ -73.928098000222548, 40.639856999961125 ], [ -73.929105999802843, 40.639795000393676 ], [ -73.929355000223183, 40.64213400007808 ] ] ] ] } },
{ "type": "Feature", "properties": { "STATEFP": "36", "COUNTYFP": "047", "TRACTCE": "113400", "BLKGRPCE": "1", "GEOID": "360471134001", "NAMELSAD": "Block Group 1", "MTFCC": "G5030", "FUNCSTAT": "S", "ALAND": 85908.0, "AWATER": 0.0, "INTPTLAT": "+40.6686730", "INTPTLON": "-073.8996196", "Shape__Are": 149478.40625, "Shape__Len": 1661.1989489600001 }, "geometry": { "type": "MultiPolygon", "coordinates": [ [ [ [ -73.901982000416197, 40.669670000117236 ], [ -73.901104000532214, 40.669800000224598 ], [ -73.900183000092227, 40.669939000043314 ], [ -73.899261999652239, 40.670072999829522 ], [ -73.898340999212266, 40.670212000441843 ], [ -73.898019999720205, 40.668958000139064 ], [ -73.897633000105913, 40.667418999934149 ], [ -73.89855199999775, 40.667282999739939 ], [ -73.899471999714535, 40.667145000101122 ], [ -73.900389999781467, 40.667010000296578 ], [ -73.900783000141857, 40.668546999913126 ], [ -73.901668000596842, 40.668412999785922 ], [ -73.901982000416197, 40.669670000117236 ] ] ] ] } },
{ "type": "Feature", "properties": { "STATEFP": "36", "COUNTYFP": "047", "TRACTCE": "113400", "BLKGRPCE": "2", "GEOID": "360471134002", "NAMELSAD": "Block Group 2", "MTFCC": "G5030", "FUNCSTAT": "S", "ALAND": 27590.0, "AWATER": 0.0, "INTPTLAT": "+40.6665137", "INTPTLON": "-073.8983533", "Shape__Are": 48002.7773438, "Shape__Len": 877.92148253699997 }, "geometry": { "type": "MultiPolygon", "coordinates": [ [ [ [ -73.899471999714535, 40.667145000101122 ], [ -73.89855199999775, 40.667282999739939 ], [ -73.897633000105913, 40.667418999934149 ], [ -73.897233000072831, 40.665877999758287 ], [ -73.898157999812469, 40.665746999895987 ], [ -73.8990759998794, 40.665608000197643 ], [ -73.899471999714535, 40.667145000101122 ] ] ] ] } },
{ "type": "Feature", "properties": { "STATEFP": "36", "COUNTYFP": "047", "TRACTCE": "114201", "BLKGRPCE": "2", "GEOID": "360471142012", "NAMELSAD": "Block Group 2", "MTFCC": "G5030", "FUNCSTAT": "S", "ALAND": 200023.0, "AWATER": 0.0, "INTPTLAT": "+40.6792686", "INTPTLON": "-073.8986574", "Shape__Are": 348141.9375, "Shape__Len": 3368.10490845 }, "geometry": { "type": "MultiPolygon", "coordinates": [ [ [ [ -73.904046000155702, 40.679220000301314 ], [ -73.902621999750465, 40.680664000235268 ], [ -73.900752000179722, 40.679676999613456 ], [ -73.900283000549663, 40.679442000166155 ], [ -73.899698000568662, 40.679544999530215 ], [ -73.898899000327404, 40.679560999430358 ], [ -73.898203999843219, 40.679768000432162 ], [ -73.897769000548351, 40.67992600062275 ], [ -73.897494000188743, 40.680073999728634 ], [ -73.897186000217161, 40.680368000227361 ], [ -73.897034999706108, 40.680565000130336 ], [ -73.896929000299224, 40.680746000520472 ], [ -73.896822999994001, 40.681155000378602 ], [ -73.896615000479869, 40.682008000179216 ], [ -73.896531999740873, 40.681836000212364 ], [ -73.896474999839455, 40.681715000147996 ], [ -73.896254999731426, 40.681573999576244 ], [ -73.896126999684924, 40.680694000052256 ], [ -73.895455999490181, 40.681006999585357 ], [ -73.894312000365744, 40.681566000549495 ], [ -73.89373300023253, 40.680854000210481 ], [ -73.893185000061422, 40.680161000407502 ], [ -73.893995000173334, 40.679767000356428 ], [ -73.894826000201647, 40.67933799987965 ], [ -73.895698000237843, 40.678971000061097 ], [ -73.896536999763754, 40.678594000014932 ], [ -73.897018999812587, 40.6783810002389 ], [ -73.897474999922181, 40.678162999964869 ], [ -73.897600999420547, 40.678098999680309 ], [ -73.897663000243142, 40.678067999956816 ], [ -73.897954999422879, 40.677888999996924 ], [ -73.898151000139762, 40.677767999580517 ], [ -73.898362000026964, 40.677658000126158 ], [ -73.898831999481928, 40.677447000305619 ], [ -73.899126000108126, 40.677313000350537 ], [ -73.899989999748385, 40.676900000289372 ], [ -73.900626999607937, 40.677264999701151 ], [ -73.903466000197568, 40.67889699966549 ], [ -73.904046000155702, 40.679220000301314 ] ] ] ] } },
{ "type": "Feature", "properties": { "STATEFP": "36", "COUNTYFP": "047", "TRACTCE": "052000", "BLKGRPCE": "3", "GEOID": "360470520003", "NAMELSAD": "Block Group 3", "MTFCC": "G5030", "FUNCSTAT": "S", "ALAND": 26863.0, "AWATER": 0.0, "INTPTLAT": "+40.6349718", "INTPTLON": "-073.9646627", "Shape__Are": 46694.2148438, "Shape__Len": 1124.4712113600001 }, "geometry": { "type": "MultiPolygon", "coordinates": [ [ [ [ -73.965382000269813, 40.636279000229798 ], [ -73.964956999224071, 40.636479000299481 ], [ -73.964512999708376, 40.636688000130938 ], [ -73.964496999814841, 40.636606000206555 ], [ -73.964460000004934, 40.636412000100883 ], [ -73.964300000171349, 40.635556000437106 ], [ -73.964263000361441, 40.635357999767493 ], [ -73.964215000680866, 40.635099999480516 ], [ -73.964187000193448, 40.63495400022925 ], [ -73.96394599927072, 40.633661999936308 ], [ -73.964804999786423, 40.633248999538296 ], [ -73.965081999795842, 40.634683000198436 ], [ -73.965382000269813, 40.636279000229798 ] ] ] ] } },
{ "type": "Feature", "properties": { "STATEFP": "36", "COUNTYFP": "047", "TRACTCE": "052800", "BLKGRPCE": "2", "GEOID": "360470528002", "NAMELSAD": "Block Group 2", "MTFCC": "G5030", "FUNCSTAT": "S", "ALAND": 67074.0, "AWATER": 0.0, "INTPTLAT": "+40.6309033", "INTPTLON": "-073.9649142", "Shape__Are": 116576.34375, "Shape__Len": 1367.4129569700001 }, "geometry": { "type": "MultiPolygon", "coordinates": [ [ [ [ -73.966165000617536, 40.631976999827288 ], [ -73.965528999684594, 40.632043999704358 ], [ -73.964602000295145, 40.632147000004935 ], [ -73.963674000182479, 40.632249999464833 ], [ -73.963528000592603, 40.631453999931459 ], [ -73.963371000233764, 40.630665000002111 ], [ -73.963224999745563, 40.629858999922796 ], [ -73.964152000033351, 40.629756999645608 ], [ -73.965080000146031, 40.629654999894413 ], [ -73.96607399948266, 40.629545000175213 ], [ -73.966676000080412, 40.631921999857646 ], [ -73.966165000617536, 40.631976999827288 ] ] ] ] } },
{ "type": "Feature", "properties": { "STATEFP": "36", "COUNTYFP": "047", "TRACTCE": "115600", "BLKGRPCE": "4", "GEOID": "360471156004", "NAMELSAD": "Block Group 4", "MTFCC": "G5030", "FUNCSTAT": "S", "ALAND": 48803.0, "AWATER": 0.0, "INTPTLAT": "+40.6694136", "INTPTLON": "-073.8964020", "Shape__Are": 84919.3125, "Shape__Len": 1469.4387768500001 }, "geometry": { "type": "MultiPolygon", "coordinates": [ [ [ [ -73.898340999212266, 40.670212000441843 ], [ -73.897422000218725, 40.67034699989653 ], [ -73.896518000395488, 40.670481000225529 ], [ -73.895544000252045, 40.670626000583326 ], [ -73.895222000036767, 40.669370000107712 ], [ -73.894830999326203, 40.667833000381265 ], [ -73.895804999469632, 40.667688000082627 ], [ -73.896197999830022, 40.66922699953053 ], [ -73.897100000003434, 40.669093000088345 ], [ -73.898019999720205, 40.668958000139064 ], [ -73.898340999212266, 40.670212000441843 ] ] ] ] } },
{ "type": "Feature", "properties": { "STATEFP": "36", "COUNTYFP": "047", "TRACTCE": "036502", "BLKGRPCE": "1", "GEOID": "360470365021", "NAMELSAD": "Block Group 1", "MTFCC": "G5030", "FUNCSTAT": "S", "ALAND": 122056.0, "AWATER": 0.0, "INTPTLAT": "+40.6747259", "INTPTLON": "-073.9075432", "Shape__Are": 212410.554688, "Shape__Len": 2496.1688226699998 }, "geometry": { "type": "MultiPolygon", "coordinates": [ [ [ [ -73.911224000111545, 40.673151999782249 ], [ -73.911151999243231, 40.673979000340871 ], [ -73.911074999250332, 40.674757000299877 ], [ -73.909156999998999, 40.674653000198759 ], [ -73.908310000077165, 40.674605000359435 ], [ -73.908194999551128, 40.675378999941991 ], [ -73.908096999641842, 40.676125000520969 ], [ -73.908088000319324, 40.676190000104867 ], [ -73.907777999799606, 40.676242000680105 ], [ -73.907125000046534, 40.676247999407536 ], [ -73.906116000641305, 40.676190999552908 ], [ -73.905240000407176, 40.676145000399671 ], [ -73.904354000127285, 40.676092999748739 ], [ -73.904078999767677, 40.676072999854469 ], [ -73.903462999824526, 40.676015999850236 ], [ -73.902534999711833, 40.675884000011948 ], [ -73.902738000101436, 40.675796999882706 ], [ -73.902964000057224, 40.675698999499396 ], [ -73.903009000263083, 40.675678999486934 ], [ -73.903474999520085, 40.675506999540467 ], [ -73.903819999301575, 40.675378999941977 ], [ -73.90437299949555, 40.675109000014899 ], [ -73.90524000040719, 40.674724999552346 ], [ -73.905826000213082, 40.67446999930597 ], [ -73.905970000153133, 40.674407000401381 ], [ -73.906094999826607, 40.674352999443641 ], [ -73.90629699949298, 40.674264999883569 ], [ -73.906957000715352, 40.67398499995317 ], [ -73.907469000003118, 40.673762000145622 ], [ -73.907876999533812, 40.673567000234222 ], [ -73.90842000058035, 40.673313000500634 ], [ -73.909254999908285, 40.672947999210727 ], [ -73.90990399946341, 40.672991000037683 ], [ -73.910400999580872, 40.673023000254858 ], [ -73.911229999959346, 40.67307899991664 ], [ -73.911224000111545, 40.673151999782249 ] ] ] ] } },
{ "type": "Feature", "properties": { "STATEFP": "36", "COUNTYFP": "047", "TRACTCE": "036700", "BLKGRPCE": "1", "GEOID": "360470367001", "NAMELSAD": "Block Group 1", "MTFCC": "G5030", "FUNCSTAT": "S", "ALAND": 50866.0, "AWATER": 0.0, "INTPTLAT": "+40.6771390", "INTPTLON": "-073.9022200", "Shape__Are": 88526.4296875, "Shape__Len": 1335.0534374599999 }, "geometry": { "type": "MultiPolygon", "coordinates": [ [ [ [ -73.903466000197568, 40.67889699966549 ], [ -73.900626999607937, 40.677264999701151 ], [ -73.899989999748385, 40.676900000289372 ], [ -73.900792000362699, 40.676572000057597 ], [ -73.902534999711833, 40.675884000011948 ], [ -73.903462999824526, 40.676015999850236 ], [ -73.903354999869492, 40.677111999912889 ], [ -73.903315999511435, 40.677868999960133 ], [ -73.903466000197568, 40.67889699966549 ] ] ] ] } },
{ "type": "Feature", "properties": { "STATEFP": "36", "COUNTYFP": "047", "TRACTCE": "036700", "BLKGRPCE": "2", "GEOID": "360470367002", "NAMELSAD": "Block Group 2", "MTFCC": "G5030", "FUNCSTAT": "S", "ALAND": 55916.0, "AWATER": 0.0, "INTPTLAT": "+40.6769769", "INTPTLON": "-073.9050421", "Shape__Are": 97315.8515625, "Shape__Len": 1357.7667218900001 }, "geometry": { "type": "MultiPolygon", "coordinates": [ [ [ [ -73.907022999939301, 40.677312000238025 ], [ -73.906017000008802, 40.677257000157333 ], [ -73.905970999978052, 40.678012000397821 ], [ -73.904688000038121, 40.67794299945313 ], [ -73.903315999511435, 40.677868999960133 ], [ -73.903354999869492, 40.677111999912889 ], [ -73.903462999824526, 40.676015999850236 ], [ -73.904078999767677, 40.676072999854469 ], [ -73.904354000127285, 40.676092999748739 ], [ -73.905240000407176, 40.676145000399671 ], [ -73.906116000641305, 40.676190999552908 ], [ -73.907125000046534, 40.676247999407536 ], [ -73.907022999939301, 40.677312000238025 ] ] ] ] } },
{ "type": "Feature", "properties": { "STATEFP": "36", "COUNTYFP": "047", "TRACTCE": "036900", "BLKGRPCE": "1", "GEOID": "360470369001", "NAMELSAD": "Block Group 1", "MTFCC": "G5030", "FUNCSTAT": "S", "ALAND": 56349.0, "AWATER": 0.0, "INTPTLAT": "+40.6800218", "INTPTLON": "-073.9074585", "Shape__Are": 98077.6289062, "Shape__Len": 1445.32272345 }, "geometry": { "type": "MultiPolygon", "coordinates": [ [ [ [ -73.90885999989807, 40.68199400026981 ], [ -73.908517000664716, 40.681803999456662 ], [ -73.907771000126914, 40.681376999930364 ], [ -73.90701799991642, 40.680947999596469 ], [ -73.906719999990571, 40.680768000496769 ], [ -73.906281999424365, 40.680506999814803 ], [ -73.905658999808509, 40.680141000371108 ], [ -73.905493000127152, 40.680036999812607 ], [ -73.906345999896757, 40.679311999782648 ], [ -73.907230000526837, 40.678661999512236 ], [ -73.907534000300444, 40.678416000200826 ], [ -73.907833000051198, 40.678115999346751 ], [ -73.908137999649725, 40.678363999958741 ], [ -73.90827999993995, 40.679089000080197 ], [ -73.908423999879986, 40.679819999579031 ], [ -73.908571000193078, 40.680553999428376 ], [ -73.908718999432764, 40.681283999839884 ], [ -73.90885999989807, 40.68199400026981 ] ] ] ] } },
{ "type": "Feature", "properties": { "STATEFP": "36", "COUNTYFP": "047", "TRACTCE": "036900", "BLKGRPCE": "2", "GEOID": "360470369002", "NAMELSAD": "Block Group 2", "MTFCC": "G5030", "FUNCSTAT": "S", "ALAND": 52160.0, "AWATER": 0.0, "INTPTLAT": "+40.6772384", "INTPTLON": "-073.9094127", "Shape__Are": 90780.0546875, "Shape__Len": 1216.2543388700001 }, "geometry": { "type": "MultiPolygon", "coordinates": [ [ [ [ -73.910814000032744, 40.67752100026707 ], [ -73.910798999964129, 40.678277999757611 ], [ -73.909102000645731, 40.678185000112357 ], [ -73.907833000051198, 40.678115999346751 ], [ -73.907974999443098, 40.677362999826386 ], [ -73.908088000319324, 40.676190000104867 ], [ -73.909094000249809, 40.67624399957473 ], [ -73.909991000400353, 40.676293999852263 ], [ -73.910926000185739, 40.67634499953806 ], [ -73.910814000032744, 40.67752100026707 ] ] ] ] } },
{ "type": "Feature", "properties": { "STATEFP": "36", "COUNTYFP": "047", "TRACTCE": "036900", "BLKGRPCE": "3", "GEOID": "360470369003", "NAMELSAD": "Block Group 3", "MTFCC": "G5030", "FUNCSTAT": "S", "ALAND": 56124.0, "AWATER": 0.0, "INTPTLAT": "+40.6792983", "INTPTLON": "-073.9096235", "Shape__Are": 97683.2539062, "Shape__Len": 1296.85849532 }, "geometry": { "type": "MultiPolygon", "coordinates": [ [ [ [ -73.911224999936465, 40.680240000424497 ], [ -73.908571000193078, 40.680553999428376 ], [ -73.908423999879986, 40.679819999579031 ], [ -73.90827999993995, 40.679089000080197 ], [ -73.908137999649725, 40.678363999958741 ], [ -73.907833000051198, 40.678115999346751 ], [ -73.909102000645731, 40.678185000112357 ], [ -73.910798999964129, 40.678277999757611 ], [ -73.910938999706204, 40.678782999668506 ], [ -73.911081999821334, 40.679514999877355 ], [ -73.911224999936465, 40.680240000424497 ] ] ] ] } },
{ "type": "Feature", "properties": { "STATEFP": "36", "COUNTYFP": "047", "TRACTCE": "053000", "BLKGRPCE": "1", "GEOID": "360470530001", "NAMELSAD": "Block Group 1", "MTFCC": "G5030", "FUNCSTAT": "S", "ALAND": 42486.0, "AWATER": 0.0, "INTPTLAT": "+40.6275199", "INTPTLON": "-073.9623080", "Shape__Are": 73834.5390625, "Shape__Len": 1625.2133614500001 }, "geometry": { "type": "MultiPolygon", "coordinates": [ [ [ [ -73.963224999745563, 40.629858999922796 ], [ -73.962298000356114, 40.629961000044212 ], [ -73.962099000164486, 40.628930000328126 ], [ -73.961845999546185, 40.627570999849539 ], [ -73.961392999809661, 40.625179000284461 ], [ -73.96231800044761, 40.625079000105018 ], [ -73.962773999658864, 40.627469000168269 ], [ -73.963049000018472, 40.628955999612636 ], [ -73.963224999745563, 40.629858999922796 ] ] ] ] } },
{ "type": "Feature", "properties": { "STATEFP": "36", "COUNTYFP": "047", "TRACTCE": "053000", "BLKGRPCE": "2", "GEOID": "360470530002", "NAMELSAD": "Block Group 2", "MTFCC": "G5030", "FUNCSTAT": "S", "ALAND": 42511.0, "AWATER": 0.0, "INTPTLAT": "+40.6274171", "INTPTLON": "-073.9632348", "Shape__Are": 73877.8710938, "Shape__Len": 1625.3398036900001 }, "geometry": { "type": "MultiPolygon", "coordinates": [ [ [ [ -73.964152000033351, 40.629756999645608 ], [ -73.963224999745563, 40.629858999922796 ], [ -73.963049000018472, 40.628955999612636 ], [ -73.962773999658864, 40.627469000168269 ], [ -73.96231800044761, 40.625079000105018 ], [ -73.963248000210115, 40.624977999560414 ], [ -73.963700000121733, 40.627367000331262 ], [ -73.963952000016818, 40.628715000481044 ], [ -73.963979000679302, 40.628857999949069 ], [ -73.963999000770798, 40.62898700034588 ], [ -73.964152000033351, 40.629756999645608 ] ] ] ] } },
{ "type": "Feature", "properties": { "STATEFP": "36", "COUNTYFP": "047", "TRACTCE": "053200", "BLKGRPCE": "1", "GEOID": "360470532001", "NAMELSAD": "Block Group 1", "MTFCC": "G5030", "FUNCSTAT": "S", "ALAND": 64772.0, "AWATER": 0.0, "INTPTLAT": "+40.6280671", "INTPTLON": "-073.9611326", "Shape__Are": 112564.765625, "Shape__Len": 1842.4953812799999 }, "geometry": { "type": "MultiPolygon", "coordinates": [ [ [ [ -73.962298000356114, 40.629961000044212 ], [ -73.961823999804864, 40.630017000405566 ], [ -73.961368999520204, 40.630060000273751 ], [ -73.960407999795564, 40.630169999826371 ], [ -73.960263000030608, 40.629424000002153 ], [ -73.960218999649669, 40.629254999861033 ], [ -73.960147999504557, 40.62891499934652 ], [ -73.95995599988396, 40.62777799994695 ], [ -73.960918000331816, 40.627674000231792 ], [ -73.960466000420212, 40.625283000475825 ], [ -73.960880999623583, 40.625236000094759 ], [ -73.960975000233233, 40.62522500049397 ], [ -73.961392999809661, 40.625179000284461 ], [ -73.961845999546185, 40.627570999849539 ], [ -73.962099000164486, 40.628930000328126 ], [ -73.962298000356114, 40.629961000044212 ] ] ] ] } },
{ "type": "Feature", "properties": { "STATEFP": "36", "COUNTYFP": "047", "TRACTCE": "053400", "BLKGRPCE": "1", "GEOID": "360470534001", "NAMELSAD": "Block Group 1", "MTFCC": "G5030", "FUNCSTAT": "S", "ALAND": 42479.0, "AWATER": 0.0, "INTPTLAT": "+40.6227371", "INTPTLON": "-073.9614026", "Shape__Are": 73811.828125, "Shape__Len": 1625.0084398399999 }, "geometry": { "type": "MultiPolygon", "coordinates": [ [ [ [ -73.96231800044761, 40.625079000105018 ], [ -73.961392999809661, 40.625179000284461 ], [ -73.960939999174812, 40.622790999906385 ], [ -73.960486000511679, 40.620399999894531 ], [ -73.961414999550954, 40.620297999489487 ], [ -73.961865999637681, 40.622688000175316 ], [ -73.96231800044761, 40.625079000105018 ] ] ] ] } },
{ "type": "Feature", "properties": { "STATEFP": "36", "COUNTYFP": "047", "TRACTCE": "053400", "BLKGRPCE": "2", "GEOID": "360470534002", "NAMELSAD": "Block Group 2", "MTFCC": "G5030", "FUNCSTAT": "S", "ALAND": 42585.0, "AWATER": 0.0, "INTPTLAT": "+40.6226401", "INTPTLON": "-073.9623311", "Shape__Are": 73995.9296875, "Shape__Len": 1625.4946486199999 }, "geometry": { "type": "MultiPolygon", "coordinates": [ [ [ [ -73.963248000210115, 40.624977999560414 ], [ -73.96231800044761, 40.625079000105018 ], [ -73.961865999637681, 40.622688000175316 ], [ -73.961414999550954, 40.620297999489487 ], [ -73.962339000364011, 40.620196000292431 ], [ -73.962795999400171, 40.622585000285468 ], [ -73.963248000210115, 40.624977999560414 ] ] ] ] } },
{ "type": "Feature", "properties": { "STATEFP": "36", "COUNTYFP": "047", "TRACTCE": "053400", "BLKGRPCE": "3", "GEOID": "360470534003", "NAMELSAD": "Block Group 3", "MTFCC": "G5030", "FUNCSTAT": "S", "ALAND": 42447.0, "AWATER": 0.0, "INTPTLAT": "+40.6225343", "INTPTLON": "-073.9632573", "Shape__Are": 73755.9101562, "Shape__Len": 1625.6483692500001 }, "geometry": { "type": "MultiPolygon", "coordinates": [ [ [ [ -73.964172999949753, 40.624876999544945 ], [ -73.963248000210115, 40.624977999560414 ], [ -73.962795999400171, 40.622585000285468 ], [ -73.962339000364011, 40.620196000292431 ], [ -73.963268000301596, 40.620095000546328 ], [ -73.96372100003812, 40.622484999631418 ], [ -73.9639449994458, 40.62367800004602 ], [ -73.964172999949753, 40.624876999544945 ] ] ] ] } },
{ "type": "Feature", "properties": { "STATEFP": "36", "COUNTYFP": "047", "TRACTCE": "053400", "BLKGRPCE": "4", "GEOID": "360470534004", "NAMELSAD": "Block Group 4", "MTFCC": "G5030", "FUNCSTAT": "S", "ALAND": 45871.0, "AWATER": 0.0, "INTPTLAT": "+40.6224307", "INTPTLON": "-073.9642204", "Shape__Are": 79705.3554688, "Shape__Len": 1642.0907661799999 }, "geometry": { "type": "MultiPolygon", "coordinates": [ [ [ [ -73.965173000032451, 40.624765999918793 ], [ -73.964172999949753, 40.624876999544945 ], [ -73.9639449994458, 40.62367800004602 ], [ -73.96372100003812, 40.622484999631418 ], [ -73.963268000301596, 40.620095000546328 ], [ -73.963727000784218, 40.62004399944859 ], [ -73.963746999977403, 40.620040999262422 ], [ -73.964268000384294, 40.619983999791835 ], [ -73.964720000295927, 40.622372999866606 ], [ -73.964946000251729, 40.623569000263942 ], [ -73.965173000032451, 40.624765999918793 ] ] ] ] } },
{ "type": "Feature", "properties": { "STATEFP": "36", "COUNTYFP": "081", "TRACTCE": "061302", "BLKGRPCE": "1", "GEOID": "360810613021", "NAMELSAD": "Block Group 1", "MTFCC": "G5030", "FUNCSTAT": "S", "ALAND": 487033.0, "AWATER": 0.0, "INTPTLAT": "+40.7093274", "INTPTLON": "-073.8835278", "Shape__Are": 848451.929688, "Shape__Len": 4077.9135097499998 }, "geometry": { "type": "MultiPolygon", "coordinates": [ [ [ [ -73.888995000658127, 40.709113000069884 ], [ -73.887554999461059, 40.709584000276465 ], [ -73.887815999576958, 40.710037000563439 ], [ -73.887246999489477, 40.710262000124239 ], [ -73.88854600022124, 40.712275000271298 ], [ -73.886879000141775, 40.712223000574916 ], [ -73.886377000001431, 40.712207999934712 ], [ -73.885076000518154, 40.712161000176643 ], [ -73.884350999896753, 40.712229999737602 ], [ -73.88205400052874, 40.712454000474033 ], [ -73.880063000584173, 40.712653000693756 ], [ -73.879606999576268, 40.710509999591565 ], [ -73.880063000584173, 40.710215999292252 ], [ -73.879500999271045, 40.709763000223006 ], [ -73.87918500070019, 40.709691999533369 ], [ -73.877683000477148, 40.707176999745968 ], [ -73.880861999927092, 40.706585000369536 ], [ -73.881466000174683, 40.70658600004279 ], [ -73.881231999822944, 40.706372000165857 ], [ -73.883828000738347, 40.706376999909907 ], [ -73.885531999729423, 40.706446000016534 ], [ -73.88620100027434, 40.706704000196325 ], [ -73.888703000580094, 40.707668999636013 ], [ -73.888995000658127, 40.709113000069884 ] ] ] ] } },
{ "type": "Feature", "properties": { "STATEFP": "36", "COUNTYFP": "081", "TRACTCE": "061301", "BLKGRPCE": "4", "GEOID": "360810613014", "NAMELSAD": "Block Group 4", "MTFCC": "G5030", "FUNCSTAT": "S", "ALAND": 61502.0, "AWATER": 0.0, "INTPTLAT": "+40.7082815", "INTPTLON": "-073.8953824", "Shape__Are": 107137.875, "Shape__Len": 1481.8122402900001 }, "geometry": { "type": "MultiPolygon", "coordinates": [ [ [ [ -73.898003000001765, 40.708401000568131 ], [ -73.895868999942067, 40.70894299988413 ], [ -73.894240000395712, 40.709350000377754 ], [ -73.893156999574032, 40.708859999928158 ], [ -73.892347000360431, 40.708460000765413 ], [ -73.893055999291704, 40.708148000445156 ], [ -73.895283000136132, 40.707587999451484 ], [ -73.897230999524695, 40.707090999953913 ], [ -73.89756299978572, 40.707758999347192 ], [ -73.898003000001765, 40.708401000568131 ] ] ] ] } },
{ "type": "Feature", "properties": { "STATEFP": "36", "COUNTYFP": "081", "TRACTCE": "067100", "BLKGRPCE": "1", "GEOID": "360810671001", "NAMELSAD": "Block Group 1", "MTFCC": "G5030", "FUNCSTAT": "S", "ALAND": 106772.0, "AWATER": 0.0, "INTPTLAT": "+40.7236959", "INTPTLON": "-073.8802802", "Shape__Are": 186087.445312, "Shape__Len": 1818.3014285700001 }, "geometry": { "type": "MultiPolygon", "coordinates": [ [ [ [ -73.882587999557799, 40.725083000124179 ], [ -73.881620999985373, 40.725237000126157 ], [ -73.880650000214985, 40.725395000058377 ], [ -73.879642999561284, 40.725560000099968 ], [ -73.879199999870494, 40.725008999881588 ], [ -73.877674000256306, 40.72310100043299 ], [ -73.878505000284619, 40.72271600067964 ], [ -73.879305999277378, 40.722345000345307 ], [ -73.880105999343542, 40.7219740006663 ], [ -73.88092000055174, 40.721603000281021 ], [ -73.882435000295246, 40.723509000262659 ], [ -73.881633999505866, 40.723880000236093 ], [ -73.882587999557799, 40.725083000124179 ] ] ] ] } },
{ "type": "Feature", "properties": { "STATEFP": "36", "COUNTYFP": "081", "TRACTCE": "067100", "BLKGRPCE": "2", "GEOID": "360810671002", "NAMELSAD": "Block Group 2", "MTFCC": "G5030", "FUNCSTAT": "S", "ALAND": 122332.0, "AWATER": 0.0, "INTPTLAT": "+40.7251553", "INTPTLON": "-073.8762018", "Shape__Are": 213214.761719, "Shape__Len": 2001.80187477 }, "geometry": { "type": "MultiPolygon", "coordinates": [ [ [ [ -73.879642999561284, 40.725560000099968 ], [ -73.87863499998096, 40.725727999932488 ], [ -73.877556000255538, 40.725751000099407 ], [ -73.876297000605064, 40.726354999950871 ], [ -73.875500000013631, 40.726727000449841 ], [ -73.874707999445079, 40.727089999816094 ], [ -73.874020000430221, 40.726544999656653 ], [ -73.873863000071395, 40.726428000002315 ], [ -73.873365999953933, 40.725996999611759 ], [ -73.872801999889305, 40.725304000285426 ], [ -73.872827000003653, 40.725296999774038 ], [ -73.87302199999732, 40.725240999741239 ], [ -73.87316799958721, 40.72519000003512 ], [ -73.873284999763072, 40.725141999835479 ], [ -73.87338500022048, 40.725101000133961 ], [ -73.873642999963351, 40.724970000254153 ], [ -73.874438999831568, 40.724599000229595 ], [ -73.875238000072812, 40.724230000357593 ], [ -73.876039999788802, 40.723859000292798 ], [ -73.876840999679871, 40.723487000102033 ], [ -73.877674000256306, 40.72310100043299 ], [ -73.879199999870494, 40.725008999881588 ], [ -73.879642999561284, 40.725560000099968 ] ] ] ] } },
{ "type": "Feature", "properties": { "STATEFP": "36", "COUNTYFP": "081", "TRACTCE": "061301", "BLKGRPCE": "1", "GEOID": "360810613011", "NAMELSAD": "Block Group 1", "MTFCC": "G5030", "FUNCSTAT": "S", "ALAND": 276118.0, "AWATER": 0.0, "INTPTLAT": "+40.7108421", "INTPTLON": "-073.8922266", "Shape__Are": 481043.585938, "Shape__Len": 3634.7656358899999 }, "geometry": { "type": "MultiPolygon", "coordinates": [ [ [ [ -73.899354999538659, 40.712647000476835 ], [ -73.897682999436313, 40.71257999983365 ], [ -73.897103000376489, 40.712557999465481 ], [ -73.896218999746409, 40.71252199946634 ], [ -73.895904000102149, 40.712507000255371 ], [ -73.895024999494964, 40.712477999365312 ], [ -73.89401899956448, 40.712440999737574 ], [ -73.893806000027453, 40.712433999916108 ], [ -73.888776000375017, 40.712285999822164 ], [ -73.88854600022124, 40.712275000271298 ], [ -73.887246999489477, 40.710262000124239 ], [ -73.887815999576958, 40.710037000563439 ], [ -73.887554999461059, 40.709584000276465 ], [ -73.888995000658127, 40.709113000069884 ], [ -73.888703000580094, 40.707668999636013 ], [ -73.889476999808679, 40.707967999909705 ], [ -73.890201000605146, 40.708246999749136 ], [ -73.890319000605928, 40.708304000107049 ], [ -73.890532000142954, 40.708404999832936 ], [ -73.891056999849511, 40.708655000734012 ], [ -73.891260999165681, 40.708735999620714 ], [ -73.891859000463796, 40.708971999590005 ], [ -73.892489999577265, 40.709245999780514 ], [ -73.893140999680512, 40.709529000272354 ], [ -73.894103999953288, 40.709947999468113 ], [ -73.898651999556876, 40.711926000207882 ], [ -73.900183999917132, 40.712680999883169 ], [ -73.899354999538659, 40.712647000476835 ] ] ] ] } },
{ "type": "Feature", "properties": { "STATEFP": "36", "COUNTYFP": "081", "TRACTCE": "061301", "BLKGRPCE": "2", "GEOID": "360810613012", "NAMELSAD": "Block Group 2", "MTFCC": "G5030", "FUNCSTAT": "S", "ALAND": 306479.0, "AWATER": 0.0, "INTPTLAT": "+40.7072279", "INTPTLON": "-073.8926662", "Shape__Are": 533876.328125, "Shape__Len": 6444.5024194099997 }, "geometry": { "type": "MultiPolygon", "coordinates": [ [ [ [ -73.900596000544098, 40.712696999998272 ], [ -73.900183999917132, 40.712680999883169 ], [ -73.898651999556876, 40.711926000207882 ], [ -73.894103999953288, 40.709947999468113 ], [ -73.893140999680512, 40.709529000272354 ], [ -73.892489999577265, 40.709245999780514 ], [ -73.891859000463796, 40.708971999590005 ], [ -73.891260999165681, 40.708735999620714 ], [ -73.891056999849511, 40.708655000734012 ], [ -73.890532000142954, 40.708404999832936 ], [ -73.890319000605928, 40.708304000107049 ], [ -73.890201000605146, 40.708246999749136 ], [ -73.889476999808679, 40.707967999909705 ], [ -73.888703000580094, 40.707668999636013 ], [ -73.88620100027434, 40.706704000196325 ], [ -73.885531999729423, 40.706446000016534 ], [ -73.885548999447863, 40.70615500056217 ], [ -73.886527999614174, 40.706224999896527 ], [ -73.887396000350719, 40.706018000037176 ], [ -73.888262999465709, 40.705809999849571 ], [ -73.889118999608371, 40.705598999948251 ], [ -73.889842999506556, 40.704971999866387 ], [ -73.891052999651535, 40.703816000426862 ], [ -73.891267999736698, 40.703596999868907 ], [ -73.891942000304482, 40.702885999689123 ], [ -73.892744000020471, 40.701850999956129 ], [ -73.892968000326462, 40.702136000026464 ], [ -73.893436000131601, 40.702188000108407 ], [ -73.893131000533074, 40.702567000318027 ], [ -73.892480000429828, 40.703365000168425 ], [ -73.891830999976406, 40.704289999765543 ], [ -73.891333000034038, 40.705087999402274 ], [ -73.891812999534736, 40.706397999920291 ], [ -73.892701000362763, 40.706177000321986 ], [ -73.893595000140266, 40.70595500030759 ], [ -73.894485999544699, 40.705733999920206 ], [ -73.895378999497296, 40.705511000101694 ], [ -73.896330999899419, 40.705274000431956 ], [ -73.896572999748741, 40.705766000080224 ], [ -73.896648999916735, 40.705913999684071 ], [ -73.896940000169877, 40.706498999813 ], [ -73.897230999524695, 40.707090999953913 ], [ -73.895283000136132, 40.707587999451484 ], [ -73.893055999291704, 40.708148000445156 ], [ -73.892347000360431, 40.708460000765413 ], [ -73.893156999574032, 40.708859999928158 ], [ -73.894240000395712, 40.709350000377754 ], [ -73.895354000281259, 40.709825999754962 ], [ -73.896458999945949, 40.710297999983389 ], [ -73.897576000204495, 40.710775000365629 ], [ -73.898631999465394, 40.711225000548879 ], [ -73.899708999541005, 40.710980999449937 ], [ -73.899855000029163, 40.711265000342294 ], [ -73.900184999742066, 40.711904000304493 ], [ -73.900596000544098, 40.712696999998272 ] ] ] ] } },
{ "type": "Feature", "properties": { "STATEFP": "36", "COUNTYFP": "081", "TRACTCE": "066501", "BLKGRPCE": "2", "GEOID": "360810665012", "NAMELSAD": "Block Group 2", "MTFCC": "G5030", "FUNCSTAT": "S", "ALAND": 89762.0, "AWATER": 0.0, "INTPTLAT": "+40.7175957", "INTPTLON": "-073.8868418", "Shape__Are": 156409.722656, "Shape__Len": 1657.89090695 }, "geometry": { "type": "MultiPolygon", "coordinates": [ [ [ [ -73.889533999710054, 40.717615999905981 ], [ -73.888142999815102, 40.718254999512034 ], [ -73.887314000334953, 40.718630000187133 ], [ -73.886519000291642, 40.718998999786145 ], [ -73.885751000012547, 40.719381999608949 ], [ -73.885473000178195, 40.719383999932901 ], [ -73.885534000277573, 40.719171999984361 ], [ -73.885568999539345, 40.719096999811917 ], [ -73.88539600018531, 40.719101999962241 ], [ -73.88531799946918, 40.718909000288434 ], [ -73.884738000409357, 40.718151000568341 ], [ -73.88422899969801, 40.717524000201287 ], [ -73.88504700020583, 40.717141999416341 ], [ -73.885837000226275, 40.716776999860649 ], [ -73.886661999508462, 40.716396000443119 ], [ -73.887916000034394, 40.715806000389691 ], [ -73.888440999740936, 40.716436999378914 ], [ -73.888984999714069, 40.7170200006288 ], [ -73.889533999710054, 40.717615999905981 ] ] ] ] } },
{ "type": "Feature", "properties": { "STATEFP": "36", "COUNTYFP": "081", "TRACTCE": "066501", "BLKGRPCE": "3", "GEOID": "360810665013", "NAMELSAD": "Block Group 3", "MTFCC": "G5030", "FUNCSTAT": "S", "ALAND": 93500.0, "AWATER": 0.0, "INTPTLAT": "+40.7201940", "INTPTLON": "-073.8870202", "Shape__Are": 162937.765625, "Shape__Len": 1748.4410762299999 }, "geometry": { "type": "MultiPolygon", "coordinates": [ [ [ [ -73.889663999406395, 40.720155999974608 ], [ -73.888841000672357, 40.720536999659572 ], [ -73.888041000606179, 40.720907999859001 ], [ -73.887240000715096, 40.72128000016653 ], [ -73.886438999925716, 40.721651999756752 ], [ -73.886121999733305, 40.721799000690851 ], [ -73.885641000407688, 40.722021999746637 ], [ -73.884842000166444, 40.722391999722142 ], [ -73.884987999756291, 40.72158100017122 ], [ -73.885007999847801, 40.721394999756775 ], [ -73.885033999787041, 40.721149000255146 ], [ -73.885075000693263, 40.720771999871836 ], [ -73.885158999460529, 40.72047999956132 ], [ -73.885473000178195, 40.719383999932901 ], [ -73.885751000012547, 40.719381999608949 ], [ -73.886519000291642, 40.718998999786145 ], [ -73.887314000334953, 40.718630000187133 ], [ -73.888142999815102, 40.718254999512034 ], [ -73.888638000282754, 40.718870999979835 ], [ -73.889154999593387, 40.719501999875128 ], [ -73.889663999406395, 40.720155999974608 ] ] ] ] } },
{ "type": "Feature", "properties": { "STATEFP": "36", "COUNTYFP": "047", "TRACTCE": "012600", "BLKGRPCE": "3", "GEOID": "360470126003", "NAMELSAD": "Block Group 3", "MTFCC": "G5030", "FUNCSTAT": "S", "ALAND": 74534.0, "AWATER": 0.0, "INTPTLAT": "+40.6331219", "INTPTLON": "-074.0168053", "Shape__Are": 129551.164062, "Shape__Len": 1609.84945098 }, "geometry": { "type": "MultiPolygon", "coordinates": [ [ [ [ -74.018529999401338, 40.632334000177615 ], [ -74.018244999894293, 40.633033999962393 ], [ -74.017960000387248, 40.633728000083401 ], [ -74.017810999526006, 40.634099000357203 ], [ -74.017505000102574, 40.6347479999489 ], [ -74.01697700002299, 40.635234999778802 ], [ -74.016884999961476, 40.635309000220346 ], [ -74.016855999649152, 40.63533199956705 ], [ -74.016802000120791, 40.63537500010279 ], [ -74.01675200079039, 40.635439999861234 ], [ -74.016274000041193, 40.63486699988394 ], [ -74.016108000359836, 40.634486000421383 ], [ -74.015971000092478, 40.634047999726974 ], [ -74.0159159998409, 40.63371900000525 ], [ -74.015925000061728, 40.633381999991556 ], [ -74.015672000341738, 40.633515000179926 ], [ -74.015643000029442, 40.633529000040816 ], [ -74.015138999340948, 40.633217000009921 ], [ -74.015278999981362, 40.632868000386992 ], [ -74.015424000644614, 40.632513000370025 ], [ -74.01574799961142, 40.63176499990567 ], [ -74.016048000085391, 40.631032999877206 ], [ -74.016222999987562, 40.631145000118408 ], [ -74.016458000164192, 40.631296999560888 ], [ -74.01650199964682, 40.631326000330219 ], [ -74.016695999815582, 40.63145399993148 ], [ -74.016956000106589, 40.631622000527102 ], [ -74.018448000283882, 40.632296000257824 ], [ -74.018529999401338, 40.632334000177615 ] ] ] ] } },
{ "type": "Feature", "properties": { "STATEFP": "36", "COUNTYFP": "047", "TRACTCE": "036501", "BLKGRPCE": "1", "GEOID": "360470365011", "NAMELSAD": "Block Group 1", "MTFCC": "G5030", "FUNCSTAT": "S", "ALAND": 84325.0, "AWATER": 0.0, "INTPTLAT": "+40.6748086", "INTPTLON": "-073.9124683", "Shape__Are": 146750.210938, "Shape__Len": 1567.7088477100001 }, "geometry": { "type": "MultiPolygon", "coordinates": [ [ [ [ -73.913920000586074, 40.674130000185599 ], [ -73.913846000067906, 40.674907999745216 ], [ -73.913783000318716, 40.675619000094713 ], [ -73.91377700047093, 40.675686999901451 ], [ -73.913767999351791, 40.675772000584182 ], [ -73.91376300022722, 40.675818999448452 ], [ -73.913696000280069, 40.676495000031039 ], [ -73.912767000342484, 40.676444999904199 ], [ -73.911865999993978, 40.676396999992463 ], [ -73.911118999631256, 40.676355000126463 ], [ -73.910926000185739, 40.67634499953806 ], [ -73.911001999455394, 40.675543999926866 ], [ -73.911011000574547, 40.675440000372085 ], [ -73.911074999250332, 40.674757000299877 ], [ -73.911151999243231, 40.673979000340871 ], [ -73.911224000111545, 40.673151999782249 ], [ -73.914003999353326, 40.673240000130008 ], [ -73.913920000586074, 40.674130000185599 ] ] ] ] } },
{ "type": "Feature", "properties": { "STATEFP": "36", "COUNTYFP": "047", "TRACTCE": "114400", "BLKGRPCE": "1", "GEOID": "360471144001", "NAMELSAD": "Block Group 1", "MTFCC": "G5030", "FUNCSTAT": "S", "ALAND": 222625.0, "AWATER": 0.0, "INTPTLAT": "+40.6730828", "INTPTLON": "-073.9009243", "Shape__Are": 387418.167969, "Shape__Len": 2723.1703057099999 }, "geometry": { "type": "MultiPolygon", "coordinates": [ [ [ [ -73.903474999520085, 40.675506999540467 ], [ -73.903009000263083, 40.675678999486934 ], [ -73.902964000057224, 40.675698999499396 ], [ -73.902738000101436, 40.675796999882706 ], [ -73.902534999711833, 40.675884000011948 ], [ -73.900792000362699, 40.676572000057597 ], [ -73.899989999748385, 40.676900000289372 ], [ -73.899732000005528, 40.675703999501629 ], [ -73.899713999563858, 40.675610000215258 ], [ -73.899696000020512, 40.675519000533477 ], [ -73.899691999822565, 40.675497000187448 ], [ -73.899306999858084, 40.673981999465788 ], [ -73.898990999490593, 40.672744000058977 ], [ -73.898664000150774, 40.671480000404785 ], [ -73.898340999212266, 40.670212000441843 ], [ -73.899261999652239, 40.670072999829522 ], [ -73.900183000092227, 40.669939000043314 ], [ -73.901104000532214, 40.669800000224598 ], [ -73.901982000416197, 40.669670000117236 ], [ -73.902288999664535, 40.670936000431517 ], [ -73.902660000283618, 40.67219700029171 ], [ -73.902968000255214, 40.673438999636467 ], [ -73.903446999930992, 40.675395000160712 ], [ -73.903474999520085, 40.675506999540467 ] ] ] ] } },
{ "type": "Feature", "properties": { "STATEFP": "36", "COUNTYFP": "047", "TRACTCE": "030100", "BLKGRPCE": "1", "GEOID": "360470301001", "NAMELSAD": "Block Group 1", "MTFCC": "G5030", "FUNCSTAT": "S", "ALAND": 50411.0, "AWATER": 0.0, "INTPTLAT": "+40.6773852", "INTPTLON": "-073.9122295", "Shape__Are": 87736.9101562, "Shape__Len": 1185.4199038199999 }, "geometry": { "type": "MultiPolygon", "coordinates": [ [ [ [ -73.913584999951993, 40.677671999583701 ], [ -73.913559000012725, 40.678427000574374 ], [ -73.91307199994101, 40.678401000122037 ], [ -73.910798999964129, 40.678277999757611 ], [ -73.910814000032744, 40.67752100026707 ], [ -73.910926000185739, 40.67634499953806 ], [ -73.911118999631256, 40.676355000126463 ], [ -73.911865999993978, 40.676396999992463 ], [ -73.912767000342484, 40.676444999904199 ], [ -73.913696000280069, 40.676495000031039 ], [ -73.913584999951993, 40.677671999583701 ] ] ] ] } },
{ "type": "Feature", "properties": { "STATEFP": "36", "COUNTYFP": "047", "TRACTCE": "074000", "BLKGRPCE": "1", "GEOID": "360470740001", "NAMELSAD": "Block Group 1", "MTFCC": "G5030", "FUNCSTAT": "S", "ALAND": 83850.0, "AWATER": 0.0, "INTPTLAT": "+40.6285111", "INTPTLON": "-073.9413778", "Shape__Are": 145721.984375, "Shape__Len": 1536.26975423 }, "geometry": { "type": "MultiPolygon", "coordinates": [ [ [ [ -73.943409000011101, 40.62955999965174 ], [ -73.942473999327433, 40.62961799995945 ], [ -73.941509000303142, 40.629677999825141 ], [ -73.940538000532754, 40.629734999886239 ], [ -73.939604999498869, 40.629794999646805 ], [ -73.93935599997684, 40.627457999571732 ], [ -73.940288999214076, 40.627398999935934 ], [ -73.941259000057883, 40.627339000068034 ], [ -73.941814999726574, 40.627314000334401 ], [ -73.942162000056214, 40.6272910002712 ], [ -73.943093000541936, 40.627190000344626 ], [ -73.943330999295, 40.62873100030324 ], [ -73.943409000011101, 40.62955999965174 ] ] ] ] } },
{ "type": "Feature", "properties": { "STATEFP": "36", "COUNTYFP": "047", "TRACTCE": "075000", "BLKGRPCE": "2", "GEOID": "360470750002", "NAMELSAD": "Block Group 2", "MTFCC": "G5030", "FUNCSTAT": "S", "ALAND": 86716.0, "AWATER": 0.0, "INTPTLAT": "+40.6253731", "INTPTLON": "-073.9485403", "Shape__Are": 150690.171875, "Shape__Len": 1559.17975327 }, "geometry": { "type": "MultiPolygon", "coordinates": [ [ [ [ -73.950661000485141, 40.626360999529112 ], [ -73.949724999976524, 40.626462999538987 ], [ -73.948800000236901, 40.626563999883238 ], [ -73.947873999774032, 40.626666000264933 ], [ -73.946875000414536, 40.626773999576827 ], [ -73.946421999779702, 40.62438500009354 ], [ -73.947420000212603, 40.62427599941978 ], [ -73.948345999777132, 40.624174000160757 ], [ -73.949273999889826, 40.624072000064103 ], [ -73.950202000002506, 40.623971000042175 ], [ -73.950661000485141, 40.626360999529112 ] ] ] ] } },
{ "type": "Feature", "properties": { "STATEFP": "36", "COUNTYFP": "047", "TRACTCE": "040100", "BLKGRPCE": "3", "GEOID": "360470401003", "NAMELSAD": "Block Group 3", "MTFCC": "G5030", "FUNCSTAT": "S", "ALAND": 64339.0, "AWATER": 0.0, "INTPTLAT": "+40.6873505", "INTPTLON": "-073.9133240", "Shape__Are": 112011.433594, "Shape__Len": 1691.50002638 }, "geometry": { "type": "MultiPolygon", "coordinates": [ [ [ [ -73.91604600024985, 40.686072000302318 ], [ -73.915753000346896, 40.686369999455707 ], [ -73.914887000158501, 40.687254000186861 ], [ -73.914785000051239, 40.687359999625926 ], [ -73.914642000834419, 40.687506999976279 ], [ -73.914521000460596, 40.687629000382302 ], [ -73.914395999888825, 40.68775499970728 ], [ -73.913194000139754, 40.688979999762594 ], [ -73.91292899982588, 40.688829000177982 ], [ -73.912877999772249, 40.688800000556881 ], [ -73.912819000221035, 40.688766999798361 ], [ -73.912442999579056, 40.688552999890547 ], [ -73.911691999916698, 40.688125000056843 ], [ -73.910939999531124, 40.687699000112396 ], [ -73.912389000050695, 40.686223999982154 ], [ -73.913140000611392, 40.686652000444802 ], [ -73.91389200009867, 40.687079000236359 ], [ -73.9152899996663, 40.68564499950827 ], [ -73.915500999553501, 40.685761999307161 ], [ -73.915826999966754, 40.685946999821844 ], [ -73.91604600024985, 40.686072000302318 ] ] ] ] } },
{ "type": "Feature", "properties": { "STATEFP": "36", "COUNTYFP": "047", "TRACTCE": "041100", "BLKGRPCE": "3", "GEOID": "360470411003", "NAMELSAD": "Block Group 3", "MTFCC": "G5030", "FUNCSTAT": "S", "ALAND": 32383.0, "AWATER": 0.0, "INTPTLAT": "+40.6885314", "INTPTLON": "-073.9083659", "Shape__Are": 56378.546875, "Shape__Len": 1287.7232361900001 }, "geometry": { "type": "MultiPolygon", "coordinates": [ [ [ [ -73.910188999868765, 40.6872710002432 ], [ -73.908741999897302, 40.688744999737665 ], [ -73.907291999552811, 40.690219000005214 ], [ -73.90654400026348, 40.689790999973361 ], [ -73.907989000585118, 40.688317999722166 ], [ -73.909439000031298, 40.686845000289019 ], [ -73.910188999868765, 40.6872710002432 ] ] ] ] } },
{ "type": "Feature", "properties": { "STATEFP": "36", "COUNTYFP": "047", "TRACTCE": "041300", "BLKGRPCE": "1", "GEOID": "360470413001", "NAMELSAD": "Block Group 1", "MTFCC": "G5030", "FUNCSTAT": "S", "ALAND": 64863.0, "AWATER": 0.0, "INTPTLAT": "+40.6891735", "INTPTLON": "-073.9094920", "Shape__Are": 112928.238281, "Shape__Len": 1498.07695225 }, "geometry": { "type": "MultiPolygon", "coordinates": [ [ [ [ -73.911691999916698, 40.688125000056843 ], [ -73.910244000120343, 40.689601000271772 ], [ -73.90879700014888, 40.691074999995436 ], [ -73.90804200028856, 40.690647000012596 ], [ -73.907291999552811, 40.690219000005214 ], [ -73.908741999897302, 40.688744999737665 ], [ -73.910188999868765, 40.6872710002432 ], [ -73.910939999531124, 40.687699000112396 ], [ -73.911691999916698, 40.688125000056843 ] ] ] ] } },
{ "type": "Feature", "properties": { "STATEFP": "36", "COUNTYFP": "047", "TRACTCE": "091000", "BLKGRPCE": "4", "GEOID": "360470910004", "NAMELSAD": "Block Group 4", "MTFCC": "G5030", "FUNCSTAT": "S", "ALAND": 87165.0, "AWATER": 0.0, "INTPTLAT": "+40.6659518", "INTPTLON": "-073.9020155", "Shape__Are": 151653.285156, "Shape__Len": 1818.64524949 }, "geometry": { "type": "MultiPolygon", "coordinates": [ [ [ [ -73.903573000327683, 40.668128000603105 ], [ -73.902625999948427, 40.668272999945046 ], [ -73.901839000301067, 40.668387999762864 ], [ -73.901668000596842, 40.668412999785922 ], [ -73.901266000015625, 40.666880000201353 ], [ -73.900850999913914, 40.665345999836518 ], [ -73.900417000443952, 40.663805999775263 ], [ -73.90071400054488, 40.663738000117412 ], [ -73.901450999963544, 40.663659000307653 ], [ -73.902375999703182, 40.663517000069277 ], [ -73.902802000573857, 40.665063000404501 ], [ -73.903190000013069, 40.66659199977957 ], [ -73.903573000327683, 40.668128000603105 ] ] ] ] } },
{ "type": "Feature", "properties": { "STATEFP": "36", "COUNTYFP": "081", "TRACTCE": "048500", "BLKGRPCE": "3", "GEOID": "360810485003", "NAMELSAD": "Block Group 3", "MTFCC": "G5030", "FUNCSTAT": "S", "ALAND": 153513.0, "AWATER": 0.0, "INTPTLAT": "+40.7402880", "INTPTLON": "-073.8871355", "Shape__Are": 267685.660156, "Shape__Len": 3638.5649229700002 }, "geometry": { "type": "MultiPolygon", "coordinates": [ [ [ [ -73.894684999736327, 40.74023300006774 ], [ -73.892351000558392, 40.740517000033641 ], [ -73.890886999970192, 40.740686999902785 ], [ -73.890277999699748, 40.740759999885427 ], [ -73.888402000281204, 40.740978000195831 ], [ -73.887510999978446, 40.741083000059199 ], [ -73.886668000254559, 40.741178000052031 ], [ -73.886618999850768, 40.74118200007026 ], [ -73.88572599989817, 40.741288999957746 ], [ -73.885589999455746, 40.740577000197206 ], [ -73.885511999637941, 40.74016500011647 ], [ -73.884614999487397, 40.74043300012211 ], [ -73.882829000480555, 40.740991999960315 ], [ -73.882943000283362, 40.741610000629358 ], [ -73.881863999659615, 40.741735000102857 ], [ -73.881003999319006, 40.741840999956942 ], [ -73.880278000669307, 40.741296999980563 ], [ -73.880237000661438, 40.741198999974806 ], [ -73.882127000323678, 40.740398999917034 ], [ -73.887693999378229, 40.738904999972775 ], [ -73.888284000280422, 40.739039999792752 ], [ -73.889669000327601, 40.739301999710328 ], [ -73.890254000308602, 40.739390999676075 ], [ -73.890748000053023, 40.739488999623092 ], [ -73.892208000443262, 40.739756000454548 ], [ -73.894202000760899, 40.740123000292016 ], [ -73.894684999736327, 40.74023300006774 ] ] ] ] } },
{ "type": "Feature", "properties": { "STATEFP": "36", "COUNTYFP": "047", "TRACTCE": "012600", "BLKGRPCE": "2", "GEOID": "360470126002", "NAMELSAD": "Block Group 2", "MTFCC": "G5030", "FUNCSTAT": "S", "ALAND": 77090.0, "AWATER": 0.0, "INTPTLAT": "+40.6349583", "INTPTLON": "-074.0188228", "Shape__Are": 133998.808594, "Shape__Len": 1485.74212339 }, "geometry": { "type": "MultiPolygon", "coordinates": [ [ [ [ -74.020507000000535, 40.634705999760811 ], [ -74.0203930001977, 40.634963999525155 ], [ -74.020152999998189, 40.635566999699684 ], [ -74.019702999736396, 40.636080000291813 ], [ -74.019268000441514, 40.636565999907631 ], [ -74.019049999983324, 40.636735999990037 ], [ -74.019037999389454, 40.636746000382395 ], [ -74.01889700072077, 40.636855999827638 ], [ -74.017168999643587, 40.635749000249291 ], [ -74.01675200079039, 40.635439999861234 ], [ -74.016802000120791, 40.63537500010279 ], [ -74.016855999649152, 40.63533199956705 ], [ -74.016884999961476, 40.635309000220346 ], [ -74.01697700002299, 40.635234999778802 ], [ -74.017505000102574, 40.6347479999489 ], [ -74.017810999526006, 40.634099000357203 ], [ -74.017960000387248, 40.633728000083401 ], [ -74.018244999894293, 40.633033999962393 ], [ -74.019263000418647, 40.633494000383052 ], [ -74.020722000085684, 40.634168999701785 ], [ -74.020507000000535, 40.634705999760811 ] ] ] ] } },
{ "type": "Feature", "properties": { "STATEFP": "36", "COUNTYFP": "047", "TRACTCE": "046000", "BLKGRPCE": "3", "GEOID": "360470460003", "NAMELSAD": "Block Group 3", "MTFCC": "G5030", "FUNCSTAT": "S", "ALAND": 100455.0, "AWATER": 0.0, "INTPTLAT": "+40.6332998", "INTPTLON": "-073.9626218", "Shape__Are": 174604.023438, "Shape__Len": 2056.6783579799999 }, "geometry": { "type": "MultiPolygon", "coordinates": [ [ [ [ -73.966776999464415, 40.632295000151984 ], [ -73.966266000001582, 40.632546999758198 ], [ -73.96567700072093, 40.63283000008942 ], [ -73.964804999786423, 40.633248999538296 ], [ -73.96394599927072, 40.633661999936308 ], [ -73.963104999196659, 40.63406499971417 ], [ -73.962643000137618, 40.63428799998708 ], [ -73.962202999921573, 40.634500000078688 ], [ -73.9613119996188, 40.634925999738691 ], [ -73.960409000518794, 40.635359999887356 ], [ -73.959898000157622, 40.632667999726202 ], [ -73.960860000605507, 40.632561999923901 ], [ -73.962299000181034, 40.632400000273911 ], [ -73.963674000182479, 40.632249999464833 ], [ -73.964602000295145, 40.632147000004935 ], [ -73.965528999684594, 40.632043999704358 ], [ -73.966165000617536, 40.631976999827288 ], [ -73.966676000080412, 40.631921999857646 ], [ -73.966776999464415, 40.632295000151984 ] ] ] ] } },
{ "type": "Feature", "properties": { "STATEFP": "36", "COUNTYFP": "047", "TRACTCE": "090600", "BLKGRPCE": "1", "GEOID": "360470906001", "NAMELSAD": "Block Group 1", "MTFCC": "G5030", "FUNCSTAT": "S", "ALAND": 46200.0, "AWATER": 0.0, "INTPTLAT": "+40.6705968", "INTPTLON": "-073.9090364", "Shape__Are": 80392.6992188, "Shape__Len": 1226.92139651 }, "geometry": { "type": "MultiPolygon", "coordinates": [ [ [ [ -73.911065999927814, 40.670955000296253 ], [ -73.908307999529029, 40.67136400026677 ], [ -73.907336999758641, 40.671505999468323 ], [ -73.906997999824938, 40.670240999974261 ], [ -73.907970000318542, 40.670098000583536 ], [ -73.908883000362621, 40.669961000179228 ], [ -73.909803000079378, 40.669825000399598 ], [ -73.910742000062712, 40.669685000116338 ], [ -73.911065999927814, 40.670955000296253 ] ] ] ] } },
{ "type": "Feature", "properties": { "STATEFP": "36", "COUNTYFP": "047", "TRACTCE": "090800", "BLKGRPCE": "3", "GEOID": "360470908003", "NAMELSAD": "Block Group 3", "MTFCC": "G5030", "FUNCSTAT": "S", "ALAND": 57790.0, "AWATER": 0.0, "INTPTLAT": "+40.6688381", "INTPTLON": "-073.9050028", "Shape__Are": 100552.039062, "Shape__Len": 1602.3339321200001 }, "geometry": { "type": "MultiPolygon", "coordinates": [ [ [ [ -73.906997999824938, 40.670240999974261 ], [ -73.906031000252511, 40.670383999739698 ], [ -73.905707000387395, 40.669116000057507 ], [ -73.904790999970288, 40.669254000387212 ], [ -73.903883999773996, 40.66938699995579 ], [ -73.902945999615582, 40.669530000189859 ], [ -73.902625999948427, 40.668272999945046 ], [ -73.903573000327683, 40.668128000603105 ], [ -73.90446399973213, 40.667988000163902 ], [ -73.905385999997037, 40.667855000530579 ], [ -73.906354999219289, 40.66770799976662 ], [ -73.90667300013493, 40.668973999854622 ], [ -73.906997999824938, 40.670240999974261 ] ] ] ] } },
{ "type": "Feature", "properties": { "STATEFP": "36", "COUNTYFP": "047", "TRACTCE": "091200", "BLKGRPCE": "2", "GEOID": "360470912002", "NAMELSAD": "Block Group 2", "MTFCC": "G5030", "FUNCSTAT": "S", "ALAND": 55441.0, "AWATER": 0.0, "INTPTLAT": "+40.6651411", "INTPTLON": "-073.9076400", "Shape__Are": 96455.40625, "Shape__Len": 1302.39975615 }, "geometry": { "type": "MultiPolygon", "coordinates": [ [ [ [ -73.909699000322291, 40.665627999824082 ], [ -73.907905000021216, 40.665892999928957 ], [ -73.905970999978052, 40.66618099928094 ], [ -73.905577999617648, 40.664659000095284 ], [ -73.907539000323325, 40.664365000507679 ], [ -73.909305000136996, 40.664096999531942 ], [ -73.909699000322291, 40.665627999824082 ] ] ] ] } },
{ "type": "Feature", "properties": { "STATEFP": "36", "COUNTYFP": "047", "TRACTCE": "092800", "BLKGRPCE": "1", "GEOID": "360470928001", "NAMELSAD": "Block Group 1", "MTFCC": "G5030", "FUNCSTAT": "S", "ALAND": 60809.0, "AWATER": 0.0, "INTPTLAT": "+40.6529469", "INTPTLON": "-073.9131310", "Shape__Are": 105757.058594, "Shape__Len": 1316.6601473600001 }, "geometry": { "type": "MultiPolygon", "coordinates": [ [ [ [ -73.914510999516537, 40.653500999996012 ], [ -73.913815000105771, 40.653963000019061 ], [ -73.913745000683875, 40.654003999896069 ], [ -73.913568000233553, 40.653997999849146 ], [ -73.913743999960658, 40.654168999611784 ], [ -73.913523999852629, 40.654161000023237 ], [ -73.912328999776264, 40.654134999649997 ], [ -73.912129999584621, 40.65395499972427 ], [ -73.911015999699117, 40.652950999756804 ], [ -73.911814999940347, 40.652436999526664 ], [ -73.912691999999424, 40.651866999719694 ], [ -73.913407000575077, 40.651406999816444 ], [ -73.915226000092204, 40.653038999500012 ], [ -73.914510999516537, 40.653500999996012 ] ] ] ] } },
{ "type": "Feature", "properties": { "STATEFP": "36", "COUNTYFP": "047", "TRACTCE": "110400", "BLKGRPCE": "1", "GEOID": "360471104001", "NAMELSAD": "Block Group 1", "MTFCC": "G5030", "FUNCSTAT": "S", "ALAND": 328583.0, "AWATER": 0.0, "INTPTLAT": "+40.6548253", "INTPTLON": "-073.8903341", "Shape__Are": 571488.80859399994, "Shape__Len": 3944.4030374600002 }, "geometry": { "type": "MultiPolygon", "coordinates": [ [ [ [ -73.896166999867887, 40.657973999647986 ], [ -73.89571800032931, 40.658159999988989 ], [ -73.894913000240294, 40.658526000156876 ], [ -73.894098000105515, 40.65887799968651 ], [ -73.893278999772747, 40.659230000084612 ], [ -73.892383000345447, 40.658019000030833 ], [ -73.892269000542626, 40.657864999972908 ], [ -73.892160999689281, 40.657718999403848 ], [ -73.891081999963873, 40.65626100016663 ], [ -73.889976999400858, 40.654779999598865 ], [ -73.889162999989296, 40.655131999811687 ], [ -73.888316999892382, 40.655495999356425 ], [ -73.887535000267889, 40.655831999742269 ], [ -73.886689000170961, 40.656205000012037 ], [ -73.885681000590665, 40.654850000428041 ], [ -73.884653000020549, 40.653450999665978 ], [ -73.884909000113595, 40.653341000307258 ], [ -73.885022000091496, 40.653292999439849 ], [ -73.885504999965249, 40.653089000138806 ], [ -73.886282000465172, 40.652756000330541 ], [ -73.887131000036845, 40.652393999758871 ], [ -73.887948999646355, 40.652041000284704 ], [ -73.888765999430944, 40.651691000433523 ], [ -73.889590999611471, 40.651338000647961 ], [ -73.889994000017609, 40.651138000116369 ], [ -73.891365999645984, 40.652364999963197 ], [ -73.89245699996529, 40.653711000155212 ], [ -73.89354699956138, 40.655201999590048 ], [ -73.893951999617329, 40.655778000098593 ], [ -73.894631000207966, 40.656692999779359 ], [ -73.89524499960298, 40.657534000286944 ], [ -73.895381999870338, 40.65771999981029 ], [ -73.895909999949936, 40.657771000072586 ], [ -73.89610999996647, 40.657754000670963 ], [ -73.896150999974367, 40.657912000554902 ], [ -73.896166999867887, 40.657973999647986 ] ] ] ] } },
{ "type": "Feature", "properties": { "STATEFP": "36", "COUNTYFP": "081", "TRACTCE": "026300", "BLKGRPCE": "3", "GEOID": "360810263003", "NAMELSAD": "Block Group 3", "MTFCC": "G5030", "FUNCSTAT": "S", "ALAND": 43892.0, "AWATER": 0.0, "INTPTLAT": "+40.7445605", "INTPTLON": "-073.8986659", "Shape__Are": 76544.8007812, "Shape__Len": 1221.4123602100001 }, "geometry": { "type": "MultiPolygon", "coordinates": [ [ [ [ -73.900029000106443, 40.743761999817522 ], [ -73.899034999871532, 40.746012999783339 ], [ -73.899029999848665, 40.746047999602155 ], [ -73.898941999985098, 40.746236999802719 ], [ -73.898459999936264, 40.746108000220921 ], [ -73.898110000131894, 40.746143999749556 ], [ -73.897843999993114, 40.744739999610779 ], [ -73.897779999520694, 40.744490999938286 ], [ -73.89775100010668, 40.744326999666654 ], [ -73.897536000021546, 40.743121999611496 ], [ -73.898130000223375, 40.743257999523991 ], [ -73.899074000229575, 40.743486999654131 ], [ -73.900029000106443, 40.743761999817522 ] ] ] ] } },
{ "type": "Feature", "properties": { "STATEFP": "36", "COUNTYFP": "081", "TRACTCE": "047900", "BLKGRPCE": "1", "GEOID": "360810479001", "NAMELSAD": "Block Group 1", "MTFCC": "G5030", "FUNCSTAT": "S", "ALAND": 167343.0, "AWATER": 0.0, "INTPTLAT": "+40.7365985", "INTPTLON": "-073.8831100", "Shape__Are": 291755.953125, "Shape__Len": 3527.7264557600001 }, "geometry": { "type": "MultiPolygon", "coordinates": [ [ [ [ -73.891369000019054, 40.736060999801893 ], [ -73.889809999894595, 40.736372999996853 ], [ -73.889383000097325, 40.736422000169433 ], [ -73.888802000314286, 40.736531000034923 ], [ -73.887535000267889, 40.73676299988459 ], [ -73.887598000017078, 40.736115999667611 ], [ -73.886718999409879, 40.735724999473966 ], [ -73.885829999655257, 40.735333000463456 ], [ -73.884933000403024, 40.734937000111053 ], [ -73.884058999818706, 40.734550000212181 ], [ -73.883750000022218, 40.737051999853747 ], [ -73.883863000000119, 40.737428999904722 ], [ -73.882872999963141, 40.737611000197447 ], [ -73.882272000088633, 40.737509999857139 ], [ -73.881584000175465, 40.737379000582386 ], [ -73.880353999938976, 40.737135000055581 ], [ -73.880514999597452, 40.735751999933697 ], [ -73.880658999537502, 40.735715000309263 ], [ -73.881104999601334, 40.735573999675374 ], [ -73.881449000456243, 40.735344000288308 ], [ -73.881836000070535, 40.735064999650859 ], [ -73.882107000232182, 40.73487399983771 ], [ -73.88251300011305, 40.734591000218337 ], [ -73.883529000089297, 40.733848000602435 ], [ -73.883810999223272, 40.73355999959719 ], [ -73.88469099965539, 40.733886000528493 ], [ -73.884837999968482, 40.733932999923418 ], [ -73.885064999749176, 40.733981999851011 ], [ -73.885266000488954, 40.734005000568636 ], [ -73.885489999896635, 40.734008999656773 ], [ -73.886891999662254, 40.734098999837784 ], [ -73.887514000351473, 40.734224999750552 ], [ -73.887701999774166, 40.734290999771709 ], [ -73.888566000312736, 40.734592000151792 ], [ -73.889016000574514, 40.735231000144296 ], [ -73.889362000180924, 40.735838000140291 ], [ -73.889608000228222, 40.735938999615684 ], [ -73.891379000064788, 40.735918000755028 ], [ -73.891369000019054, 40.736060999801893 ] ] ] ] } },
{ "type": "Feature", "properties": { "STATEFP": "36", "COUNTYFP": "081", "TRACTCE": "049302", "BLKGRPCE": "1", "GEOID": "360810493021", "NAMELSAD": "Block Group 1", "MTFCC": "G5030", "FUNCSTAT": "S", "ALAND": 101579.0, "AWATER": 0.0, "INTPTLAT": "+40.7285456", "INTPTLON": "-073.8936964", "Shape__Are": 177060.65625, "Shape__Len": 2119.61342225 }, "geometry": { "type": "MultiPolygon", "coordinates": [ [ [ [ -73.895589000457889, 40.728965000048312 ], [ -73.894611999941404, 40.729086000072314 ], [ -73.894503000161464, 40.729097999584482 ], [ -73.893693000049552, 40.729208000571383 ], [ -73.893757999448567, 40.729778999498762 ], [ -73.893814000423376, 40.730464999909202 ], [ -73.893869000674954, 40.731147000113971 ], [ -73.892969000151368, 40.731149000084365 ], [ -73.892333999941641, 40.731159000615932 ], [ -73.892342000337564, 40.730872999522248 ], [ -73.892364000078885, 40.730399000177201 ], [ -73.892403000436929, 40.729559000592403 ], [ -73.891517999981957, 40.728161999821815 ], [ -73.892285000436161, 40.727758000069201 ], [ -73.893273999749894, 40.727191999681104 ], [ -73.893866000301912, 40.726804000295196 ], [ -73.894408999551814, 40.726479000121323 ], [ -73.894642999903539, 40.726338000337755 ], [ -73.895340999862455, 40.72592099957722 ], [ -73.895412000007568, 40.726771000664158 ], [ -73.895499000046186, 40.727788999820305 ], [ -73.895589000457889, 40.728965000048312 ] ] ] ] } },
{ "type": "Feature", "properties": { "STATEFP": "36", "COUNTYFP": "047", "TRACTCE": "093200", "BLKGRPCE": "1", "GEOID": "360470932001", "NAMELSAD": "Block Group 1", "MTFCC": "G5030", "FUNCSTAT": "S", "ALAND": 280436.0, "AWATER": 0.0, "INTPTLAT": "+40.6375676", "INTPTLON": "-073.9295091", "Shape__Are": 487496.0, "Shape__Len": 2784.3124809300002 }, "geometry": { "type": "MultiPolygon", "coordinates": [ [ [ [ -73.932983999934933, 40.639555000161856 ], [ -73.932013000164545, 40.639615999956064 ], [ -73.931042000394172, 40.639676000380888 ], [ -73.930110999908422, 40.639734000081411 ], [ -73.929105999802843, 40.639795000393676 ], [ -73.928098000222548, 40.639856999961125 ], [ -73.927165000087001, 40.639915999496068 ], [ -73.926197999616235, 40.639975999651256 ], [ -73.925933999127281, 40.639998000126383 ], [ -73.925742999331561, 40.640013999971622 ], [ -73.926032999759798, 40.638543000214597 ], [ -73.926082000163603, 40.638162999934174 ], [ -73.926146000636024, 40.637568000244691 ], [ -73.926362000546092, 40.636908999749778 ], [ -73.92651300015882, 40.636539999495923 ], [ -73.926788000518428, 40.636108000298378 ], [ -73.927447999944206, 40.635258999894162 ], [ -73.92861200005845, 40.635187000203963 ], [ -73.929624999661627, 40.635121000135648 ], [ -73.930553000672631, 40.635062999835924 ], [ -73.931530999217401, 40.635006000232679 ], [ -73.9322349999224, 40.634962999459283 ], [ -73.932500000236274, 40.634946999766861 ], [ -73.932734000587999, 40.63721700012357 ], [ -73.932983999934933, 40.639555000161856 ] ] ] ] } },
{ "type": "Feature", "properties": { "STATEFP": "36", "COUNTYFP": "047", "TRACTCE": "094600", "BLKGRPCE": "3", "GEOID": "360470946003", "NAMELSAD": "Block Group 3", "MTFCC": "G5030", "FUNCSTAT": "S", "ALAND": 163804.0, "AWATER": 0.0, "INTPTLAT": "+40.6432399", "INTPTLON": "-073.9226153", "Shape__Are": 284799.953125, "Shape__Len": 2487.7134210899999 }, "geometry": { "type": "MultiPolygon", "coordinates": [ [ [ [ -73.925720999590283, 40.644673999575012 ], [ -73.924923000072241, 40.644754999894012 ], [ -73.923819000232456, 40.644806000524063 ], [ -73.922849000286988, 40.644853999998944 ], [ -73.921916000151427, 40.644908999539368 ], [ -73.9209839998408, 40.644975000154929 ], [ -73.920531999929167, 40.644999000176725 ], [ -73.919976000260476, 40.64502999959565 ], [ -73.919951000146114, 40.644707000347978 ], [ -73.919907000663514, 40.644330000171287 ], [ -73.919729000388273, 40.642724999488415 ], [ -73.921609000004779, 40.64168699943248 ], [ -73.922207000404569, 40.641064999810254 ], [ -73.923327000137874, 40.639899999627303 ], [ -73.923353999902048, 40.64017700022135 ], [ -73.923374999818449, 40.640495000344863 ], [ -73.923564999789235, 40.64249900027297 ], [ -73.924542000305749, 40.642439000340708 ], [ -73.925382000554862, 40.642384000128146 ], [ -73.925720999590283, 40.644673999575012 ] ] ] ] } },
{ "type": "Feature", "properties": { "STATEFP": "36", "COUNTYFP": "047", "TRACTCE": "119800", "BLKGRPCE": "1", "GEOID": "360471198001", "NAMELSAD": "Block Group 1", "MTFCC": "G5030", "FUNCSTAT": "S", "ALAND": 128089.0, "AWATER": 0.0, "INTPTLAT": "+40.6760304", "INTPTLON": "-073.8977343", "Shape__Are": 222921.6875, "Shape__Len": 1930.0551851 }, "geometry": { "type": "MultiPolygon", "coordinates": [ [ [ [ -73.899989999748385, 40.676900000289372 ], [ -73.899126000108126, 40.677313000350537 ], [ -73.898831999481928, 40.677447000305619 ], [ -73.898362000026964, 40.677658000126158 ], [ -73.898151000139762, 40.677767999580517 ], [ -73.897954999422879, 40.677888999996924 ], [ -73.897663000243142, 40.678067999956816 ], [ -73.897600999420547, 40.678098999680309 ], [ -73.897474999922181, 40.678162999964869 ], [ -73.897018999812587, 40.6783810002389 ], [ -73.896536999763754, 40.678594000014932 ], [ -73.896217999921518, 40.677357999948597 ], [ -73.895824999561128, 40.675818999448438 ], [ -73.895499000046186, 40.674550999562065 ], [ -73.896508999276335, 40.674396999520773 ], [ -73.897484999967915, 40.674254999662999 ], [ -73.898387000141327, 40.67412099942387 ], [ -73.899306999858084, 40.673981999465788 ], [ -73.899691999822565, 40.675497000187448 ], [ -73.899696000020512, 40.675519000533477 ], [ -73.899713999563858, 40.675610000215258 ], [ -73.899732000005528, 40.675703999501629 ], [ -73.899989999748385, 40.676900000289372 ] ] ] ] } },
{ "type": "Feature", "properties": { "STATEFP": "36", "COUNTYFP": "081", "TRACTCE": "058300", "BLKGRPCE": "3", "GEOID": "360810583003", "NAMELSAD": "Block Group 3", "MTFCC": "G5030", "FUNCSTAT": "S", "ALAND": 35285.0, "AWATER": 0.0, "INTPTLAT": "+40.7015701", "INTPTLON": "-073.8997223", "Shape__Are": 61455.5820312, "Shape__Len": 1046.3007125700001 }, "geometry": { "type": "MultiPolygon", "coordinates": [ [ [ [ -73.900986000531447, 40.702449000325849 ], [ -73.899522999768138, 40.702872999808655 ], [ -73.899188000032396, 40.702204000020735 ], [ -73.89885400012156, 40.701537999570689 ], [ -73.898521000035629, 40.700870000434861 ], [ -73.898368999699656, 40.700517999875274 ], [ -73.899116000062378, 40.700511000162578 ], [ -73.899759000668013, 40.700504999532647 ], [ -73.900199999810681, 40.700501000474453 ], [ -73.90041499989583, 40.701086000476423 ], [ -73.900698000651346, 40.701770000186777 ], [ -73.900986000531447, 40.702449000325849 ] ] ] ] } },
{ "type": "Feature", "properties": { "STATEFP": "36", "COUNTYFP": "081", "TRACTCE": "065702", "BLKGRPCE": "1", "GEOID": "360810657021", "NAMELSAD": "Block Group 1", "MTFCC": "G5030", "FUNCSTAT": "S", "ALAND": 144106.0, "AWATER": 0.0, "INTPTLAT": "+40.7133356", "INTPTLON": "-073.8829609", "Shape__Are": 251073.078125, "Shape__Len": 2694.9563643000001 }, "geometry": { "type": "MultiPolygon", "coordinates": [ [ [ [ -73.887112999595175, 40.713685000679689 ], [ -73.887220000623614, 40.713982000009523 ], [ -73.887001000340504, 40.714047000119457 ], [ -73.885091000586769, 40.713962999473068 ], [ -73.884207999781623, 40.713949999712121 ], [ -73.882344999883557, 40.714144999945255 ], [ -73.880563000176352, 40.714320999853875 ], [ -73.881153000180234, 40.715052999836601 ], [ -73.880206999625898, 40.715244000027958 ], [ -73.878582000277504, 40.713215000456742 ], [ -73.878291999849296, 40.712830999619975 ], [ -73.879342999985624, 40.712727000374016 ], [ -73.880063000584173, 40.712653000693756 ], [ -73.88205400052874, 40.712454000474033 ], [ -73.884350999896753, 40.712229999737602 ], [ -73.885076000518154, 40.712161000176643 ], [ -73.886377000001431, 40.712207999934712 ], [ -73.886879000141775, 40.712223000574916 ], [ -73.886915000126777, 40.712489000244439 ], [ -73.887715000192927, 40.7135850003596 ], [ -73.887112999595175, 40.713685000679689 ] ] ] ] } },
{ "type": "Feature", "properties": { "STATEFP": "36", "COUNTYFP": "081", "TRACTCE": "066100", "BLKGRPCE": "1", "GEOID": "360810661001", "NAMELSAD": "Block Group 1", "MTFCC": "G5030", "FUNCSTAT": "S", "ALAND": 133576.0, "AWATER": 0.0, "INTPTLAT": "+40.7175103", "INTPTLON": "-073.8817903", "Shape__Are": 232760.128906, "Shape__Len": 2289.84565243 }, "geometry": { "type": "MultiPolygon", "coordinates": [ [ [ [ -73.886661999508462, 40.716396000443119 ], [ -73.885837000226275, 40.716776999860649 ], [ -73.88504700020583, 40.717141999416341 ], [ -73.88422899969801, 40.717524000201287 ], [ -73.883420000309343, 40.71790199941924 ], [ -73.882628999565682, 40.718270999649363 ], [ -73.881830000222749, 40.718640000557492 ], [ -73.881025000133718, 40.719012999409586 ], [ -73.880122000135387, 40.719251000047279 ], [ -73.879167000258533, 40.719431000038817 ], [ -73.877940999321694, 40.717898000724794 ], [ -73.878741999212778, 40.71752899978889 ], [ -73.879557000245867, 40.717150000300094 ], [ -73.880343999893242, 40.716785000107372 ], [ -73.8811430001345, 40.716413000552933 ], [ -73.881641999901774, 40.716183000301058 ], [ -73.881879999553149, 40.716169000082402 ], [ -73.882380999868573, 40.716172000032245 ], [ -73.883247000056969, 40.716180000351734 ], [ -73.884111999522176, 40.716185999569362 ], [ -73.885049999680589, 40.716180000351734 ], [ -73.886351000062163, 40.716016999951165 ], [ -73.886661999508462, 40.716396000443119 ] ] ] ] } },
{ "type": "Feature", "properties": { "STATEFP": "36", "COUNTYFP": "081", "TRACTCE": "066701", "BLKGRPCE": "1", "GEOID": "360810667011", "NAMELSAD": "Block Group 1", "MTFCC": "G5030", "FUNCSTAT": "S", "ALAND": 136886.0, "AWATER": 0.0, "INTPTLAT": "+40.7211862", "INTPTLON": "-073.8925170", "Shape__Are": 238550.136719, "Shape__Len": 2463.7694167300001 }, "geometry": { "type": "MultiPolygon", "coordinates": [ [ [ [ -73.894971999791522, 40.722823999740591 ], [ -73.894360000046319, 40.723100000326887 ], [ -73.894267999984805, 40.723142000004977 ], [ -73.894158000379974, 40.723192999918822 ], [ -73.894113000174116, 40.723214000072268 ], [ -73.892656000156919, 40.723887999629177 ], [ -73.892181999605668, 40.723299000041955 ], [ -73.891712999975624, 40.722715000567767 ], [ -73.891241999797415, 40.722123999890037 ], [ -73.890750000601159, 40.721523000156296 ], [ -73.890265000179255, 40.720910000137096 ], [ -73.889663999406395, 40.720155999974608 ], [ -73.889907999803881, 40.72004200043839 ], [ -73.890090999203679, 40.719956000241041 ], [ -73.891160000679989, 40.719459999261922 ], [ -73.892129999727146, 40.718987000495602 ], [ -73.892511999318572, 40.718805999813696 ], [ -73.893757999448567, 40.718206000259102 ], [ -73.893940999746675, 40.718096999651756 ], [ -73.894235000372859, 40.717924000064166 ], [ -73.894463999803406, 40.718298999880368 ], [ -73.892734999799643, 40.719128999677942 ], [ -73.892753000241314, 40.719153999732775 ], [ -73.894714000048666, 40.721820999366962 ], [ -73.89444499953683, 40.722009000197694 ], [ -73.894586000002136, 40.722208000451396 ], [ -73.894971999791522, 40.722823999740591 ] ] ] ] } },
{ "type": "Feature", "properties": { "STATEFP": "36", "COUNTYFP": "081", "TRACTCE": "048900", "BLKGRPCE": "1", "GEOID": "360810489001", "NAMELSAD": "Block Group 1", "MTFCC": "G5030", "FUNCSTAT": "S", "ALAND": 318104.0, "AWATER": 0.0, "INTPTLAT": "+40.7376067", "INTPTLON": "-073.8923891", "Shape__Are": 554627.08984399994, "Shape__Len": 3271.51706827 }, "geometry": { "type": "MultiPolygon", "coordinates": [ [ [ [ -73.896016000255145, 40.735238999534324 ], [ -73.895975000247276, 40.736441000421081 ], [ -73.8959559999807, 40.736924999951249 ], [ -73.895930000041417, 40.737638999779428 ], [ -73.895901999554013, 40.738354000669624 ], [ -73.895872000315109, 40.739065999721596 ], [ -73.895884000010668, 40.739461999999335 ], [ -73.895856000421574, 40.740072000420895 ], [ -73.895837999979918, 40.740452999754147 ], [ -73.894684999736327, 40.74023300006774 ], [ -73.894202000760899, 40.740123000292016 ], [ -73.892208000443262, 40.739756000454548 ], [ -73.890748000053023, 40.739488999623092 ], [ -73.890254000308602, 40.739390999676075 ], [ -73.889669000327601, 40.739301999710328 ], [ -73.888284000280422, 40.739039999792752 ], [ -73.887693999378229, 40.738904999972775 ], [ -73.887253000235589, 40.738836000155572 ], [ -73.887331999878299, 40.738453000658389 ], [ -73.887535000267889, 40.73676299988459 ], [ -73.888802000314286, 40.736531000034923 ], [ -73.889383000097325, 40.736422000169433 ], [ -73.889809999894595, 40.736372999996853 ], [ -73.891369000019054, 40.736060999801893 ], [ -73.892311000375429, 40.735896000612584 ], [ -73.892326000444044, 40.734469999994531 ], [ -73.893234999391822, 40.734561000166515 ], [ -73.894152999458782, 40.734801000202665 ], [ -73.894245999345202, 40.734842000054179 ], [ -73.894390000183549, 40.734893999779686 ], [ -73.894641000253728, 40.734962000354329 ], [ -73.894765000102268, 40.734985999979926 ], [ -73.894996000080951, 40.735014999913126 ], [ -73.895101000561255, 40.735021000155889 ], [ -73.896028999775623, 40.735018000374907 ], [ -73.896016000255145, 40.735238999534324 ] ] ] ] } },
{ "type": "Feature", "properties": { "STATEFP": "36", "COUNTYFP": "081", "TRACTCE": "057900", "BLKGRPCE": "2", "GEOID": "360810579002", "NAMELSAD": "Block Group 2", "MTFCC": "G5030", "FUNCSTAT": "S", "ALAND": 33046.0, "AWATER": 0.0, "INTPTLAT": "+40.7031442", "INTPTLON": "-073.8909118", "Shape__Are": 57558.4804688, "Shape__Len": 1346.2475433499999 }, "geometry": { "type": "MultiPolygon", "coordinates": [ [ [ [ -73.891942000304482, 40.702885999689123 ], [ -73.891267999736698, 40.703596999868907 ], [ -73.891052999651535, 40.703816000426862 ], [ -73.889842999506556, 40.704971999866387 ], [ -73.889516999991642, 40.704179000110862 ], [ -73.890409999944211, 40.703969999915337 ], [ -73.889829999986063, 40.702549000344277 ], [ -73.890727000136621, 40.702335000434999 ], [ -73.891628000485113, 40.702126999641401 ], [ -73.892744000020471, 40.701850999956129 ], [ -73.891942000304482, 40.702885999689123 ] ] ] ] } },
{ "type": "Feature", "properties": { "STATEFP": "36", "COUNTYFP": "081", "TRACTCE": "066900", "BLKGRPCE": "1", "GEOID": "360810669001", "NAMELSAD": "Block Group 1", "MTFCC": "G5030", "FUNCSTAT": "S", "ALAND": 91909.0, "AWATER": 0.0, "INTPTLAT": "+40.7237810", "INTPTLON": "-073.8845715", "Shape__Are": 160182.640625, "Shape__Len": 1663.41344147 }, "geometry": { "type": "MultiPolygon", "coordinates": [ [ [ [ -73.887076999610159, 40.724638000074364 ], [ -73.886930000195392, 40.724617999772796 ], [ -73.886728000529033, 40.724601000396753 ], [ -73.886428000055062, 40.724595999978725 ], [ -73.886182999832684, 40.724609999786637 ], [ -73.886108000387921, 40.724622000105903 ], [ -73.884933000403024, 40.724785999940764 ], [ -73.884135999811605, 40.724881999457395 ], [ -73.883582999617644, 40.724948999973989 ], [ -73.882587999557799, 40.725083000124179 ], [ -73.881633999505866, 40.723880000236093 ], [ -73.882435000295246, 40.723509000262659 ], [ -73.88323500036141, 40.72313700015814 ], [ -73.883764000265927, 40.722891999715031 ], [ -73.884037000077385, 40.722766000127976 ], [ -73.884605000339974, 40.722501000104749 ], [ -73.884842000166444, 40.722391999722142 ], [ -73.885641000407688, 40.722021999746637 ], [ -73.887057000417002, 40.723802000316098 ], [ -73.887059000066813, 40.724035000390529 ], [ -73.887076999610159, 40.724638000074364 ] ] ] ] } },
{ "type": "Feature", "properties": { "STATEFP": "36", "COUNTYFP": "081", "TRACTCE": "026100", "BLKGRPCE": "1", "GEOID": "360810261001", "NAMELSAD": "Block Group 1", "MTFCC": "G5030", "FUNCSTAT": "S", "ALAND": 41324.0, "AWATER": 0.0, "INTPTLAT": "+40.7495599", "INTPTLON": "-073.8997020", "Shape__Are": 72074.9804688, "Shape__Len": 1214.1569751899999 }, "geometry": { "type": "MultiPolygon", "coordinates": [ [ [ [ -73.901063000524331, 40.750782999620561 ], [ -73.900050999847764, 40.750352999492996 ], [ -73.899708999541005, 40.750204000313076 ], [ -73.899658000385685, 40.750182000131836 ], [ -73.899228000215373, 40.750002999995175 ], [ -73.898574999563976, 40.74972200018113 ], [ -73.898391000339288, 40.749643000223024 ], [ -73.897577000029415, 40.749299999738568 ], [ -73.897916999788038, 40.748494000094837 ], [ -73.89880600044097, 40.748724000291837 ], [ -73.899691999822565, 40.748955999808949 ], [ -73.900581999402107, 40.749185999769097 ], [ -73.901656999827864, 40.749465000386877 ], [ -73.901063000524331, 40.750782999620561 ] ] ] ] } },
{ "type": "Feature", "properties": { "STATEFP": "36", "COUNTYFP": "081", "TRACTCE": "026300", "BLKGRPCE": "1", "GEOID": "360810263001", "NAMELSAD": "Block Group 1", "MTFCC": "G5030", "FUNCSTAT": "S", "ALAND": 78431.0, "AWATER": 0.0, "INTPTLAT": "+40.7474285", "INTPTLON": "-073.8968177", "Shape__Are": 136786.566406, "Shape__Len": 1543.9188080900001 }, "geometry": { "type": "MultiPolygon", "coordinates": [ [ [ [ -73.898615999571874, 40.746937000529925 ], [ -73.898336000087696, 40.747561000197138 ], [ -73.897916999788038, 40.748494000094837 ], [ -73.897577000029415, 40.749299999738568 ], [ -73.896871000572901, 40.748993000234961 ], [ -73.896611000281894, 40.748878000020568 ], [ -73.89645700029611, 40.748809999380022 ], [ -73.896429999633625, 40.748800000140676 ], [ -73.896359000386838, 40.74877000037187 ], [ -73.896145000126566, 40.748679999623306 ], [ -73.89610999996647, 40.748668999962042 ], [ -73.895840000528054, 40.748546999761018 ], [ -73.895658999879771, 40.748473000433677 ], [ -73.894447000084966, 40.746534999953241 ], [ -73.894733999241822, 40.746503000334513 ], [ -73.894826000201647, 40.746493000067659 ], [ -73.895024999494964, 40.746469999584335 ], [ -73.89504100028681, 40.746468000074572 ], [ -73.89542100022841, 40.746428000338305 ], [ -73.896325000051647, 40.746334999871699 ], [ -73.897223999852002, 40.746237999561075 ], [ -73.898110000131894, 40.746143999749556 ], [ -73.898459999936264, 40.746108000220921 ], [ -73.898941999985098, 40.746236999802719 ], [ -73.898615999571874, 40.746937000529925 ] ] ] ] } },
{ "type": "Feature", "properties": { "STATEFP": "36", "COUNTYFP": "081", "TRACTCE": "058500", "BLKGRPCE": "3", "GEOID": "360810585003", "NAMELSAD": "Block Group 3", "MTFCC": "G5030", "FUNCSTAT": "S", "ALAND": 64250.0, "AWATER": 0.0, "INTPTLAT": "+40.7037911", "INTPTLON": "-073.9013409", "Shape__Are": 111910.121094, "Shape__Len": 1364.9046754399999 }, "geometry": { "type": "MultiPolygon", "coordinates": [ [ [ [ -73.903380999808761, 40.703538000130344 ], [ -73.902290000387779, 40.70460800003454 ], [ -73.901997000484798, 40.70487100038185 ], [ -73.902119000683541, 40.705148999881409 ], [ -73.900837999495138, 40.705517999969985 ], [ -73.900431999614256, 40.704712000384013 ], [ -73.900113999596954, 40.704066999879117 ], [ -73.899820000767392, 40.703475999817734 ], [ -73.899522999768138, 40.702872999808655 ], [ -73.900986000531447, 40.702449000325849 ], [ -73.901368000122872, 40.702336999228017 ], [ -73.901897999852281, 40.702665000014179 ], [ -73.90263900036723, 40.703099999871206 ], [ -73.903380999808761, 40.703538000130344 ] ] ] ] } },
{ "type": "Feature", "properties": { "STATEFP": "36", "COUNTYFP": "081", "TRACTCE": "057700", "BLKGRPCE": "1", "GEOID": "360810577001", "NAMELSAD": "Block Group 1", "MTFCC": "G5030", "FUNCSTAT": "S", "ALAND": 52959.0, "AWATER": 0.0, "INTPTLAT": "+40.7019011", "INTPTLON": "-073.8896593", "Shape__Are": 92238.1328125, "Shape__Len": 1414.3965335400001 }, "geometry": { "type": "MultiPolygon", "coordinates": [ [ [ [ -73.892744000020471, 40.701850999956129 ], [ -73.891628000485113, 40.702126999641401 ], [ -73.890727000136621, 40.702335000434999 ], [ -73.889829999986063, 40.702549000344277 ], [ -73.888935000383668, 40.702761000104772 ], [ -73.888042999357694, 40.702972000144072 ], [ -73.887400999475275, 40.701400999763855 ], [ -73.887931000102995, 40.701353999869617 ], [ -73.888352000052492, 40.701320000128305 ], [ -73.888861999690434, 40.701276000116813 ], [ -73.889296000058692, 40.701232000076281 ], [ -73.890245999912693, 40.701148999363426 ], [ -73.890865000228885, 40.701104000164506 ], [ -73.891653999526085, 40.701429000279205 ], [ -73.892744000020471, 40.701850999956129 ] ] ] ] } },
{ "type": "Feature", "properties": { "STATEFP": "36", "COUNTYFP": "081", "TRACTCE": "056700", "BLKGRPCE": "1", "GEOID": "360810567001", "NAMELSAD": "Block Group 1", "MTFCC": "G5030", "FUNCSTAT": "S", "ALAND": 68700.0, "AWATER": 0.0, "INTPTLAT": "+40.6973356", "INTPTLON": "-073.8891743", "Shape__Are": 119639.660156, "Shape__Len": 1443.0519211000001 }, "geometry": { "type": "MultiPolygon", "coordinates": [ [ [ [ -73.891105999354991, 40.698138000005279 ], [ -73.890198000232104, 40.698345999633915 ], [ -73.889292999685651, 40.698553000181448 ], [ -73.888188999845852, 40.698860000194003 ], [ -73.888143999640022, 40.698723000327696 ], [ -73.888086999738618, 40.69863000060586 ], [ -73.888053000301738, 40.698549000324981 ], [ -73.888022999266212, 40.698449000430919 ], [ -73.887921000057261, 40.69799899973097 ], [ -73.887848999188918, 40.697734000560345 ], [ -73.88779599948549, 40.697602999951336 ], [ -73.88772900043665, 40.697473000256892 ], [ -73.887644999872748, 40.697343000308749 ], [ -73.887567999879835, 40.697228999852129 ], [ -73.887451000602297, 40.697109000307663 ], [ -73.887294000243458, 40.696957999393348 ], [ -73.887173999694539, 40.696851000419073 ], [ -73.886879999966666, 40.696651999972936 ], [ -73.888430000768608, 40.696287000477653 ], [ -73.889320000348135, 40.696080999530771 ], [ -73.890223000346452, 40.695874000156124 ], [ -73.890796999558489, 40.697348000049494 ], [ -73.891105999354991, 40.698138000005279 ] ] ] ] } },
{ "type": "Feature", "properties": { "STATEFP": "36", "COUNTYFP": "081", "TRACTCE": "028900", "BLKGRPCE": "3", "GEOID": "360810289003", "NAMELSAD": "Block Group 3", "MTFCC": "G5030", "FUNCSTAT": "S", "ALAND": 72171.0, "AWATER": 0.0, "INTPTLAT": "+40.7489662", "INTPTLON": "-073.8917712", "Shape__Are": 125877.089844, "Shape__Len": 1617.74449486 }, "geometry": { "type": "MultiPolygon", "coordinates": [ [ [ [ -73.893047999794092, 40.750908000227966 ], [ -73.892120999506304, 40.75100400016472 ], [ -73.891189000094002, 40.751101000328681 ], [ -73.890824000221002, 40.749061000688336 ], [ -73.890865000228885, 40.749057000463459 ], [ -73.890901000213901, 40.749008999787456 ], [ -73.890576000523879, 40.747343000365937 ], [ -73.89050099928248, 40.746941999949577 ], [ -73.89143099994331, 40.746844999843802 ], [ -73.891607000568726, 40.746826999591072 ], [ -73.891684000561625, 40.746819000233366 ], [ -73.891749999785546, 40.746811999943887 ], [ -73.892409000284715, 40.747134999991871 ], [ -73.892708000035455, 40.748863000155445 ], [ -73.893047999794092, 40.750908000227966 ] ] ] ] } },
{ "type": "Feature", "properties": { "STATEFP": "36", "COUNTYFP": "081", "TRACTCE": "058300", "BLKGRPCE": "1", "GEOID": "360810583001", "NAMELSAD": "Block Group 1", "MTFCC": "G5030", "FUNCSTAT": "S", "ALAND": 56088.0, "AWATER": 0.0, "INTPTLAT": "+40.7022388", "INTPTLON": "-073.8960221", "Shape__Are": 97691.2148438, "Shape__Len": 1364.80930094 }, "geometry": { "type": "MultiPolygon", "coordinates": [ [ [ [ -73.897645999626391, 40.703414999849308 ], [ -73.895691999491731, 40.703960000065493 ], [ -73.8954490007158, 40.703286000323743 ], [ -73.89541799985534, 40.703198999869201 ], [ -73.895336999664508, 40.702972999871555 ], [ -73.895201999945286, 40.702592999514891 ], [ -73.894955999897988, 40.701896999756116 ], [ -73.894387999635413, 40.70078399999003 ], [ -73.8960960006211, 40.700667000006426 ], [ -73.896271000523271, 40.700652999930568 ], [ -73.896648999916735, 40.701410000247002 ], [ -73.89698100017776, 40.702077000355736 ], [ -73.897314000263677, 40.702746000738195 ], [ -73.897645999626391, 40.703414999849308 ] ] ] ] } },
{ "type": "Feature", "properties": { "STATEFP": "36", "COUNTYFP": "081", "TRACTCE": "066701", "BLKGRPCE": "2", "GEOID": "360810667012", "NAMELSAD": "Block Group 2", "MTFCC": "G5030", "FUNCSTAT": "S", "ALAND": 115747.0, "AWATER": 0.0, "INTPTLAT": "+40.7225737", "INTPTLON": "-073.8899404", "Shape__Are": 201720.09375, "Shape__Len": 1905.3100534600001 }, "geometry": { "type": "MultiPolygon", "coordinates": [ [ [ [ -73.892656000156919, 40.723887999629177 ], [ -73.891816999732697, 40.724256000627726 ], [ -73.891007999445705, 40.724615999606172 ], [ -73.890303000712407, 40.724924000053335 ], [ -73.890174999767581, 40.724946999817348 ], [ -73.888818000207806, 40.723250999840154 ], [ -73.887240000715096, 40.72128000016653 ], [ -73.888041000606179, 40.720907999859001 ], [ -73.888841000672357, 40.720536999659572 ], [ -73.889663999406395, 40.720155999974608 ], [ -73.890265000179255, 40.720910000137096 ], [ -73.890750000601159, 40.721523000156296 ], [ -73.891241999797415, 40.722123999890037 ], [ -73.891712999975624, 40.722715000567767 ], [ -73.892181999605668, 40.723299000041955 ], [ -73.892656000156919, 40.723887999629177 ] ] ] ] } },
{ "type": "Feature", "properties": { "STATEFP": "36", "COUNTYFP": "081", "TRACTCE": "024700", "BLKGRPCE": "1", "GEOID": "360810247001", "NAMELSAD": "Block Group 1", "MTFCC": "G5030", "FUNCSTAT": "S", "ALAND": 97621.0, "AWATER": 0.0, "INTPTLAT": "+40.7422779", "INTPTLON": "-073.8994500", "Shape__Are": 170229.238281, "Shape__Len": 1852.7416629 }, "geometry": { "type": "MultiPolygon", "coordinates": [ [ [ [ -73.901494000519563, 40.741336000248317 ], [ -73.901185000723061, 40.742160999506154 ], [ -73.900899999419394, 40.743447999286431 ], [ -73.901502000017175, 40.744005999856924 ], [ -73.901409000130755, 40.744250999470047 ], [ -73.901166999383108, 40.744165000611481 ], [ -73.900919999510904, 40.744077000018272 ], [ -73.900029000106443, 40.743761999817522 ], [ -73.899074000229575, 40.743486999654131 ], [ -73.898130000223375, 40.743257999523991 ], [ -73.897536000021546, 40.743121999611496 ], [ -73.897294999997115, 40.743063999994632 ], [ -73.896585999269234, 40.742902999713436 ], [ -73.896453000098163, 40.742861000256589 ], [ -73.897115000072063, 40.742320999724363 ], [ -73.897344999327501, 40.74213300046631 ], [ -73.897277000453769, 40.742045999728369 ], [ -73.898131000048295, 40.741343999584856 ], [ -73.898608999899167, 40.740969000297092 ], [ -73.898736999945697, 40.740848999942365 ], [ -73.898882000608964, 40.740737999983033 ], [ -73.898984999642821, 40.740646000250351 ], [ -73.899146000199607, 40.740668000183199 ], [ -73.899556000278437, 40.740731000414712 ], [ -73.899635999746067, 40.740743999709629 ], [ -73.899720000309969, 40.740753000319494 ], [ -73.899793999929813, 40.740761999566843 ], [ -73.900425999766483, 40.740836999826954 ], [ -73.900601999493574, 40.740857999857383 ], [ -73.901678999569185, 40.74096999945403 ], [ -73.901494000519563, 40.741336000248317 ] ] ] ] } },
{ "type": "Feature", "properties": { "STATEFP": "36", "COUNTYFP": "081", "TRACTCE": "028500", "BLKGRPCE": "4", "GEOID": "360810285004", "NAMELSAD": "Block Group 4", "MTFCC": "G5030", "FUNCSTAT": "S", "ALAND": 37555.0, "AWATER": 0.0, "INTPTLAT": "+40.7483980", "INTPTLON": "-073.8869076", "Shape__Are": 65500.8125, "Shape__Len": 1044.50044095 }, "geometry": { "type": "MultiPolygon", "coordinates": [ [ [ [ -73.88802900001231, 40.749355999257951 ], [ -73.887098000424899, 40.749453999494449 ], [ -73.88616800066238, 40.749551999586373 ], [ -73.885786999997535, 40.747440000425897 ], [ -73.886716999760054, 40.747341000201857 ], [ -73.887647000420884, 40.747245000421266 ], [ -73.88802900001231, 40.749355999257951 ] ] ] ] } },
{ "type": "Feature", "properties": { "STATEFP": "36", "COUNTYFP": "081", "TRACTCE": "047900", "BLKGRPCE": "2", "GEOID": "360810479002", "NAMELSAD": "Block Group 2", "MTFCC": "G5030", "FUNCSTAT": "S", "ALAND": 117140.0, "AWATER": 0.0, "INTPTLAT": "+40.7369400", "INTPTLON": "-073.8854303", "Shape__Are": 204237.675781, "Shape__Len": 2148.9377905599999 }, "geometry": { "type": "MultiPolygon", "coordinates": [ [ [ [ -73.887535000267889, 40.73676299988459 ], [ -73.887331999878299, 40.738453000658389 ], [ -73.887253000235589, 40.738836000155572 ], [ -73.886371999978564, 40.738675999722133 ], [ -73.885689999913168, 40.738552999693127 ], [ -73.885607000072497, 40.73853599979293 ], [ -73.884702000424355, 40.738368000305712 ], [ -73.883645000440239, 40.738172000367712 ], [ -73.882612999672162, 40.737951999943938 ], [ -73.881785000016919, 40.737807000426997 ], [ -73.882872999963141, 40.737611000197447 ], [ -73.883863000000119, 40.737428999904722 ], [ -73.883750000022218, 40.737051999853747 ], [ -73.884058999818706, 40.734550000212181 ], [ -73.884933000403024, 40.734937000111053 ], [ -73.885829999655257, 40.735333000463456 ], [ -73.886718999409879, 40.735724999473966 ], [ -73.887598000017078, 40.736115999667611 ], [ -73.887535000267889, 40.73676299988459 ] ] ] ] } },
{ "type": "Feature", "properties": { "STATEFP": "36", "COUNTYFP": "081", "TRACTCE": "049900", "BLKGRPCE": "3", "GEOID": "360810499003", "NAMELSAD": "Block Group 3", "MTFCC": "G5030", "FUNCSTAT": "S", "ALAND": 134693.0, "AWATER": 0.0, "INTPTLAT": "+40.7315665", "INTPTLON": "-073.8800639", "Shape__Are": 234802.347656, "Shape__Len": 2484.9062319099999 }, "geometry": { "type": "MultiPolygon", "coordinates": [ [ [ [ -73.883810999223272, 40.73355999959719 ], [ -73.883529000089297, 40.733848000602435 ], [ -73.882680999444233, 40.73351100003952 ], [ -73.882590000105949, 40.733478000330926 ], [ -73.881708999848925, 40.733158999808396 ], [ -73.880897000087188, 40.73286500014899 ], [ -73.88024199978598, 40.732596000322779 ], [ -73.879230000007723, 40.732245999953271 ], [ -73.878480000170271, 40.731960999420473 ], [ -73.878247000541762, 40.73187299969954 ], [ -73.877506000026827, 40.731607000562697 ], [ -73.876782000128642, 40.731303999646435 ], [ -73.875824999703639, 40.730946999370936 ], [ -73.875587999877169, 40.73085900035116 ], [ -73.875425999495477, 40.730795999619978 ], [ -73.875237000247907, 40.730724000267202 ], [ -73.875588999702089, 40.730628000328309 ], [ -73.875710999900832, 40.730594999870597 ], [ -73.876342999737517, 40.730399000177201 ], [ -73.87707500003161, 40.730139999915579 ], [ -73.877307999660133, 40.730047000500875 ], [ -73.877540000362018, 40.729954999597794 ], [ -73.877964999611137, 40.729770000127154 ], [ -73.878090000182922, 40.729874999301089 ], [ -73.878368000017275, 40.729995999712578 ], [ -73.879039000212018, 40.730479999839176 ], [ -73.879434000222219, 40.730192999911871 ], [ -73.880079000477679, 40.729715000461276 ], [ -73.882390999914321, 40.731647999659579 ], [ -73.884109000047417, 40.733094999937599 ], [ -73.883810999223272, 40.73355999959719 ] ] ] ] } },
{ "type": "Feature", "properties": { "STATEFP": "36", "COUNTYFP": "081", "TRACTCE": "026100", "BLKGRPCE": "2", "GEOID": "360810261002", "NAMELSAD": "Block Group 2", "MTFCC": "G5030", "FUNCSTAT": "S", "ALAND": 46836.0, "AWATER": 0.0, "INTPTLAT": "+40.7480726", "INTPTLON": "-073.9011860", "Shape__Are": 81685.6640625, "Shape__Len": 1168.18845218 }, "geometry": { "type": "MultiPolygon", "coordinates": [ [ [ [ -73.902461999916909, 40.747678000120999 ], [ -73.901656999827864, 40.749465000386877 ], [ -73.900581999402107, 40.749185999769097 ], [ -73.899691999822565, 40.748955999808949 ], [ -73.90071299982165, 40.746682000364657 ], [ -73.9016019995763, 40.746909000097872 ], [ -73.902677000002058, 40.747190000229303 ], [ -73.902461999916909, 40.747678000120999 ] ] ] ] } },
{ "type": "Feature", "properties": { "STATEFP": "36", "COUNTYFP": "081", "TRACTCE": "026100", "BLKGRPCE": "4", "GEOID": "360810261004", "NAMELSAD": "Block Group 4", "MTFCC": "G5030", "FUNCSTAT": "S", "ALAND": 91266.0, "AWATER": 0.0, "INTPTLAT": "+40.7455315", "INTPTLON": "-073.9013016", "Shape__Are": 159162.5, "Shape__Len": 1616.40086675 }, "geometry": { "type": "MultiPolygon", "coordinates": [ [ [ [ -73.903389000204669, 40.745594999376344 ], [ -73.903165999723598, 40.746096000373704 ], [ -73.902677000002058, 40.747190000229303 ], [ -73.9016019995763, 40.746909000097872 ], [ -73.90071299982165, 40.746682000364657 ], [ -73.899825999716867, 40.746449000645235 ], [ -73.898941999985098, 40.746236999802719 ], [ -73.899029999848665, 40.746047999602155 ], [ -73.899034999871532, 40.746012999783339 ], [ -73.900029000106443, 40.743761999817522 ], [ -73.900919999510904, 40.744077000018272 ], [ -73.901166999383108, 40.744165000611481 ], [ -73.901409000130755, 40.744250999470047 ], [ -73.902241999808865, 40.744530000374979 ], [ -73.902625999948427, 40.744633000510767 ], [ -73.903254999412056, 40.744797000027859 ], [ -73.903687000130518, 40.744914000050336 ], [ -73.903389000204669, 40.745594999376344 ] ] ] ] } },
{ "type": "Feature", "properties": { "STATEFP": "36", "COUNTYFP": "081", "TRACTCE": "026300", "BLKGRPCE": "2", "GEOID": "360810263002", "NAMELSAD": "Block Group 2", "MTFCC": "G5030", "FUNCSTAT": "S", "ALAND": 85539.0, "AWATER": 0.0, "INTPTLAT": "+40.7448503", "INTPTLON": "-073.8963836", "Shape__Are": 149173.804688, "Shape__Len": 1521.4463326 }, "geometry": { "type": "MultiPolygon", "coordinates": [ [ [ [ -73.898110000131894, 40.746143999749556 ], [ -73.897223999852002, 40.746237999561075 ], [ -73.896325000051647, 40.746334999871699 ], [ -73.89542100022841, 40.746428000338305 ], [ -73.89504100028681, 40.746468000074572 ], [ -73.895024999494964, 40.746469999584335 ], [ -73.894970999966603, 40.746373999907561 ], [ -73.894919999912972, 40.746274999457697 ], [ -73.894865000559705, 40.746165999905578 ], [ -73.894812999782857, 40.746046999840949 ], [ -73.894736999614892, 40.745816000148444 ], [ -73.894704999827823, 40.745671999845747 ], [ -73.894672999142458, 40.745449000415924 ], [ -73.894668000017887, 40.745326999752201 ], [ -73.894673999865688, 40.745214000231996 ], [ -73.894679999713475, 40.74509600028118 ], [ -73.894698999980037, 40.744999000205141 ], [ -73.894719000071518, 40.744890999701525 ], [ -73.894765000102268, 40.744738999829885 ], [ -73.894813999607777, 40.744607000035622 ], [ -73.894852000140915, 40.744521999379806 ], [ -73.894894999798623, 40.744441999584097 ], [ -73.894975000164564, 40.744301000433033 ], [ -73.895009999426335, 40.744238999968381 ], [ -73.89512100065275, 40.74407399996506 ], [ -73.895192999724443, 40.743979000024972 ], [ -73.895263999869556, 40.74388199968103 ], [ -73.895304999877439, 40.743842999544938 ], [ -73.89534299951228, 40.743799999525521 ], [ -73.895425000426357, 40.743720999338159 ], [ -73.895500999696026, 40.743647000085538 ], [ -73.895772999682592, 40.743420000107783 ], [ -73.896453000098163, 40.742861000256589 ], [ -73.896585999269234, 40.742902999713436 ], [ -73.897294999997115, 40.743063999994632 ], [ -73.897536000021546, 40.743121999611496 ], [ -73.89775100010668, 40.744326999666654 ], [ -73.897779999520694, 40.744490999938286 ], [ -73.897843999993114, 40.744739999610779 ], [ -73.898110000131894, 40.746143999749556 ] ] ] ] } },
{ "type": "Feature", "properties": { "STATEFP": "36", "COUNTYFP": "081", "TRACTCE": "026700", "BLKGRPCE": "1", "GEOID": "360810267001", "NAMELSAD": "Block Group 1", "MTFCC": "G5030", "FUNCSTAT": "S", "ALAND": 45052.0, "AWATER": 0.0, "INTPTLAT": "+40.7464715", "INTPTLON": "-073.8870769", "Shape__Are": 78572.4648438, "Shape__Len": 1134.44735676 }, "geometry": { "type": "MultiPolygon", "coordinates": [ [ [ [ -73.888678000465717, 40.747133999566387 ], [ -73.887782999964998, 40.747229000444335 ], [ -73.887647000420884, 40.747245000421266 ], [ -73.886716999760054, 40.747341000201857 ], [ -73.885786999997535, 40.747440000425897 ], [ -73.885487999348499, 40.745791999665926 ], [ -73.886416000359503, 40.74570000011812 ], [ -73.887469000145643, 40.74560900021077 ], [ -73.888367999946013, 40.745506000225333 ], [ -73.888678000465717, 40.747133999566387 ] ] ] ] } },
{ "type": "Feature", "properties": { "STATEFP": "36", "COUNTYFP": "081", "TRACTCE": "026700", "BLKGRPCE": "2", "GEOID": "360810267002", "NAMELSAD": "Block Group 2", "MTFCC": "G5030", "FUNCSTAT": "S", "ALAND": 85437.0, "AWATER": 0.0, "INTPTLAT": "+40.7447438", "INTPTLON": "-073.8867629", "Shape__Are": 148995.511719, "Shape__Len": 1663.8215888499999 }, "geometry": { "type": "MultiPolygon", "coordinates": [ [ [ [ -73.889255000050795, 40.745411000288932 ], [ -73.888606000495699, 40.745483000081272 ], [ -73.888367999946013, 40.745506000225333 ], [ -73.887469000145643, 40.74560900021077 ], [ -73.886416000359503, 40.74570000011812 ], [ -73.885487999348499, 40.745791999665926 ], [ -73.884560000134115, 40.745889999710059 ], [ -73.883797999702793, 40.745926999800297 ], [ -73.883842999908637, 40.745796999852253 ], [ -73.884251000337642, 40.745201999542914 ], [ -73.884668999914069, 40.744588999857768 ], [ -73.885094999886419, 40.74397399970195 ], [ -73.885382999766506, 40.743849000352682 ], [ -73.886208000845357, 40.743775000561868 ], [ -73.887098000424899, 40.743676000326715 ], [ -73.887985999456276, 40.743547999659775 ], [ -73.888870000086342, 40.743399000205606 ], [ -73.889255000050795, 40.745411000288932 ] ] ] ] } },
{ "type": "Feature", "properties": { "STATEFP": "36", "COUNTYFP": "081", "TRACTCE": "026700", "BLKGRPCE": "3", "GEOID": "360810267003", "NAMELSAD": "Block Group 3", "MTFCC": "G5030", "FUNCSTAT": "S", "ALAND": 79309.0, "AWATER": 0.0, "INTPTLAT": "+40.7453066", "INTPTLON": "-073.8899421", "Shape__Are": 138311.757812, "Shape__Len": 1710.7593116600001 }, "geometry": { "type": "MultiPolygon", "coordinates": [ [ [ [ -73.89143099994331, 40.746844999843802 ], [ -73.89050099928248, 40.746941999949577 ], [ -73.889570999519989, 40.74703899991389 ], [ -73.888678000465717, 40.747133999566387 ], [ -73.888367999946013, 40.745506000225333 ], [ -73.888606000495699, 40.745483000081272 ], [ -73.889255000050795, 40.745411000288932 ], [ -73.888870000086342, 40.743399000205606 ], [ -73.88979200035125, 40.743261000294638 ], [ -73.890715999367657, 40.743128000484298 ], [ -73.891065000245433, 40.744966000069873 ], [ -73.891109999552953, 40.745202999316831 ], [ -73.891153999933877, 40.745427999793201 ], [ -73.891381999539519, 40.746592999946039 ], [ -73.891393000308469, 40.746647999951193 ], [ -73.89143099994331, 40.746844999843802 ] ] ] ] } },
{ "type": "Feature", "properties": { "STATEFP": "36", "COUNTYFP": "081", "TRACTCE": "055700", "BLKGRPCE": "2", "GEOID": "360810557002", "NAMELSAD": "Block Group 2", "MTFCC": "G5030", "FUNCSTAT": "S", "ALAND": 143493.0, "AWATER": 0.0, "INTPTLAT": "+40.6982552", "INTPTLON": "-073.8972548", "Shape__Are": 249893.652344, "Shape__Len": 2453.2786794100002 }, "geometry": { "type": "MultiPolygon", "coordinates": [ [ [ [ -73.900503000657693, 40.696739000124744 ], [ -73.899373999805235, 40.697890000096919 ], [ -73.89806799940078, 40.699230000174701 ], [ -73.896720999886753, 40.700617000305812 ], [ -73.896271000523271, 40.700652999930568 ], [ -73.8960960006211, 40.700667000006426 ], [ -73.894387999635413, 40.70078399999003 ], [ -73.893839999464333, 40.700860000119583 ], [ -73.894202000760899, 40.700506999742679 ], [ -73.895003000651968, 40.699711999714133 ], [ -73.894849999592779, 40.698590000033867 ], [ -73.895780000253595, 40.698510999974282 ], [ -73.895585000259928, 40.697128000204543 ], [ -73.896771999940384, 40.696798999576146 ], [ -73.897562999785706, 40.696481000165413 ], [ -73.89838200011846, 40.696135999743369 ], [ -73.898885999908615, 40.695390000408018 ], [ -73.89908900029819, 40.695604999991403 ], [ -73.899212000321853, 40.695702000558327 ], [ -73.899870000097792, 40.696219999720498 ], [ -73.900503000657693, 40.696739000124744 ] ] ] ] } },
{ "type": "Feature", "properties": { "STATEFP": "36", "COUNTYFP": "081", "TRACTCE": "061301", "BLKGRPCE": "3", "GEOID": "360810613013", "NAMELSAD": "Block Group 3", "MTFCC": "G5030", "FUNCSTAT": "S", "ALAND": 68604.0, "AWATER": 0.0, "INTPTLAT": "+40.7097819", "INTPTLON": "-073.8973876", "Shape__Are": 119515.945312, "Shape__Len": 1551.9663693 }, "geometry": { "type": "MultiPolygon", "coordinates": [ [ [ [ -73.899708999541005, 40.710980999449937 ], [ -73.898631999465394, 40.711225000548879 ], [ -73.897576000204495, 40.710775000365629 ], [ -73.896458999945949, 40.710297999983389 ], [ -73.895354000281259, 40.709825999754962 ], [ -73.894240000395712, 40.709350000377754 ], [ -73.895868999942067, 40.70894299988413 ], [ -73.898003000001765, 40.708401000568131 ], [ -73.898453000263558, 40.709040000095385 ], [ -73.89890499927688, 40.709681000234959 ], [ -73.899355999363578, 40.710322999949817 ], [ -73.899708999541005, 40.710980999449937 ] ] ] ] } },
{ "type": "Feature", "properties": { "STATEFP": "36", "COUNTYFP": "081", "TRACTCE": "050700", "BLKGRPCE": "2", "GEOID": "360810507002", "NAMELSAD": "Block Group 2", "MTFCC": "G5030", "FUNCSTAT": "S", "ALAND": 147243.0, "AWATER": 0.0, "INTPTLAT": "+40.7264669", "INTPTLON": "-073.8797302", "Shape__Are": 256641.085938, "Shape__Len": 2718.6218293799998 }, "geometry": { "type": "MultiPolygon", "coordinates": [ [ [ [ -73.884474999745322, 40.726478000065953 ], [ -73.883798999527713, 40.726593000205902 ], [ -73.882814000411926, 40.726727000449841 ], [ -73.881826000024788, 40.726863999891904 ], [ -73.880799000177902, 40.727004000555908 ], [ -73.879948000058107, 40.727365999730758 ], [ -73.879147999991957, 40.727738000024473 ], [ -73.878541000269635, 40.726981000141237 ], [ -73.877778999838313, 40.727532000371276 ], [ -73.877132999757933, 40.728009999845462 ], [ -73.876480999829766, 40.728486000601166 ], [ -73.875847000343271, 40.727982999647658 ], [ -73.875205000460852, 40.727480999697732 ], [ -73.874707999445079, 40.727089999816094 ], [ -73.875500000013631, 40.726727000449841 ], [ -73.876297000605064, 40.726354999950871 ], [ -73.877556000255538, 40.725751000099407 ], [ -73.87863499998096, 40.725727999932488 ], [ -73.879642999561284, 40.725560000099968 ], [ -73.880650000214985, 40.725395000058377 ], [ -73.881620999985373, 40.725237000126157 ], [ -73.882587999557799, 40.725083000124179 ], [ -73.883582999617644, 40.724948999973989 ], [ -73.884135999811605, 40.724881999457395 ], [ -73.884300999668042, 40.725569000040942 ], [ -73.884474999745322, 40.726478000065953 ] ] ] ] } },
{ "type": "Feature", "properties": { "STATEFP": "36", "COUNTYFP": "081", "TRACTCE": "062700", "BLKGRPCE": "2", "GEOID": "360810627002", "NAMELSAD": "Block Group 2", "MTFCC": "G5030", "FUNCSTAT": "S", "ALAND": 64892.0, "AWATER": 0.0, "INTPTLAT": "+40.7024794", "INTPTLON": "-073.8858630", "Shape__Are": 113025.167969, "Shape__Len": 1373.28098135 }, "geometry": { "type": "MultiPolygon", "coordinates": [ [ [ [ -73.888042999357694, 40.702972000144072 ], [ -73.887181000265556, 40.703175999401239 ], [ -73.886320000100028, 40.703380000076642 ], [ -73.885457000284674, 40.703585999563813 ], [ -73.884594999395915, 40.703790000345428 ], [ -73.883747000547487, 40.701705000351033 ], [ -73.884244999591544, 40.701663000088125 ], [ -73.884658000043416, 40.701627000328244 ], [ -73.885138999369033, 40.701585999764482 ], [ -73.885572999737292, 40.701551000392769 ], [ -73.886070000753094, 40.701508000283361 ], [ -73.886484999956465, 40.701478000301428 ], [ -73.88700200016541, 40.701432000212087 ], [ -73.887400999475275, 40.701400999763855 ], [ -73.888042999357694, 40.702972000144072 ] ] ] ] } },
{ "type": "Feature", "properties": { "STATEFP": "36", "COUNTYFP": "081", "TRACTCE": "066501", "BLKGRPCE": "4", "GEOID": "360810665014", "NAMELSAD": "Block Group 4", "MTFCC": "G5030", "FUNCSTAT": "S", "ALAND": 60053.0, "AWATER": 0.0, "INTPTLAT": "+40.7220386", "INTPTLON": "-073.8831791", "Shape__Are": 104656.828125, "Shape__Len": 1442.3313920099999 }, "geometry": { "type": "MultiPolygon", "coordinates": [ [ [ [ -73.885075000693263, 40.720771999871836 ], [ -73.885033999787041, 40.721149000255146 ], [ -73.885007999847801, 40.721394999756775 ], [ -73.884987999756291, 40.72158100017122 ], [ -73.884842000166444, 40.722391999722142 ], [ -73.884605000339974, 40.722501000104749 ], [ -73.884037000077385, 40.722766000127976 ], [ -73.883764000265927, 40.722891999715031 ], [ -73.88323500036141, 40.72313700015814 ], [ -73.882435000295246, 40.723509000262659 ], [ -73.88092000055174, 40.721603000281021 ], [ -73.881307000166018, 40.721415999796662 ], [ -73.881844999393053, 40.721378999689492 ], [ -73.88288800003177, 40.721318999913706 ], [ -73.88393099977219, 40.721034000239904 ], [ -73.884834999595427, 40.720818000218976 ], [ -73.885158999460529, 40.72047999956132 ], [ -73.885075000693263, 40.720771999871836 ] ] ] ] } },
{ "type": "Feature", "properties": { "STATEFP": "36", "COUNTYFP": "081", "TRACTCE": "028700", "BLKGRPCE": "2", "GEOID": "360810287002", "NAMELSAD": "Block Group 2", "MTFCC": "G5030", "FUNCSTAT": "S", "ALAND": 39283.0, "AWATER": 0.0, "INTPTLAT": "+40.7492147", "INTPTLON": "-073.8885097", "Shape__Are": 68515.9570312, "Shape__Len": 1463.2655850399999 }, "geometry": { "type": "MultiPolygon", "coordinates": [ [ [ [ -73.889332000043709, 40.751297000277205 ], [ -73.888400999557959, 40.751396000055855 ], [ -73.88802900001231, 40.749355999257951 ], [ -73.887647000420884, 40.747245000421266 ], [ -73.887782999964998, 40.747229000444335 ], [ -73.888678000465717, 40.747133999566387 ], [ -73.888756000283536, 40.747542999457721 ], [ -73.889074000300852, 40.749246999991961 ], [ -73.888976000391551, 40.749257000525176 ], [ -73.889332000043709, 40.751297000277205 ] ] ] ] } },
{ "type": "Feature", "properties": { "STATEFP": "36", "COUNTYFP": "081", "TRACTCE": "028700", "BLKGRPCE": "3", "GEOID": "360810287003", "NAMELSAD": "Block Group 3", "MTFCC": "G5030", "FUNCSTAT": "S", "ALAND": 73024.0, "AWATER": 0.0, "INTPTLAT": "+40.7491260", "INTPTLON": "-073.8899337", "Shape__Are": 127364.261719, "Shape__Len": 1662.7771433600001 }, "geometry": { "type": "MultiPolygon", "coordinates": [ [ [ [ -73.891189000094002, 40.751101000328681 ], [ -73.890262000704539, 40.751200000399173 ], [ -73.889332000043709, 40.751297000277205 ], [ -73.888976000391551, 40.749257000525176 ], [ -73.889074000300852, 40.749246999991961 ], [ -73.888756000283536, 40.747542999457721 ], [ -73.888678000465717, 40.747133999566387 ], [ -73.889570999519989, 40.74703899991389 ], [ -73.89050099928248, 40.746941999949577 ], [ -73.890576000523879, 40.747343000365937 ], [ -73.890901000213901, 40.749008999787456 ], [ -73.890865000228885, 40.749057000463459 ], [ -73.890824000221002, 40.749061000688336 ], [ -73.891189000094002, 40.751101000328681 ] ] ] ] } },
{ "type": "Feature", "properties": { "STATEFP": "36", "COUNTYFP": "081", "TRACTCE": "028900", "BLKGRPCE": "1", "GEOID": "360810289001", "NAMELSAD": "Block Group 1", "MTFCC": "G5030", "FUNCSTAT": "S", "ALAND": 65875.0, "AWATER": 0.0, "INTPTLAT": "+40.7533941", "INTPTLON": "-073.8923265", "Shape__Are": 114910.261719, "Shape__Len": 1745.70401457 }, "geometry": { "type": "MultiPolygon", "coordinates": [ [ [ [ -73.893734000057449, 40.754680999376788 ], [ -73.892802999571686, 40.75477799962038 ], [ -73.891881000205117, 40.754873000465359 ], [ -73.890947999171246, 40.754973999617441 ], [ -73.890613000333815, 40.75314499996859 ], [ -73.891544999746145, 40.753046999728006 ], [ -73.892472999858825, 40.752947999685524 ], [ -73.892120999506304, 40.75100400016472 ], [ -73.893047999794092, 40.750908000227966 ], [ -73.893398000496774, 40.752851999833503 ], [ -73.893734000057449, 40.754680999376788 ] ] ] ] } },
{ "type": "Feature", "properties": { "STATEFP": "36", "COUNTYFP": "081", "TRACTCE": "028900", "BLKGRPCE": "2", "GEOID": "360810289002", "NAMELSAD": "Block Group 2", "MTFCC": "G5030", "FUNCSTAT": "S", "ALAND": 34574.0, "AWATER": 0.0, "INTPTLAT": "+40.7520742", "INTPTLON": "-073.8913672", "Shape__Are": 60307.890625, "Shape__Len": 994.82168536200004 }, "geometry": { "type": "MultiPolygon", "coordinates": [ [ [ [ -73.892472999858825, 40.752947999685524 ], [ -73.891544999746145, 40.753046999728006 ], [ -73.890613000333815, 40.75314499996859 ], [ -73.890262000704539, 40.751200000399173 ], [ -73.891189000094002, 40.751101000328681 ], [ -73.892120999506304, 40.75100400016472 ], [ -73.892472999858825, 40.752947999685524 ] ] ] ] } },
{ "type": "Feature", "properties": { "STATEFP": "36", "COUNTYFP": "081", "TRACTCE": "029100", "BLKGRPCE": "1", "GEOID": "360810291001", "NAMELSAD": "Block Group 1", "MTFCC": "G5030", "FUNCSTAT": "S", "ALAND": 61159.0, "AWATER": 0.0, "INTPTLAT": "+40.7489853", "INTPTLON": "-073.8949158", "Shape__Are": 106668.835938, "Shape__Len": 1734.7902377600001 }, "geometry": { "type": "MultiPolygon", "coordinates": [ [ [ [ -73.897308999342513, 40.750458999902975 ], [ -73.897121999744755, 40.750480000297998 ], [ -73.897022000185643, 40.750490999659718 ], [ -73.896735000130448, 40.750522000387576 ], [ -73.896540000136781, 40.750542000388549 ], [ -73.895900000802513, 40.750608999565209 ], [ -73.895799000520157, 40.750620000266665 ], [ -73.894720999721343, 40.749699000134108 ], [ -73.894692999233939, 40.749515999861039 ], [ -73.894539999971371, 40.748679999623299 ], [ -73.8939850001276, 40.748733999542644 ], [ -73.893606999835811, 40.748770999411668 ], [ -73.892708000035455, 40.748863000155445 ], [ -73.892409000284715, 40.747134999991871 ], [ -73.893796999806639, 40.747692000516885 ], [ -73.895277000288345, 40.748317000312888 ], [ -73.895658999879771, 40.748473000433677 ], [ -73.895840000528054, 40.748546999761018 ], [ -73.89610999996647, 40.748668999962042 ], [ -73.896145000126566, 40.748679999623306 ], [ -73.896359000386838, 40.74877000037187 ], [ -73.896527999542911, 40.749062999439616 ], [ -73.896864999826789, 40.749606000158693 ], [ -73.897074999889085, 40.749944999573813 ], [ -73.897143000559467, 40.750071000096256 ], [ -73.897205000483737, 40.750197999398225 ], [ -73.897261000560235, 40.750328000270471 ], [ -73.897308999342513, 40.750458999902975 ] ] ] ] } },
{ "type": "Feature", "properties": { "STATEFP": "36", "COUNTYFP": "081", "TRACTCE": "029100", "BLKGRPCE": "3", "GEOID": "360810291003", "NAMELSAD": "Block Group 3", "MTFCC": "G5030", "FUNCSTAT": "S", "ALAND": 79568.0, "AWATER": 0.0, "INTPTLAT": "+40.7516553", "INTPTLON": "-073.8953649", "Shape__Are": 138786.765625, "Shape__Len": 1537.45072321 }, "geometry": { "type": "MultiPolygon", "coordinates": [ [ [ [ -73.897682999436313, 40.752399999348015 ], [ -73.897478000295223, 40.752419999464585 ], [ -73.897357999746305, 40.752432000212131 ], [ -73.897156999904851, 40.752456999324117 ], [ -73.896548999459313, 40.752521999965495 ], [ -73.896191999982236, 40.752560000112112 ], [ -73.895259999671595, 40.75265700004762 ], [ -73.894329999909104, 40.752755999842897 ], [ -73.893398000496774, 40.752851999833503 ], [ -73.893047999794092, 40.750908000227966 ], [ -73.893975999906758, 40.750811000462974 ], [ -73.89489899999657, 40.750717000310217 ], [ -73.895799000520157, 40.750620000266665 ], [ -73.895900000802513, 40.750608999565209 ], [ -73.896540000136781, 40.750542000388549 ], [ -73.896735000130448, 40.750522000387576 ], [ -73.897022000185643, 40.750490999659718 ], [ -73.897121999744755, 40.750480000297998 ], [ -73.897308999342513, 40.750458999902975 ], [ -73.897397000104363, 40.750803999913252 ], [ -73.897459000028633, 40.751063000028751 ], [ -73.897479000120143, 40.751149000175033 ], [ -73.897572999831468, 40.751763999989322 ], [ -73.897582999877201, 40.751899000249452 ], [ -73.897587999900068, 40.751956999646936 ], [ -73.89759400064618, 40.752038999952454 ], [ -73.89760899981647, 40.752129999907567 ], [ -73.897628999907951, 40.752221000418643 ], [ -73.897651000547583, 40.752302999718054 ], [ -73.897682999436313, 40.752399999348015 ] ] ] ] } },
{ "type": "Feature", "properties": { "STATEFP": "36", "COUNTYFP": "081", "TRACTCE": "057900", "BLKGRPCE": "1", "GEOID": "360810579001", "NAMELSAD": "Block Group 1", "MTFCC": "G5030", "FUNCSTAT": "S", "ALAND": 35302.0, "AWATER": 0.0, "INTPTLAT": "+40.7038169", "INTPTLON": "-073.8892322", "Shape__Are": 61489.7695312, "Shape__Len": 1179.11777196 }, "geometry": { "type": "MultiPolygon", "coordinates": [ [ [ [ -73.890409999944211, 40.703969999915337 ], [ -73.889516999991642, 40.704179000110862 ], [ -73.889842999506556, 40.704971999866387 ], [ -73.889118999608371, 40.705598999948251 ], [ -73.888623000214153, 40.704389000037757 ], [ -73.888042999357694, 40.702972000144072 ], [ -73.888935000383668, 40.702761000104772 ], [ -73.889829999986063, 40.702549000344277 ], [ -73.890409999944211, 40.703969999915337 ] ] ] ] } },
{ "type": "Feature", "properties": { "STATEFP": "36", "COUNTYFP": "081", "TRACTCE": "029300", "BLKGRPCE": "1", "GEOID": "360810293001", "NAMELSAD": "Block Group 1", "MTFCC": "G5030", "FUNCSTAT": "S", "ALAND": 151336.0, "AWATER": 0.0, "INTPTLAT": "+40.7519327", "INTPTLON": "-073.8994830", "Shape__Are": 263978.386719, "Shape__Len": 2473.7449469100002 }, "geometry": { "type": "MultiPolygon", "coordinates": [ [ [ [ -73.902471999962643, 40.753762999310602 ], [ -73.902121000333352, 40.753801000108915 ], [ -73.901213000312168, 40.753901999528594 ], [ -73.900302999742848, 40.753991000372295 ], [ -73.899572999996863, 40.754064000042582 ], [ -73.899180999461379, 40.754110000511382 ], [ -73.898762999884966, 40.754149000070335 ], [ -73.898737999770617, 40.754153999628279 ], [ -73.898398999836886, 40.75364300026439 ], [ -73.898216000437102, 40.753367000479237 ], [ -73.897931999856652, 40.752939000045551 ], [ -73.897856999513579, 40.752807999855001 ], [ -73.897791000289672, 40.752673999741098 ], [ -73.897733000563349, 40.752538000029851 ], [ -73.897682999436313, 40.752399999348015 ], [ -73.897651000547583, 40.752302999718054 ], [ -73.897628999907951, 40.752221000418643 ], [ -73.89760899981647, 40.752129999907567 ], [ -73.89759400064618, 40.752038999952454 ], [ -73.897587999900068, 40.751956999646936 ], [ -73.897582999877201, 40.751899000249452 ], [ -73.897572999831468, 40.751763999989322 ], [ -73.897479000120143, 40.751149000175033 ], [ -73.897459000028633, 40.751063000028751 ], [ -73.897397000104363, 40.750803999913252 ], [ -73.897308999342513, 40.750458999902975 ], [ -73.897261000560235, 40.750328000270471 ], [ -73.897205000483737, 40.750197999398225 ], [ -73.897143000559467, 40.750071000096256 ], [ -73.897074999889085, 40.749944999573813 ], [ -73.896864999826789, 40.749606000158693 ], [ -73.896527999542911, 40.749062999439616 ], [ -73.896359000386838, 40.74877000037187 ], [ -73.896429999633625, 40.748800000140676 ], [ -73.89645700029611, 40.748809999380022 ], [ -73.896611000281894, 40.748878000020568 ], [ -73.896871000572901, 40.748993000234961 ], [ -73.897577000029415, 40.749299999738568 ], [ -73.898391000339288, 40.749643000223024 ], [ -73.898574999563976, 40.74972200018113 ], [ -73.899228000215373, 40.750002999995175 ], [ -73.899658000385685, 40.750182000131836 ], [ -73.899708999541005, 40.750204000313076 ], [ -73.900050999847764, 40.750352999492996 ], [ -73.901063000524331, 40.750782999620561 ], [ -73.900763000050361, 40.751470000213459 ], [ -73.900871000005409, 40.752062000551142 ], [ -73.901557999195347, 40.751995000116452 ], [ -73.902158000143302, 40.751931999666468 ], [ -73.902276000144056, 40.752596999893733 ], [ -73.902471999962643, 40.753762999310602 ] ] ] ] } },
{ "type": "Feature", "properties": { "STATEFP": "36", "COUNTYFP": "047", "TRACTCE": "010000", "BLKGRPCE": "2", "GEOID": "360470100002", "NAMELSAD": "Block Group 2", "MTFCC": "G5030", "FUNCSTAT": "S", "ALAND": 37744.0, "AWATER": 0.0, "INTPTLAT": "+40.6403101", "INTPTLON": "-074.0099269", "Shape__Are": 65618.5585938, "Shape__Len": 1045.54571046 }, "geometry": { "type": "MultiPolygon", "coordinates": [ [ [ [ -74.011029000303608, 40.640975999978771 ], [ -74.01044699979731, 40.641534999785975 ], [ -74.00824200049081, 40.6402049998729 ], [ -74.008824999923675, 40.639644999838652 ], [ -74.009409000079785, 40.639084999878243 ], [ -74.011610999911568, 40.640416000277682 ], [ -74.011029000303608, 40.640975999978771 ] ] ] ] } },
{ "type": "Feature", "properties": { "STATEFP": "36", "COUNTYFP": "047", "TRACTCE": "010200", "BLKGRPCE": "1", "GEOID": "360470102001", "NAMELSAD": "Block Group 1", "MTFCC": "G5030", "FUNCSTAT": "S", "ALAND": 56616.0, "AWATER": 0.0, "INTPTLAT": "+40.6389102", "INTPTLON": "-074.0113826", "Shape__Are": 98424.8554688, "Shape__Len": 1254.7484666400001 }, "geometry": { "type": "MultiPolygon", "coordinates": [ [ [ [ -74.012775999850703, 40.63929499973225 ], [ -74.012195000067649, 40.639854999294329 ], [ -74.011610999911568, 40.640416000277682 ], [ -74.009409000079785, 40.639084999878243 ], [ -74.009989000037919, 40.638523999979242 ], [ -74.010571999470798, 40.637964999497747 ], [ -74.011153999977054, 40.637403999730275 ], [ -74.013357000532068, 40.638736000253452 ], [ -74.012775999850703, 40.63929499973225 ] ] ] ] } },
{ "type": "Feature", "properties": { "STATEFP": "36", "COUNTYFP": "047", "TRACTCE": "011600", "BLKGRPCE": "1", "GEOID": "360470116001", "NAMELSAD": "Block Group 1", "MTFCC": "G5030", "FUNCSTAT": "S", "ALAND": 68499.0, "AWATER": 0.0, "INTPTLAT": "+40.6370408", "INTPTLON": "-074.0021894", "Shape__Are": 119074.609375, "Shape__Len": 1391.4989058000001 }, "geometry": { "type": "MultiPolygon", "coordinates": [ [ [ [ -74.003837999928948, 40.637546000332136 ], [ -74.003252999947946, 40.638103999531566 ], [ -74.002672000164893, 40.638666999572536 ], [ -74.000469999434813, 40.637337000459993 ], [ -73.999806999635993, 40.636936000054064 ], [ -74.000525000584688, 40.636455999984499 ], [ -74.001240000262058, 40.63597799997379 ], [ -74.001956999589225, 40.635496999775647 ], [ -74.004420000435232, 40.636985000452093 ], [ -74.003837999928948, 40.637546000332136 ] ] ] ] } },
{ "type": "Feature", "properties": { "STATEFP": "36", "COUNTYFP": "047", "TRACTCE": "011600", "BLKGRPCE": "3", "GEOID": "360470116003", "NAMELSAD": "Block Group 3", "MTFCC": "G5030", "FUNCSTAT": "S", "ALAND": 33583.0, "AWATER": 0.0, "INTPTLAT": "+40.6341650", "INTPTLON": "-074.0057833", "Shape__Are": 58374.4765625, "Shape__Len": 977.24163421599997 }, "geometry": { "type": "MultiPolygon", "coordinates": [ [ [ [ -74.006750999240111, 40.634744999741578 ], [ -74.006168999632138, 40.635302999855988 ], [ -74.004107000440783, 40.634060000680833 ], [ -74.004820999394909, 40.633579999704004 ], [ -74.005563999559669, 40.633084000591445 ], [ -74.007355999312608, 40.634163999994485 ], [ -74.006750999240111, 40.634744999741578 ] ] ] ] } },
{ "type": "Feature", "properties": { "STATEFP": "36", "COUNTYFP": "047", "TRACTCE": "011800", "BLKGRPCE": "2", "GEOID": "360470118002", "NAMELSAD": "Block Group 2", "MTFCC": "G5030", "FUNCSTAT": "S", "ALAND": 77736.0, "AWATER": 0.0, "INTPTLAT": "+40.6363331", "INTPTLON": "-074.0133167", "Shape__Are": 135126.992188, "Shape__Len": 1828.7089166799999 }, "geometry": { "type": "MultiPolygon", "coordinates": [ [ [ [ -74.015739999215498, 40.636451999810411 ], [ -74.015145999911965, 40.637014000114277 ], [ -74.014567000677062, 40.637571000325167 ], [ -74.013960999881334, 40.638153000435757 ], [ -74.011760000772796, 40.636822999944947 ], [ -74.012364000122062, 40.636243000603507 ], [ -74.010160000640454, 40.63491200017075 ], [ -74.010461999865925, 40.634625000199861 ], [ -74.01109500042584, 40.63479499977101 ], [ -74.013262999922418, 40.635379000341494 ], [ -74.015218999706903, 40.635909000532408 ], [ -74.016068000176858, 40.636138999756383 ], [ -74.015739999215498, 40.636451999810411 ] ] ] ] } },
{ "type": "Feature", "properties": { "STATEFP": "36", "COUNTYFP": "047", "TRACTCE": "012000", "BLKGRPCE": "1", "GEOID": "360470120001", "NAMELSAD": "Block Group 1", "MTFCC": "G5030", "FUNCSTAT": "S", "ALAND": 193342.0, "AWATER": 0.0, "INTPTLAT": "+40.6327817", "INTPTLON": "-074.0117295", "Shape__Are": 336052.585938, "Shape__Len": 3054.95830226 }, "geometry": { "type": "MultiPolygon", "coordinates": [ [ [ [ -74.016692000515931, 40.635519000363487 ], [ -74.016305999828248, 40.635895999859045 ], [ -74.014109000019346, 40.634563999935459 ], [ -74.011908000012482, 40.63323400020866 ], [ -74.011326000404509, 40.633794999566916 ], [ -74.010742000248428, 40.634356999740291 ], [ -74.008537000043603, 40.633028000757029 ], [ -74.007022999226677, 40.63211000008733 ], [ -74.007739000525575, 40.631630000090432 ], [ -74.008455999852742, 40.631150000051775 ], [ -74.009224000131852, 40.630634000047863 ], [ -74.010004000106534, 40.630113000136554 ], [ -74.010969999854041, 40.630682000168896 ], [ -74.013176999708691, 40.632013000390266 ], [ -74.015138999340948, 40.633217000009921 ], [ -74.015643000029442, 40.633529000040816 ], [ -74.015672000341738, 40.633515000179926 ], [ -74.015925000061728, 40.633381999991556 ], [ -74.0159159998409, 40.63371900000525 ], [ -74.015971000092478, 40.634047999726974 ], [ -74.016108000359836, 40.634486000421383 ], [ -74.016274000041193, 40.63486699988394 ], [ -74.01675200079039, 40.635439999861234 ], [ -74.016692000515931, 40.635519000363487 ] ] ] ] } },
{ "type": "Feature", "properties": { "STATEFP": "36", "COUNTYFP": "047", "TRACTCE": "012200", "BLKGRPCE": "1", "GEOID": "360470122001", "NAMELSAD": "Block Group 1", "MTFCC": "G5030", "FUNCSTAT": "S", "ALAND": 39674.0, "AWATER": 0.0, "INTPTLAT": "+40.6392073", "INTPTLON": "-074.0164932", "Shape__Are": 68971.0703125, "Shape__Len": 1486.1482772700001 }, "geometry": { "type": "MultiPolygon", "coordinates": [ [ [ [ -74.0184220003446, 40.640846000272099 ], [ -74.016167000809389, 40.639483000333044 ], [ -74.013960999881334, 40.638153000435757 ], [ -74.014567000677062, 40.637571000325167 ], [ -74.01676900050883, 40.638898999533751 ], [ -74.019024000044041, 40.640263999781908 ], [ -74.0184220003446, 40.640846000272099 ] ] ] ] } },
{ "type": "Feature", "properties": { "STATEFP": "36", "COUNTYFP": "047", "TRACTCE": "012200", "BLKGRPCE": "3", "GEOID": "360470122003", "NAMELSAD": "Block Group 3", "MTFCC": "G5030", "FUNCSTAT": "S", "ALAND": 12164.0, "AWATER": 0.0, "INTPTLAT": "+40.6361885", "INTPTLON": "-074.0172848", "Shape__Are": 21145.2734375, "Shape__Len": 782.87493751800002 }, "geometry": { "type": "MultiPolygon", "coordinates": [ [ [ [ -74.018828000225469, 40.636909999786454 ], [ -74.016068000176858, 40.636138999756383 ], [ -74.016305999828248, 40.635895999859045 ], [ -74.016692000515931, 40.635519000363487 ], [ -74.01675200079039, 40.635439999861234 ], [ -74.017168999643587, 40.635749000249291 ], [ -74.01889700072077, 40.636855999827638 ], [ -74.018828000225469, 40.636909999786454 ] ] ] ] } },
{ "type": "Feature", "properties": { "STATEFP": "36", "COUNTYFP": "047", "TRACTCE": "012801", "BLKGRPCE": "1", "GEOID": "360470128011", "NAMELSAD": "Block Group 1", "MTFCC": "G5030", "FUNCSTAT": "S", "ALAND": 114974.0, "AWATER": 0.0, "INTPTLAT": "+40.6308009", "INTPTLON": "-074.0133027", "Shape__Are": 199828.101562, "Shape__Len": 1938.70529762 }, "geometry": { "type": "MultiPolygon", "coordinates": [ [ [ [ -74.01574799961142, 40.63176499990567 ], [ -74.015424000644614, 40.632513000370025 ], [ -74.015278999981362, 40.632868000386992 ], [ -74.015138999340948, 40.633217000009921 ], [ -74.013176999708691, 40.632013000390266 ], [ -74.010969999854041, 40.630682000168896 ], [ -74.010004000106534, 40.630113000136554 ], [ -74.010700000415625, 40.629645999948941 ], [ -74.011428000511771, 40.629162000036708 ], [ -74.012142000364207, 40.628683999621543 ], [ -74.012500000564501, 40.628900999881772 ], [ -74.012702000230874, 40.629023999948643 ], [ -74.014782000762196, 40.630279999879455 ], [ -74.014902999339398, 40.630353000223828 ], [ -74.016048000085391, 40.631032999877206 ], [ -74.01574799961142, 40.63176499990567 ] ] ] ] } },
{ "type": "Feature", "properties": { "STATEFP": "36", "COUNTYFP": "047", "TRACTCE": "011600", "BLKGRPCE": "2", "GEOID": "360470116002", "NAMELSAD": "Block Group 2", "MTFCC": "G5030", "FUNCSTAT": "S", "ALAND": 58184.0, "AWATER": 0.0, "INTPTLAT": "+40.6354844", "INTPTLON": "-074.0041347", "Shape__Are": 101139.171875, "Shape__Len": 1276.83873829 }, "geometry": { "type": "MultiPolygon", "coordinates": [ [ [ [ -74.005586000199287, 40.635866000340606 ], [ -74.005002999868097, 40.636424999992016 ], [ -74.004420000435232, 40.636985000452093 ], [ -74.001956999589225, 40.635496999775647 ], [ -74.002672999989812, 40.635018999715896 ], [ -74.003388000565465, 40.63453800010754 ], [ -74.004107000440783, 40.634060000680833 ], [ -74.006168999632138, 40.635302999855988 ], [ -74.005586000199287, 40.635866000340606 ] ] ] ] } },
{ "type": "Feature", "properties": { "STATEFP": "36", "COUNTYFP": "047", "TRACTCE": "045800", "BLKGRPCE": "1", "GEOID": "360470458001", "NAMELSAD": "Block Group 1", "MTFCC": "G5030", "FUNCSTAT": "S", "ALAND": 56108.0, "AWATER": 0.0, "INTPTLAT": "+40.6279018", "INTPTLON": "-073.9699257", "Shape__Are": 97505.6132812, "Shape__Len": 1259.0375661 }, "geometry": { "type": "MultiPolygon", "coordinates": [ [ [ [ -73.971373999471822, 40.62896600048856 ], [ -73.971085999591736, 40.628996999853598 ], [ -73.970001000018527, 40.62911399950486 ], [ -73.968928999965811, 40.629230999632846 ], [ -73.968784000200856, 40.628472999634923 ], [ -73.968760999736304, 40.628351999564735 ], [ -73.96873499979705, 40.628211000710778 ], [ -73.968477999879099, 40.626840999901745 ], [ -73.969552000479965, 40.626721999980404 ], [ -73.970669000738539, 40.626597999573242 ], [ -73.970922000458515, 40.626570000351229 ], [ -73.971098000185606, 40.627500000228281 ], [ -73.971114000079126, 40.627586000451259 ], [ -73.971207999790479, 40.628090000165919 ], [ -73.971373999471822, 40.62896600048856 ] ] ] ] } },
{ "type": "Feature", "properties": { "STATEFP": "36", "COUNTYFP": "047", "TRACTCE": "047000", "BLKGRPCE": "2", "GEOID": "360470470002", "NAMELSAD": "Block Group 2", "MTFCC": "G5030", "FUNCSTAT": "S", "ALAND": 84096.0, "AWATER": 0.0, "INTPTLAT": "+40.6263746", "INTPTLON": "-073.9883635", "Shape__Are": 146139.941406, "Shape__Len": 1535.33795975 }, "geometry": { "type": "MultiPolygon", "coordinates": [ [ [ [ -73.990174999953268, 40.626556999904849 ], [ -73.989590999797187, 40.627117000633341 ], [ -73.989009000189228, 40.627675999900077 ], [ -73.988428000406159, 40.628230999275338 ], [ -73.985965999385087, 40.62675599958996 ], [ -73.986553999739129, 40.626194000212628 ], [ -73.986777000220215, 40.62597999993924 ], [ -73.987140000443375, 40.625636000337444 ], [ -73.987718999678279, 40.625071000438737 ], [ -73.988302000009469, 40.624513999585197 ], [ -73.989620000109497, 40.625310999555673 ], [ -73.989700000475437, 40.625359000093766 ], [ -73.989765999699358, 40.625398000079429 ], [ -73.990756000634647, 40.625998000135162 ], [ -73.990174999953268, 40.626556999904849 ] ] ] ] } },
{ "type": "Feature", "properties": { "STATEFP": "36", "COUNTYFP": "047", "TRACTCE": "047800", "BLKGRPCE": "1", "GEOID": "360470478001", "NAMELSAD": "Block Group 1", "MTFCC": "G5030", "FUNCSTAT": "S", "ALAND": 77378.0, "AWATER": 0.0, "INTPTLAT": "+40.6327975", "INTPTLON": "-073.9773273", "Shape__Are": 134490.714844, "Shape__Len": 1935.76511501 }, "geometry": { "type": "MultiPolygon", "coordinates": [ [ [ [ -73.978651999885116, 40.63304500032212 ], [ -73.977616999642294, 40.633153999636662 ], [ -73.978022000596567, 40.635553000266079 ], [ -73.976888000619567, 40.635675000295429 ], [ -73.976434000159813, 40.633288999779346 ], [ -73.976049000195331, 40.631275999748247 ], [ -73.976970999561928, 40.630838000494265 ], [ -73.977164999730675, 40.630746999723812 ], [ -73.977248999396267, 40.630707000686932 ], [ -73.977486000121033, 40.630594999711086 ], [ -73.978155000665964, 40.630281999469716 ], [ -73.978311000301574, 40.631274999627117 ], [ -73.978505000470335, 40.63224500029559 ], [ -73.978515999442664, 40.63229999999924 ], [ -73.978651999885116, 40.63304500032212 ] ] ] ] } },
{ "type": "Feature", "properties": { "STATEFP": "36", "COUNTYFP": "047", "TRACTCE": "052000", "BLKGRPCE": "2", "GEOID": "360470520002", "NAMELSAD": "Block Group 2", "MTFCC": "G5030", "FUNCSTAT": "S", "ALAND": 92121.0, "AWATER": 0.0, "INTPTLAT": "+40.6366696", "INTPTLON": "-073.9635655", "Shape__Are": 160136.765625, "Shape__Len": 1993.1975590699999 }, "geometry": { "type": "MultiPolygon", "coordinates": [ [ [ [ -73.964925000335327, 40.638850999866527 ], [ -73.964056000672201, 40.639263000374989 ], [ -73.963674000182479, 40.6394430003946 ], [ -73.96318599938752, 40.639672000399727 ], [ -73.962781000229867, 40.637513000108768 ], [ -73.962479999931006, 40.635933000405451 ], [ -73.962202999921573, 40.634500000078688 ], [ -73.962643000137618, 40.63428799998708 ], [ -73.963104999196659, 40.63406499971417 ], [ -73.96394599927072, 40.633661999936308 ], [ -73.964187000193448, 40.63495400022925 ], [ -73.964215000680866, 40.635099999480516 ], [ -73.964263000361441, 40.635357999767493 ], [ -73.964300000171349, 40.635556000437106 ], [ -73.964460000004934, 40.636412000100883 ], [ -73.964496999814841, 40.636606000206555 ], [ -73.964512999708376, 40.636688000130938 ], [ -73.964925000335327, 40.638850999866527 ] ] ] ] } },
{ "type": "Feature", "properties": { "STATEFP": "36", "COUNTYFP": "047", "TRACTCE": "052600", "BLKGRPCE": "3", "GEOID": "360470526003", "NAMELSAD": "Block Group 3", "MTFCC": "G5030", "FUNCSTAT": "S", "ALAND": 46339.0, "AWATER": 0.0, "INTPTLAT": "+40.6356374", "INTPTLON": "-073.9657354", "Shape__Are": 80549.7421875, "Shape__Len": 1769.2997814 }, "geometry": { "type": "MultiPolygon", "coordinates": [ [ [ [ -73.966662999661622, 40.638031000162918 ], [ -73.965792000348642, 40.63844100025122 ], [ -73.965445999843922, 40.636618999378271 ], [ -73.965382000269813, 40.636279000229798 ], [ -73.965081999795842, 40.634683000198436 ], [ -73.964804999786423, 40.633248999538296 ], [ -73.96567700072093, 40.63283000008942 ], [ -73.965950000532402, 40.634265999675328 ], [ -73.966175999589893, 40.63545900029262 ], [ -73.966254000306009, 40.635867000392949 ], [ -73.966662999661622, 40.638031000162918 ] ] ] ] } },
{ "type": "Feature", "properties": { "STATEFP": "36", "COUNTYFP": "047", "TRACTCE": "052800", "BLKGRPCE": "1", "GEOID": "360470528001", "NAMELSAD": "Block Group 1", "MTFCC": "G5030", "FUNCSTAT": "S", "ALAND": 108521.0, "AWATER": 0.0, "INTPTLAT": "+40.6308124", "INTPTLON": "-073.9611835", "Shape__Are": 188612.039062, "Shape__Len": 2267.3229175500001 }, "geometry": { "type": "MultiPolygon", "coordinates": [ [ [ [ -73.963674000182479, 40.632249999464833 ], [ -73.962299000181034, 40.632400000273911 ], [ -73.960860000605507, 40.632561999923901 ], [ -73.959898000157622, 40.632667999726202 ], [ -73.959444999522788, 40.630277000153157 ], [ -73.959267999970791, 40.62935399977367 ], [ -73.958993999436075, 40.627885999505935 ], [ -73.95995599988396, 40.62777799994695 ], [ -73.960147999504557, 40.62891499934652 ], [ -73.960218999649669, 40.629254999861033 ], [ -73.960263000030608, 40.629424000002153 ], [ -73.960407999795564, 40.630169999826371 ], [ -73.961368999520204, 40.630060000273751 ], [ -73.961823999804864, 40.630017000405566 ], [ -73.962298000356114, 40.629961000044212 ], [ -73.963224999745563, 40.629858999922796 ], [ -73.963371000233764, 40.630665000002111 ], [ -73.963528000592603, 40.631453999931459 ], [ -73.963674000182479, 40.632249999464833 ] ] ] ] } },
{ "type": "Feature", "properties": { "STATEFP": "36", "COUNTYFP": "047", "TRACTCE": "053200", "BLKGRPCE": "2", "GEOID": "360470532002", "NAMELSAD": "Block Group 2", "MTFCC": "G5030", "FUNCSTAT": "S", "ALAND": 109534.0, "AWATER": 0.0, "INTPTLAT": "+40.6251270", "INTPTLON": "-073.9597353", "Shape__Are": 190337.75, "Shape__Len": 2058.1230711799999 }, "geometry": { "type": "MultiPolygon", "coordinates": [ [ [ [ -73.960975000233233, 40.62522500049397 ], [ -73.960880999623583, 40.625236000094759 ], [ -73.960466000420212, 40.625283000475825 ], [ -73.960918000331816, 40.627674000231792 ], [ -73.95995599988396, 40.62777799994695 ], [ -73.958993999436075, 40.627885999505935 ], [ -73.958538000224806, 40.625494000314163 ], [ -73.958087999963013, 40.623104999364031 ], [ -73.959046000212922, 40.623000000308984 ], [ -73.960010000310618, 40.62289499972519 ], [ -73.960405000320847, 40.622850999769177 ], [ -73.960529000169387, 40.622836999715105 ], [ -73.960939999174812, 40.622790999906385 ], [ -73.961392999809661, 40.625179000284461 ], [ -73.960975000233233, 40.62522500049397 ] ] ] ] } },
{ "type": "Feature", "properties": { "STATEFP": "36", "COUNTYFP": "047", "TRACTCE": "002200", "BLKGRPCE": "2", "GEOID": "360470022002", "NAMELSAD": "Block Group 2", "MTFCC": "G5030", "FUNCSTAT": "S", "ALAND": 86065.0, "AWATER": 0.0, "INTPTLAT": "+40.6438528", "INTPTLON": "-074.0203386", "Shape__Are": 149639.929688, "Shape__Len": 1552.7840495200001 }, "geometry": { "type": "MultiPolygon", "coordinates": [ [ [ [ -74.022165999684091, 40.644050999911478 ], [ -74.021598000319827, 40.644598000128816 ], [ -74.021002000468158, 40.645173000246842 ], [ -74.020418000312063, 40.645733000252854 ], [ -74.018296999772829, 40.644454000366778 ], [ -74.018198999863543, 40.644401999543234 ], [ -74.018123999520455, 40.64435500035011 ], [ -74.017988999801261, 40.644270999766455 ], [ -74.017926000052071, 40.644232999824766 ], [ -74.018418999971558, 40.643760999893097 ], [ -74.019011000523577, 40.643165000398319 ], [ -74.019580000611057, 40.642594999779853 ], [ -74.020211999549417, 40.641980999443824 ], [ -74.020336000296297, 40.642055000587384 ], [ -74.020440000053355, 40.642116999419081 ], [ -74.020512000023373, 40.642160999632409 ], [ -74.020664000359361, 40.642243000231417 ], [ -74.022769000106749, 40.643469000101128 ], [ -74.022165999684091, 40.644050999911478 ] ] ] ] } },
{ "type": "Feature", "properties": { "STATEFP": "36", "COUNTYFP": "047", "TRACTCE": "002200", "BLKGRPCE": "3", "GEOID": "360470022003", "NAMELSAD": "Block Group 3", "MTFCC": "G5030", "FUNCSTAT": "S", "ALAND": 95808.0, "AWATER": 0.0, "INTPTLAT": "+40.6414416", "INTPTLON": "-074.0230785", "Shape__Are": 166569.878906, "Shape__Len": 1795.79170271 }, "geometry": { "type": "MultiPolygon", "coordinates": [ [ [ [ -74.025119999901449, 40.641210000039699 ], [ -74.024547000514318, 40.641760000256333 ], [ -74.023955999787219, 40.642326999959209 ], [ -74.02337099980619, 40.642888999881571 ], [ -74.022769000106749, 40.643469000101128 ], [ -74.020664000359361, 40.642243000231417 ], [ -74.020512000023373, 40.642160999632409 ], [ -74.020440000053355, 40.642116999419081 ], [ -74.020336000296297, 40.642055000587384 ], [ -74.020211999549417, 40.641980999443824 ], [ -74.020856999804892, 40.641434999560659 ], [ -74.020867000748936, 40.64151799965596 ], [ -74.020926000300179, 40.64158700011658 ], [ -74.020965999584845, 40.64165099999591 ], [ -74.02116499977646, 40.641416999436039 ], [ -74.021379000036717, 40.641271000366473 ], [ -74.021519999603711, 40.641180999473704 ], [ -74.021759999803194, 40.641018000312279 ], [ -74.021990999781892, 40.640859999959069 ], [ -74.022277000012153, 40.640689000173516 ], [ -74.022506999267605, 40.640557999925903 ], [ -74.02261599994587, 40.640425000134698 ], [ -74.023105000565721, 40.639996000145452 ], [ -74.02354499988347, 40.639313999748119 ], [ -74.024573999380166, 40.639924000110632 ], [ -74.024663999791855, 40.639983000267968 ], [ -74.024719999868353, 40.64002500054464 ], [ -74.025723999250715, 40.640631000621177 ], [ -74.025119999901449, 40.641210000039699 ] ] ] ] } },
{ "type": "Feature", "properties": { "STATEFP": "36", "COUNTYFP": "047", "TRACTCE": "003000", "BLKGRPCE": "2", "GEOID": "360470030002", "NAMELSAD": "Block Group 2", "MTFCC": "G5030", "FUNCSTAT": "S", "ALAND": 44302.0, "AWATER": 0.0, "INTPTLAT": "+40.6377530", "INTPTLON": "-074.0296355", "Shape__Are": 77013.4921875, "Shape__Len": 1119.9423543600001 }, "geometry": { "type": "MultiPolygon", "coordinates": [ [ [ [ -74.03089100006882, 40.63827899986881 ], [ -74.030605999663464, 40.638962999945335 ], [ -74.02800400069691, 40.63814499960889 ], [ -74.028278999259896, 40.637468000211769 ], [ -74.028658000274902, 40.636545999749188 ], [ -74.031267999637365, 40.637357000381478 ], [ -74.03089100006882, 40.63827899986881 ] ] ] ] } },
{ "type": "Feature", "properties": { "STATEFP": "36", "COUNTYFP": "047", "TRACTCE": "003400", "BLKGRPCE": "2", "GEOID": "360470034002", "NAMELSAD": "Block Group 2", "MTFCC": "G5030", "FUNCSTAT": "S", "ALAND": 65607.0, "AWATER": 0.0, "INTPTLAT": "+40.6373893", "INTPTLON": "-074.0338087", "Shape__Are": 114049.214844, "Shape__Len": 1508.33744918 }, "geometry": { "type": "MultiPolygon", "coordinates": [ [ [ [ -74.036098999996483, 40.638264000305874 ], [ -74.036072000232309, 40.638442000265009 ], [ -74.036020000353787, 40.638650000075494 ], [ -74.035958000429488, 40.638820999630902 ], [ -74.035764000260741, 40.638759000464574 ], [ -74.034857000064449, 40.638474000015833 ], [ -74.034160999755358, 40.638254999475784 ], [ -74.033879999547963, 40.638167000005808 ], [ -74.033606999736492, 40.638081999795624 ], [ -74.033517000223128, 40.638053999935266 ], [ -74.032090000343146, 40.637613999418839 ], [ -74.03149000029353, 40.637425999689682 ], [ -74.031267999637365, 40.637357000381478 ], [ -74.031404999904709, 40.637019000289861 ], [ -74.031547000194934, 40.636673000210486 ], [ -74.031826000752517, 40.635992999368653 ], [ -74.032502999896707, 40.636197999850481 ], [ -74.034440999239521, 40.636799999748462 ], [ -74.036071000407389, 40.637306000194897 ], [ -74.036108000217325, 40.638085999872082 ], [ -74.036098999996483, 40.638264000305874 ] ] ] ] } },
{ "type": "Feature", "properties": { "STATEFP": "36", "COUNTYFP": "047", "TRACTCE": "006800", "BLKGRPCE": "2", "GEOID": "360470068002", "NAMELSAD": "Block Group 2", "MTFCC": "G5030", "FUNCSTAT": "S", "ALAND": 55522.0, "AWATER": 0.0, "INTPTLAT": "+40.6342009", "INTPTLON": "-074.0252352", "Shape__Are": 96507.3125, "Shape__Len": 1254.3766938399999 }, "geometry": { "type": "MultiPolygon", "coordinates": [ [ [ [ -74.026679999850799, 40.634197000509815 ], [ -74.026332999521159, 40.63496899985423 ], [ -74.026038999793286, 40.635740999816029 ], [ -74.023518000119282, 40.634616000242609 ], [ -74.023883999817187, 40.633724000427542 ], [ -74.024238000717816, 40.632858999511164 ], [ -74.025177000701163, 40.63309599967333 ], [ -74.026038999793286, 40.633302999687679 ], [ -74.026951000012446, 40.633515999585704 ], [ -74.026679999850799, 40.634197000509815 ] ] ] ] } },
{ "type": "Feature", "properties": { "STATEFP": "36", "COUNTYFP": "047", "TRACTCE": "006800", "BLKGRPCE": "4", "GEOID": "360470068004", "NAMELSAD": "Block Group 4", "MTFCC": "G5030", "FUNCSTAT": "S", "ALAND": 52475.0, "AWATER": 0.0, "INTPTLAT": "+40.6361281", "INTPTLON": "-074.0274054", "Shape__Are": 91217.390625, "Shape__Len": 1212.7611790399999 }, "geometry": { "type": "MultiPolygon", "coordinates": [ [ [ [ -74.028941999957027, 40.635867000392956 ], [ -74.028806999339494, 40.636188999423517 ], [ -74.028658000274902, 40.636545999749188 ], [ -74.028278999259896, 40.637468000211769 ], [ -74.027884000147992, 40.637345000020304 ], [ -74.027352999695353, 40.637180000288794 ], [ -74.025665999524392, 40.636666999968682 ], [ -74.025745999890319, 40.636464999693771 ], [ -74.026038999793286, 40.635740999816029 ], [ -74.026332999521159, 40.63496899985423 ], [ -74.028315999968143, 40.635255999709749 ], [ -74.029134000475977, 40.635372999983346 ], [ -74.028941999957027, 40.635867000392956 ] ] ] ] } },
{ "type": "Feature", "properties": { "STATEFP": "36", "COUNTYFP": "047", "TRACTCE": "007000", "BLKGRPCE": "1", "GEOID": "360470070001", "NAMELSAD": "Block Group 1", "MTFCC": "G5030", "FUNCSTAT": "S", "ALAND": 94743.0, "AWATER": 0.0, "INTPTLAT": "+40.6386284", "INTPTLON": "-074.0234433", "Shape__Are": 164701.980469, "Shape__Len": 2482.56658143 }, "geometry": { "type": "MultiPolygon", "coordinates": [ [ [ [ -74.026860999600757, 40.639536000214569 ], [ -74.024754000203544, 40.63812099984932 ], [ -74.024521999501644, 40.638340000147338 ], [ -74.02413099968939, 40.638752999728595 ], [ -74.023958000335341, 40.638916000330745 ], [ -74.02354499988347, 40.639313999748119 ], [ -74.023105000565721, 40.639996000145452 ], [ -74.02261599994587, 40.640425000134698 ], [ -74.022506999267605, 40.640557999925903 ], [ -74.022277000012153, 40.640689000173516 ], [ -74.021990999781892, 40.640859999959069 ], [ -74.021759999803194, 40.641018000312279 ], [ -74.021519999603711, 40.641180999473704 ], [ -74.021379000036717, 40.641271000366473 ], [ -74.02116499977646, 40.641416999436039 ], [ -74.021396999580048, 40.641145999737482 ], [ -74.021555999588699, 40.640870999711048 ], [ -74.021659000419177, 40.640664999965288 ], [ -74.021774000046932, 40.640409999690661 ], [ -74.021680000335579, 40.639832000142491 ], [ -74.021694999505883, 40.639632999888775 ], [ -74.021692000031152, 40.639461000369884 ], [ -74.021667000815114, 40.639298999736049 ], [ -74.021630999931787, 40.639190999549577 ], [ -74.021586000624254, 40.639073999832 ], [ -74.02151499958083, 40.638861999949498 ], [ -74.021420000044586, 40.63866100019159 ], [ -74.021344999701512, 40.638543000214604 ], [ -74.02120099976149, 40.638371000613965 ], [ -74.021086999958655, 40.638261999591329 ], [ -74.021224000226013, 40.638115000419369 ], [ -74.021358999945207, 40.637966999539522 ], [ -74.021692999856057, 40.637652999745953 ], [ -74.021921999286604, 40.637437999354638 ], [ -74.022149999790543, 40.637240000176327 ], [ -74.022480000401742, 40.636950999915342 ], [ -74.022625999991618, 40.636798999710145 ], [ -74.025089999764205, 40.637793999794702 ], [ -74.027623999856999, 40.638804999499754 ], [ -74.026860999600757, 40.639536000214569 ] ] ] ] } },
{ "type": "Feature", "properties": { "STATEFP": "36", "COUNTYFP": "047", "TRACTCE": "007000", "BLKGRPCE": "2", "GEOID": "360470070002", "NAMELSAD": "Block Group 2", "MTFCC": "G5030", "FUNCSTAT": "S", "ALAND": 54454.0, "AWATER": 0.0, "INTPTLAT": "+40.6374467", "INTPTLON": "-074.0257838", "Shape__Are": 94660.3164062, "Shape__Len": 1655.71963697 }, "geometry": { "type": "MultiPolygon", "coordinates": [ [ [ [ -74.02800400069691, 40.63814499960889 ], [ -74.02780200013224, 40.638625000486449 ], [ -74.027623999856999, 40.638804999499754 ], [ -74.025089999764205, 40.637793999794702 ], [ -74.022625999991618, 40.636798999710145 ], [ -74.022910000572068, 40.636108000298393 ], [ -74.025471999355631, 40.637140000333737 ], [ -74.025665999524392, 40.636666999968682 ], [ -74.027352999695353, 40.637180000288794 ], [ -74.027884000147992, 40.637345000020304 ], [ -74.028278999259896, 40.637468000211769 ], [ -74.02800400069691, 40.63814499960889 ] ] ] ] } },
{ "type": "Feature", "properties": { "STATEFP": "36", "COUNTYFP": "047", "TRACTCE": "007200", "BLKGRPCE": "1", "GEOID": "360470072001", "NAMELSAD": "Block Group 1", "MTFCC": "G5030", "FUNCSTAT": "S", "ALAND": 62490.0, "AWATER": 0.0, "INTPTLAT": "+40.6402978", "INTPTLON": "-074.0204135", "Shape__Are": 108636.957031, "Shape__Len": 1418.49653724 }, "geometry": { "type": "MultiPolygon", "coordinates": [ [ [ [ -74.021774000046932, 40.640409999690661 ], [ -74.021659000419177, 40.640664999965288 ], [ -74.021555999588699, 40.640870999711048 ], [ -74.021396999580048, 40.641145999737482 ], [ -74.02116499977646, 40.641416999436039 ], [ -74.020965999584845, 40.64165099999591 ], [ -74.020926000300179, 40.64158700011658 ], [ -74.020867000748936, 40.64151799965596 ], [ -74.020856999804892, 40.641434999560659 ], [ -74.020211999549417, 40.641980999443824 ], [ -74.020117999838092, 40.641920999727553 ], [ -74.0184220003446, 40.640846000272099 ], [ -74.019024000044041, 40.640263999781908 ], [ -74.019608000200151, 40.63970399956095 ], [ -74.02018999980811, 40.639145000098701 ], [ -74.020773999964206, 40.638580999987312 ], [ -74.021032999531997, 40.638316999791833 ], [ -74.021086999958655, 40.638261999591329 ], [ -74.02120099976149, 40.638371000613965 ], [ -74.021344999701512, 40.638543000214604 ], [ -74.021420000044586, 40.63866100019159 ], [ -74.02151499958083, 40.638861999949498 ], [ -74.021586000624254, 40.639073999832 ], [ -74.021630999931787, 40.639190999549577 ], [ -74.021667000815114, 40.639298999736049 ], [ -74.021692000031152, 40.639461000369884 ], [ -74.021694999505883, 40.639632999888775 ], [ -74.021680000335579, 40.639832000142491 ], [ -74.021774000046932, 40.640409999690661 ] ] ] ] } },
{ "type": "Feature", "properties": { "STATEFP": "36", "COUNTYFP": "047", "TRACTCE": "076400", "BLKGRPCE": "1", "GEOID": "360470764001", "NAMELSAD": "Block Group 1", "MTFCC": "G5030", "FUNCSTAT": "S", "ALAND": 63040.0, "AWATER": 0.0, "INTPTLAT": "+40.6343275", "INTPTLON": "-073.9590722", "Shape__Are": 109575.578125, "Shape__Len": 1412.45536993 }, "geometry": { "type": "MultiPolygon", "coordinates": [ [ [ [ -73.959976999800347, 40.635567999756461 ], [ -73.959524999888714, 40.635786000195438 ], [ -73.958400000132542, 40.636326999701296 ], [ -73.958197999567872, 40.635289000367067 ], [ -73.957753000227271, 40.632903000372906 ], [ -73.958954000151408, 40.632771000427638 ], [ -73.959898000157622, 40.632667999726202 ], [ -73.960409000518794, 40.635359999887356 ], [ -73.959976999800347, 40.635567999756461 ] ] ] ] } },
{ "type": "Feature", "properties": { "STATEFP": "36", "COUNTYFP": "047", "TRACTCE": "084000", "BLKGRPCE": "2", "GEOID": "360470840002", "NAMELSAD": "Block Group 2", "MTFCC": "G5030", "FUNCSTAT": "S", "ALAND": 85738.0, "AWATER": 0.0, "INTPTLAT": "+40.6408448", "INTPTLON": "-073.9311693", "Shape__Are": 149058.097656, "Shape__Len": 1555.0335606399999 }, "geometry": { "type": "MultiPolygon", "coordinates": [ [ [ [ -73.933234000180192, 40.641895000038204 ], [ -73.93226400023471, 40.64194999997202 ], [ -73.931293000464322, 40.642015000145264 ], [ -73.930360000328776, 40.642073000539973 ], [ -73.929355000223183, 40.64213400007808 ], [ -73.929105999802843, 40.639795000393676 ], [ -73.930110999908422, 40.639734000081411 ], [ -73.931042000394172, 40.639676000380888 ], [ -73.932013000164545, 40.639615999956064 ], [ -73.932983999934933, 40.639555000161856 ], [ -73.933234000180192, 40.641895000038204 ] ] ] ] } },
{ "type": "Feature", "properties": { "STATEFP": "36", "COUNTYFP": "047", "TRACTCE": "084600", "BLKGRPCE": "1", "GEOID": "360470846001", "NAMELSAD": "Block Group 1", "MTFCC": "G5030", "FUNCSTAT": "S", "ALAND": 85302.0, "AWATER": 0.0, "INTPTLAT": "+40.6434008", "INTPTLON": "-073.9275138", "Shape__Are": 148309.691406, "Shape__Len": 1553.38632456 }, "geometry": { "type": "MultiPolygon", "coordinates": [ [ [ [ -73.929599000620684, 40.644433000602724 ], [ -73.92859399961678, 40.644494000710495 ], [ -73.927659999656314, 40.64455300023657 ], [ -73.926688999885911, 40.644613999553044 ], [ -73.925720999590283, 40.644673999575012 ], [ -73.925382000554862, 40.642384000128146 ], [ -73.926446000211669, 40.64231599976555 ], [ -73.927416000157152, 40.642252999798821 ], [ -73.928348000467807, 40.642196999475551 ], [ -73.929355000223183, 40.64213400007808 ], [ -73.929599000620684, 40.644433000602724 ] ] ] ] } },
{ "type": "Feature", "properties": { "STATEFP": "36", "COUNTYFP": "047", "TRACTCE": "088800", "BLKGRPCE": "3", "GEOID": "360470888003", "NAMELSAD": "Block Group 3", "MTFCC": "G5030", "FUNCSTAT": "S", "ALAND": 82767.0, "AWATER": 0.0, "INTPTLAT": "+40.6537350", "INTPTLON": "-073.9195260", "Shape__Are": 143948.378906, "Shape__Len": 2033.4881975400001 }, "geometry": { "type": "MultiPolygon", "coordinates": [ [ [ [ -73.921776000409338, 40.654423999794773 ], [ -73.921495000201958, 40.654603999818249 ], [ -73.921004999757201, 40.654918000286941 ], [ -73.920293000452887, 40.655380999799135 ], [ -73.91957799987722, 40.655841999999616 ], [ -73.91806200030878, 40.654492999861191 ], [ -73.917868999964938, 40.654322000247433 ], [ -73.917770000230746, 40.654379000394556 ], [ -73.917576000061985, 40.654313999995715 ], [ -73.917751999789076, 40.654214999612577 ], [ -73.917835000528086, 40.654161000023237 ], [ -73.918473000212529, 40.653744999651522 ], [ -73.919185000415141, 40.653289000274732 ], [ -73.91737000019765, 40.651653999761642 ], [ -73.918136999753557, 40.651157999992051 ], [ -73.919962000016781, 40.652788999833113 ], [ -73.920772999953584, 40.652553999673863 ], [ -73.920875999885737, 40.653607999731335 ], [ -73.921580000590779, 40.654263000498226 ], [ -73.921696000043411, 40.65437199992477 ], [ -73.921776000409338, 40.654423999794773 ] ] ] ] } },
{ "type": "Feature", "properties": { "STATEFP": "36", "COUNTYFP": "047", "TRACTCE": "091800", "BLKGRPCE": "2", "GEOID": "360470918002", "NAMELSAD": "Block Group 2", "MTFCC": "G5030", "FUNCSTAT": "S", "ALAND": 111482.0, "AWATER": 0.0, "INTPTLAT": "+40.6618453", "INTPTLON": "-073.9029172", "Shape__Are": 193937.550781, "Shape__Len": 1763.21261654 }, "geometry": { "type": "MultiPolygon", "coordinates": [ [ [ [ -73.905172999561699, 40.663105999700598 ], [ -73.90421100001214, 40.66324499984345 ], [ -73.90328399972438, 40.663384000378031 ], [ -73.902375999703182, 40.663517000069277 ], [ -73.901450999963544, 40.663659000307653 ], [ -73.901052999580273, 40.662124999452061 ], [ -73.900660999943113, 40.66058700002435 ], [ -73.901579999834979, 40.660450999527505 ], [ -73.902498999726816, 40.66031499943481 ], [ -73.903420999991724, 40.660177999376778 ], [ -73.904384999191109, 40.660034000524576 ], [ -73.90478199974946, 40.661567999723722 ], [ -73.905172999561699, 40.663105999700598 ] ] ] ] } },
{ "type": "Feature", "properties": { "STATEFP": "36", "COUNTYFP": "047", "TRACTCE": "095800", "BLKGRPCE": "1", "GEOID": "360470958001", "NAMELSAD": "Block Group 1", "MTFCC": "G5030", "FUNCSTAT": "S", "ALAND": 90004.0, "AWATER": 0.0, "INTPTLAT": "+40.6423743", "INTPTLON": "-073.9133624", "Shape__Are": 156484.472656, "Shape__Len": 1575.4606384900001 }, "geometry": { "type": "MultiPolygon", "coordinates": [ [ [ [ -73.915670000506211, 40.642549999900382 ], [ -73.915187000632471, 40.642861999940159 ], [ -73.914723999951875, 40.643160999944612 ], [ -73.914441000094655, 40.643342000299555 ], [ -73.913754999831298, 40.643777999451835 ], [ -73.913687999884147, 40.643812999852798 ], [ -73.913197000512781, 40.644069999936839 ], [ -73.912914999582156, 40.644177000481058 ], [ -73.911600999680118, 40.642996999538113 ], [ -73.910763999804033, 40.6422460001018 ], [ -73.911474000356819, 40.641787999925519 ], [ -73.911567000243238, 40.641733999822655 ], [ -73.912290000316489, 40.641410000333003 ], [ -73.913145999560854, 40.641034999887935 ], [ -73.913903999794215, 40.640569000409272 ], [ -73.91592499987604, 40.642384000128153 ], [ -73.915670000506211, 40.642549999900382 ] ] ] ] } },
{ "type": "Feature", "properties": { "STATEFP": "36", "COUNTYFP": "047", "TRACTCE": "088800", "BLKGRPCE": "2", "GEOID": "360470888002", "NAMELSAD": "Block Group 2", "MTFCC": "G5030", "FUNCSTAT": "S", "ALAND": 71780.0, "AWATER": 0.0, "INTPTLAT": "+40.6532886", "INTPTLON": "-073.9167100", "Shape__Are": 124837.621094, "Shape__Len": 1557.06025987 }, "geometry": { "type": "MultiPolygon", "coordinates": [ [ [ [ -73.918473000212529, 40.653744999651522 ], [ -73.917835000528086, 40.654161000023237 ], [ -73.917751999789076, 40.654214999612577 ], [ -73.917576000061985, 40.654313999995715 ], [ -73.916591000047887, 40.654271999851154 ], [ -73.91530699938474, 40.654222000098898 ], [ -73.913743999960658, 40.654168999611784 ], [ -73.913568000233553, 40.653997999849146 ], [ -73.913745000683875, 40.654003999896069 ], [ -73.913815000105771, 40.653963000019061 ], [ -73.914510999516537, 40.653500999996012 ], [ -73.915226000092204, 40.653038999500012 ], [ -73.915940999769546, 40.652576999894187 ], [ -73.916653999797077, 40.652117000114927 ], [ -73.91737000019765, 40.651653999761642 ], [ -73.919185000415141, 40.653289000274732 ], [ -73.918473000212529, 40.653744999651522 ] ] ] ] } },
{ "type": "Feature", "properties": { "STATEFP": "36", "COUNTYFP": "047", "TRACTCE": "112600", "BLKGRPCE": "3", "GEOID": "360471126003", "NAMELSAD": "Block Group 3", "MTFCC": "G5030", "FUNCSTAT": "S", "ALAND": 56296.0, "AWATER": 0.0, "INTPTLAT": "+40.6646210", "INTPTLON": "-073.8949839", "Shape__Are": 97941.5546875, "Shape__Len": 1345.33190844 }, "geometry": { "type": "MultiPolygon", "coordinates": [ [ [ [ -73.896315999830804, 40.666019000139201 ], [ -73.895409000532837, 40.666153999905561 ], [ -73.894438999689044, 40.666297000258453 ], [ -73.894042000029003, 40.664752000209617 ], [ -73.893650000391844, 40.66322299953621 ], [ -73.894627999834924, 40.663080000769277 ], [ -73.895530999833241, 40.662944999550575 ], [ -73.895920999820589, 40.664470999548861 ], [ -73.896315999830804, 40.666019000139201 ] ] ] ] } },
{ "type": "Feature", "properties": { "STATEFP": "36", "COUNTYFP": "047", "TRACTCE": "115600", "BLKGRPCE": "1", "GEOID": "360471156001", "NAMELSAD": "Block Group 1", "MTFCC": "G5030", "FUNCSTAT": "S", "ALAND": 41805.0, "AWATER": 0.0, "INTPTLAT": "+40.6685331", "INTPTLON": "-073.8944949", "Shape__Are": 72738.3789062, "Shape__Len": 1518.34534261 }, "geometry": { "type": "MultiPolygon", "coordinates": [ [ [ [ -73.895544000252045, 40.670626000583326 ], [ -73.894555999864906, 40.670769999733778 ], [ -73.894231000174898, 40.66951899971108 ], [ -73.893838999639428, 40.667979999506983 ], [ -73.893445999279024, 40.666445999914067 ], [ -73.894438999689044, 40.666297000258453 ], [ -73.894830999326203, 40.667833000381265 ], [ -73.895222000036767, 40.669370000107712 ], [ -73.895544000252045, 40.670626000583326 ] ] ] ] } },
{ "type": "Feature", "properties": { "STATEFP": "36", "COUNTYFP": "047", "TRACTCE": "092000", "BLKGRPCE": "3", "GEOID": "360470920003", "NAMELSAD": "Block Group 3", "MTFCC": "G5030", "FUNCSTAT": "S", "ALAND": 123222.0, "AWATER": 0.0, "INTPTLAT": "+40.6589222", "INTPTLON": "-073.9019510", "Shape__Are": 214341.191406, "Shape__Len": 1973.8974627699999 }, "geometry": { "type": "MultiPolygon", "coordinates": [ [ [ [ -73.904384999191109, 40.660034000524576 ], [ -73.903420999991724, 40.660177999376778 ], [ -73.902498999726816, 40.66031499943481 ], [ -73.901579999834979, 40.660450999527505 ], [ -73.900660999943113, 40.66058700002435 ], [ -73.90025900026022, 40.660619000060855 ], [ -73.899889000364368, 40.660640000182944 ], [ -73.899651999639588, 40.660735000490469 ], [ -73.899216999446395, 40.659112000355584 ], [ -73.899615999654571, 40.658931999546795 ], [ -73.900187000290188, 40.658674999454639 ], [ -73.90103000001406, 40.658302000728206 ], [ -73.900755000552763, 40.657229999231454 ], [ -73.901686999965094, 40.657104000136471 ], [ -73.902631999796228, 40.656965999881081 ], [ -73.90356400010684, 40.656825999863635 ], [ -73.903643999574484, 40.657136999533058 ], [ -73.903992000627341, 40.658497999332454 ], [ -73.904384999191109, 40.660034000524576 ] ] ] ] } },
{ "type": "Feature", "properties": { "STATEFP": "36", "COUNTYFP": "047", "TRACTCE": "113200", "BLKGRPCE": "2", "GEOID": "360471132002", "NAMELSAD": "Block Group 2", "MTFCC": "G5030", "FUNCSTAT": "S", "ALAND": 78461.0, "AWATER": 0.0, "INTPTLAT": "+40.6631769", "INTPTLON": "-073.8993601", "Shape__Are": 136497.140625, "Shape__Len": 1779.35955029 }, "geometry": { "type": "MultiPolygon", "coordinates": [ [ [ [ -73.900850999913914, 40.665345999836518 ], [ -73.899996999421077, 40.665472000398729 ], [ -73.8990759998794, 40.665608000197643 ], [ -73.89868000004428, 40.664061999548792 ], [ -73.898290000056946, 40.662534000427243 ], [ -73.897895999871636, 40.660998999917297 ], [ -73.898818999961463, 40.660860999541917 ], [ -73.899651999639588, 40.660735000490469 ], [ -73.900025999733401, 40.662280999891635 ], [ -73.900417000443952, 40.663805999775263 ], [ -73.900850999913914, 40.665345999836518 ] ] ] ] } },
{ "type": "Feature", "properties": { "STATEFP": "36", "COUNTYFP": "047", "TRACTCE": "013000", "BLKGRPCE": "2", "GEOID": "360470130002", "NAMELSAD": "Block Group 2", "MTFCC": "G5030", "FUNCSTAT": "S", "ALAND": 49141.0, "AWATER": 0.0, "INTPTLAT": "+40.6320132", "INTPTLON": "-074.0201348", "Shape__Are": 85411.015625, "Shape__Len": 1190.2502954900001 }, "geometry": { "type": "MultiPolygon", "coordinates": [ [ [ [ -74.021374999838756, 40.632579000289397 ], [ -74.021066000042254, 40.633334000448002 ], [ -74.021011999615595, 40.633469000226732 ], [ -74.019736000246667, 40.632884999992896 ], [ -74.018529999401338, 40.632334000177615 ], [ -74.018586000376146, 40.632195999827374 ], [ -74.01889500017262, 40.631444000109951 ], [ -74.019063000402127, 40.631039000625364 ], [ -74.019259000220686, 40.630559999878919 ], [ -74.021737000236982, 40.631687999963667 ], [ -74.021374999838756, 40.632579000289397 ] ] ] ] } },
{ "type": "Feature", "properties": { "STATEFP": "36", "COUNTYFP": "047", "TRACTCE": "013000", "BLKGRPCE": "3", "GEOID": "360470130003", "NAMELSAD": "Block Group 3", "MTFCC": "G5030", "FUNCSTAT": "S", "ALAND": 38899.0, "AWATER": 0.0, "INTPTLAT": "+40.6313489", "INTPTLON": "-074.0218854", "Shape__Are": 67608.1484375, "Shape__Len": 1512.3548658 }, "geometry": { "type": "MultiPolygon", "coordinates": [ [ [ [ -74.024238000717816, 40.632858999511164 ], [ -74.021737000236982, 40.631687999963667 ], [ -74.019259000220686, 40.630559999878919 ], [ -74.019358999779811, 40.630309999862561 ], [ -74.019549999575531, 40.629855000035192 ], [ -74.022023999393852, 40.630987999703059 ], [ -74.024519999851819, 40.632167000117647 ], [ -74.024238000717816, 40.632858999511164 ] ] ] ] } },
{ "type": "Feature", "properties": { "STATEFP": "36", "COUNTYFP": "047", "TRACTCE": "036300", "BLKGRPCE": "1", "GEOID": "360470363001", "NAMELSAD": "Block Group 1", "MTFCC": "G5030", "FUNCSTAT": "S", "ALAND": 54792.0, "AWATER": 0.0, "INTPTLAT": "+40.6723609", "INTPTLON": "-073.9124882", "Shape__Are": 95346.3828125, "Shape__Len": 1501.0557059299999 }, "geometry": { "type": "MultiPolygon", "coordinates": [ [ [ [ -73.914192000572626, 40.671361999863201 ], [ -73.914171000656239, 40.671455999687993 ], [ -73.914131000473262, 40.671876999596691 ], [ -73.914087000092323, 40.672348000084234 ], [ -73.914003999353326, 40.673240000130008 ], [ -73.911224000111545, 40.673151999782249 ], [ -73.911229999959346, 40.67307899991664 ], [ -73.910400999580872, 40.673023000254858 ], [ -73.90990399946341, 40.672991000037683 ], [ -73.909254999908285, 40.672947999210727 ], [ -73.909769999569093, 40.672733000110355 ], [ -73.909944999471278, 40.672660999968308 ], [ -73.910968000018514, 40.672236000167089 ], [ -73.911098999539774, 40.672183000365834 ], [ -73.911336000264555, 40.672076999955564 ], [ -73.912218000346485, 40.671686999926514 ], [ -73.913085999286395, 40.671309999569822 ], [ -73.914038999513437, 40.670897000477105 ], [ -73.914096000313165, 40.670972999947878 ], [ -73.914141999445604, 40.67105600009576 ], [ -73.914174000130956, 40.671142000074333 ], [ -73.914193000397532, 40.671239999661097 ], [ -73.914192000572626, 40.671361999863201 ] ] ] ] } },
{ "type": "Feature", "properties": { "STATEFP": "36", "COUNTYFP": "047", "TRACTCE": "051800", "BLKGRPCE": "3", "GEOID": "360470518003", "NAMELSAD": "Block Group 3", "MTFCC": "G5030", "FUNCSTAT": "S", "ALAND": 47670.0, "AWATER": 0.0, "INTPTLAT": "+40.6373040", "INTPTLON": "-073.9622485", "Shape__Are": 82866.5664062, "Shape__Len": 1769.2725110900001 }, "geometry": { "type": "MultiPolygon", "coordinates": [ [ [ [ -73.96318599938752, 40.639672000399727 ], [ -73.962282000462594, 40.640101000426256 ], [ -73.961876999508334, 40.637930000120377 ], [ -73.961582000853866, 40.636367999506554 ], [ -73.9613119996188, 40.634925999738691 ], [ -73.962202999921573, 40.634500000078688 ], [ -73.962479999931006, 40.635933000405451 ], [ -73.962781000229867, 40.637513000108768 ], [ -73.96318599938752, 40.639672000399727 ] ] ] ] } },
{ "type": "Feature", "properties": { "STATEFP": "36", "COUNTYFP": "047", "TRACTCE": "003000", "BLKGRPCE": "1", "GEOID": "360470030001", "NAMELSAD": "Block Group 1", "MTFCC": "G5030", "FUNCSTAT": "S", "ALAND": 65886.0, "AWATER": 0.0, "INTPTLAT": "+40.6396359", "INTPTLON": "-074.0285336", "Shape__Are": 114541.800781, "Shape__Len": 1477.66280482 }, "geometry": { "type": "MultiPolygon", "coordinates": [ [ [ [ -74.030321999981325, 40.639646999830077 ], [ -74.029095000117891, 40.6408109996786 ], [ -74.028851999545338, 40.640801999873609 ], [ -74.029073000376599, 40.640968999466224 ], [ -74.028900999949158, 40.641007999878212 ], [ -74.028900999949158, 40.641146999710742 ], [ -74.02907899932606, 40.641274000280532 ], [ -74.028896999751197, 40.641213999928731 ], [ -74.028371000219707, 40.640995000197819 ], [ -74.028001000323883, 40.640828999285027 ], [ -74.027401999200833, 40.64054400017563 ], [ -74.027017000134691, 40.640380000155638 ], [ -74.02690300033187, 40.64033600013164 ], [ -74.026725999881549, 40.640271999673104 ], [ -74.026605999332645, 40.640236000155106 ], [ -74.026257000251505, 40.640132000075042 ], [ -74.026308999231716, 40.640089999865737 ], [ -74.026347999589788, 40.640043000363001 ], [ -74.026442000199424, 40.639939999973585 ], [ -74.026600000383155, 40.639786999763665 ], [ -74.026694000094508, 40.639699999581396 ], [ -74.026860999600757, 40.639536000214569 ], [ -74.027623999856999, 40.638804999499754 ], [ -74.02780200013224, 40.638625000486449 ], [ -74.02800400069691, 40.63814499960889 ], [ -74.030605999663464, 40.638962999945335 ], [ -74.030321999981325, 40.639646999830077 ] ] ] ] } },
{ "type": "Feature", "properties": { "STATEFP": "36", "COUNTYFP": "047", "TRACTCE": "090800", "BLKGRPCE": "2", "GEOID": "360470908002", "NAMELSAD": "Block Group 2", "MTFCC": "G5030", "FUNCSTAT": "S", "ALAND": 57869.0, "AWATER": 0.0, "INTPTLAT": "+40.6698139", "INTPTLON": "-073.9036603", "Shape__Are": 100693.625, "Shape__Len": 1600.4288710200001 }, "geometry": { "type": "MultiPolygon", "coordinates": [ [ [ [ -73.906031000252511, 40.670383999739698 ], [ -73.905109999812524, 40.670528000094109 ], [ -73.904200999966406, 40.670657000360471 ], [ -73.903269000554076, 40.670792999805833 ], [ -73.902595999811211, 40.67088900016919 ], [ -73.902288999664535, 40.670936000431517 ], [ -73.901982000416197, 40.669670000117236 ], [ -73.901668000596842, 40.668412999785922 ], [ -73.901839000301067, 40.668387999762864 ], [ -73.902625999948427, 40.668272999945046 ], [ -73.902945999615582, 40.669530000189859 ], [ -73.903883999773996, 40.66938699995579 ], [ -73.904790999970288, 40.669254000387212 ], [ -73.905707000387395, 40.669116000057507 ], [ -73.906031000252511, 40.670383999739698 ] ] ] ] } },
{ "type": "Feature", "properties": { "STATEFP": "36", "COUNTYFP": "047", "TRACTCE": "112800", "BLKGRPCE": "3", "GEOID": "360471128003", "NAMELSAD": "Block Group 3", "MTFCC": "G5030", "FUNCSTAT": "S", "ALAND": 71179.0, "AWATER": 0.0, "INTPTLAT": "+40.6613106", "INTPTLON": "-073.8937338", "Shape__Are": 123821.894531, "Shape__Len": 1602.1425904499999 }, "geometry": { "type": "MultiPolygon", "coordinates": [ [ [ [ -73.895530999833241, 40.662944999550575 ], [ -73.894627999834924, 40.663080000769277 ], [ -73.893650000391844, 40.66322299953621 ], [ -73.893103000045656, 40.661833999950353 ], [ -73.891649000401515, 40.659933000387028 ], [ -73.892464000536293, 40.659581000291169 ], [ -73.893278999772747, 40.659230000084612 ], [ -73.894690000657533, 40.661126000188304 ], [ -73.894950000050201, 40.661015999854889 ], [ -73.895150999891655, 40.661313999941619 ], [ -73.895530999833241, 40.662944999550575 ] ] ] ] } },
{ "type": "Feature", "properties": { "STATEFP": "36", "COUNTYFP": "047", "TRACTCE": "021200", "BLKGRPCE": "2", "GEOID": "360470212002", "NAMELSAD": "Block Group 2", "MTFCC": "G5030", "FUNCSTAT": "S", "ALAND": 59434.0, "AWATER": 0.0, "INTPTLAT": "+40.6282574", "INTPTLON": "-074.0045345", "Shape__Are": 103288.90625, "Shape__Len": 1286.0074046300001 }, "geometry": { "type": "MultiPolygon", "coordinates": [ [ [ [ -74.005925999957896, 40.62864400003069 ], [ -74.0052980003192, 40.629245999861745 ], [ -74.004718000361066, 40.629804000253912 ], [ -74.002515000704378, 40.628474999961014 ], [ -74.003098999962162, 40.627916000564475 ], [ -74.003723000301221, 40.627312000655273 ], [ -74.004349999216714, 40.626710999942638 ], [ -74.006553999596633, 40.628039999888053 ], [ -74.005925999957896, 40.62864400003069 ] ] ] ] } },
{ "type": "Feature", "properties": { "STATEFP": "36", "COUNTYFP": "047", "TRACTCE": "013400", "BLKGRPCE": "1", "GEOID": "360470134001", "NAMELSAD": "Block Group 1", "MTFCC": "G5030", "FUNCSTAT": "S", "ALAND": 125243.0, "AWATER": 0.0, "INTPTLAT": "+40.6295195", "INTPTLON": "-074.0181569", "Shape__Are": 217666.5, "Shape__Len": 2020.9967773200001 }, "geometry": { "type": "MultiPolygon", "coordinates": [ [ [ [ -74.019958000004522, 40.628837999526979 ], [ -74.0198290001331, 40.629167999589384 ], [ -74.019659999180377, 40.629576000635026 ], [ -74.019549999575531, 40.629855000035192 ], [ -74.019358999779811, 40.630309999862561 ], [ -74.019259000220686, 40.630559999878919 ], [ -74.019063000402127, 40.631039000625364 ], [ -74.01889500017262, 40.631444000109951 ], [ -74.018586000376146, 40.632195999827374 ], [ -74.018529999401338, 40.632334000177615 ], [ -74.018448000283882, 40.632296000257824 ], [ -74.016956000106589, 40.631622000527102 ], [ -74.016695999815582, 40.63145399993148 ], [ -74.01650199964682, 40.631326000330219 ], [ -74.016458000164192, 40.631296999560888 ], [ -74.016222999987562, 40.631145000118408 ], [ -74.016048000085391, 40.631032999877206 ], [ -74.01634300053648, 40.63028600001352 ], [ -74.016643000112126, 40.629576000635026 ], [ -74.016884000136557, 40.628947000254811 ], [ -74.016933999466957, 40.628816999622735 ], [ -74.017223000070274, 40.628100999976603 ], [ -74.01784200038648, 40.626591000280222 ], [ -74.018175000472397, 40.626790999370513 ], [ -74.018314999316175, 40.626876000319527 ], [ -74.018639000079588, 40.627071000363344 ], [ -74.020276999846757, 40.628061999524007 ], [ -74.019958000004522, 40.628837999526979 ] ] ] ] } },
{ "type": "Feature", "properties": { "STATEFP": "36", "COUNTYFP": "047", "TRACTCE": "114400", "BLKGRPCE": "2", "GEOID": "360471144002", "NAMELSAD": "Block Group 2", "MTFCC": "G5030", "FUNCSTAT": "S", "ALAND": 68321.0, "AWATER": 0.0, "INTPTLAT": "+40.6737812", "INTPTLON": "-073.8963265", "Shape__Are": 118894.40625, "Shape__Len": 1649.70687144 }, "geometry": { "type": "MultiPolygon", "coordinates": [ [ [ [ -73.899306999858084, 40.673981999465788 ], [ -73.898387000141327, 40.67412099942387 ], [ -73.897484999967915, 40.674254999662999 ], [ -73.896508999276335, 40.674396999520773 ], [ -73.895499000046186, 40.674550999562065 ], [ -73.894594000398058, 40.674683999466353 ], [ -73.89367000048334, 40.674821999854885 ], [ -73.893351999567699, 40.673582000038017 ], [ -73.894280000578689, 40.673442999637579 ], [ -73.895176000006003, 40.67329700046362 ], [ -73.896189000507519, 40.673147999763664 ], [ -73.897166999950585, 40.673016999874662 ], [ -73.898069999948916, 40.672882999872712 ], [ -73.898990999490593, 40.672744000058977 ], [ -73.899306999858084, 40.673981999465788 ] ] ] ] } },
{ "type": "Feature", "properties": { "STATEFP": "36", "COUNTYFP": "047", "TRACTCE": "047000", "BLKGRPCE": "1", "GEOID": "360470470001", "NAMELSAD": "Block Group 1", "MTFCC": "G5030", "FUNCSTAT": "S", "ALAND": 97720.0, "AWATER": 0.0, "INTPTLAT": "+40.6249129", "INTPTLON": "-073.9853628", "Shape__Are": 169808.351562, "Shape__Len": 2238.1551646900002 }, "geometry": { "type": "MultiPolygon", "coordinates": [ [ [ [ -73.987718999678279, 40.625071000438737 ], [ -73.987140000443375, 40.625636000337444 ], [ -73.986777000220215, 40.62597999993924 ], [ -73.986553999739129, 40.626194000212628 ], [ -73.985965999385087, 40.62675599958996 ], [ -73.984941999911257, 40.626120000577941 ], [ -73.984761000161285, 40.626020000443859 ], [ -73.98326399996111, 40.626035000030384 ], [ -73.98383100039878, 40.625462999323076 ], [ -73.981565999919511, 40.624095000554057 ], [ -73.982144000227805, 40.623532999921508 ], [ -73.984400999412841, 40.624893000286626 ], [ -73.984962000002724, 40.624322999794657 ], [ -73.9855300002653, 40.623758000379631 ], [ -73.985637000395428, 40.62364999959977 ], [ -73.985731000106767, 40.623554999678504 ], [ -73.98610100000262, 40.623182999899363 ], [ -73.988302000009469, 40.624513999585197 ], [ -73.987718999678279, 40.625071000438737 ] ] ] ] } },
{ "type": "Feature", "properties": { "STATEFP": "36", "COUNTYFP": "047", "TRACTCE": "040900", "BLKGRPCE": "3", "GEOID": "360470409003", "NAMELSAD": "Block Group 3", "MTFCC": "G5030", "FUNCSTAT": "S", "ALAND": 33652.0, "AWATER": 0.0, "INTPTLAT": "+40.6919628", "INTPTLON": "-073.9061660", "Shape__Are": 58593.484375, "Shape__Len": 1328.5564667199999 }, "geometry": { "type": "MultiPolygon", "coordinates": [ [ [ [ -73.90804200028856, 40.690647000012596 ], [ -73.906598999616762, 40.692119999866229 ], [ -73.905042999865344, 40.693704000118146 ], [ -73.904288000005025, 40.693277999740467 ], [ -73.905846000304578, 40.691691999784346 ], [ -73.907291999552811, 40.690219000005214 ], [ -73.90804200028856, 40.690647000012596 ] ] ] ] } },
{ "type": "Feature", "properties": { "STATEFP": "36", "COUNTYFP": "047", "TRACTCE": "006800", "BLKGRPCE": "3", "GEOID": "360470068003", "NAMELSAD": "Block Group 3", "MTFCC": "G5030", "FUNCSTAT": "S", "ALAND": 37060.0, "AWATER": 0.0, "INTPTLAT": "+40.6344972", "INTPTLON": "-074.0279773", "Shape__Are": 64416.8046875, "Shape__Len": 1041.6149058000001 }, "geometry": { "type": "MultiPolygon", "coordinates": [ [ [ [ -74.02935700005871, 40.634836999903136 ], [ -74.029134000475977, 40.635372999983346 ], [ -74.028315999968143, 40.635255999709749 ], [ -74.026332999521159, 40.63496899985423 ], [ -74.026679999850799, 40.634197000509815 ], [ -74.026951000012446, 40.633515999585704 ], [ -74.029633000243251, 40.634153000500824 ], [ -74.02935700005871, 40.634836999903136 ] ] ] ] } },
{ "type": "Feature", "properties": { "STATEFP": "36", "COUNTYFP": "047", "TRACTCE": "113400", "BLKGRPCE": "3", "GEOID": "360471134003", "NAMELSAD": "Block Group 3", "MTFCC": "G5030", "FUNCSTAT": "S", "ALAND": 39922.0, "AWATER": 0.0, "INTPTLAT": "+40.6667309", "INTPTLON": "-073.9004507", "Shape__Are": 69459.1328125, "Shape__Len": 1324.6806676199999 }, "geometry": { "type": "MultiPolygon", "coordinates": [ [ [ [ -73.901668000596842, 40.668412999785922 ], [ -73.900783000141857, 40.668546999913126 ], [ -73.900389999781467, 40.667010000296578 ], [ -73.899471999714535, 40.667145000101122 ], [ -73.8990759998794, 40.665608000197643 ], [ -73.899996999421077, 40.665472000398729 ], [ -73.900850999913914, 40.665345999836518 ], [ -73.901266000015625, 40.666880000201353 ], [ -73.901668000596842, 40.668412999785922 ] ] ] ] } },
{ "type": "Feature", "properties": { "STATEFP": "36", "COUNTYFP": "047", "TRACTCE": "019000", "BLKGRPCE": "2", "GEOID": "360470190002", "NAMELSAD": "Block Group 2", "MTFCC": "G5030", "FUNCSTAT": "S", "ALAND": 57061.0, "AWATER": 0.0, "INTPTLAT": "+40.6210541", "INTPTLON": "-074.0001881", "Shape__Are": 99144.609375, "Shape__Len": 1611.8013678899999 }, "geometry": { "type": "MultiPolygon", "coordinates": [ [ [ [ -74.001694000721798, 40.622372000294014 ], [ -74.001201999728906, 40.622843000517854 ], [ -73.998951999318237, 40.621561000387572 ], [ -73.999491000166799, 40.621043000065448 ], [ -73.999440000113211, 40.621012000417636 ], [ -73.998910999310368, 40.620692999951068 ], [ -73.998595000739485, 40.62050200014378 ], [ -73.998635000024152, 40.620353999771233 ], [ -73.998661999788325, 40.620256999363043 ], [ -73.998811999576162, 40.619721000001469 ], [ -73.999035999882139, 40.618946000063396 ], [ -74.000655000281029, 40.619923999399305 ], [ -74.000071999949853, 40.620483000229484 ], [ -74.002276000329772, 40.621814999433155 ], [ -74.001694000721798, 40.622372000294014 ] ] ] ] } },
{ "type": "Feature", "properties": { "STATEFP": "36", "COUNTYFP": "047", "TRACTCE": "025200", "BLKGRPCE": "4", "GEOID": "360470252004", "NAMELSAD": "Block Group 4", "MTFCC": "G5030", "FUNCSTAT": "S", "ALAND": 43605.0, "AWATER": 0.0, "INTPTLAT": "+40.6208649", "INTPTLON": "-073.9922421", "Shape__Are": 75764.9648438, "Shape__Len": 1572.02379509 }, "geometry": { "type": "MultiPolygon", "coordinates": [ [ [ [ -73.994292999386573, 40.622596999890227 ], [ -73.991840000382936, 40.621111000276251 ], [ -73.989566000581149, 40.619738000226604 ], [ -73.990181999625975, 40.619130999774526 ], [ -73.992466000371834, 40.620508999393103 ], [ -73.994920000098674, 40.62199399986617 ], [ -73.994292999386573, 40.622596999890227 ] ] ] ] } },
{ "type": "Feature", "properties": { "STATEFP": "36", "COUNTYFP": "047", "TRACTCE": "021600", "BLKGRPCE": "2", "GEOID": "360470216002", "NAMELSAD": "Block Group 2", "MTFCC": "G5030", "FUNCSTAT": "S", "ALAND": 56639.0, "AWATER": 0.0, "INTPTLAT": "+40.6328205", "INTPTLON": "-073.9997887", "Shape__Are": 98444.0703125, "Shape__Len": 1254.9634644400001 }, "geometry": { "type": "MultiPolygon", "coordinates": [ [ [ [ -74.001177999439449, 40.633210000047143 ], [ -74.000599000204545, 40.633765000467882 ], [ -74.000015999873369, 40.634326000136596 ], [ -73.997813000216681, 40.632995999759295 ], [ -73.998397000372776, 40.632434999823396 ], [ -73.998979999805641, 40.631873000515796 ], [ -73.999560999588695, 40.631314999687277 ], [ -74.001764000143694, 40.632645000143512 ], [ -74.001177999439449, 40.633210000047143 ] ] ] ] } },
{ "type": "Feature", "properties": { "STATEFP": "36", "COUNTYFP": "047", "TRACTCE": "076200", "BLKGRPCE": "3", "GEOID": "360470762003", "NAMELSAD": "Block Group 3", "MTFCC": "G5030", "FUNCSTAT": "S", "ALAND": 51200.0, "AWATER": 0.0, "INTPTLAT": "+40.6269149", "INTPTLON": "-073.9567054", "Shape__Are": 88975.953125, "Shape__Len": 1209.3699334200001 }, "geometry": { "type": "MultiPolygon", "coordinates": [ [ [ [ -73.958053000701241, 40.627971999913605 ], [ -73.95684699985587, 40.628119999769275 ], [ -73.95581199961309, 40.628233999775354 ], [ -73.955363999899419, 40.625843999816922 ], [ -73.955773999978263, 40.625798999555023 ], [ -73.956393000294455, 40.625730000503644 ], [ -73.957595000043526, 40.625598000696918 ], [ -73.958053000701241, 40.627971999913605 ] ] ] ] } },
{ "type": "Feature", "properties": { "STATEFP": "36", "COUNTYFP": "047", "TRACTCE": "013000", "BLKGRPCE": "4", "GEOID": "360470130004", "NAMELSAD": "Block Group 4", "MTFCC": "G5030", "FUNCSTAT": "S", "ALAND": 49468.0, "AWATER": 0.0, "INTPTLAT": "+40.6331566", "INTPTLON": "-074.0226240", "Shape__Are": 85982.5, "Shape__Len": 1196.2453455 }, "geometry": { "type": "MultiPolygon", "coordinates": [ [ [ [ -74.023883999817187, 40.633724000427542 ], [ -74.023518000119282, 40.634616000242609 ], [ -74.023240000284943, 40.634489000640357 ], [ -74.023034999347232, 40.634394999850542 ], [ -74.021217000553307, 40.633562000188249 ], [ -74.021011999615595, 40.633469000226732 ], [ -74.021066000042254, 40.633334000448002 ], [ -74.021374999838756, 40.632579000289397 ], [ -74.021737000236982, 40.631687999963667 ], [ -74.024238000717816, 40.632858999511164 ], [ -74.023883999817187, 40.633724000427542 ] ] ] ] } },
{ "type": "Feature", "properties": { "STATEFP": "36", "COUNTYFP": "047", "TRACTCE": "010200", "BLKGRPCE": "2", "GEOID": "360470102002", "NAMELSAD": "Block Group 2", "MTFCC": "G5030", "FUNCSTAT": "S", "ALAND": 58093.0, "AWATER": 0.0, "INTPTLAT": "+40.6388462", "INTPTLON": "-074.0138259", "Shape__Are": 100992.492188, "Shape__Len": 1680.6019917000001 }, "geometry": { "type": "MultiPolygon", "coordinates": [ [ [ [ -74.015562000736892, 40.640067000113199 ], [ -74.014979999332311, 40.640626000034509 ], [ -74.012775999850703, 40.63929499973225 ], [ -74.013357000532068, 40.638736000253452 ], [ -74.011153999977054, 40.637403999730275 ], [ -74.011760000772796, 40.636822999944947 ], [ -74.013960999881334, 40.638153000435757 ], [ -74.016167000809389, 40.639483000333044 ], [ -74.015562000736892, 40.640067000113199 ] ] ] ] } },
{ "type": "Feature", "properties": { "STATEFP": "36", "COUNTYFP": "047", "TRACTCE": "021200", "BLKGRPCE": "3", "GEOID": "360470212003", "NAMELSAD": "Block Group 3", "MTFCC": "G5030", "FUNCSTAT": "S", "ALAND": 60849.0, "AWATER": 0.0, "INTPTLAT": "+40.6296308", "INTPTLON": "-074.0075868", "Shape__Are": 105753.503906, "Shape__Len": 1394.1590221599999 }, "geometry": { "type": "MultiPolygon", "coordinates": [ [ [ [ -74.009224000131852, 40.630634000047863 ], [ -74.008455999852742, 40.631150000051775 ], [ -74.007503000524025, 40.630575999940824 ], [ -74.0052980003192, 40.629245999861745 ], [ -74.005925999957896, 40.62864400003069 ], [ -74.006553999596633, 40.628039999888053 ], [ -74.008754000676888, 40.62937100027419 ], [ -74.010004000106534, 40.630113000136554 ], [ -74.009224000131852, 40.630634000047863 ] ] ] ] } },
{ "type": "Feature", "properties": { "STATEFP": "36", "COUNTYFP": "047", "TRACTCE": "110400", "BLKGRPCE": "2", "GEOID": "360471104002", "NAMELSAD": "Block Group 2", "MTFCC": "G5030", "FUNCSTAT": "S", "ALAND": 181058.0, "AWATER": 0.0, "INTPTLAT": "+40.6577078", "INTPTLON": "-073.8899860", "Shape__Are": 314932.675781, "Shape__Len": 2336.96276304 }, "geometry": { "type": "MultiPolygon", "coordinates": [ [ [ [ -73.892464000536293, 40.659581000291169 ], [ -73.891649000401515, 40.659933000387028 ], [ -73.890831999718614, 40.660284000301864 ], [ -73.890014999933996, 40.660636000095323 ], [ -73.889094000392333, 40.659409000389672 ], [ -73.888996000483047, 40.659277000386332 ], [ -73.888939999508239, 40.659202999939801 ], [ -73.888885999979863, 40.659133000270671 ], [ -73.887786000338068, 40.657682999755878 ], [ -73.886689000170961, 40.656205000012037 ], [ -73.887535000267889, 40.655831999742269 ], [ -73.888316999892382, 40.655495999356425 ], [ -73.889162999989296, 40.655131999811687 ], [ -73.889976999400858, 40.654779999598865 ], [ -73.891081999963873, 40.65626100016663 ], [ -73.892160999689281, 40.657718999403848 ], [ -73.892269000542626, 40.657864999972908 ], [ -73.892383000345447, 40.658019000030833 ], [ -73.893278999772747, 40.659230000084612 ], [ -73.892464000536293, 40.659581000291169 ] ] ] ] } },
{ "type": "Feature", "properties": { "STATEFP": "36", "COUNTYFP": "047", "TRACTCE": "090600", "BLKGRPCE": "2", "GEOID": "360470906002", "NAMELSAD": "Block Group 2", "MTFCC": "G5030", "FUNCSTAT": "S", "ALAND": 92435.0, "AWATER": 0.0, "INTPTLAT": "+40.6686967", "INTPTLON": "-073.9085454", "Shape__Are": 160834.035156, "Shape__Len": 1605.4187743499999 }, "geometry": { "type": "MultiPolygon", "coordinates": [ [ [ [ -73.910742000062712, 40.669685000116338 ], [ -73.909803000079378, 40.669825000399598 ], [ -73.908883000362621, 40.669961000179228 ], [ -73.907970000318542, 40.670098000583536 ], [ -73.906997999824938, 40.670240999974261 ], [ -73.90667300013493, 40.668973999854622 ], [ -73.906354999219289, 40.66770799976662 ], [ -73.90741399975154, 40.667547999401116 ], [ -73.908230999536144, 40.66742500013671 ], [ -73.910090000134559, 40.667154000441784 ], [ -73.910415999649487, 40.668415000277932 ], [ -73.910742000062712, 40.669685000116338 ] ] ] ] } },
{ "type": "Feature", "properties": { "STATEFP": "36", "COUNTYFP": "047", "TRACTCE": "076200", "BLKGRPCE": "1", "GEOID": "360470762001", "NAMELSAD": "Block Group 1", "MTFCC": "G5030", "FUNCSTAT": "S", "ALAND": 66160.0, "AWATER": 0.0, "INTPTLAT": "+40.6254295", "INTPTLON": "-073.9551675", "Shape__Are": 114969.378906, "Shape__Len": 1856.8569609599999 }, "geometry": { "type": "MultiPolygon", "coordinates": [ [ [ [ -73.956393000294455, 40.625730000503644 ], [ -73.955773999978263, 40.625798999555023 ], [ -73.955363999899419, 40.625843999816922 ], [ -73.95581199961309, 40.628233999775354 ], [ -73.954885000223626, 40.628335999651753 ], [ -73.954434999961833, 40.625945000415484 ], [ -73.953983000050201, 40.623554999678504 ], [ -73.954907999789853, 40.623453999556645 ], [ -73.955941000382822, 40.623339999573119 ], [ -73.956322999974248, 40.625359000093752 ], [ -73.956393000294455, 40.625730000503644 ] ] ] ] } },
{ "type": "Feature", "properties": { "STATEFP": "36", "COUNTYFP": "047", "TRACTCE": "012200", "BLKGRPCE": "2", "GEOID": "360470122002", "NAMELSAD": "Block Group 2", "MTFCC": "G5030", "FUNCSTAT": "S", "ALAND": 38108.0, "AWATER": 0.0, "INTPTLAT": "+40.6386389", "INTPTLON": "-074.0170896", "Shape__Are": 66247.9101562, "Shape__Len": 1477.44034126 }, "geometry": { "type": "MultiPolygon", "coordinates": [ [ [ [ -74.019024000044041, 40.640263999781908 ], [ -74.01676900050883, 40.638898999533751 ], [ -74.014567000677062, 40.637571000325167 ], [ -74.015145999911965, 40.637014000114277 ], [ -74.017351999941695, 40.638341000162619 ], [ -74.019608000200151, 40.63970399956095 ], [ -74.019024000044041, 40.640263999781908 ] ] ] ] } },
{ "type": "Feature", "properties": { "STATEFP": "36", "COUNTYFP": "047", "TRACTCE": "011800", "BLKGRPCE": "1", "GEOID": "360470118001", "NAMELSAD": "Block Group 1", "MTFCC": "G5030", "FUNCSTAT": "S", "ALAND": 71595.0, "AWATER": 0.0, "INTPTLAT": "+40.6344027", "INTPTLON": "-074.0120609", "Shape__Are": 124444.808594, "Shape__Len": 2672.08708634 }, "geometry": { "type": "MultiPolygon", "coordinates": [ [ [ [ -74.016068000176858, 40.636138999756383 ], [ -74.015218999706903, 40.635909000532408 ], [ -74.013262999922418, 40.635379000341494 ], [ -74.01109500042584, 40.63479499977101 ], [ -74.010461999865925, 40.634625000199861 ], [ -74.006616999345823, 40.632379000126413 ], [ -74.00670000008482, 40.632324000487849 ], [ -74.007022999226677, 40.63211000008733 ], [ -74.008537000043603, 40.633028000757029 ], [ -74.010742000248428, 40.634356999740291 ], [ -74.011326000404509, 40.633794999566916 ], [ -74.011908000012482, 40.63323400020866 ], [ -74.014109000019346, 40.634563999935459 ], [ -74.016305999828248, 40.635895999859045 ], [ -74.016068000176858, 40.636138999756383 ] ] ] ] } },
{ "type": "Feature", "properties": { "STATEFP": "36", "COUNTYFP": "047", "TRACTCE": "043700", "BLKGRPCE": "4", "GEOID": "360470437004", "NAMELSAD": "Block Group 4", "MTFCC": "G5030", "FUNCSTAT": "S", "ALAND": 34853.0, "AWATER": 0.0, "INTPTLAT": "+40.6941962", "INTPTLON": "-073.9080748", "Shape__Are": 60688.4570312, "Shape__Len": 998.81599252000001 }, "geometry": { "type": "MultiPolygon", "coordinates": [ [ [ [ -73.909605000610966, 40.693832000626855 ], [ -73.908047000311441, 40.695416999522656 ], [ -73.907295999750758, 40.694986999810901 ], [ -73.9065450000884, 40.694559999609538 ], [ -73.908100999839789, 40.692976000636783 ], [ -73.908852999327067, 40.693405000515362 ], [ -73.909605000610966, 40.693832000626855 ] ] ] ] } },
{ "type": "Feature", "properties": { "STATEFP": "36", "COUNTYFP": "047", "TRACTCE": "113000", "BLKGRPCE": "4", "GEOID": "360471130004", "NAMELSAD": "Block Group 4", "MTFCC": "G5030", "FUNCSTAT": "S", "ALAND": 69742.0, "AWATER": 0.0, "INTPTLAT": "+40.6598010", "INTPTLON": "-073.8953414", "Shape__Are": 121316.910156, "Shape__Len": 1450.0688504499999 }, "geometry": { "type": "MultiPolygon", "coordinates": [ [ [ [ -73.896974999431649, 40.661134999978351 ], [ -73.896055000613202, 40.661272000115183 ], [ -73.895150999891655, 40.661313999941619 ], [ -73.894950000050201, 40.661015999854889 ], [ -73.894690000657533, 40.661126000188304 ], [ -73.893278999772747, 40.659230000084612 ], [ -73.894098000105515, 40.65887799968651 ], [ -73.894913000240294, 40.658526000156876 ], [ -73.89571800032931, 40.658159999988989 ], [ -73.896166999867887, 40.657973999647986 ], [ -73.896448999900201, 40.659102999611157 ], [ -73.896739999255018, 40.660216999466712 ], [ -73.896974999431649, 40.661134999978351 ] ] ] ] } },
{ "type": "Feature", "properties": { "STATEFP": "36", "COUNTYFP": "047", "TRACTCE": "072400", "BLKGRPCE": "1", "GEOID": "360470724001", "NAMELSAD": "Block Group 1", "MTFCC": "G5030", "FUNCSTAT": "S", "ALAND": 63482.0, "AWATER": 0.0, "INTPTLAT": "+40.6342874", "INTPTLON": "-073.9241457", "Shape__Are": 110345.097656, "Shape__Len": 1329.13960873 }, "geometry": { "type": "MultiPolygon", "coordinates": [ [ [ [ -73.925705999521654, 40.635367000306431 ], [ -73.924738000124307, 40.635427999837233 ], [ -73.923803000338935, 40.63548500044358 ], [ -73.922832000568548, 40.635543000376728 ], [ -73.922586999447859, 40.633208999954988 ], [ -73.923555999568421, 40.633145999574175 ], [ -73.924486000229223, 40.633089999791764 ], [ -73.925456000174719, 40.633028000757029 ], [ -73.925705999521654, 40.635367000306431 ] ] ] ] } },
{ "type": "Feature", "properties": { "STATEFP": "36", "COUNTYFP": "047", "TRACTCE": "019000", "BLKGRPCE": "1", "GEOID": "360470190001", "NAMELSAD": "Block Group 1", "MTFCC": "G5030", "FUNCSTAT": "S", "ALAND": 65591.0, "AWATER": 0.0, "INTPTLAT": "+40.6228404", "INTPTLON": "-073.9991836", "Shape__Are": 113970.007812, "Shape__Len": 1581.6402259399999 }, "geometry": { "type": "MultiPolygon", "coordinates": [ [ [ [ -74.000529999709272, 40.623490000623491 ], [ -73.999945999553148, 40.624051000024863 ], [ -73.999320999389184, 40.6246560003284 ], [ -73.997712999759244, 40.623679999833925 ], [ -73.997941000263182, 40.622832999406896 ], [ -73.997986000469041, 40.622566999851507 ], [ -73.998295000265514, 40.621619000141983 ], [ -73.998388999976839, 40.621259000335257 ], [ -73.998595000739485, 40.62050200014378 ], [ -73.998910999310368, 40.620692999951068 ], [ -73.999440000113211, 40.621012000417636 ], [ -73.999491000166799, 40.621043000065448 ], [ -73.998951999318237, 40.621561000387572 ], [ -74.001201999728906, 40.622843000517854 ], [ -74.000529999709272, 40.623490000623491 ] ] ] ] } },
{ "type": "Feature", "properties": { "STATEFP": "36", "COUNTYFP": "047", "TRACTCE": "046000", "BLKGRPCE": "2", "GEOID": "360470460002", "NAMELSAD": "Block Group 2", "MTFCC": "G5030", "FUNCSTAT": "S", "ALAND": 43869.0, "AWATER": 0.0, "INTPTLAT": "+40.6306642", "INTPTLON": "-073.9672731", "Shape__Are": 76245.0390625, "Shape__Len": 1165.3263902599999 }, "geometry": { "type": "MultiPolygon", "coordinates": [ [ [ [ -73.968409999208717, 40.631508999604918 ], [ -73.967925999510058, 40.631743999558459 ], [ -73.967550000664716, 40.631921999857653 ], [ -73.966776999464415, 40.632295000151984 ], [ -73.966676000080412, 40.631921999857646 ], [ -73.96607399948266, 40.629545000175213 ], [ -73.967076000113494, 40.629435000274832 ], [ -73.968000999853118, 40.629333000031764 ], [ -73.968409999208717, 40.631508999604918 ] ] ] ] } },
{ "type": "Feature", "properties": { "STATEFP": "36", "COUNTYFP": "047", "TRACTCE": "040500", "BLKGRPCE": "1", "GEOID": "360470405001", "NAMELSAD": "Block Group 1", "MTFCC": "G5030", "FUNCSTAT": "S", "ALAND": 107899.0, "AWATER": 0.0, "INTPTLAT": "+40.6814447", "INTPTLON": "-073.9046285", "Shape__Are": 187816.390625, "Shape__Len": 1814.62730111 }, "geometry": { "type": "MultiPolygon", "coordinates": [ [ [ [ -73.90701799991642, 40.680947999596469 ], [ -73.905719999907888, 40.682302000322622 ], [ -73.905641000265149, 40.682383000600041 ], [ -73.905757999542715, 40.682449999602909 ], [ -73.906376000034001, 40.6828019995719 ], [ -73.90578700075335, 40.683397000562394 ], [ -73.905432999852707, 40.683659999499731 ], [ -73.904636000159584, 40.683376000112965 ], [ -73.903903000040586, 40.682946000354903 ], [ -73.903133000111637, 40.682537999939711 ], [ -73.902956000559627, 40.68243499975064 ], [ -73.902822000665324, 40.682352999499557 ], [ -73.902822000665324, 40.681626000720456 ], [ -73.90276400004069, 40.680745000459474 ], [ -73.902621999750465, 40.680664000235268 ], [ -73.904046000155702, 40.679220000301314 ], [ -73.904567999489203, 40.679514999877377 ], [ -73.904790999970288, 40.679640999554714 ], [ -73.905493000127152, 40.680036999812607 ], [ -73.905658999808509, 40.680141000371108 ], [ -73.906281999424365, 40.680506999814803 ], [ -73.906719999990571, 40.680768000496769 ], [ -73.90701799991642, 40.680947999596469 ] ] ] ] } },
{ "type": "Feature", "properties": { "STATEFP": "36", "COUNTYFP": "047", "TRACTCE": "010200", "BLKGRPCE": "3", "GEOID": "360470102003", "NAMELSAD": "Block Group 3", "MTFCC": "G5030", "FUNCSTAT": "S", "ALAND": 37741.0, "AWATER": 0.0, "INTPTLAT": "+40.6405205", "INTPTLON": "-074.0132954", "Shape__Are": 65613.734375, "Shape__Len": 1045.5713232200001 }, "geometry": { "type": "MultiPolygon", "coordinates": [ [ [ [ -74.014396999899446, 40.641186000018784 ], [ -74.013813999568242, 40.641745000112266 ], [ -74.011610999911568, 40.640416000277682 ], [ -74.012195000067649, 40.639854999294329 ], [ -74.012775999850703, 40.63929499973225 ], [ -74.014979999332311, 40.640626000034509 ], [ -74.014396999899446, 40.641186000018784 ] ] ] ] } },
{ "type": "Feature", "properties": { "STATEFP": "36", "COUNTYFP": "047", "TRACTCE": "077600", "BLKGRPCE": "2", "GEOID": "360470776002", "NAMELSAD": "Block Group 2", "MTFCC": "G5030", "FUNCSTAT": "S", "ALAND": 46429.0, "AWATER": 0.0, "INTPTLAT": "+40.6303647", "INTPTLON": "-073.9432572", "Shape__Are": 80693.859375, "Shape__Len": 1200.11778134 }, "geometry": { "type": "MultiPolygon", "coordinates": [ [ [ [ -73.945511000283773, 40.630792000060389 ], [ -73.944549999660808, 40.631071999958174 ], [ -73.943573000042647, 40.630994000455239 ], [ -73.942624000013566, 40.63110199958539 ], [ -73.941671000684849, 40.631208000341985 ], [ -73.941509000303142, 40.629677999825141 ], [ -73.942473999327433, 40.62961799995945 ], [ -73.943409000011101, 40.62955999965174 ], [ -73.944154999650607, 40.629508000179335 ], [ -73.944539999615074, 40.629866000236895 ], [ -73.944808000302004, 40.630127000029013 ], [ -73.945511000283773, 40.630792000060389 ] ] ] ] } },
{ "type": "Feature", "properties": { "STATEFP": "36", "COUNTYFP": "047", "TRACTCE": "036501", "BLKGRPCE": "2", "GEOID": "360470365012", "NAMELSAD": "Block Group 2", "MTFCC": "G5030", "FUNCSTAT": "S", "ALAND": 42020.0, "AWATER": 0.0, "INTPTLAT": "+40.6754778", "INTPTLON": "-073.9095979", "Shape__Are": 73130.2109375, "Shape__Len": 1092.983433 }, "geometry": { "type": "MultiPolygon", "coordinates": [ [ [ [ -73.911011000574547, 40.675440000372085 ], [ -73.911001999455394, 40.675543999926866 ], [ -73.910926000185739, 40.67634499953806 ], [ -73.909991000400353, 40.676293999852263 ], [ -73.909094000249809, 40.67624399957473 ], [ -73.908088000319324, 40.676190000104867 ], [ -73.908096999641842, 40.676125000520969 ], [ -73.908194999551128, 40.675378999941991 ], [ -73.908310000077165, 40.674605000359435 ], [ -73.909156999998999, 40.674653000198759 ], [ -73.911074999250332, 40.674757000299877 ], [ -73.911011000574547, 40.675440000372085 ] ] ] ] } },
{ "type": "Feature", "properties": { "STATEFP": "36", "COUNTYFP": "047", "TRACTCE": "072200", "BLKGRPCE": "2", "GEOID": "360470722002", "NAMELSAD": "Block Group 2", "MTFCC": "G5030", "FUNCSTAT": "S", "ALAND": 107406.0, "AWATER": 0.0, "INTPTLAT": "+40.6317080", "INTPTLON": "-073.9277578", "Shape__Are": 186681.410156, "Shape__Len": 1772.19131668 }, "geometry": { "type": "MultiPolygon", "coordinates": [ [ [ [ -73.93031199974989, 40.632726000061325 ], [ -73.929835999548814, 40.632755999627207 ], [ -73.929361999895889, 40.632788000058234 ], [ -73.928364000361327, 40.632847000386697 ], [ -73.927357999532532, 40.632910000367893 ], [ -73.926424999396957, 40.632967000396995 ], [ -73.925456000174719, 40.633028000757029 ], [ -73.925205000104555, 40.630688999714941 ], [ -73.926175999874943, 40.630628000626821 ], [ -73.927106999462353, 40.630570999282767 ], [ -73.928114000116054, 40.630506000238249 ], [ -73.929120000046566, 40.630445999753022 ], [ -73.930054000007033, 40.630389000298834 ], [ -73.930269999917101, 40.632313000009297 ], [ -73.93031199974989, 40.632726000061325 ] ] ] ] } },
{ "type": "Feature", "properties": { "STATEFP": "36", "COUNTYFP": "047", "TRACTCE": "072600", "BLKGRPCE": "1", "GEOID": "360470726001", "NAMELSAD": "Block Group 1", "MTFCC": "G5030", "FUNCSTAT": "S", "ALAND": 275168.0, "AWATER": 0.0, "INTPTLAT": "+40.6324139", "INTPTLON": "-073.9338762", "Shape__Are": 478268.039062, "Shape__Len": 2874.6625744399998 }, "geometry": { "type": "MultiPolygon", "coordinates": [ [ [ [ -73.937266999224676, 40.634650999993895 ], [ -73.936295999454273, 40.634708999969888 ], [ -73.935359999843996, 40.634766999895461 ], [ -73.934394999921381, 40.634826999906522 ], [ -73.933426999625723, 40.634883999662577 ], [ -73.932500000236274, 40.634946999766861 ], [ -73.9322349999224, 40.634962999459283 ], [ -73.931530999217401, 40.635006000232679 ], [ -73.931352000015551, 40.633380999901981 ], [ -73.931273000372855, 40.632666000207436 ], [ -73.93031199974989, 40.632726000061325 ], [ -73.930269999917101, 40.632313000009297 ], [ -73.930054000007033, 40.630389000298834 ], [ -73.931024999777406, 40.630329000390269 ], [ -73.931983000027316, 40.630268999745965 ], [ -73.932342999877449, 40.630247000155293 ], [ -73.93245500003043, 40.630239999881141 ], [ -73.932932000056411, 40.630211000003676 ], [ -73.933894999430876, 40.630150999935168 ], [ -73.934866999924495, 40.630090999812701 ], [ -73.935800000060041, 40.630031999776079 ], [ -73.936766999632468, 40.629972999687325 ], [ -73.937006000007059, 40.632226000313125 ], [ -73.937012999679766, 40.632304000422167 ], [ -73.937036000144303, 40.632508999959626 ], [ -73.937077999977092, 40.63289799988906 ], [ -73.937266999224676, 40.634650999993895 ] ] ] ] } },
{ "type": "Feature", "properties": { "STATEFP": "36", "COUNTYFP": "047", "TRACTCE": "077400", "BLKGRPCE": "1", "GEOID": "360470774001", "NAMELSAD": "Block Group 1", "MTFCC": "G5030", "FUNCSTAT": "S", "ALAND": 59677.0, "AWATER": 0.0, "INTPTLAT": "+40.6329050", "INTPTLON": "-073.9490448", "Shape__Are": 103727.253906, "Shape__Len": 1480.3488968199999 }, "geometry": { "type": "MultiPolygon", "coordinates": [ [ [ [ -73.951058999970073, 40.633634999671415 ], [ -73.950835000562407, 40.633659999765584 ], [ -73.950227999941774, 40.634026000017897 ], [ -73.949449000690322, 40.634508000660638 ], [ -73.948818999605152, 40.633902000220417 ], [ -73.947698999871847, 40.632884999992896 ], [ -73.946826999835665, 40.632033999289433 ], [ -73.946561000595196, 40.631784999451106 ], [ -73.946478999681119, 40.631707999532175 ], [ -73.946761999538339, 40.631671000053082 ], [ -73.947542999337927, 40.631581000534368 ], [ -73.948032999782683, 40.63152799979143 ], [ -73.948062999919912, 40.63156999993344 ], [ -73.948130999691983, 40.631643000230937 ], [ -73.948190999966442, 40.631687999963674 ], [ -73.948275000530344, 40.631736000008793 ], [ -73.948760999878829, 40.63202099990675 ], [ -73.949592999732062, 40.632491000155142 ], [ -73.950837999138813, 40.632354000234308 ], [ -73.950999999520533, 40.633203999494121 ], [ -73.951058999970073, 40.633634999671415 ] ] ] ] } },
{ "type": "Feature", "properties": { "STATEFP": "36", "COUNTYFP": "047", "TRACTCE": "041300", "BLKGRPCE": "2", "GEOID": "360470413002", "NAMELSAD": "Block Group 2", "MTFCC": "G5030", "FUNCSTAT": "S", "ALAND": 48609.0, "AWATER": 0.0, "INTPTLAT": "+40.6902019", "INTPTLON": "-073.9106294", "Shape__Are": 84632.53125, "Shape__Len": 1497.9076710899999 }, "geometry": { "type": "MultiPolygon", "coordinates": [ [ [ [ -73.912442999579056, 40.688552999890547 ], [ -73.910995999607607, 40.690027000318139 ], [ -73.91174799999321, 40.690456000111851 ], [ -73.911625999794467, 40.690578999800422 ], [ -73.910570999460191, 40.69165099991708 ], [ -73.910378000014646, 40.691847999846125 ], [ -73.910297999648705, 40.69192999999413 ], [ -73.909550000359374, 40.691502999953741 ], [ -73.90879700014888, 40.691074999995436 ], [ -73.910244000120343, 40.689601000271772 ], [ -73.911691999916698, 40.688125000056843 ], [ -73.912442999579056, 40.688552999890547 ] ] ] ] } },
{ "type": "Feature", "properties": { "STATEFP": "36", "COUNTYFP": "047", "TRACTCE": "091200", "BLKGRPCE": "3", "GEOID": "360470912003", "NAMELSAD": "Block Group 3", "MTFCC": "G5030", "FUNCSTAT": "S", "ALAND": 56362.0, "AWATER": 0.0, "INTPTLAT": "+40.6636049", "INTPTLON": "-073.9072419", "Shape__Are": 98054.5351562, "Shape__Len": 1310.7001581 }, "geometry": { "type": "MultiPolygon", "coordinates": [ [ [ [ -73.909305000136996, 40.664096999531942 ], [ -73.907539000323325, 40.664365000507679 ], [ -73.905577999617648, 40.664659000095284 ], [ -73.905172999561699, 40.663105999700598 ], [ -73.906138000382626, 40.662966999949539 ], [ -73.907032000160115, 40.662833999842988 ], [ -73.908046000486522, 40.662683999963107 ], [ -73.908920000172543, 40.662553999612555 ], [ -73.909305000136996, 40.664096999531942 ] ] ] ] } },
{ "type": "Feature", "properties": { "STATEFP": "36", "COUNTYFP": "047", "TRACTCE": "024200", "BLKGRPCE": "2", "GEOID": "360470242002", "NAMELSAD": "Block Group 2", "MTFCC": "G5030", "FUNCSTAT": "S", "ALAND": 87019.0, "AWATER": 0.0, "INTPTLAT": "+40.6271236", "INTPTLON": "-073.9944700", "Shape__Are": 151220.03125, "Shape__Len": 2033.3457558699999 }, "geometry": { "type": "MultiPolygon", "coordinates": [ [ [ [ -73.996702000704218, 40.627172000469912 ], [ -73.996557000040937, 40.627640999901544 ], [ -73.996335999209677, 40.628445000517168 ], [ -73.996115000175053, 40.629231999784579 ], [ -73.995161000123105, 40.628656000592251 ], [ -73.992960000116241, 40.627325999771344 ], [ -73.990756000634647, 40.625998000135162 ], [ -73.991339999892432, 40.625438000250838 ], [ -73.993543000447417, 40.626769999504397 ], [ -73.994145999971792, 40.626183999603448 ], [ -73.994648999937027, 40.625697999417461 ], [ -73.995079000107339, 40.625807000497716 ], [ -73.99678800001962, 40.626826000496266 ], [ -73.996702000704218, 40.627172000469912 ] ] ] ] } },
{ "type": "Feature", "properties": { "STATEFP": "36", "COUNTYFP": "047", "TRACTCE": "047200", "BLKGRPCE": "3", "GEOID": "360470472003", "NAMELSAD": "Block Group 3", "MTFCC": "G5030", "FUNCSTAT": "S", "ALAND": 77817.0, "AWATER": 0.0, "INTPTLAT": "+40.6280059", "INTPTLON": "-073.9860369", "Shape__Are": 135236.023438, "Shape__Len": 1865.7146495100001 }, "geometry": { "type": "MultiPolygon", "coordinates": [ [ [ [ -73.988337999994485, 40.628319000251317 ], [ -73.987841999701928, 40.628796999870183 ], [ -73.987259000269063, 40.629354999923557 ], [ -73.986675000112967, 40.629915999829414 ], [ -73.984204000667674, 40.62844799964401 ], [ -73.984803999818979, 40.627871999825437 ], [ -73.985383999777127, 40.627313000153947 ], [ -73.98326399996111, 40.626035000030384 ], [ -73.984761000161285, 40.626020000443859 ], [ -73.984941999911257, 40.626120000577941 ], [ -73.985965999385087, 40.62675599958996 ], [ -73.988428000406159, 40.628230999275338 ], [ -73.988337999994485, 40.628319000251317 ] ] ] ] } },
{ "type": "Feature", "properties": { "STATEFP": "36", "COUNTYFP": "047", "TRACTCE": "053000", "BLKGRPCE": "3", "GEOID": "360470530003", "NAMELSAD": "Block Group 3", "MTFCC": "G5030", "FUNCSTAT": "S", "ALAND": 88249.0, "AWATER": 0.0, "INTPTLAT": "+40.6272622", "INTPTLON": "-073.9646617", "Shape__Are": 153364.875, "Shape__Len": 1848.97852298 }, "geometry": { "type": "MultiPolygon", "coordinates": [ [ [ [ -73.96607399948266, 40.629545000175213 ], [ -73.965080000146031, 40.629654999894413 ], [ -73.964152000033351, 40.629756999645608 ], [ -73.963999000770798, 40.62898700034588 ], [ -73.963979000679302, 40.628857999949069 ], [ -73.963952000016818, 40.628715000481044 ], [ -73.963700000121733, 40.627367000331262 ], [ -73.963248000210115, 40.624977999560414 ], [ -73.964172999949753, 40.624876999544945 ], [ -73.965173000032451, 40.624765999918793 ], [ -73.965624999944083, 40.627155000091392 ], [ -73.965906999976383, 40.628655000431884 ], [ -73.96607399948266, 40.629545000175213 ] ] ] ] } },
{ "type": "Feature", "properties": { "STATEFP": "36", "COUNTYFP": "047", "TRACTCE": "113000", "BLKGRPCE": "2", "GEOID": "360471130002", "NAMELSAD": "Block Group 2", "MTFCC": "G5030", "FUNCSTAT": "S", "ALAND": 41061.0, "AWATER": 0.0, "INTPTLAT": "+40.6635037", "INTPTLON": "-073.8971061", "Shape__Are": 71433.2929688, "Shape__Len": 1082.4564158799999 }, "geometry": { "type": "MultiPolygon", "coordinates": [ [ [ [ -73.89868000004428, 40.664061999548792 ], [ -73.897757999779401, 40.664200999743485 ], [ -73.896838999887535, 40.664335000157031 ], [ -73.895920999820589, 40.664470999548861 ], [ -73.895530999833241, 40.662944999550575 ], [ -73.896449999725107, 40.662808999772864 ], [ -73.897368999616958, 40.66267299971782 ], [ -73.898290000056946, 40.662534000427243 ], [ -73.89868000004428, 40.664061999548792 ] ] ] ] } },
{ "type": "Feature", "properties": { "STATEFP": "36", "COUNTYFP": "047", "TRACTCE": "094402", "BLKGRPCE": "1", "GEOID": "360470944021", "NAMELSAD": "Block Group 1", "MTFCC": "G5030", "FUNCSTAT": "S", "ALAND": 106859.0, "AWATER": 0.0, "INTPTLAT": "+40.6350816", "INTPTLON": "-073.9207802", "Shape__Are": 185745.277344, "Shape__Len": 1756.8247480299999 }, "geometry": { "type": "MultiPolygon", "coordinates": [ [ [ [ -73.922832000568548, 40.635543000376728 ], [ -73.921907999755518, 40.63607500004597 ], [ -73.921129000504067, 40.636470999953715 ], [ -73.921017000351071, 40.636527999669603 ], [ -73.920800000616083, 40.636637999474047 ], [ -73.920228000155561, 40.636931999908683 ], [ -73.920119000375635, 40.636987999877121 ], [ -73.919171999996351, 40.637470000268415 ], [ -73.919164000498739, 40.63740399973026 ], [ -73.91912300049087, 40.637012000043981 ], [ -73.919006000314994, 40.635893000385032 ], [ -73.918925000124148, 40.635158999811111 ], [ -73.918852000329224, 40.634483000202302 ], [ -73.919439999784956, 40.634101999911842 ], [ -73.919809000754213, 40.633865000593602 ], [ -73.92041200027856, 40.633473999986073 ], [ -73.920683000440221, 40.633330000086801 ], [ -73.921618000225592, 40.633275999959316 ], [ -73.921903999557557, 40.633256000178719 ], [ -73.922586999447859, 40.633208999954988 ], [ -73.922832000568548, 40.635543000376728 ] ] ] ] } },
{ "type": "Feature", "properties": { "STATEFP": "36", "COUNTYFP": "047", "TRACTCE": "006800", "BLKGRPCE": "1", "GEOID": "360470068001", "NAMELSAD": "Block Group 1", "MTFCC": "G5030", "FUNCSTAT": "S", "ALAND": 40452.0, "AWATER": 0.0, "INTPTLAT": "+40.6358960", "INTPTLON": "-074.0244718", "Shape__Are": 70316.4609375, "Shape__Len": 1092.2547316 }, "geometry": { "type": "MultiPolygon", "coordinates": [ [ [ [ -74.025745999890319, 40.636464999693771 ], [ -74.025665999524392, 40.636666999968682 ], [ -74.025471999355631, 40.637140000333737 ], [ -74.022910000572068, 40.636108000298393 ], [ -74.023235000262076, 40.635318000084233 ], [ -74.023518000119282, 40.634616000242609 ], [ -74.026038999793286, 40.635740999816029 ], [ -74.025745999890319, 40.636464999693771 ] ] ] ] } },
{ "type": "Feature", "properties": { "STATEFP": "36", "COUNTYFP": "047", "TRACTCE": "013000", "BLKGRPCE": "1", "GEOID": "360470130001", "NAMELSAD": "Block Group 1", "MTFCC": "G5030", "FUNCSTAT": "S", "ALAND": 38924.0, "AWATER": 0.0, "INTPTLAT": "+40.6338263", "INTPTLON": "-074.0208852", "Shape__Are": 67657.5859375, "Shape__Len": 1512.21892149 }, "geometry": { "type": "MultiPolygon", "coordinates": [ [ [ [ -74.023518000119282, 40.634616000242609 ], [ -74.023235000262076, 40.635318000084233 ], [ -74.020722000085684, 40.634168999701785 ], [ -74.019263000418647, 40.633494000383052 ], [ -74.018244999894293, 40.633033999962393 ], [ -74.018529999401338, 40.632334000177615 ], [ -74.019736000246667, 40.632884999992896 ], [ -74.021011999615595, 40.633469000226732 ], [ -74.021217000553307, 40.633562000188249 ], [ -74.023034999347232, 40.634394999850542 ], [ -74.023240000284943, 40.634489000640357 ], [ -74.023518000119282, 40.634616000242609 ] ] ] ] } },
{ "type": "Feature", "properties": { "STATEFP": "36", "COUNTYFP": "047", "TRACTCE": "041300", "BLKGRPCE": "3", "GEOID": "360470413003", "NAMELSAD": "Block Group 3", "MTFCC": "G5030", "FUNCSTAT": "S", "ALAND": 48693.0, "AWATER": 0.0, "INTPTLAT": "+40.6902819", "INTPTLON": "-073.9121132", "Shape__Are": 84780.5976562, "Shape__Len": 1498.2857146399999 }, "geometry": { "type": "MultiPolygon", "coordinates": [ [ [ [ -73.913945999627003, 40.689408999485217 ], [ -73.912499999480474, 40.690883000050313 ], [ -73.911053000407335, 40.69235799990949 ], [ -73.910297999648705, 40.69192999999413 ], [ -73.910378000014646, 40.691847999846125 ], [ -73.910570999460191, 40.69165099991708 ], [ -73.911625999794467, 40.690578999800422 ], [ -73.91174799999321, 40.690456000111851 ], [ -73.910995999607607, 40.690027000318139 ], [ -73.912442999579056, 40.688552999890547 ], [ -73.912819000221035, 40.688766999798361 ], [ -73.912877999772249, 40.688800000556881 ], [ -73.91292899982588, 40.688829000177982 ], [ -73.913194000139754, 40.688979999762594 ], [ -73.913945999627003, 40.689408999485217 ] ] ] ] } },
{ "type": "Feature", "properties": { "STATEFP": "36", "COUNTYFP": "047", "TRACTCE": "115600", "BLKGRPCE": "2", "GEOID": "360471156002", "NAMELSAD": "Block Group 2", "MTFCC": "G5030", "FUNCSTAT": "S", "ALAND": 41898.0, "AWATER": 0.0, "INTPTLAT": "+40.6668575", "INTPTLON": "-073.8960350", "Shape__Are": 72896.9296875, "Shape__Len": 1094.9377642699999 }, "geometry": { "type": "MultiPolygon", "coordinates": [ [ [ [ -73.897633000105913, 40.667418999934149 ], [ -73.896703999270002, 40.667554999850999 ], [ -73.895804999469632, 40.667688000082627 ], [ -73.894830999326203, 40.667833000381265 ], [ -73.894438999689044, 40.666297000258453 ], [ -73.895409000532837, 40.666153999905561 ], [ -73.896315999830804, 40.666019000139201 ], [ -73.897233000072831, 40.665877999758287 ], [ -73.897633000105913, 40.667418999934149 ] ] ] ] } },
{ "type": "Feature", "properties": { "STATEFP": "36", "COUNTYFP": "047", "TRACTCE": "115600", "BLKGRPCE": "3", "GEOID": "360471156003", "NAMELSAD": "Block Group 3", "MTFCC": "G5030", "FUNCSTAT": "S", "ALAND": 27356.0, "AWATER": 0.0, "INTPTLAT": "+40.6683222", "INTPTLON": "-073.8969137", "Shape__Are": 47599.3945312, "Shape__Len": 873.92557826500001 }, "geometry": { "type": "MultiPolygon", "coordinates": [ [ [ [ -73.898019999720205, 40.668958000139064 ], [ -73.897100000003434, 40.669093000088345 ], [ -73.896197999830022, 40.66922699953053 ], [ -73.895804999469632, 40.667688000082627 ], [ -73.896703999270002, 40.667554999850999 ], [ -73.897633000105913, 40.667418999934149 ], [ -73.898019999720205, 40.668958000139064 ] ] ] ] } },
{ "type": "Feature", "properties": { "STATEFP": "36", "COUNTYFP": "047", "TRACTCE": "023800", "BLKGRPCE": "3", "GEOID": "360470238003", "NAMELSAD": "Block Group 3", "MTFCC": "G5030", "FUNCSTAT": "S", "ALAND": 56641.0, "AWATER": 0.0, "INTPTLAT": "+40.6318418", "INTPTLON": "-073.9936397", "Shape__Are": 98446.0859375, "Shape__Len": 1255.1864381099999 }, "geometry": { "type": "MultiPolygon", "coordinates": [ [ [ [ -73.995616999334374, 40.631666999592248 ], [ -73.995394000649924, 40.631881000049056 ], [ -73.995033999901509, 40.63222999937696 ], [ -73.994450999570304, 40.632784999762826 ], [ -73.993865999589303, 40.633346999575082 ], [ -73.991663999757534, 40.632015999356909 ], [ -73.992246000263805, 40.631456000168328 ], [ -73.992827999871764, 40.630897999945532 ], [ -73.993412999852765, 40.630336000655078 ], [ -73.995459999873859, 40.631574999834918 ], [ -73.995616999334374, 40.631666999592248 ] ] ] ] } },
{ "type": "Feature", "properties": { "STATEFP": "36", "COUNTYFP": "047", "TRACTCE": "052600", "BLKGRPCE": "2", "GEOID": "360470526002", "NAMELSAD": "Block Group 2", "MTFCC": "G5030", "FUNCSTAT": "S", "ALAND": 57800.0, "AWATER": 0.0, "INTPTLAT": "+40.6349844", "INTPTLON": "-073.9666956", "Shape__Are": 100468.976562, "Shape__Len": 1857.26019187 }, "geometry": { "type": "MultiPolygon", "coordinates": [ [ [ [ -73.967627000657615, 40.635237999964112 ], [ -73.967122999969149, 40.635454000000202 ], [ -73.967531999324763, 40.637614999445013 ], [ -73.966662999661622, 40.638031000162918 ], [ -73.966254000306009, 40.635867000392949 ], [ -73.966175999589893, 40.63545900029262 ], [ -73.965950000532402, 40.634265999675328 ], [ -73.96567700072093, 40.63283000008942 ], [ -73.966266000001582, 40.632546999758198 ], [ -73.966776999464415, 40.632295000151984 ], [ -73.967027999534594, 40.633152000132398 ], [ -73.967184999893433, 40.633704000099485 ], [ -73.967405999826369, 40.634470000614655 ], [ -73.967511000306672, 40.634837999970898 ], [ -73.967543000093713, 40.634947999832974 ], [ -73.967627000657615, 40.635237999964112 ] ] ] ] } },
{ "type": "Feature", "properties": { "STATEFP": "36", "COUNTYFP": "047", "TRACTCE": "076400", "BLKGRPCE": "3", "GEOID": "360470764003", "NAMELSAD": "Block Group 3", "MTFCC": "G5030", "FUNCSTAT": "S", "ALAND": 49362.0, "AWATER": 0.0, "INTPTLAT": "+40.6291947", "INTPTLON": "-073.9581448", "Shape__Are": 85789.6914062, "Shape__Len": 1191.59415724 }, "geometry": { "type": "MultiPolygon", "coordinates": [ [ [ [ -73.959444999522788, 40.630277000153157 ], [ -73.958500000589979, 40.630380999905086 ], [ -73.957298999767502, 40.63051200035197 ], [ -73.957123999865317, 40.629586000054545 ], [ -73.95684699985587, 40.628119999769275 ], [ -73.958053000701241, 40.627971999913605 ], [ -73.958993999436075, 40.627885999505935 ], [ -73.959267999970791, 40.62935399977367 ], [ -73.959444999522788, 40.630277000153157 ] ] ] ] } },
{ "type": "Feature", "properties": { "STATEFP": "36", "COUNTYFP": "047", "TRACTCE": "021800", "BLKGRPCE": "1", "GEOID": "360470218001", "NAMELSAD": "Block Group 1", "MTFCC": "G5030", "FUNCSTAT": "S", "ALAND": 56493.0, "AWATER": 0.0, "INTPTLAT": "+40.6331713", "INTPTLON": "-073.9958405", "Shape__Are": 98195.203125, "Shape__Len": 1253.2217504299999 }, "geometry": { "type": "MultiPolygon", "coordinates": [ [ [ [ -73.997231000608707, 40.633555999666868 ], [ -73.996649999927342, 40.634115000252862 ], [ -73.996066999596152, 40.6346730001788 ], [ -73.995074999909377, 40.634076999983186 ], [ -73.993865999589303, 40.633346999575082 ], [ -73.994450999570304, 40.632784999762826 ], [ -73.995033999901509, 40.63222999937696 ], [ -73.995394000649924, 40.631881000049056 ], [ -73.995616999334374, 40.631666999592248 ], [ -73.997813000216681, 40.632995999759295 ], [ -73.997231000608707, 40.633555999666868 ] ] ] ] } },
{ "type": "Feature", "properties": { "STATEFP": "36", "COUNTYFP": "047", "TRACTCE": "007400", "BLKGRPCE": "3", "GEOID": "360470074003", "NAMELSAD": "Block Group 3", "MTFCC": "G5030", "FUNCSTAT": "S", "ALAND": 32400.0, "AWATER": 0.0, "INTPTLAT": "+40.6419969", "INTPTLON": "-074.0187214", "Shape__Are": 56330.375, "Shape__Len": 954.72545475499999 }, "geometry": { "type": "MultiPolygon", "coordinates": [ [ [ [ -74.020211999549417, 40.641980999443824 ], [ -74.019580000611057, 40.642594999779853 ], [ -74.019011000523577, 40.643165000398319 ], [ -74.018946000226265, 40.64312100016523 ], [ -74.017234999765847, 40.641986999889639 ], [ -74.017817000272117, 40.641424999870708 ], [ -74.0184220003446, 40.640846000272099 ], [ -74.020117999838092, 40.641920999727553 ], [ -74.020211999549417, 40.641980999443824 ] ] ] ] } },
{ "type": "Feature", "properties": { "STATEFP": "36", "COUNTYFP": "047", "TRACTCE": "003400", "BLKGRPCE": "1", "GEOID": "360470034001", "NAMELSAD": "Block Group 1", "MTFCC": "G5030", "FUNCSTAT": "S", "ALAND": 348109.0, "AWATER": 0.0, "INTPTLAT": "+40.6404176", "INTPTLON": "-074.0334392", "Shape__Are": 605194.90625, "Shape__Len": 4162.9785438099998 }, "geometry": { "type": "MultiPolygon", "coordinates": [ [ [ [ -74.03847099970757, 40.635677000405778 ], [ -74.037140000087078, 40.638288000014029 ], [ -74.036724999985381, 40.639141000085658 ], [ -74.036761000868722, 40.639189000226111 ], [ -74.036730999833168, 40.639237999652146 ], [ -74.036682000327673, 40.639325000436521 ], [ -74.03660999945933, 40.63942799972984 ], [ -74.036548999359965, 40.639524999560976 ], [ -74.036477000288258, 40.639649999817173 ], [ -74.036432999907333, 40.639723000142055 ], [ -74.036394999374195, 40.639784999776388 ], [ -74.036305999685723, 40.639929000068214 ], [ -74.036222999845052, 40.640064000144868 ], [ -74.036137000529635, 40.640186999416599 ], [ -74.03607399988212, 40.640264999768348 ], [ -74.036020000353787, 40.640349999925547 ], [ -74.035982999645526, 40.640396000590975 ], [ -74.035949000208674, 40.640434999974495 ], [ -74.035864999644744, 40.64053400035219 ], [ -74.035806999918435, 40.640584000135959 ], [ -74.035758000412955, 40.640629999958506 ], [ -74.035762000610916, 40.640663000004331 ], [ -74.035786999826954, 40.640707000494444 ], [ -74.035846999203102, 40.640782000302572 ], [ -74.035913000223658, 40.640822000120323 ], [ -74.035982999645526, 40.640903000342462 ], [ -74.036087000300924, 40.64096899946621 ], [ -74.036211999974384, 40.641030999988175 ], [ -74.036336999647872, 40.641110000009192 ], [ -74.036455999473546, 40.64117500031869 ], [ -74.036522000494088, 40.641230000164171 ], [ -74.036660000586366, 40.641348000163006 ], [ -74.036750999924649, 40.641409000363687 ], [ -74.036801999978266, 40.641477999573674 ], [ -74.036796999955385, 40.641574999834113 ], [ -74.036743999353646, 40.641671999953658 ], [ -74.036662000236205, 40.641757000364102 ], [ -74.036485000684181, 40.641921999689146 ], [ -74.036410000341107, 40.642018000707502 ], [ -74.036349000241742, 40.642081999492007 ], [ -74.036247000134495, 40.642165000146058 ], [ -74.036186999860035, 40.642200000029568 ], [ -74.036119999912884, 40.642218999900244 ], [ -74.034605000169364, 40.643671000312821 ], [ -74.034443999612577, 40.643825000414488 ], [ -74.034527000351559, 40.643874999777992 ], [ -74.034072999891805, 40.64431200014571 ], [ -74.033420999963639, 40.64392399985401 ], [ -74.033337000298062, 40.643872999913242 ], [ -74.032866000119867, 40.643587000231555 ], [ -74.032644000362026, 40.643800000037061 ], [ -74.032076000099437, 40.643406999798799 ], [ -74.03056300000577, 40.642564000593211 ], [ -74.029059999957795, 40.641726999389604 ], [ -74.028922999690451, 40.641451000424752 ], [ -74.029105000163653, 40.641414999497648 ], [ -74.02907899932606, 40.641274000280532 ], [ -74.028900999949158, 40.641146999710742 ], [ -74.028900999949158, 40.641007999878212 ], [ -74.029073000376599, 40.640968999466224 ], [ -74.028851999545338, 40.640801999873609 ], [ -74.029095000117891, 40.6408109996786 ], [ -74.030321999981325, 40.639646999830077 ], [ -74.030605999663464, 40.638962999945335 ], [ -74.03089100006882, 40.63827899986881 ], [ -74.031267999637365, 40.637357000381478 ], [ -74.03149000029353, 40.637425999689682 ], [ -74.032090000343146, 40.637613999418839 ], [ -74.033517000223128, 40.638053999935266 ], [ -74.033606999736492, 40.638081999795624 ], [ -74.033879999547963, 40.638167000005808 ], [ -74.034160999755358, 40.638254999475784 ], [ -74.034857000064449, 40.638474000015833 ], [ -74.035764000260741, 40.638759000464574 ], [ -74.035958000429488, 40.638820999630902 ], [ -74.036020000353787, 40.638650000075494 ], [ -74.036072000232309, 40.638442000265009 ], [ -74.036098999996483, 40.638264000305874 ], [ -74.036108000217325, 40.638085999872082 ], [ -74.036071000407389, 40.637306000194897 ], [ -74.036176999814288, 40.637099000320873 ], [ -74.036279999746455, 40.636948999843199 ], [ -74.03638900042472, 40.636811999525946 ], [ -74.03660999945933, 40.636577000367105 ], [ -74.037245000567381, 40.635985000328048 ], [ -74.037940999978147, 40.635804999846641 ], [ -74.03809199959089, 40.63576599980334 ], [ -74.03847099970757, 40.635677000405778 ] ] ] ] } },
{ "type": "Feature", "properties": { "STATEFP": "36", "COUNTYFP": "047", "TRACTCE": "013200", "BLKGRPCE": "1", "GEOID": "360470132001", "NAMELSAD": "Block Group 1", "MTFCC": "G5030", "FUNCSTAT": "S", "ALAND": 31676.0, "AWATER": 0.0, "INTPTLAT": "+40.6295653", "INTPTLON": "-074.0143437", "Shape__Are": 55052.4453125, "Shape__Len": 1268.6936177699999 }, "geometry": { "type": "MultiPolygon", "coordinates": [ [ [ [ -74.016048000085391, 40.631032999877206 ], [ -74.014902999339398, 40.630353000223828 ], [ -74.014782000762196, 40.630279999879455 ], [ -74.012702000230874, 40.629023999948643 ], [ -74.012500000564501, 40.628900999881772 ], [ -74.012142000364207, 40.628683999621543 ], [ -74.012857999866455, 40.6282070000427 ], [ -74.015487999320428, 40.629791999898636 ], [ -74.01634300053648, 40.63028600001352 ], [ -74.016048000085391, 40.631032999877206 ] ] ] ] } },
{ "type": "Feature", "properties": { "STATEFP": "36", "COUNTYFP": "047", "TRACTCE": "021200", "BLKGRPCE": "1", "GEOID": "360470212001", "NAMELSAD": "Block Group 1", "MTFCC": "G5030", "FUNCSTAT": "S", "ALAND": 70550.0, "AWATER": 0.0, "INTPTLAT": "+40.6303651", "INTPTLON": "-074.0054604", "Shape__Are": 122616.253906, "Shape__Len": 1908.3820848400001 }, "geometry": { "type": "MultiPolygon", "coordinates": [ [ [ [ -74.007739000525575, 40.631630000090432 ], [ -74.007022999226677, 40.63211000008733 ], [ -74.006339000409781, 40.631693999971219 ], [ -74.004136999679687, 40.630363999661732 ], [ -74.001931000548268, 40.629032999977895 ], [ -74.002227999750886, 40.62875100007561 ], [ -74.002515000704378, 40.628474999961014 ], [ -74.004718000361066, 40.629804000253912 ], [ -74.0052980003192, 40.629245999861745 ], [ -74.007503000524025, 40.630575999940824 ], [ -74.008455999852742, 40.631150000051775 ], [ -74.007739000525575, 40.631630000090432 ] ] ] ] } },
{ "type": "Feature", "properties": { "STATEFP": "36", "COUNTYFP": "047", "TRACTCE": "012600", "BLKGRPCE": "1", "GEOID": "360470126001", "NAMELSAD": "Block Group 1", "MTFCC": "G5030", "FUNCSTAT": "S", "ALAND": 84358.0, "AWATER": 0.0, "INTPTLAT": "+40.6361912", "INTPTLON": "-074.0212172", "Shape__Are": 146640.453125, "Shape__Len": 1603.2892935 }, "geometry": { "type": "MultiPolygon", "coordinates": [ [ [ [ -74.022910000572068, 40.636108000298393 ], [ -74.022625999991618, 40.636798999710145 ], [ -74.022480000401742, 40.636950999915342 ], [ -74.022149999790543, 40.637240000176327 ], [ -74.021921999286604, 40.637437999354638 ], [ -74.021692999856057, 40.637652999745953 ], [ -74.021358999945207, 40.637966999539522 ], [ -74.021224000226013, 40.638115000419369 ], [ -74.021086999958655, 40.638261999591329 ], [ -74.020773999964206, 40.637978000449877 ], [ -74.020430999832541, 40.637668000127888 ], [ -74.019553999773493, 40.637091000049452 ], [ -74.01889700072077, 40.636855999827638 ], [ -74.019037999389454, 40.636746000382395 ], [ -74.019049999983324, 40.636735999990037 ], [ -74.019268000441514, 40.636565999907631 ], [ -74.019702999736396, 40.636080000291813 ], [ -74.020152999998189, 40.635566999699684 ], [ -74.0203930001977, 40.634963999525155 ], [ -74.020507000000535, 40.634705999760811 ], [ -74.020722000085684, 40.634168999701785 ], [ -74.023235000262076, 40.635318000084233 ], [ -74.022910000572068, 40.636108000298393 ] ] ] ] } },
{ "type": "Feature", "properties": { "STATEFP": "36", "COUNTYFP": "081", "TRACTCE": "065900", "BLKGRPCE": "1", "GEOID": "360810659001", "NAMELSAD": "Block Group 1", "MTFCC": "G5030", "FUNCSTAT": "S", "ALAND": 91890.0, "AWATER": 0.0, "INTPTLAT": "+40.7160243", "INTPTLON": "-073.8797865", "Shape__Are": 160113.542969, "Shape__Len": 2015.3578065900001 }, "geometry": { "type": "MultiPolygon", "coordinates": [ [ [ [ -73.882380999868573, 40.716172000032245 ], [ -73.881879999553149, 40.716169000082402 ], [ -73.881641999901774, 40.716183000301058 ], [ -73.8811430001345, 40.716413000552933 ], [ -73.880343999893242, 40.716785000107372 ], [ -73.879557000245867, 40.717150000300094 ], [ -73.878741999212778, 40.71752899978889 ], [ -73.877940999321694, 40.717898000724794 ], [ -73.877384999653003, 40.717205000136985 ], [ -73.877219999796566, 40.717226000137025 ], [ -73.877204999727951, 40.716504999750342 ], [ -73.877185999461389, 40.715621999935856 ], [ -73.878270000107975, 40.715560999517741 ], [ -73.87909000026562, 40.715537000375981 ], [ -73.879299000503011, 40.715481999841941 ], [ -73.880206999625898, 40.715244000027958 ], [ -73.881153000180234, 40.715052999836601 ], [ -73.880563000176352, 40.714320999853875 ], [ -73.882344999883557, 40.714144999945255 ], [ -73.882388999366185, 40.714836000604699 ], [ -73.882380999868573, 40.716172000032245 ] ] ] ] } },
{ "type": "Feature", "properties": { "STATEFP": "36", "COUNTYFP": "081", "TRACTCE": "065900", "BLKGRPCE": "2", "GEOID": "360810659002", "NAMELSAD": "Block Group 2", "MTFCC": "G5030", "FUNCSTAT": "S", "ALAND": 101861.0, "AWATER": 0.0, "INTPTLAT": "+40.7151124", "INTPTLON": "-073.8849113", "Shape__Are": 177481.84375, "Shape__Len": 1808.7988579400001 }, "geometry": { "type": "MultiPolygon", "coordinates": [ [ [ [ -73.887916000034394, 40.715806000389691 ], [ -73.886661999508462, 40.716396000443119 ], [ -73.886351000062163, 40.716016999951165 ], [ -73.885049999680589, 40.716180000351734 ], [ -73.884111999522176, 40.716185999569362 ], [ -73.883247000056969, 40.716180000351734 ], [ -73.882380999868573, 40.716172000032245 ], [ -73.882388999366185, 40.714836000604699 ], [ -73.882344999883557, 40.714144999945255 ], [ -73.884207999781623, 40.713949999712121 ], [ -73.885091000586769, 40.713962999473068 ], [ -73.887001000340504, 40.714047000119457 ], [ -73.887220000623614, 40.713982000009523 ], [ -73.887179000615731, 40.714756000518015 ], [ -73.887200000532118, 40.714849000192636 ], [ -73.887237000342054, 40.714940999508663 ], [ -73.887286999672455, 40.715029000511699 ], [ -73.887348999596725, 40.715110999360846 ], [ -73.88744599968112, 40.715176999955503 ], [ -73.887916000034394, 40.715806000389691 ] ] ] ] } },
{ "type": "Feature", "properties": { "STATEFP": "36", "COUNTYFP": "081", "TRACTCE": "066501", "BLKGRPCE": "1", "GEOID": "360810665011", "NAMELSAD": "Block Group 1", "MTFCC": "G5030", "FUNCSTAT": "S", "ALAND": 84483.0, "AWATER": 0.0, "INTPTLAT": "+40.7183524", "INTPTLON": "-073.8912507", "Shape__Are": 147216.6875, "Shape__Len": 2116.11804949 }, "geometry": { "type": "MultiPolygon", "coordinates": [ [ [ [ -73.893940999746675, 40.718096999651756 ], [ -73.893757999448567, 40.718206000259102 ], [ -73.892511999318572, 40.718805999813696 ], [ -73.892129999727146, 40.718987000495602 ], [ -73.891160000679989, 40.719459999261922 ], [ -73.890090999203679, 40.719956000241041 ], [ -73.889907999803881, 40.72004200043839 ], [ -73.889663999406395, 40.720155999974608 ], [ -73.889154999593387, 40.719501999875128 ], [ -73.888638000282754, 40.718870999979835 ], [ -73.888142999815102, 40.718254999512034 ], [ -73.889533999710054, 40.717615999905981 ], [ -73.890089000452164, 40.718207000438746 ], [ -73.890535000515996, 40.7187019996883 ], [ -73.890740999482006, 40.718451999743358 ], [ -73.890850999985176, 40.718308000122377 ], [ -73.891122000146851, 40.718091000606336 ], [ -73.891317000140504, 40.717929999805456 ], [ -73.891398999257945, 40.717851000217387 ], [ -73.89165199987626, 40.717762999540263 ], [ -73.892693999791746, 40.716669000520596 ], [ -73.892700000537857, 40.716540000114719 ], [ -73.892838000630121, 40.716006000335817 ], [ -73.894235000372859, 40.717924000064166 ], [ -73.893940999746675, 40.718096999651756 ] ] ] ] } },
{ "type": "Feature", "properties": { "STATEFP": "36", "COUNTYFP": "081", "TRACTCE": "066900", "BLKGRPCE": "2", "GEOID": "360810669002", "NAMELSAD": "Block Group 2", "MTFCC": "G5030", "FUNCSTAT": "S", "ALAND": 68185.0, "AWATER": 0.0, "INTPTLAT": "+40.7232785", "INTPTLON": "-073.8877415", "Shape__Are": 118833.894531, "Shape__Len": 1614.65074211 }, "geometry": { "type": "MultiPolygon", "coordinates": [ [ [ [ -73.888975000566646, 40.724820000636399 ], [ -73.887076999610159, 40.724638000074364 ], [ -73.887059000066813, 40.724035000390529 ], [ -73.887057000417002, 40.723802000316098 ], [ -73.885641000407688, 40.722021999746637 ], [ -73.886121999733305, 40.721799000690851 ], [ -73.886438999925716, 40.721651999756752 ], [ -73.887240000715096, 40.72128000016653 ], [ -73.888818000207806, 40.723250999840154 ], [ -73.890174999767581, 40.724946999817348 ], [ -73.888975000566646, 40.724820000636399 ] ] ] ] } },
{ "type": "Feature", "properties": { "STATEFP": "36", "COUNTYFP": "081", "TRACTCE": "055100", "BLKGRPCE": "1", "GEOID": "360810551001", "NAMELSAD": "Block Group 1", "MTFCC": "G5030", "FUNCSTAT": "S", "ALAND": 44497.0, "AWATER": 0.0, "INTPTLAT": "+40.7011398", "INTPTLON": "-073.9020318", "Shape__Are": 77497.9765625, "Shape__Len": 1362.90508288 }, "geometry": { "type": "MultiPolygon", "coordinates": [ [ [ [ -73.904190999920672, 40.700737999421413 ], [ -73.902948000163704, 40.701458000532952 ], [ -73.901368000122872, 40.702336999228017 ], [ -73.900986000531447, 40.702449000325849 ], [ -73.900698000651346, 40.701770000186777 ], [ -73.90041499989583, 40.701086000476423 ], [ -73.900199999810681, 40.700501000474453 ], [ -73.901327000114989, 40.700491999868518 ], [ -73.901414999978542, 40.700491000103824 ], [ -73.902490000404313, 40.7004840003883 ], [ -73.903675000434944, 40.700408999595709 ], [ -73.904879999658746, 40.700270999741853 ], [ -73.904190999920672, 40.700737999421413 ] ] ] ] } },
{ "type": "Feature", "properties": { "STATEFP": "36", "COUNTYFP": "081", "TRACTCE": "055500", "BLKGRPCE": "1", "GEOID": "360810555001", "NAMELSAD": "Block Group 1", "MTFCC": "G5030", "FUNCSTAT": "S", "ALAND": 48408.0, "AWATER": 0.0, "INTPTLAT": "+40.6985887", "INTPTLON": "-073.9020852", "Shape__Are": 84304.0703125, "Shape__Len": 1223.9317159300001 }, "geometry": { "type": "MultiPolygon", "coordinates": [ [ [ [ -73.904070000445145, 40.698857000145274 ], [ -73.902953000186585, 40.700004999621683 ], [ -73.902239000334148, 40.699584000286777 ], [ -73.901523999758481, 40.699161999868508 ], [ -73.900813000279086, 40.698742000445257 ], [ -73.900101999901366, 40.698319000344163 ], [ -73.901219000159955, 40.697170999736052 ], [ -73.90192899981443, 40.69759300050778 ], [ -73.902644000390097, 40.698014000166459 ], [ -73.903355999694412, 40.698436000365575 ], [ -73.904070000445145, 40.698857000145274 ] ] ] ] } },
{ "type": "Feature", "properties": { "STATEFP": "36", "COUNTYFP": "081", "TRACTCE": "055500", "BLKGRPCE": "2", "GEOID": "360810555002", "NAMELSAD": "Block Group 2", "MTFCC": "G5030", "FUNCSTAT": "S", "ALAND": 105308.0, "AWATER": 0.0, "INTPTLAT": "+40.6965973", "INTPTLON": "-073.9038280", "Shape__Are": 183386.691406, "Shape__Len": 2138.6399934800002 }, "geometry": { "type": "MultiPolygon", "coordinates": [ [ [ [ -73.906117000466224, 40.69675000019847 ], [ -73.904070000445145, 40.698857000145274 ], [ -73.903355999694412, 40.698436000365575 ], [ -73.902644000390097, 40.698014000166459 ], [ -73.90192899981443, 40.69759300050778 ], [ -73.901219000159955, 40.697170999736052 ], [ -73.903217999602134, 40.695117000269853 ], [ -73.903504000730706, 40.695274000328844 ], [ -73.904221000057873, 40.694534000682864 ], [ -73.905042999865344, 40.693704000118146 ], [ -73.905800000273828, 40.694127999413929 ], [ -73.904913999993937, 40.695074000093747 ], [ -73.904804000389063, 40.695147999555985 ], [ -73.904260000415945, 40.695700000203999 ], [ -73.904663999748678, 40.695932000039193 ], [ -73.904802999665861, 40.696008000255716 ], [ -73.904890000602791, 40.696050999829033 ], [ -73.904951999628778, 40.696086000047316 ], [ -73.905011000078318, 40.69612200007748 ], [ -73.905083000048322, 40.696162999917881 ], [ -73.905235000384295, 40.696251000536648 ], [ -73.905401000065652, 40.696349999816803 ], [ -73.905582999640529, 40.696448999630924 ], [ -73.905704000014339, 40.69651499965228 ], [ -73.90577099996149, 40.696548999802886 ], [ -73.906117000466224, 40.69675000019847 ] ] ] ] } },
{ "type": "Feature", "properties": { "STATEFP": "36", "COUNTYFP": "081", "TRACTCE": "055700", "BLKGRPCE": "3", "GEOID": "360810557003", "NAMELSAD": "Block Group 3", "MTFCC": "G5030", "FUNCSTAT": "S", "ALAND": 35508.0, "AWATER": 0.0, "INTPTLAT": "+40.6998753", "INTPTLON": "-073.9010728", "Shape__Are": 61840.3085938, "Shape__Len": 1085.92348829 }, "geometry": { "type": "MultiPolygon", "coordinates": [ [ [ [ -73.902490000404313, 40.7004840003883 ], [ -73.901414999978542, 40.700491000103824 ], [ -73.901327000114989, 40.700491999868518 ], [ -73.900199999810681, 40.700501000474453 ], [ -73.899759000668013, 40.700504999532647 ], [ -73.899116000062378, 40.700511000162578 ], [ -73.899504000399901, 40.700081999729846 ], [ -73.900813000279086, 40.698742000445257 ], [ -73.901523999758481, 40.699161999868508 ], [ -73.902239000334148, 40.699584000286777 ], [ -73.902953000186585, 40.700004999621683 ], [ -73.902490000404313, 40.7004840003883 ] ] ] ] } },
{ "type": "Feature", "properties": { "STATEFP": "36", "COUNTYFP": "081", "TRACTCE": "055900", "BLKGRPCE": "1", "GEOID": "360810559001", "NAMELSAD": "Block Group 1", "MTFCC": "G5030", "FUNCSTAT": "S", "ALAND": 158575.0, "AWATER": 0.0, "INTPTLAT": "+40.6944037", "INTPTLON": "-073.9017315", "Shape__Are": 276128.3125, "Shape__Len": 2273.3894039900001 }, "geometry": { "type": "MultiPolygon", "coordinates": [ [ [ [ -73.905042999865344, 40.693704000118146 ], [ -73.904221000057873, 40.694534000682864 ], [ -73.903504000730706, 40.695274000328844 ], [ -73.903217999602134, 40.695117000269853 ], [ -73.901219000159955, 40.697170999736052 ], [ -73.900503000657693, 40.696739000124744 ], [ -73.899870000097792, 40.696219999720498 ], [ -73.899212000321853, 40.695702000558327 ], [ -73.89908900029819, 40.695604999991403 ], [ -73.898885999908615, 40.695390000408018 ], [ -73.899541000209808, 40.694285999618046 ], [ -73.900029999931363, 40.693436999787522 ], [ -73.900386999408425, 40.693140000098829 ], [ -73.900964999716734, 40.692811000209971 ], [ -73.901291000129987, 40.692302999983596 ], [ -73.901240999901262, 40.691437999635824 ], [ -73.901589999880713, 40.691631999820508 ], [ -73.901829999181913, 40.691814999915934 ], [ -73.902072999754481, 40.691999000082028 ], [ -73.902787999431808, 40.692417999900705 ], [ -73.903541000540628, 40.6928489997253 ], [ -73.904288000005025, 40.693277999740467 ], [ -73.905042999865344, 40.693704000118146 ] ] ] ] } },
{ "type": "Feature", "properties": { "STATEFP": "36", "COUNTYFP": "081", "TRACTCE": "056100", "BLKGRPCE": "1", "GEOID": "360810561001", "NAMELSAD": "Block Group 1", "MTFCC": "G5030", "FUNCSTAT": "S", "ALAND": 2822179.0, "AWATER": 82983.0, "INTPTLAT": "+40.6924618", "INTPTLON": "-073.8852171", "Shape__Are": 5058596.84375, "Shape__Len": 13135.8095918 }, "geometry": { "type": "MultiPolygon", "coordinates": [ [ [ [ -73.901240999901262, 40.691437999635824 ], [ -73.901291000129987, 40.692302999983596 ], [ -73.900964999716734, 40.692811000209971 ], [ -73.900386999408425, 40.693140000098829 ], [ -73.900029999931363, 40.693436999787522 ], [ -73.899192000230357, 40.693789000302431 ], [ -73.897365999243888, 40.694118999990245 ], [ -73.896910000032648, 40.693841999953804 ], [ -73.897426999343267, 40.693288999704492 ], [ -73.896954999340167, 40.691920000380215 ], [ -73.895732999499614, 40.692265000156887 ], [ -73.894743000360975, 40.692637000431773 ], [ -73.893262999879241, 40.692202999568615 ], [ -73.893980999929653, 40.693075999891654 ], [ -73.895426000251263, 40.694170999519521 ], [ -73.895077000271812, 40.694591000517029 ], [ -73.892451999942438, 40.695225999673312 ], [ -73.891957000373111, 40.694411000121811 ], [ -73.889193999951445, 40.694936000085455 ], [ -73.888285999930247, 40.695237000677942 ], [ -73.888654000176288, 40.695829999952835 ], [ -73.886487999431196, 40.696439000014109 ], [ -73.886879999966666, 40.696651999972936 ], [ -73.887173999694539, 40.696851000419073 ], [ -73.887294000243458, 40.696957999393348 ], [ -73.887451000602297, 40.697109000307663 ], [ -73.887567999879835, 40.697228999852129 ], [ -73.887644999872748, 40.697343000308749 ], [ -73.88772900043665, 40.697473000256892 ], [ -73.88779599948549, 40.697602999951336 ], [ -73.887848999188918, 40.697734000560345 ], [ -73.887921000057261, 40.69799899973097 ], [ -73.888022999266212, 40.698449000430919 ], [ -73.888053000301738, 40.698549000324981 ], [ -73.888086999738618, 40.69863000060586 ], [ -73.888143999640022, 40.698723000327696 ], [ -73.888188999845852, 40.698860000194003 ], [ -73.887712999644791, 40.699677999815719 ], [ -73.886766999988765, 40.699826000007981 ], [ -73.885841999350816, 40.699964999875284 ], [ -73.884921999634059, 40.700104000133607 ], [ -73.88440199995037, 40.70025500004629 ], [ -73.883431000179982, 40.700474000015056 ], [ -73.882697000236064, 40.70071800011182 ], [ -73.881766999575248, 40.699530999754849 ], [ -73.881054000446028, 40.699774000125124 ], [ -73.880245999983941, 40.700072000658366 ], [ -73.879443999369656, 40.700390999719822 ], [ -73.878604000018825, 40.700696000591989 ], [ -73.877792000257102, 40.701015000070207 ], [ -73.876228000109776, 40.701727000218696 ], [ -73.876258000247006, 40.70174900007914 ], [ -73.876397999989095, 40.702294000307013 ], [ -73.875430999518343, 40.70237400038377 ], [ -73.874463000121011, 40.702456999570117 ], [ -73.873512000442105, 40.70253499998298 ], [ -73.872561999689808, 40.702611999890671 ], [ -73.871647999820809, 40.702687000245774 ], [ -73.870733000126918, 40.702762000516472 ], [ -73.869819000257948, 40.70283800043223 ], [ -73.869156000459128, 40.702892999833267 ], [ -73.869116000276165, 40.701603999998476 ], [ -73.869519999608897, 40.701405999881075 ], [ -73.869313999744577, 40.699354999574922 ], [ -73.87080200062222, 40.697876999922464 ], [ -73.87070800001257, 40.697696999551411 ], [ -73.870660000331981, 40.697619999410634 ], [ -73.87062999929644, 40.69757800065851 ], [ -73.870482999881688, 40.6973689995014 ], [ -73.870256999925857, 40.697047999956993 ], [ -73.868917000084537, 40.695149999926876 ], [ -73.874020999356816, 40.69419100011357 ], [ -73.877764000668009, 40.692153000326506 ], [ -73.879455999963525, 40.69123100013951 ], [ -73.879512000040023, 40.691186999594443 ], [ -73.879616000695421, 40.691105999799895 ], [ -73.880723000009937, 40.69024300009746 ], [ -73.881340999602884, 40.689760999482843 ], [ -73.882267000065752, 40.689038999453174 ], [ -73.882648999657178, 40.68874099997354 ], [ -73.883654000661068, 40.687958999925819 ], [ -73.88375699969491, 40.687879000248479 ], [ -73.883776999786392, 40.687863000301441 ], [ -73.88386700019808, 40.687720999837218 ], [ -73.884516999578111, 40.686691000038387 ], [ -73.887283999299413, 40.685622000472655 ], [ -73.888082999540657, 40.685293999560294 ], [ -73.888294000326155, 40.68517500031308 ], [ -73.889089000369466, 40.684641000393853 ], [ -73.889606999505006, 40.684213999968307 ], [ -73.890140000505795, 40.685004999657458 ], [ -73.890877999749364, 40.684543000069041 ], [ -73.891660000272168, 40.684044000267527 ], [ -73.892523000087536, 40.683423999768095 ], [ -73.894139000113398, 40.68524299990893 ], [ -73.894200000212763, 40.685309000131525 ], [ -73.894406000077069, 40.685090000039473 ], [ -73.894596999872789, 40.684882000579684 ], [ -73.894942000552604, 40.684548000089102 ], [ -73.89529300018188, 40.684169000229986 ], [ -73.895819000611667, 40.683516000259367 ], [ -73.896122999486963, 40.683140000056895 ], [ -73.896231000340308, 40.682976999853587 ], [ -73.896330999899419, 40.682830000410796 ], [ -73.896406000242479, 40.682679999866643 ], [ -73.896482000410472, 40.682529999666194 ], [ -73.896518000395488, 40.682396999746508 ], [ -73.897341000027851, 40.683367999939996 ], [ -73.901162000258537, 40.687878000294454 ], [ -73.900425000839888, 40.688183999823259 ], [ -73.901804999965876, 40.690766000387164 ], [ -73.901240999901262, 40.691437999635824 ] ] ] ] } },
{ "type": "Feature", "properties": { "STATEFP": "36", "COUNTYFP": "081", "TRACTCE": "056500", "BLKGRPCE": "1", "GEOID": "360810565001", "NAMELSAD": "Block Group 1", "MTFCC": "G5030", "FUNCSTAT": "S", "ALAND": 117784.0, "AWATER": 0.0, "INTPTLAT": "+40.6942629", "INTPTLON": "-073.8968742", "Shape__Are": 205099.164062, "Shape__Len": 2691.41801708 }, "geometry": { "type": "MultiPolygon", "coordinates": [ [ [ [ -73.899541000209808, 40.694285999618046 ], [ -73.898885999908615, 40.695390000408018 ], [ -73.89838200011846, 40.696135999743369 ], [ -73.897562999785706, 40.696481000165413 ], [ -73.896771999940384, 40.696798999576146 ], [ -73.896309000158112, 40.69609400005568 ], [ -73.895878999987801, 40.69549799952523 ], [ -73.89560400052649, 40.695131999992128 ], [ -73.895789999401032, 40.694744000368459 ], [ -73.896463000143896, 40.694477999292744 ], [ -73.895586000084847, 40.693978999641168 ], [ -73.893980999929653, 40.693075999891654 ], [ -73.893262999879241, 40.692202999568615 ], [ -73.894743000360975, 40.692637000431773 ], [ -73.895732999499614, 40.692265000156887 ], [ -73.896954999340167, 40.691920000380215 ], [ -73.897426999343267, 40.693288999704492 ], [ -73.896910000032648, 40.693841999953804 ], [ -73.897365999243888, 40.694118999990245 ], [ -73.899192000230357, 40.693789000302431 ], [ -73.900029999931363, 40.693436999787522 ], [ -73.899541000209808, 40.694285999618046 ] ] ] ] } },
{ "type": "Feature", "properties": { "STATEFP": "36", "COUNTYFP": "081", "TRACTCE": "056700", "BLKGRPCE": "2", "GEOID": "360810567002", "NAMELSAD": "Block Group 2", "MTFCC": "G5030", "FUNCSTAT": "S", "ALAND": 104672.0, "AWATER": 0.0, "INTPTLAT": "+40.6958539", "INTPTLON": "-073.8913752", "Shape__Are": 182275.078125, "Shape__Len": 3730.92454765 }, "geometry": { "type": "MultiPolygon", "coordinates": [ [ [ [ -73.895789999401032, 40.694744000368459 ], [ -73.893888999868139, 40.695257999433068 ], [ -73.893001999763328, 40.69549199980586 ], [ -73.892015999924325, 40.695470000603365 ], [ -73.89259599988246, 40.696934000357658 ], [ -73.892886000310696, 40.697740000077808 ], [ -73.892001999680616, 40.69793399962073 ], [ -73.891105999354991, 40.698138000005279 ], [ -73.890796999558489, 40.697348000049494 ], [ -73.890223000346452, 40.695874000156124 ], [ -73.889320000348135, 40.696080999530771 ], [ -73.888430000768608, 40.696287000477653 ], [ -73.886879999966666, 40.696651999972936 ], [ -73.886487999431196, 40.696439000014109 ], [ -73.888654000176288, 40.695829999952835 ], [ -73.888285999930247, 40.695237000677942 ], [ -73.889193999951445, 40.694936000085455 ], [ -73.891957000373111, 40.694411000121811 ], [ -73.892451999942438, 40.695225999673312 ], [ -73.895077000271812, 40.694591000517029 ], [ -73.895426000251263, 40.694170999519521 ], [ -73.893980999929653, 40.693075999891654 ], [ -73.895586000084847, 40.693978999641168 ], [ -73.896463000143896, 40.694477999292744 ], [ -73.895789999401032, 40.694744000368459 ] ] ] ] } },
{ "type": "Feature", "properties": { "STATEFP": "36", "COUNTYFP": "081", "TRACTCE": "056700", "BLKGRPCE": "4", "GEOID": "360810567004", "NAMELSAD": "Block Group 4", "MTFCC": "G5030", "FUNCSTAT": "S", "ALAND": 68415.0, "AWATER": 0.0, "INTPTLAT": "+40.6986527", "INTPTLON": "-073.8941716", "Shape__Are": 119147.359375, "Shape__Len": 1555.4521852400001 }, "geometry": { "type": "MultiPolygon", "coordinates": [ [ [ [ -73.895780000253595, 40.698510999974282 ], [ -73.894849999592779, 40.698590000033867 ], [ -73.895003000651968, 40.699711999714133 ], [ -73.894202000760899, 40.700506999742679 ], [ -73.893839999464333, 40.700860000119583 ], [ -73.893349000092954, 40.700891000138583 ], [ -73.893249000533856, 40.700183000347124 ], [ -73.8930410001214, 40.698740000182255 ], [ -73.892886000310696, 40.697740000077808 ], [ -73.893354000115835, 40.697168000292336 ], [ -73.893717000338995, 40.697136999902881 ], [ -73.894632000032885, 40.69706100029321 ], [ -73.895585000259928, 40.697128000204543 ], [ -73.895780000253595, 40.698510999974282 ] ] ] ] } },
{ "type": "Feature", "properties": { "STATEFP": "36", "COUNTYFP": "081", "TRACTCE": "057700", "BLKGRPCE": "2", "GEOID": "360810577002", "NAMELSAD": "Block Group 2", "MTFCC": "G5030", "FUNCSTAT": "S", "ALAND": 74605.0, "AWATER": 0.0, "INTPTLAT": "+40.7009750", "INTPTLON": "-073.8924275", "Shape__Are": 129933.148438, "Shape__Len": 2042.38566773 }, "geometry": { "type": "MultiPolygon", "coordinates": [ [ [ [ -73.893839999464333, 40.700860000119583 ], [ -73.892744000020471, 40.701850999956129 ], [ -73.891653999526085, 40.701429000279205 ], [ -73.890865000228885, 40.701104000164506 ], [ -73.890245999912693, 40.701148999363426 ], [ -73.889296000058692, 40.701232000076281 ], [ -73.888861999690434, 40.701276000116813 ], [ -73.888726999971212, 40.699603000158803 ], [ -73.888822999332362, 40.699506000504471 ], [ -73.888618000191272, 40.699330000258477 ], [ -73.888541000198387, 40.699243999868571 ], [ -73.888451999611604, 40.699145000121696 ], [ -73.888188999845852, 40.698860000194003 ], [ -73.889292999685651, 40.698553000181448 ], [ -73.890198000232104, 40.698345999633915 ], [ -73.890496999982844, 40.700416000000118 ], [ -73.891436999791097, 40.700334999847776 ], [ -73.892356999507868, 40.700258000032065 ], [ -73.893249000533856, 40.700183000347124 ], [ -73.893349000092954, 40.700891000138583 ], [ -73.893839999464333, 40.700860000119583 ] ] ] ] } },
{ "type": "Feature", "properties": { "STATEFP": "36", "COUNTYFP": "081", "TRACTCE": "058100", "BLKGRPCE": "1", "GEOID": "360810581001", "NAMELSAD": "Block Group 1", "MTFCC": "G5030", "FUNCSTAT": "S", "ALAND": 61925.0, "AWATER": 0.0, "INTPTLAT": "+40.7048191", "INTPTLON": "-073.8928412", "Shape__Are": 107863.441406, "Shape__Len": 1422.9354463499999 }, "geometry": { "type": "MultiPolygon", "coordinates": [ [ [ [ -73.894485999544699, 40.705733999920206 ], [ -73.893595000140266, 40.70595500030759 ], [ -73.892701000362763, 40.706177000321986 ], [ -73.891812999534736, 40.706397999920291 ], [ -73.891333000034038, 40.705087999402274 ], [ -73.891830999976406, 40.704289999765543 ], [ -73.892480000429828, 40.703365000168425 ], [ -73.893131000533074, 40.702567000318027 ], [ -73.893916999457218, 40.704401000597322 ], [ -73.894485999544699, 40.705733999920206 ] ] ] ] } },
{ "type": "Feature", "properties": { "STATEFP": "36", "COUNTYFP": "081", "TRACTCE": "058100", "BLKGRPCE": "2", "GEOID": "360810581002", "NAMELSAD": "Block Group 2", "MTFCC": "G5030", "FUNCSTAT": "S", "ALAND": 81681.0, "AWATER": 0.0, "INTPTLAT": "+40.7033248", "INTPTLON": "-073.8945074", "Shape__Are": 142267.507812, "Shape__Len": 1818.27554433 }, "geometry": { "type": "MultiPolygon", "coordinates": [ [ [ [ -73.896330999899419, 40.705274000431956 ], [ -73.895378999497296, 40.705511000101694 ], [ -73.894485999544699, 40.705733999920206 ], [ -73.893916999457218, 40.704401000597322 ], [ -73.893131000533074, 40.702567000318027 ], [ -73.893436000131601, 40.702188000108407 ], [ -73.892968000326462, 40.702136000026464 ], [ -73.892744000020471, 40.701850999956129 ], [ -73.893839999464333, 40.700860000119583 ], [ -73.894387999635413, 40.70078399999003 ], [ -73.894955999897988, 40.701896999756116 ], [ -73.895201999945286, 40.702592999514891 ], [ -73.895336999664508, 40.702972999871555 ], [ -73.89541799985534, 40.703198999869201 ], [ -73.8954490007158, 40.703286000323743 ], [ -73.895691999491731, 40.703960000065493 ], [ -73.895992999790622, 40.704579000471249 ], [ -73.896282000393938, 40.705170999973532 ], [ -73.896330999899419, 40.705274000431956 ] ] ] ] } },
{ "type": "Feature", "properties": { "STATEFP": "36", "COUNTYFP": "081", "TRACTCE": "058300", "BLKGRPCE": "2", "GEOID": "360810583002", "NAMELSAD": "Block Group 2", "MTFCC": "G5030", "FUNCSTAT": "S", "ALAND": 51740.0, "AWATER": 0.0, "INTPTLAT": "+40.7018628", "INTPTLON": "-073.8979192", "Shape__Are": 90114.90625, "Shape__Len": 1260.61347877 }, "geometry": { "type": "MultiPolygon", "coordinates": [ [ [ [ -73.899522999768138, 40.702872999808655 ], [ -73.897645999626391, 40.703414999849308 ], [ -73.897314000263677, 40.702746000738195 ], [ -73.89698100017776, 40.702077000355736 ], [ -73.896648999916735, 40.701410000247002 ], [ -73.896271000523271, 40.700652999930568 ], [ -73.896720999886753, 40.700617000305812 ], [ -73.897982999910283, 40.70051700011097 ], [ -73.898368999699656, 40.700517999875274 ], [ -73.898521000035629, 40.700870000434861 ], [ -73.89885400012156, 40.701537999570689 ], [ -73.899188000032396, 40.702204000020735 ], [ -73.899522999768138, 40.702872999808655 ] ] ] ] } },
{ "type": "Feature", "properties": { "STATEFP": "36", "COUNTYFP": "081", "TRACTCE": "058500", "BLKGRPCE": "1", "GEOID": "360810585001", "NAMELSAD": "Block Group 1", "MTFCC": "G5030", "FUNCSTAT": "S", "ALAND": 53986.0, "AWATER": 0.0, "INTPTLAT": "+40.7049740", "INTPTLON": "-073.8973097", "Shape__Are": 94035.640625, "Shape__Len": 1272.5842698399999 }, "geometry": { "type": "MultiPolygon", "coordinates": [ [ [ [ -73.898945999284749, 40.706018000037169 ], [ -73.897998999803804, 40.706243999917099 ], [ -73.896940000169877, 40.706498999813 ], [ -73.896648999916735, 40.705913999684071 ], [ -73.896572999748741, 40.705766000080224 ], [ -73.896330999899419, 40.705274000431956 ], [ -73.896282000393938, 40.705170999973532 ], [ -73.895992999790622, 40.704579000471249 ], [ -73.895691999491731, 40.703960000065493 ], [ -73.897645999626391, 40.703414999849308 ], [ -73.897946999925281, 40.704017999718502 ], [ -73.898242999302951, 40.704608000034554 ], [ -73.898535999205933, 40.70519799989092 ], [ -73.898945999284749, 40.706018000037169 ] ] ] ] } },
{ "type": "Feature", "properties": { "STATEFP": "36", "COUNTYFP": "081", "TRACTCE": "060300", "BLKGRPCE": "1", "GEOID": "360810603001", "NAMELSAD": "Block Group 1", "MTFCC": "G5030", "FUNCSTAT": "S", "ALAND": 181368.0, "AWATER": 0.0, "INTPTLAT": "+40.7139219", "INTPTLON": "-073.8990012", "Shape__Are": 316000.683594, "Shape__Len": 2687.1882943700002 }, "geometry": { "type": "MultiPolygon", "coordinates": [ [ [ [ -73.90380199975823, 40.713348000145068 ], [ -73.902854000452379, 40.713793000094078 ], [ -73.902044999267062, 40.71419699950242 ], [ -73.901158000060576, 40.71462200068521 ], [ -73.90087200072864, 40.714759999401181 ], [ -73.899899999336711, 40.715232999604048 ], [ -73.89926400020039, 40.715543999871258 ], [ -73.898603000051395, 40.715867000583323 ], [ -73.897823999901618, 40.716236000518357 ], [ -73.89768699963426, 40.716298000526351 ], [ -73.897501999686355, 40.716384000002549 ], [ -73.896284999868669, 40.714817999861587 ], [ -73.895537999505976, 40.713803999394116 ], [ -73.895024999494964, 40.712477999365312 ], [ -73.895904000102149, 40.712507000255371 ], [ -73.896218999746409, 40.71252199946634 ], [ -73.897103000376489, 40.712557999465481 ], [ -73.897682999436313, 40.71257999983365 ], [ -73.899354999538659, 40.712647000476835 ], [ -73.900183999917132, 40.712680999883169 ], [ -73.900596000544098, 40.712696999998272 ], [ -73.902242999633785, 40.712760000158859 ], [ -73.902934999744915, 40.712786000142962 ], [ -73.903769000146283, 40.712817000058273 ], [ -73.904772000602023, 40.71286600055398 ], [ -73.90380199975823, 40.713348000145068 ] ] ] ] } },
{ "type": "Feature", "properties": { "STATEFP": "36", "COUNTYFP": "081", "TRACTCE": "060701", "BLKGRPCE": "1", "GEOID": "360810607011", "NAMELSAD": "Block Group 1", "MTFCC": "G5030", "FUNCSTAT": "S", "ALAND": 712989.0, "AWATER": 0.0, "INTPTLAT": "+40.7172559", "INTPTLON": "-073.8939758", "Shape__Are": 1242382.21875, "Shape__Len": 7654.4242208899996 }, "geometry": { "type": "MultiPolygon", "coordinates": [ [ [ [ -73.900625999783031, 40.719763999795319 ], [ -73.900093000578863, 40.720177000405364 ], [ -73.900035000852554, 40.720142999380379 ], [ -73.898086999667356, 40.720369000340668 ], [ -73.897368999616958, 40.720481999852232 ], [ -73.897397000104363, 40.721550999700256 ], [ -73.89981600056943, 40.721236999860253 ], [ -73.900106000099342, 40.723296000413313 ], [ -73.899029000023745, 40.723840999947129 ], [ -73.898352999806136, 40.723111999556757 ], [ -73.896087000400257, 40.723810999814035 ], [ -73.895823999736209, 40.723898999984556 ], [ -73.895697000412923, 40.723413000127302 ], [ -73.894509999834156, 40.723131999630127 ], [ -73.894387999635413, 40.723157000223992 ], [ -73.894267999984805, 40.723142000004977 ], [ -73.894360000046319, 40.723100000326887 ], [ -73.894971999791522, 40.722823999740591 ], [ -73.894586000002136, 40.722208000451396 ], [ -73.89444499953683, 40.722009000197694 ], [ -73.894714000048666, 40.721820999366962 ], [ -73.892753000241314, 40.719153999732775 ], [ -73.892734999799643, 40.719128999677942 ], [ -73.894463999803406, 40.718298999880368 ], [ -73.894235000372859, 40.717924000064166 ], [ -73.892838000630121, 40.716006000335817 ], [ -73.892700000537857, 40.716540000114719 ], [ -73.892693999791746, 40.716669000520596 ], [ -73.89165199987626, 40.717762999540263 ], [ -73.891398999257945, 40.717851000217387 ], [ -73.891317000140504, 40.717929999805456 ], [ -73.891122000146851, 40.718091000606336 ], [ -73.890850999985176, 40.718308000122377 ], [ -73.890740999482006, 40.718451999743358 ], [ -73.890535000515996, 40.7187019996883 ], [ -73.890089000452164, 40.718207000438746 ], [ -73.889533999710054, 40.717615999905981 ], [ -73.888984999714069, 40.7170200006288 ], [ -73.888440999740936, 40.716436999378914 ], [ -73.887916000034394, 40.715806000389691 ], [ -73.88744599968112, 40.715176999955503 ], [ -73.887348999596725, 40.715110999360846 ], [ -73.887286999672455, 40.715029000511699 ], [ -73.887237000342054, 40.714940999508663 ], [ -73.887200000532118, 40.714849000192636 ], [ -73.887179000615731, 40.714756000518015 ], [ -73.887220000623614, 40.713982000009523 ], [ -73.887112999595175, 40.713685000679689 ], [ -73.887715000192927, 40.7135850003596 ], [ -73.886915000126777, 40.712489000244439 ], [ -73.886879000141775, 40.712223000574916 ], [ -73.88854600022124, 40.712275000271298 ], [ -73.888776000375017, 40.712285999822164 ], [ -73.893806000027453, 40.712433999916108 ], [ -73.89401899956448, 40.712440999737574 ], [ -73.895024999494964, 40.712477999365312 ], [ -73.895537999505976, 40.713803999394116 ], [ -73.896284999868669, 40.714817999861587 ], [ -73.897501999686355, 40.716384000002549 ], [ -73.897617000212392, 40.716530000109756 ], [ -73.897729000365388, 40.716640000081661 ], [ -73.897818000053832, 40.716711999692549 ], [ -73.897962999818787, 40.716809999680756 ], [ -73.898058000253371, 40.716863000079819 ], [ -73.898203999843219, 40.716929999817253 ], [ -73.899018000153077, 40.717382000318779 ], [ -73.898821000509585, 40.717372000440314 ], [ -73.897267999334616, 40.718146999846326 ], [ -73.898347999783255, 40.719198000187731 ], [ -73.899850999831216, 40.718374999767242 ], [ -73.900058999345362, 40.718045999918473 ], [ -73.900191999414758, 40.718015000395212 ], [ -73.900338999727836, 40.718019999945945 ], [ -73.900334999529875, 40.718669000125182 ], [ -73.900625999783031, 40.719763999795319 ] ] ] ] } },
{ "type": "Feature", "properties": { "STATEFP": "36", "COUNTYFP": "081", "TRACTCE": "062700", "BLKGRPCE": "1", "GEOID": "360810627001", "NAMELSAD": "Block Group 1", "MTFCC": "G5030", "FUNCSTAT": "S", "ALAND": 92414.0, "AWATER": 0.0, "INTPTLAT": "+40.7046792", "INTPTLON": "-073.8868689", "Shape__Are": 160970.96875, "Shape__Len": 1581.4698612499999 }, "geometry": { "type": "MultiPolygon", "coordinates": [ [ [ [ -73.889118999608371, 40.705598999948251 ], [ -73.888262999465709, 40.705809999849571 ], [ -73.887396000350719, 40.706018000037176 ], [ -73.886527999614174, 40.706224999896527 ], [ -73.885548999447863, 40.70615500056217 ], [ -73.885175999178955, 40.705205999486004 ], [ -73.884594999395915, 40.703790000345428 ], [ -73.885457000284674, 40.703585999563813 ], [ -73.886320000100028, 40.703380000076642 ], [ -73.887181000265556, 40.703175999401239 ], [ -73.888042999357694, 40.702972000144072 ], [ -73.888623000214153, 40.704389000037757 ], [ -73.889118999608371, 40.705598999948251 ] ] ] ] } },
{ "type": "Feature", "properties": { "STATEFP": "36", "COUNTYFP": "047", "TRACTCE": "114400", "BLKGRPCE": "3", "GEOID": "360471144003", "NAMELSAD": "Block Group 3", "MTFCC": "G5030", "FUNCSTAT": "S", "ALAND": 69370.0, "AWATER": 0.0, "INTPTLAT": "+40.6725277", "INTPTLON": "-073.8960102", "Shape__Are": 120714.582031, "Shape__Len": 1657.4437184200001 }, "geometry": { "type": "MultiPolygon", "coordinates": [ [ [ [ -73.898990999490593, 40.672744000058977 ], [ -73.898069999948916, 40.672882999872712 ], [ -73.897166999950585, 40.673016999874662 ], [ -73.896189000507519, 40.673147999763664 ], [ -73.895176000006003, 40.67329700046362 ], [ -73.894280000578689, 40.673442999637579 ], [ -73.893351999567699, 40.673582000038017 ], [ -73.893027999702596, 40.672315000036932 ], [ -73.89395499999037, 40.672176999910029 ], [ -73.894861000361743, 40.672043000263905 ], [ -73.895866999393917, 40.671893000655885 ], [ -73.896839999712441, 40.671748999842592 ], [ -73.897745000258908, 40.671615000017667 ], [ -73.898664000150774, 40.671480000404785 ], [ -73.898990999490593, 40.672744000058977 ] ] ] ] } },
{ "type": "Feature", "properties": { "STATEFP": "36", "COUNTYFP": "047", "TRACTCE": "114400", "BLKGRPCE": "4", "GEOID": "360471144004", "NAMELSAD": "Block Group 4", "MTFCC": "G5030", "FUNCSTAT": "S", "ALAND": 69596.0, "AWATER": 0.0, "INTPTLAT": "+40.6712626", "INTPTLON": "-073.8956858", "Shape__Are": 121104.640625, "Shape__Len": 1656.9376160500001 }, "geometry": { "type": "MultiPolygon", "coordinates": [ [ [ [ -73.898664000150774, 40.671480000404785 ], [ -73.897745000258908, 40.671615000017667 ], [ -73.896839999712441, 40.671748999842592 ], [ -73.895866999393917, 40.671893000655885 ], [ -73.894861000361743, 40.672043000263905 ], [ -73.89395499999037, 40.672176999910029 ], [ -73.893027999702596, 40.672315000036932 ], [ -73.892710999510186, 40.671046000075208 ], [ -73.893632999775093, 40.670909999783092 ], [ -73.894555999864906, 40.670769999733778 ], [ -73.895544000252045, 40.670626000583326 ], [ -73.896518000395488, 40.670481000225529 ], [ -73.897422000218725, 40.67034699989653 ], [ -73.898340999212266, 40.670212000441843 ], [ -73.898664000150774, 40.671480000404785 ] ] ] ] } },
{ "type": "Feature", "properties": { "STATEFP": "36", "COUNTYFP": "047", "TRACTCE": "046000", "BLKGRPCE": "1", "GEOID": "360470460001", "NAMELSAD": "Block Group 1", "MTFCC": "G5030", "FUNCSTAT": "S", "ALAND": 51744.0, "AWATER": 0.0, "INTPTLAT": "+40.6300052", "INTPTLON": "-073.9696420", "Shape__Are": 89930.1367188, "Shape__Len": 1269.5457705199999 }, "geometry": { "type": "MultiPolygon", "coordinates": [ [ [ [ -73.971567999640584, 40.629987999749474 ], [ -73.971264999691869, 40.630133000176784 ], [ -73.970302999244012, 40.630598000104889 ], [ -73.969281000318304, 40.631087999897396 ], [ -73.968409999208717, 40.631508999604918 ], [ -73.968000999853118, 40.629333000031764 ], [ -73.968928999965811, 40.629230999632846 ], [ -73.970001000018527, 40.62911399950486 ], [ -73.971085999591736, 40.628996999853598 ], [ -73.971373999471822, 40.62896600048856 ], [ -73.971567999640584, 40.629987999749474 ] ] ] ] } },
{ "type": "Feature", "properties": { "STATEFP": "36", "COUNTYFP": "047", "TRACTCE": "077600", "BLKGRPCE": "3", "GEOID": "360470776003", "NAMELSAD": "Block Group 3", "MTFCC": "G5030", "FUNCSTAT": "S", "ALAND": 85368.0, "AWATER": 0.0, "INTPTLAT": "+40.6308068", "INTPTLON": "-073.9390508", "Shape__Are": 148368.730469, "Shape__Len": 1644.52555837 }, "geometry": { "type": "MultiPolygon", "coordinates": [ [ [ [ -73.941671000684849, 40.631208000341985 ], [ -73.941267999380401, 40.631270000384887 ], [ -73.940866000595804, 40.63133299980877 ], [ -73.939694000085652, 40.631585000318601 ], [ -73.938828999722148, 40.631823999774589 ], [ -73.938025999282956, 40.632091000066417 ], [ -73.937915999678083, 40.63212799999453 ], [ -73.937593000536211, 40.632267999334317 ], [ -73.937012999679766, 40.632304000422167 ], [ -73.937006000007059, 40.632226000313125 ], [ -73.936766999632468, 40.629972999687325 ], [ -73.937737999402856, 40.629913000086681 ], [ -73.938673000086553, 40.629852999750433 ], [ -73.939604999498869, 40.629794999646805 ], [ -73.940538000532754, 40.629734999886239 ], [ -73.941509000303142, 40.629677999825141 ], [ -73.941671000684849, 40.631208000341985 ] ] ] ] } },
{ "type": "Feature", "properties": { "STATEFP": "36", "COUNTYFP": "047", "TRACTCE": "091000", "BLKGRPCE": "1", "GEOID": "360470910001", "NAMELSAD": "Block Group 1", "MTFCC": "G5030", "FUNCSTAT": "S", "ALAND": 41458.0, "AWATER": 0.0, "INTPTLAT": "+40.6671517", "INTPTLON": "-073.9047714", "Shape__Are": 72131.734375, "Shape__Len": 1088.7397673299999 }, "geometry": { "type": "MultiPolygon", "coordinates": [ [ [ [ -73.906354999219289, 40.66770799976662 ], [ -73.905385999997037, 40.667855000530579 ], [ -73.90446399973213, 40.667988000163902 ], [ -73.903573000327683, 40.668128000603105 ], [ -73.903190000013069, 40.66659199977957 ], [ -73.904981999766008, 40.666326999726579 ], [ -73.905970999978052, 40.66618099928094 ], [ -73.906354999219289, 40.66770799976662 ] ] ] ] } },
{ "type": "Feature", "properties": { "STATEFP": "36", "COUNTYFP": "047", "TRACTCE": "092000", "BLKGRPCE": "1", "GEOID": "360470920001", "NAMELSAD": "Block Group 1", "MTFCC": "G5030", "FUNCSTAT": "S", "ALAND": 28684.0, "AWATER": 0.0, "INTPTLAT": "+40.6580835", "INTPTLON": "-073.9063199", "Shape__Are": 49893.8007812, "Shape__Len": 1167.4078253499999 }, "geometry": { "type": "MultiPolygon", "coordinates": [ [ [ [ -73.90719100016878, 40.659619000352251 ], [ -73.906269999728792, 40.659754000125155 ], [ -73.905878999916538, 40.658217999981915 ], [ -73.905450000469457, 40.656547000734292 ], [ -73.906369000361309, 40.656411999923364 ], [ -73.906795000333645, 40.658084000227397 ], [ -73.90719100016878, 40.659619000352251 ] ] ] ] } },
{ "type": "Feature", "properties": { "STATEFP": "36", "COUNTYFP": "081", "TRACTCE": "047900", "BLKGRPCE": "3", "GEOID": "360810479003", "NAMELSAD": "Block Group 3", "MTFCC": "G5030", "FUNCSTAT": "S", "ALAND": 107993.0, "AWATER": 0.0, "INTPTLAT": "+40.7337413", "INTPTLON": "-073.8801911", "Shape__Are": 188271.855469, "Shape__Len": 2064.4925101499998 }, "geometry": { "type": "MultiPolygon", "coordinates": [ [ [ [ -73.883529000089297, 40.733848000602435 ], [ -73.88251300011305, 40.734591000218337 ], [ -73.882107000232182, 40.73487399983771 ], [ -73.881836000070535, 40.735064999650859 ], [ -73.881449000456243, 40.735344000288308 ], [ -73.881104999601334, 40.735573999675374 ], [ -73.880658999537502, 40.735715000309263 ], [ -73.880158999945309, 40.735327000248766 ], [ -73.879553999872812, 40.734853999889694 ], [ -73.878954000721492, 40.734379999634676 ], [ -73.878349000649024, 40.733906000086797 ], [ -73.87772000028707, 40.733416999939578 ], [ -73.877082999529222, 40.732909000389057 ], [ -73.878224999902145, 40.732101999542863 ], [ -73.878322999811431, 40.73204799973405 ], [ -73.878247000541762, 40.731996000507053 ], [ -73.877557000080444, 40.731740000264075 ], [ -73.877459999996077, 40.731709999607396 ], [ -73.877398999896698, 40.73168600016146 ], [ -73.877506000026827, 40.731607000562697 ], [ -73.878247000541762, 40.73187299969954 ], [ -73.878480000170271, 40.731960999420473 ], [ -73.879230000007723, 40.732245999953271 ], [ -73.88024199978598, 40.732596000322779 ], [ -73.880897000087188, 40.73286500014899 ], [ -73.881708999848925, 40.733158999808396 ], [ -73.882590000105949, 40.733478000330926 ], [ -73.882680999444233, 40.73351100003952 ], [ -73.883529000089297, 40.733848000602435 ] ] ] ] } },
{ "type": "Feature", "properties": { "STATEFP": "36", "COUNTYFP": "081", "TRACTCE": "048100", "BLKGRPCE": "1", "GEOID": "360810481001", "NAMELSAD": "Block Group 1", "MTFCC": "G5030", "FUNCSTAT": "S", "ALAND": 42485.0, "AWATER": 0.0, "INTPTLAT": "+40.7424264", "INTPTLON": "-073.8868569", "Shape__Are": 74085.1054688, "Shape__Len": 1136.9614187100001 }, "geometry": { "type": "MultiPolygon", "coordinates": [ [ [ [ -73.887985999456276, 40.743547999659775 ], [ -73.887098000424899, 40.743676000326715 ], [ -73.886208000845357, 40.743775000561868 ], [ -73.88572599989817, 40.741288999957746 ], [ -73.886618999850768, 40.74118200007026 ], [ -73.886668000254559, 40.741178000052031 ], [ -73.887510999978446, 40.741083000059199 ], [ -73.887985999456276, 40.743547999659775 ] ] ] ] } },
{ "type": "Feature", "properties": { "STATEFP": "36", "COUNTYFP": "081", "TRACTCE": "048900", "BLKGRPCE": "2", "GEOID": "360810489002", "NAMELSAD": "Block Group 2", "MTFCC": "G5030", "FUNCSTAT": "S", "ALAND": 43902.0, "AWATER": 0.0, "INTPTLAT": "+40.7352052", "INTPTLON": "-073.8906869", "Shape__Are": 76539.3789062, "Shape__Len": 1188.99377237 }, "geometry": { "type": "MultiPolygon", "coordinates": [ [ [ [ -73.892311000375429, 40.735896000612584 ], [ -73.891369000019054, 40.736060999801893 ], [ -73.891379000064788, 40.735918000755028 ], [ -73.889608000228222, 40.735938999615684 ], [ -73.889362000180924, 40.735838000140291 ], [ -73.889016000574514, 40.735231000144296 ], [ -73.888566000312736, 40.734592000151792 ], [ -73.891138999865262, 40.734513000599947 ], [ -73.89138499991256, 40.734504999761221 ], [ -73.891749999785546, 40.73448499970231 ], [ -73.892326000444044, 40.734469999994531 ], [ -73.892311000375429, 40.735896000612584 ] ] ] ] } },
{ "type": "Feature", "properties": { "STATEFP": "36", "COUNTYFP": "081", "TRACTCE": "049301", "BLKGRPCE": "1", "GEOID": "360810493011", "NAMELSAD": "Block Group 1", "MTFCC": "G5030", "FUNCSTAT": "S", "ALAND": 84386.0, "AWATER": 0.0, "INTPTLAT": "+40.7333621", "INTPTLON": "-073.8936955", "Shape__Are": 147114.382812, "Shape__Len": 1947.37894635 }, "geometry": { "type": "MultiPolygon", "coordinates": [ [ [ [ -73.896028999775623, 40.735018000374907 ], [ -73.895101000561255, 40.735021000155889 ], [ -73.894996000080951, 40.735014999913126 ], [ -73.894765000102268, 40.734985999979926 ], [ -73.894641000253728, 40.734962000354329 ], [ -73.894390000183549, 40.734893999779686 ], [ -73.894245999345202, 40.734842000054179 ], [ -73.894152999458782, 40.734801000202665 ], [ -73.893234999391822, 40.734561000166515 ], [ -73.892326000444044, 40.734469999994531 ], [ -73.891749999785546, 40.73448499970231 ], [ -73.891954999824975, 40.734142000682994 ], [ -73.892009000251633, 40.734053999762494 ], [ -73.892062999779995, 40.73396500014416 ], [ -73.892131000450377, 40.73368100011465 ], [ -73.892133999925107, 40.733636000437365 ], [ -73.892333999941641, 40.731159000615932 ], [ -73.892969000151368, 40.731149000084365 ], [ -73.893869000674954, 40.731147000113971 ], [ -73.89395399926714, 40.732246999921976 ], [ -73.894065000493541, 40.733595000523358 ], [ -73.894983000560472, 40.733553999903329 ], [ -73.895959000353741, 40.73353200034056 ], [ -73.8959710000493, 40.733688000424785 ], [ -73.895987999767726, 40.733904000199274 ], [ -73.896017000080064, 40.734255999892405 ], [ -73.896028999775623, 40.735018000374907 ] ] ] ] } },
{ "type": "Feature", "properties": { "STATEFP": "36", "COUNTYFP": "081", "TRACTCE": "049302", "BLKGRPCE": "2", "GEOID": "360810493022", "NAMELSAD": "Block Group 2", "MTFCC": "G5030", "FUNCSTAT": "S", "ALAND": 167774.0, "AWATER": 0.0, "INTPTLAT": "+40.7275169", "INTPTLON": "-073.8906426", "Shape__Are": 292436.019531, "Shape__Len": 2493.01942203 }, "geometry": { "type": "MultiPolygon", "coordinates": [ [ [ [ -73.895340999862455, 40.72592099957722 ], [ -73.894642999903539, 40.726338000337755 ], [ -73.894408999551814, 40.726479000121323 ], [ -73.893866000301912, 40.726804000295196 ], [ -73.893273999749894, 40.727191999681104 ], [ -73.892285000436161, 40.727758000069201 ], [ -73.891517999981957, 40.728161999821815 ], [ -73.891292999851075, 40.728276999774742 ], [ -73.891169000002492, 40.728337000085688 ], [ -73.891039000306151, 40.728420000267803 ], [ -73.890938000023795, 40.728503000346365 ], [ -73.890824000221002, 40.728627999941239 ], [ -73.890008000261318, 40.729449999515651 ], [ -73.889915999301479, 40.729540000417558 ], [ -73.88980800024477, 40.729620999763682 ], [ -73.88968499932281, 40.72969100029578 ], [ -73.889549999603602, 40.729746999987725 ], [ -73.889399999815765, 40.729790000241849 ], [ -73.889263000446732, 40.729814999696146 ], [ -73.888059999974445, 40.730087000557873 ], [ -73.887559999483926, 40.730196999909893 ], [ -73.887451000602283, 40.729886000028287 ], [ -73.887360999292298, 40.729571000019305 ], [ -73.887289000220576, 40.729252999839701 ], [ -73.887236000517149, 40.728933000145815 ], [ -73.887201000357038, 40.728611999570539 ], [ -73.887197999983997, 40.72818399979861 ], [ -73.887201000357038, 40.728092000404295 ], [ -73.887203999831769, 40.728010999877789 ], [ -73.887204999656674, 40.727868999901865 ], [ -73.887481999666122, 40.727758000069208 ], [ -73.887749999454726, 40.727633999558897 ], [ -73.887941999973648, 40.72752500009431 ], [ -73.888034999860082, 40.727470999974905 ], [ -73.888561000289855, 40.727167999967222 ], [ -73.88919599960127, 40.726804000295175 ], [ -73.889531000235337, 40.726600999953739 ], [ -73.88969900046483, 40.726499000544429 ], [ -73.890308999661883, 40.726176999741547 ], [ -73.890333999776232, 40.726166000443477 ], [ -73.890712000068007, 40.725999999799484 ], [ -73.891657999724046, 40.725674000397262 ], [ -73.891948000152269, 40.725602000268047 ], [ -73.892367000451927, 40.725516999835627 ], [ -73.892780000005473, 40.725447999749107 ], [ -73.89289600035643, 40.725434000117495 ], [ -73.8930410001214, 40.725416000197811 ], [ -73.8933729994841, 40.725386000093877 ], [ -73.893793000506989, 40.725362000409433 ], [ -73.894029000508525, 40.725360000265169 ], [ -73.894974000339658, 40.725407000236103 ], [ -73.895070999525714, 40.725542000214332 ], [ -73.895340999862455, 40.72592099957722 ] ] ] ] } },
{ "type": "Feature", "properties": { "STATEFP": "36", "COUNTYFP": "081", "TRACTCE": "049500", "BLKGRPCE": "1", "GEOID": "360810495001", "NAMELSAD": "Block Group 1", "MTFCC": "G5030", "FUNCSTAT": "S", "ALAND": 129036.0, "AWATER": 0.0, "INTPTLAT": "+40.7253902", "INTPTLON": "-073.8904906", "Shape__Are": 224902.148438, "Shape__Len": 2639.9571161099998 }, "geometry": { "type": "MultiPolygon", "coordinates": [ [ [ [ -73.894974000339658, 40.725407000236103 ], [ -73.894029000508525, 40.725360000265169 ], [ -73.893793000506989, 40.725362000409433 ], [ -73.8933729994841, 40.725386000093877 ], [ -73.8930410001214, 40.725416000197811 ], [ -73.89289600035643, 40.725434000117495 ], [ -73.892780000005473, 40.725447999749107 ], [ -73.892367000451927, 40.725516999835627 ], [ -73.891948000152269, 40.725602000268047 ], [ -73.891657999724046, 40.725674000397262 ], [ -73.890712000068007, 40.725999999799484 ], [ -73.890333999776232, 40.726166000443477 ], [ -73.890308999661883, 40.726176999741547 ], [ -73.88969900046483, 40.726499000544429 ], [ -73.889531000235337, 40.726600999953739 ], [ -73.88919599960127, 40.726804000295175 ], [ -73.888561000289855, 40.727167999967222 ], [ -73.888034999860082, 40.727470999974905 ], [ -73.887941999973648, 40.72752500009431 ], [ -73.887749999454726, 40.727633999558897 ], [ -73.887481999666122, 40.727758000069208 ], [ -73.887204999656674, 40.727868999901865 ], [ -73.887204999656674, 40.727693999768768 ], [ -73.887221000448534, 40.727527000173502 ], [ -73.887241000540016, 40.727401999872022 ], [ -73.887200000532133, 40.726190999897639 ], [ -73.887132999686671, 40.72614200035958 ], [ -73.88709900024979, 40.725319000017137 ], [ -73.887076999610159, 40.724638000074364 ], [ -73.888975000566646, 40.724820000636399 ], [ -73.890174999767581, 40.724946999817348 ], [ -73.890303000712407, 40.724924000053335 ], [ -73.891007999445705, 40.724615999606172 ], [ -73.891816999732697, 40.724256000627726 ], [ -73.892656000156919, 40.723887999629177 ], [ -73.894113000174116, 40.723214000072268 ], [ -73.894336000655201, 40.723921000008978 ], [ -73.894549000192214, 40.724619999939414 ], [ -73.894678000063649, 40.724998999787267 ], [ -73.894849999592779, 40.725225999991949 ], [ -73.894909999867224, 40.725309999361578 ], [ -73.894974000339658, 40.725407000236103 ] ] ] ] } },
{ "type": "Feature", "properties": { "STATEFP": "36", "COUNTYFP": "081", "TRACTCE": "049700", "BLKGRPCE": "2", "GEOID": "360810497002", "NAMELSAD": "Block Group 2", "MTFCC": "G5030", "FUNCSTAT": "S", "ALAND": 85811.0, "AWATER": 0.0, "INTPTLAT": "+40.7297495", "INTPTLON": "-073.8913175", "Shape__Are": 149583.359375, "Shape__Len": 2548.8593688000001 }, "geometry": { "type": "MultiPolygon", "coordinates": [ [ [ [ -73.892364000078885, 40.730399000177201 ], [ -73.892342000337564, 40.730872999522248 ], [ -73.892333999941641, 40.731159000615932 ], [ -73.892133999925107, 40.733636000437365 ], [ -73.892131000450377, 40.73368100011465 ], [ -73.892062999779995, 40.73396500014416 ], [ -73.892009000251633, 40.734053999762494 ], [ -73.891954999824975, 40.734142000682994 ], [ -73.891749999785546, 40.73448499970231 ], [ -73.89138499991256, 40.734504999761221 ], [ -73.891138999865262, 40.734513000599947 ], [ -73.891194000116855, 40.73385499953352 ], [ -73.891211999660214, 40.733640999495378 ], [ -73.891446999836859, 40.73084899977443 ], [ -73.891454000407848, 40.730573000010182 ], [ -73.890555000607492, 40.730558999414491 ], [ -73.888110000203156, 40.730572000016359 ], [ -73.888059999974445, 40.730087000557873 ], [ -73.889263000446732, 40.729814999696146 ], [ -73.889399999815765, 40.729790000241849 ], [ -73.889549999603602, 40.729746999987725 ], [ -73.88968499932281, 40.72969100029578 ], [ -73.88980800024477, 40.729620999763682 ], [ -73.889915999301479, 40.729540000417558 ], [ -73.890008000261318, 40.729449999515651 ], [ -73.890824000221002, 40.728627999941239 ], [ -73.890938000023795, 40.728503000346365 ], [ -73.891039000306151, 40.728420000267803 ], [ -73.891169000002492, 40.728337000085688 ], [ -73.891292999851075, 40.728276999774742 ], [ -73.891517999981957, 40.728161999821815 ], [ -73.892403000436929, 40.729559000592403 ], [ -73.892364000078885, 40.730399000177201 ] ] ] ] } },
{ "type": "Feature", "properties": { "STATEFP": "36", "COUNTYFP": "081", "TRACTCE": "049900", "BLKGRPCE": "2", "GEOID": "360810499002", "NAMELSAD": "Block Group 2", "MTFCC": "G5030", "FUNCSTAT": "S", "ALAND": 173278.0, "AWATER": 0.0, "INTPTLAT": "+40.7301725", "INTPTLON": "-073.8830483", "Shape__Are": 302053.554688, "Shape__Len": 2670.0786639200001 }, "geometry": { "type": "MultiPolygon", "coordinates": [ [ [ [ -73.886288999239568, 40.730601999824657 ], [ -73.885595000376924, 40.730929999569369 ], [ -73.885386999964467, 40.731055000051086 ], [ -73.885222999932935, 40.731300999697851 ], [ -73.884775000219292, 40.731970999830033 ], [ -73.884521999600963, 40.7323929999515 ], [ -73.884109000047417, 40.733094999937599 ], [ -73.882390999914321, 40.731647999659579 ], [ -73.880079000477679, 40.729715000461276 ], [ -73.879434000222219, 40.730192999911871 ], [ -73.879039000212018, 40.730479999839176 ], [ -73.878368000017275, 40.729995999712578 ], [ -73.878090000182922, 40.729874999301089 ], [ -73.877964999611137, 40.729770000127154 ], [ -73.878432999416276, 40.729588000168057 ], [ -73.878978999937559, 40.729375000032576 ], [ -73.879722999927225, 40.729089000120702 ], [ -73.880052999640085, 40.728991000510852 ], [ -73.880389999923992, 40.728904999622856 ], [ -73.88073300005567, 40.728833000266256 ], [ -73.880929999699148, 40.728800000279783 ], [ -73.881080999311891, 40.728774000423385 ], [ -73.881432999664412, 40.728729000150423 ], [ -73.88178599984181, 40.728698000156449 ], [ -73.882139999844156, 40.728680000438779 ], [ -73.88393099977219, 40.728537999848143 ], [ -73.884458000026868, 40.728494000121408 ], [ -73.884590999197954, 40.72848300052555 ], [ -73.884902000440874, 40.728454999813216 ], [ -73.885165000206626, 40.728424000372364 ], [ -73.885612000095364, 40.728342000222604 ], [ -73.885649999730205, 40.728496000171475 ], [ -73.885699999958931, 40.728726999426534 ], [ -73.886288999239568, 40.730601999824657 ] ] ] ] } },
{ "type": "Feature", "properties": { "STATEFP": "36", "COUNTYFP": "081", "TRACTCE": "050700", "BLKGRPCE": "1", "GEOID": "360810507001", "NAMELSAD": "Block Group 1", "MTFCC": "G5030", "FUNCSTAT": "S", "ALAND": 224974.0, "AWATER": 0.0, "INTPTLAT": "+40.7273835", "INTPTLON": "-073.8828025", "Shape__Are": 392140.3125, "Shape__Len": 3456.4237999500001 }, "geometry": { "type": "MultiPolygon", "coordinates": [ [ [ [ -73.887221000448534, 40.727527000173502 ], [ -73.887204999656674, 40.727693999768768 ], [ -73.887204999656674, 40.727868999901865 ], [ -73.886949000461982, 40.727979000197251 ], [ -73.886762999790804, 40.728037000032302 ], [ -73.886632000269572, 40.728079999349191 ], [ -73.886330999970681, 40.728168000001844 ], [ -73.886289999962798, 40.728179999679597 ], [ -73.885881999533794, 40.728282999944454 ], [ -73.885612000095364, 40.728342000222604 ], [ -73.885165000206626, 40.728424000372364 ], [ -73.884902000440874, 40.728454999813216 ], [ -73.884590999197954, 40.72848300052555 ], [ -73.884458000026868, 40.728494000121408 ], [ -73.88393099977219, 40.728537999848143 ], [ -73.882139999844156, 40.728680000438779 ], [ -73.88178599984181, 40.728698000156449 ], [ -73.881432999664412, 40.728729000150423 ], [ -73.881080999311891, 40.728774000423385 ], [ -73.880929999699148, 40.728800000279783 ], [ -73.88073300005567, 40.728833000266256 ], [ -73.880389999923992, 40.728904999622856 ], [ -73.880052999640085, 40.728991000510852 ], [ -73.879722999927225, 40.729089000120702 ], [ -73.878978999937559, 40.729375000032576 ], [ -73.878432999416276, 40.729588000168057 ], [ -73.877964999611137, 40.729770000127154 ], [ -73.877824999869048, 40.729658999380959 ], [ -73.877693999449491, 40.729553999866191 ], [ -73.877680000104093, 40.729467999705768 ], [ -73.8774830004606, 40.729280000203005 ], [ -73.876480999829766, 40.728486000601166 ], [ -73.877132999757933, 40.728009999845462 ], [ -73.877778999838313, 40.727532000371276 ], [ -73.878541000269635, 40.726981000141237 ], [ -73.879147999991957, 40.727738000024473 ], [ -73.879948000058107, 40.727365999730758 ], [ -73.880799000177902, 40.727004000555908 ], [ -73.881826000024788, 40.726863999891904 ], [ -73.882814000411926, 40.726727000449841 ], [ -73.883798999527713, 40.726593000205902 ], [ -73.884474999745322, 40.726478000065953 ], [ -73.884300999668042, 40.725569000040942 ], [ -73.884135999811605, 40.724881999457395 ], [ -73.884933000403024, 40.724785999940764 ], [ -73.886108000387921, 40.724622000105903 ], [ -73.886182999832684, 40.724609999786637 ], [ -73.886428000055062, 40.724595999978725 ], [ -73.886728000529033, 40.724601000396753 ], [ -73.886930000195392, 40.724617999772796 ], [ -73.887076999610159, 40.724638000074364 ], [ -73.88709900024979, 40.725319000017137 ], [ -73.887132999686671, 40.72614200035958 ], [ -73.887200000532133, 40.726190999897639 ], [ -73.887241000540016, 40.727401999872022 ], [ -73.887221000448534, 40.727527000173502 ] ] ] ] } },
{ "type": "Feature", "properties": { "STATEFP": "36", "COUNTYFP": "047", "TRACTCE": "091000", "BLKGRPCE": "3", "GEOID": "360470910003", "NAMELSAD": "Block Group 3", "MTFCC": "G5030", "FUNCSTAT": "S", "ALAND": 42152.0, "AWATER": 0.0, "INTPTLAT": "+40.6640848", "INTPTLON": "-073.9039827", "Shape__Are": 73332.453125, "Shape__Len": 1095.92066114 }, "geometry": { "type": "MultiPolygon", "coordinates": [ [ [ [ -73.905577999617648, 40.664659000095284 ], [ -73.902802000573857, 40.665063000404501 ], [ -73.902375999703182, 40.663517000069277 ], [ -73.90328399972438, 40.663384000378031 ], [ -73.90421100001214, 40.66324499984345 ], [ -73.905172999561699, 40.663105999700598 ], [ -73.905577999617648, 40.664659000095284 ] ] ] ] } },
{ "type": "Feature", "properties": { "STATEFP": "36", "COUNTYFP": "047", "TRACTCE": "092000", "BLKGRPCE": "2", "GEOID": "360470920002", "NAMELSAD": "Block Group 2", "MTFCC": "G5030", "FUNCSTAT": "S", "ALAND": 58965.0, "AWATER": 0.0, "INTPTLAT": "+40.6582904", "INTPTLON": "-073.9049177", "Shape__Are": 102566.320312, "Shape__Len": 1386.6339693299999 }, "geometry": { "type": "MultiPolygon", "coordinates": [ [ [ [ -73.906269999728792, 40.659754000125155 ], [ -73.905350000012035, 40.659890999691058 ], [ -73.904384999191109, 40.660034000524576 ], [ -73.903992000627341, 40.658497999332454 ], [ -73.903643999574484, 40.657136999533058 ], [ -73.90356400010684, 40.656825999863635 ], [ -73.904529999854375, 40.656683999390019 ], [ -73.905450000469457, 40.656547000734292 ], [ -73.905878999916538, 40.658217999981915 ], [ -73.906269999728792, 40.659754000125155 ] ] ] ] } },
{ "type": "Feature", "properties": { "STATEFP": "36", "COUNTYFP": "047", "TRACTCE": "094401", "BLKGRPCE": "3", "GEOID": "360470944013", "NAMELSAD": "Block Group 3", "MTFCC": "G5030", "FUNCSTAT": "S", "ALAND": 133047.0, "AWATER": 0.0, "INTPTLAT": "+40.6393337", "INTPTLON": "-073.9215780", "Shape__Are": 231297.308594, "Shape__Len": 2479.51519151 }, "geometry": { "type": "MultiPolygon", "coordinates": [ [ [ [ -73.923327000137874, 40.639899999627303 ], [ -73.922207000404569, 40.641064999810254 ], [ -73.921609000004779, 40.64168699943248 ], [ -73.919729000388273, 40.642724999488415 ], [ -73.919661999542811, 40.642103999954657 ], [ -73.919616999336967, 40.641659000402591 ], [ -73.919582999900086, 40.641398000018754 ], [ -73.919556000135913, 40.641185000046114 ], [ -73.919461999526263, 40.640239000115663 ], [ -73.920423000149214, 40.639619000626176 ], [ -73.921296999835235, 40.639054999747792 ], [ -73.921017000351071, 40.636527999669603 ], [ -73.921129000504067, 40.636470999953715 ], [ -73.921907999755518, 40.63607500004597 ], [ -73.922832000568548, 40.635543000376728 ], [ -73.923077999717535, 40.637907999645378 ], [ -73.923168000129223, 40.638837000439914 ], [ -73.923309999521123, 40.639747000007361 ], [ -73.923327000137874, 40.639899999627303 ] ] ] ] } },
{ "type": "Feature", "properties": { "STATEFP": "36", "COUNTYFP": "047", "TRACTCE": "098200", "BLKGRPCE": "2", "GEOID": "360470982002", "NAMELSAD": "Block Group 2", "MTFCC": "G5030", "FUNCSTAT": "S", "ALAND": 207973.0, "AWATER": 0.0, "INTPTLAT": "+40.6521861", "INTPTLON": "-073.8936054", "Shape__Are": 361690.261719, "Shape__Len": 2544.0628858300001 }, "geometry": { "type": "MultiPolygon", "coordinates": [ [ [ [ -73.897259000012113, 40.653603999903517 ], [ -73.896992000048414, 40.653719000479228 ], [ -73.896781999986132, 40.653809999923141 ], [ -73.895943999386802, 40.654173000087191 ], [ -73.895206000143233, 40.654487999631584 ], [ -73.89441100009995, 40.654832999600615 ], [ -73.89354699956138, 40.655201999590048 ], [ -73.89245699996529, 40.653711000155212 ], [ -73.891365999645984, 40.652364999963197 ], [ -73.889994000017609, 40.651138000116369 ], [ -73.891251999843178, 40.650026000323265 ], [ -73.892550999676615, 40.648911000149305 ], [ -73.894212999733227, 40.650403000357052 ], [ -73.895861000444455, 40.651881000502605 ], [ -73.897610000539686, 40.653453999714046 ], [ -73.897259000012113, 40.653603999903517 ] ] ] ] } },
{ "type": "Feature", "properties": { "STATEFP": "36", "COUNTYFP": "047", "TRACTCE": "019400", "BLKGRPCE": "1", "GEOID": "360470194001", "NAMELSAD": "Block Group 1", "MTFCC": "G5030", "FUNCSTAT": "S", "ALAND": 60956.0, "AWATER": 0.0, "INTPTLAT": "+40.6255018", "INTPTLON": "-073.9992153", "Shape__Are": 105925.085938, "Shape__Len": 1438.0264610700001 }, "geometry": { "type": "MultiPolygon", "coordinates": [ [ [ [ -74.000895000480554, 40.626584000304575 ], [ -74.000313999799189, 40.627144999626104 ], [ -73.998116999990287, 40.625815999596917 ], [ -73.997240999756144, 40.625288999695258 ], [ -73.997484000328711, 40.624520000237268 ], [ -73.997712999759244, 40.623679999833925 ], [ -73.999320999389184, 40.6246560003284 ], [ -74.001521000469452, 40.625983000540394 ], [ -74.000895000480554, 40.626584000304575 ] ] ] ] } },
{ "type": "Feature", "properties": { "STATEFP": "36", "COUNTYFP": "047", "TRACTCE": "019400", "BLKGRPCE": "2", "GEOID": "360470194002", "NAMELSAD": "Block Group 2", "MTFCC": "G5030", "FUNCSTAT": "S", "ALAND": 39168.0, "AWATER": 0.0, "INTPTLAT": "+40.6247369", "INTPTLON": "-074.0010248", "Shape__Are": 68062.0507812, "Shape__Len": 1060.7925936199999 }, "geometry": { "type": "MultiPolygon", "coordinates": [ [ [ [ -74.002147999384945, 40.625380000403553 ], [ -74.001521000469452, 40.625983000540394 ], [ -73.999320999389184, 40.6246560003284 ], [ -73.999945999553148, 40.624051000024863 ], [ -74.000529999709272, 40.623490000623491 ], [ -74.002730000789541, 40.624820999645983 ], [ -74.002147999384945, 40.625380000403553 ] ] ] ] } },
{ "type": "Feature", "properties": { "STATEFP": "36", "COUNTYFP": "047", "TRACTCE": "019400", "BLKGRPCE": "3", "GEOID": "360470194003", "NAMELSAD": "Block Group 3", "MTFCC": "G5030", "FUNCSTAT": "S", "ALAND": 78296.0, "AWATER": 0.0, "INTPTLAT": "+40.6266480", "INTPTLON": "-074.0026225", "Shape__Are": 136064.28125, "Shape__Len": 1494.9140384899999 }, "geometry": { "type": "MultiPolygon", "coordinates": [ [ [ [ -74.004349999216714, 40.626710999942638 ], [ -74.003723000301221, 40.627312000655273 ], [ -74.003098999962162, 40.627916000564475 ], [ -74.002515000704378, 40.628474999961014 ], [ -74.000313999799189, 40.627144999626104 ], [ -74.000895000480554, 40.626584000304575 ], [ -74.001521000469452, 40.625983000540394 ], [ -74.002147999384945, 40.625380000403553 ], [ -74.002730000789541, 40.624820999645983 ], [ -74.004932000621309, 40.626150999900496 ], [ -74.004349999216714, 40.626710999942638 ] ] ] ] } },
{ "type": "Feature", "properties": { "STATEFP": "36", "COUNTYFP": "047", "TRACTCE": "019600", "BLKGRPCE": "1", "GEOID": "360470196001", "NAMELSAD": "Block Group 1", "MTFCC": "G5030", "FUNCSTAT": "S", "ALAND": 56452.0, "AWATER": 0.0, "INTPTLAT": "+40.6233174", "INTPTLON": "-074.0025019", "Shape__Are": 98091.0742188, "Shape__Len": 1252.9024021800001 }, "geometry": { "type": "MultiPolygon", "coordinates": [ [ [ [ -74.004011000181308, 40.623587000427861 ], [ -74.003892000355634, 40.623700999989815 ], [ -74.003455999439211, 40.624123000131924 ], [ -74.002730000789541, 40.624820999645983 ], [ -74.000529999709272, 40.623490000623491 ], [ -74.001201999728906, 40.622843000517854 ], [ -74.001694000721798, 40.622372000294014 ], [ -74.002276000329772, 40.621814999433155 ], [ -74.004475999613405, 40.623144999545062 ], [ -74.004011000181308, 40.623587000427861 ] ] ] ] } },
{ "type": "Feature", "properties": { "STATEFP": "36", "COUNTYFP": "047", "TRACTCE": "043700", "BLKGRPCE": "1", "GEOID": "360470437001", "NAMELSAD": "Block Group 1", "MTFCC": "G5030", "FUNCSTAT": "S", "ALAND": 34761.0, "AWATER": 0.0, "INTPTLAT": "+40.6933392", "INTPTLON": "-073.9065727", "Shape__Are": 60529.1953125, "Shape__Len": 998.30019232300003 }, "geometry": { "type": "MultiPolygon", "coordinates": [ [ [ [ -73.908100999839789, 40.692976000636783 ], [ -73.9065450000884, 40.694559999609538 ], [ -73.905800000273828, 40.694127999413929 ], [ -73.905042999865344, 40.693704000118146 ], [ -73.906598999616762, 40.692119999866229 ], [ -73.9073470007027, 40.692548999807244 ], [ -73.908100999839789, 40.692976000636783 ] ] ] ] } },
{ "type": "Feature", "properties": { "STATEFP": "36", "COUNTYFP": "047", "TRACTCE": "043700", "BLKGRPCE": "2", "GEOID": "360470437002", "NAMELSAD": "Block Group 2", "MTFCC": "G5030", "FUNCSTAT": "S", "ALAND": 64873.0, "AWATER": 0.0, "INTPTLAT": "+40.6922395", "INTPTLON": "-073.9088247", "Shape__Are": 112955.574219, "Shape__Len": 1376.6141123299999 }, "geometry": { "type": "MultiPolygon", "coordinates": [ [ [ [ -73.911053000407335, 40.69235799990949 ], [ -73.909605000610966, 40.693832000626855 ], [ -73.908852999327067, 40.693405000515362 ], [ -73.908100999839789, 40.692976000636783 ], [ -73.9073470007027, 40.692548999807244 ], [ -73.906598999616762, 40.692119999866229 ], [ -73.90804200028856, 40.690647000012596 ], [ -73.90879700014888, 40.691074999995436 ], [ -73.909550000359374, 40.691502999953741 ], [ -73.910297999648705, 40.69192999999413 ], [ -73.911053000407335, 40.69235799990949 ] ] ] ] } },
{ "type": "Feature", "properties": { "STATEFP": "36", "COUNTYFP": "047", "TRACTCE": "045000", "BLKGRPCE": "1", "GEOID": "360470450001", "NAMELSAD": "Block Group 1", "MTFCC": "G5030", "FUNCSTAT": "S", "ALAND": 220368.0, "AWATER": 0.0, "INTPTLAT": "+40.6216930", "INTPTLON": "-073.9728834", "Shape__Are": 382899.414062, "Shape__Len": 2560.1115238100001 }, "geometry": { "type": "MultiPolygon", "coordinates": [ [ [ [ -73.975801999424817, 40.623594000035766 ], [ -73.974626000513339, 40.623724000607474 ], [ -73.973695999852509, 40.623826999422818 ], [ -73.972774000485913, 40.623933000136134 ], [ -73.972444000773052, 40.623963999791989 ], [ -73.971843000000192, 40.62402999997903 ], [ -73.970732999414324, 40.624153000153591 ], [ -73.970474000744872, 40.624181999934457 ], [ -73.970089999706985, 40.622163000653728 ], [ -73.970019000460198, 40.621793000466695 ], [ -73.969956999637603, 40.621468000076689 ], [ -73.969784000283539, 40.62055899985431 ], [ -73.970040000376585, 40.620484000512221 ], [ -73.971079000817355, 40.620116000465572 ], [ -73.971981000092455, 40.619728000696327 ], [ -73.973488000338364, 40.619184999748484 ], [ -73.974813000111084, 40.61836699986052 ], [ -73.974865999814526, 40.618643999780481 ], [ -73.975295999984837, 40.620913000412358 ], [ -73.975801999424817, 40.623594000035766 ] ] ] ] } },
{ "type": "Feature", "properties": { "STATEFP": "36", "COUNTYFP": "047", "TRACTCE": "045600", "BLKGRPCE": "1", "GEOID": "360470456001", "NAMELSAD": "Block Group 1", "MTFCC": "G5030", "FUNCSTAT": "S", "ALAND": 68635.0, "AWATER": 0.0, "INTPTLAT": "+40.6259053", "INTPTLON": "-073.9658972", "Shape__Are": 119270.878906, "Shape__Len": 2350.28567656 }, "geometry": { "type": "MultiPolygon", "coordinates": [ [ [ [ -73.967076000113494, 40.629435000274832 ], [ -73.96607399948266, 40.629545000175213 ], [ -73.965906999976383, 40.628655000431884 ], [ -73.965624999944083, 40.627155000091392 ], [ -73.965173000032451, 40.624765999918793 ], [ -73.964946000251729, 40.623569000263942 ], [ -73.964720000295927, 40.622372999866606 ], [ -73.965718999655408, 40.622263999318577 ], [ -73.966168999917187, 40.624656000328429 ], [ -73.966623000376956, 40.627043999478687 ], [ -73.966876999921851, 40.628395999987497 ], [ -73.966906000234175, 40.628547999551415 ], [ -73.966926999252252, 40.628660999348412 ], [ -73.967076000113494, 40.629435000274832 ] ] ] ] } },
{ "type": "Feature", "properties": { "STATEFP": "36", "COUNTYFP": "047", "TRACTCE": "045600", "BLKGRPCE": "2", "GEOID": "360470456002", "NAMELSAD": "Block Group 2", "MTFCC": "G5030", "FUNCSTAT": "S", "ALAND": 85019.0, "AWATER": 0.0, "INTPTLAT": "+40.6263711", "INTPTLON": "-073.9672045", "Shape__Are": 147744.90625, "Shape__Len": 2541.8096161399999 }, "geometry": { "type": "MultiPolygon", "coordinates": [ [ [ [ -73.968928999965811, 40.629230999632846 ], [ -73.968000999853118, 40.629333000031764 ], [ -73.967076000113494, 40.629435000274832 ], [ -73.966926999252252, 40.628660999348412 ], [ -73.966906000234175, 40.628547999551415 ], [ -73.966876999921851, 40.628395999987497 ], [ -73.966623000376956, 40.627043999478687 ], [ -73.966168999917187, 40.624656000328429 ], [ -73.965718999655408, 40.622263999318577 ], [ -73.966645000118262, 40.622163000653742 ], [ -73.967096000204975, 40.624553000064253 ], [ -73.96755299924115, 40.626943999364535 ], [ -73.968477999879099, 40.626840999901745 ], [ -73.96873499979705, 40.628211000710778 ], [ -73.968760999736304, 40.628351999564735 ], [ -73.968784000200856, 40.628472999634923 ], [ -73.968928999965811, 40.629230999632846 ] ] ] ] } },
{ "type": "Feature", "properties": { "STATEFP": "36", "COUNTYFP": "047", "TRACTCE": "045800", "BLKGRPCE": "2", "GEOID": "360470458002", "NAMELSAD": "Block Group 2", "MTFCC": "G5030", "FUNCSTAT": "S", "ALAND": 123283.0, "AWATER": 0.0, "INTPTLAT": "+40.6247005", "INTPTLON": "-073.9685876", "Shape__Are": 214229.734375, "Shape__Len": 2175.3119952400002 }, "geometry": { "type": "MultiPolygon", "coordinates": [ [ [ [ -73.970922000458515, 40.626570000351229 ], [ -73.970669000738539, 40.626597999573242 ], [ -73.969552000479965, 40.626721999980404 ], [ -73.968477999879099, 40.626840999901745 ], [ -73.96755299924115, 40.626943999364535 ], [ -73.967096000204975, 40.624553000064253 ], [ -73.966645000118262, 40.622163000653742 ], [ -73.967571999507726, 40.622059999954324 ], [ -73.968644999385347, 40.621941999957386 ], [ -73.969098000020196, 40.624333000000753 ], [ -73.970194000362369, 40.624212000611465 ], [ -73.970474000744872, 40.624181999934457 ], [ -73.97086100035915, 40.626209999956991 ], [ -73.970922000458515, 40.626570000351229 ] ] ] ] } },
{ "type": "Feature", "properties": { "STATEFP": "36", "COUNTYFP": "047", "TRACTCE": "046201", "BLKGRPCE": "1", "GEOID": "360470462011", "NAMELSAD": "Block Group 1", "MTFCC": "G5030", "FUNCSTAT": "S", "ALAND": 54932.0, "AWATER": 0.0, "INTPTLAT": "+40.6284493", "INTPTLON": "-073.9733223", "Shape__Are": 95467.1523438, "Shape__Len": 1585.7683305200001 }, "geometry": { "type": "MultiPolygon", "coordinates": [ [ [ [ -73.976578000099849, 40.627573999697432 ], [ -73.974831999479335, 40.628411999886119 ], [ -73.974026999390304, 40.628805999930009 ], [ -73.972852000303732, 40.629371999742062 ], [ -73.971806000190284, 40.629874000010581 ], [ -73.971718000326732, 40.629915999829407 ], [ -73.971567999640584, 40.629987999749474 ], [ -73.971373999471822, 40.62896600048856 ], [ -73.971207999790479, 40.628090000165919 ], [ -73.971470000629608, 40.628056999359472 ], [ -73.972581000142071, 40.627918000225492 ], [ -73.974418000100883, 40.627635999705511 ], [ -73.975899999334104, 40.627397999756809 ], [ -73.976514000525754, 40.627294000131698 ], [ -73.976578000099849, 40.627573999697432 ] ] ] ] } },
{ "type": "Feature", "properties": { "STATEFP": "36", "COUNTYFP": "047", "TRACTCE": "046201", "BLKGRPCE": "2", "GEOID": "360470462012", "NAMELSAD": "Block Group 2", "MTFCC": "G5030", "FUNCSTAT": "S", "ALAND": 73383.0, "AWATER": 0.0, "INTPTLAT": "+40.6270043", "INTPTLON": "-073.9736616", "Shape__Are": 127526.679688, "Shape__Len": 1621.1137069900001 }, "geometry": { "type": "MultiPolygon", "coordinates": [ [ [ [ -73.976514000525754, 40.627294000131698 ], [ -73.975899999334104, 40.627397999756809 ], [ -73.974418000100883, 40.627635999705511 ], [ -73.972581000142071, 40.627918000225492 ], [ -73.971470000629608, 40.628056999359472 ], [ -73.971207999790479, 40.628090000165919 ], [ -73.971114000079126, 40.627586000451259 ], [ -73.971098000185606, 40.627500000228281 ], [ -73.970922000458515, 40.626570000351229 ], [ -73.971186999874078, 40.626542999945762 ], [ -73.972298000284852, 40.626432000361291 ], [ -73.973220000549773, 40.626318000688052 ], [ -73.974148999589048, 40.626215000259855 ], [ -73.975077000600052, 40.626114000069613 ], [ -73.975635999743474, 40.626035000030349 ], [ -73.976234999968185, 40.625975999819275 ], [ -73.976450000053333, 40.627007999645791 ], [ -73.976514000525754, 40.627294000131698 ] ] ] ] } },
{ "type": "Feature", "properties": { "STATEFP": "36", "COUNTYFP": "047", "TRACTCE": "046202", "BLKGRPCE": "1", "GEOID": "360470462021", "NAMELSAD": "Block Group 1", "MTFCC": "G5030", "FUNCSTAT": "S", "ALAND": 73916.0, "AWATER": 0.0, "INTPTLAT": "+40.6252010", "INTPTLON": "-073.9723113", "Shape__Are": 128445.855469, "Shape__Len": 1433.09208042 }, "geometry": { "type": "MultiPolygon", "coordinates": [ [ [ [ -73.974148999589048, 40.626215000259855 ], [ -73.973220000549773, 40.626318000688052 ], [ -73.972298000284852, 40.626432000361291 ], [ -73.971186999874078, 40.626542999945762 ], [ -73.970922000458515, 40.626570000351229 ], [ -73.97086100035915, 40.626209999956991 ], [ -73.970474000744872, 40.624181999934457 ], [ -73.970732999414324, 40.624153000153591 ], [ -73.971843000000192, 40.62402999997903 ], [ -73.972444000773052, 40.623963999791989 ], [ -73.972774000485913, 40.623933000136134 ], [ -73.973695999852509, 40.623826999422818 ], [ -73.974148999589048, 40.626215000259855 ] ] ] ] } },
{ "type": "Feature", "properties": { "STATEFP": "36", "COUNTYFP": "047", "TRACTCE": "046400", "BLKGRPCE": "1", "GEOID": "360470464001", "NAMELSAD": "Block Group 1", "MTFCC": "G5030", "FUNCSTAT": "S", "ALAND": 107499.0, "AWATER": 0.0, "INTPTLAT": "+40.6248583", "INTPTLON": "-073.9777725", "Shape__Are": 186800.1875, "Shape__Len": 2504.0622473399999 }, "geometry": { "type": "MultiPolygon", "coordinates": [ [ [ [ -73.979234999317981, 40.626336000111152 ], [ -73.97894399996315, 40.626605000229191 ], [ -73.97858300028814, 40.626957000417363 ], [ -73.978397999441896, 40.627138000390332 ], [ -73.978066999904101, 40.627454999718644 ], [ -73.97770400057928, 40.627801999333727 ], [ -73.977523999755874, 40.627977999573226 ], [ -73.976578000099849, 40.627573999697432 ], [ -73.976514000525754, 40.627294000131698 ], [ -73.976450000053333, 40.627007999645791 ], [ -73.976234999968185, 40.625975999819275 ], [ -73.977262000713381, 40.625852999592936 ], [ -73.977197000416041, 40.625102000248191 ], [ -73.977108999654178, 40.624947999909296 ], [ -73.976943999797754, 40.624053000483393 ], [ -73.976881000048564, 40.623728999732798 ], [ -73.97683399929457, 40.623480999847217 ], [ -73.976794000009903, 40.623254000019017 ], [ -73.976753000002034, 40.623013000084065 ], [ -73.976565999505965, 40.621994999444432 ], [ -73.976616000633001, 40.621941999957414 ], [ -73.976947000170782, 40.621601999713626 ], [ -73.977032999486198, 40.621529999616477 ], [ -73.979447999753319, 40.622683000290245 ], [ -73.979399000247838, 40.622729000173337 ], [ -73.979362000437902, 40.622765000267258 ], [ -73.978783999231283, 40.623322999582847 ], [ -73.978200999798403, 40.623881999241434 ], [ -73.977615999817388, 40.624441999899631 ], [ -73.979817999649171, 40.62577399924492 ], [ -73.979234999317981, 40.626336000111152 ] ] ] ] } },
{ "type": "Feature", "properties": { "STATEFP": "36", "COUNTYFP": "047", "TRACTCE": "046400", "BLKGRPCE": "2", "GEOID": "360470464002", "NAMELSAD": "Block Group 2", "MTFCC": "G5030", "FUNCSTAT": "S", "ALAND": 56517.0, "AWATER": 0.0, "INTPTLAT": "+40.6242688", "INTPTLON": "-073.9795906", "Shape__Are": 98207.890625, "Shape__Len": 1254.2407099899999 }, "geometry": { "type": "MultiPolygon", "coordinates": [ [ [ [ -73.980985000136457, 40.624653000349454 ], [ -73.9803969997824, 40.625210999573845 ], [ -73.979817999649171, 40.62577399924492 ], [ -73.977615999817388, 40.624441999899631 ], [ -73.978200999798403, 40.623881999241434 ], [ -73.978783999231283, 40.623322999582847 ], [ -73.979362000437902, 40.622765000267258 ], [ -73.981565999919511, 40.624095000554057 ], [ -73.980985000136457, 40.624653000349454 ] ] ] ] } },
{ "type": "Feature", "properties": { "STATEFP": "36", "COUNTYFP": "047", "TRACTCE": "046800", "BLKGRPCE": "1", "GEOID": "360470468001", "NAMELSAD": "Block Group 1", "MTFCC": "G5030", "FUNCSTAT": "S", "ALAND": 295918.0, "AWATER": 0.0, "INTPTLAT": "+40.6214965", "INTPTLON": "-073.9806533", "Shape__Are": 514169.207031, "Shape__Len": 3533.6883041599999 }, "geometry": { "type": "MultiPolygon", "coordinates": [ [ [ [ -73.985731000106767, 40.623554999678504 ], [ -73.985637000395428, 40.62364999959977 ], [ -73.9855300002653, 40.623758000379631 ], [ -73.984962000002724, 40.624322999794657 ], [ -73.984400999412841, 40.624893000286626 ], [ -73.982144000227805, 40.623532999921508 ], [ -73.981565999919511, 40.624095000554057 ], [ -73.979362000437902, 40.622765000267258 ], [ -73.979399000247838, 40.622729000173337 ], [ -73.979447999753319, 40.622683000290245 ], [ -73.977032999486198, 40.621529999616477 ], [ -73.975378000000603, 40.620792999878667 ], [ -73.9765049994066, 40.619142000378886 ], [ -73.976824999972052, 40.618675999473261 ], [ -73.977379000889229, 40.617883000035143 ], [ -73.977873999560231, 40.618189999888713 ], [ -73.979494999608974, 40.619195000041863 ], [ -73.981695999615852, 40.620524000217259 ], [ -73.982282000320083, 40.619962000222351 ], [ -73.984477999405755, 40.621292999998452 ], [ -73.983899999995742, 40.621853999442706 ], [ -73.98449200054776, 40.622212999876858 ], [ -73.98610100000262, 40.623182999899363 ], [ -73.985731000106767, 40.623554999678504 ] ] ] ] } },
{ "type": "Feature", "properties": { "STATEFP": "36", "COUNTYFP": "047", "TRACTCE": "047200", "BLKGRPCE": "1", "GEOID": "360470472001", "NAMELSAD": "Block Group 1", "MTFCC": "G5030", "FUNCSTAT": "S", "ALAND": 37893.0, "AWATER": 0.0, "INTPTLAT": "+40.6268261", "INTPTLON": "-073.9823138", "Shape__Are": 65849.4179688, "Shape__Len": 1465.6489962400001 }, "geometry": { "type": "MultiPolygon", "coordinates": [ [ [ [ -73.984204000667674, 40.62844799964401 ], [ -73.983015999365691, 40.627704999514854 ], [ -73.982132000532246, 40.627171000287312 ], [ -73.981243999704219, 40.626629000037561 ], [ -73.981094999741302, 40.626542999945777 ], [ -73.980867000135675, 40.626408999994318 ], [ -73.979817999649171, 40.62577399924492 ], [ -73.9803969997824, 40.625210999573845 ], [ -73.982292000365817, 40.62635100030851 ], [ -73.982699999896496, 40.626599999955559 ], [ -73.983215999382224, 40.626917999978474 ], [ -73.984803999818979, 40.627871999825437 ], [ -73.984204000667674, 40.62844799964401 ] ] ] ] } },
{ "type": "Feature", "properties": { "STATEFP": "36", "COUNTYFP": "047", "TRACTCE": "097000", "BLKGRPCE": "1", "GEOID": "360470970001", "NAMELSAD": "Block Group 1", "MTFCC": "G5030", "FUNCSTAT": "S", "ALAND": 88064.0, "AWATER": 0.0, "INTPTLAT": "+40.6477230", "INTPTLON": "-073.9066397", "Shape__Are": 153135.304688, "Shape__Len": 1743.71665379 }, "geometry": { "type": "MultiPolygon", "coordinates": [ [ [ [ -73.908399000663948, 40.649388000394509 ], [ -73.907615000491305, 40.649896000522808 ], [ -73.906372000734351, 40.648778999822113 ], [ -73.905800000273828, 40.648265000170056 ], [ -73.905095999568815, 40.647607000192103 ], [ -73.903981999683282, 40.646629000031226 ], [ -73.904774999178443, 40.646115999395185 ], [ -73.905654999610547, 40.645548999844124 ], [ -73.907469999828038, 40.647181000344993 ], [ -73.908111999710457, 40.647751999841297 ], [ -73.909290000068381, 40.648816999901726 ], [ -73.908399000663948, 40.649388000394509 ] ] ] ] } },
{ "type": "Feature", "properties": { "STATEFP": "36", "COUNTYFP": "047", "TRACTCE": "040100", "BLKGRPCE": "1", "GEOID": "360470401001", "NAMELSAD": "Block Group 1", "MTFCC": "G5030", "FUNCSTAT": "S", "ALAND": 48202.0, "AWATER": 0.0, "INTPTLAT": "+40.6859872", "INTPTLON": "-073.9112568", "Shape__Are": 83914.0625, "Shape__Len": 1482.0280313200001 }, "geometry": { "type": "MultiPolygon", "coordinates": [ [ [ [ -73.9130369997809, 40.684367999811819 ], [ -73.911637000563445, 40.685796000176708 ], [ -73.912389000050695, 40.686223999982154 ], [ -73.910939999531124, 40.687699000112396 ], [ -73.910188999868765, 40.6872710002432 ], [ -73.909439000031298, 40.686845000289019 ], [ -73.910886999827667, 40.685369000339101 ], [ -73.912272999699738, 40.683934999602123 ], [ -73.9130369997809, 40.684367999811819 ] ] ] ] } },
{ "type": "Feature", "properties": { "STATEFP": "36", "COUNTYFP": "047", "TRACTCE": "040300", "BLKGRPCE": "3", "GEOID": "360470403003", "NAMELSAD": "Block Group 3", "MTFCC": "G5030", "FUNCSTAT": "S", "ALAND": 48703.0, "AWATER": 0.0, "INTPTLAT": "+40.6854650", "INTPTLON": "-073.9090350", "Shape__Are": 84782.8398438, "Shape__Len": 1167.9692748 }, "geometry": { "type": "MultiPolygon", "coordinates": [ [ [ [ -73.910886999827667, 40.685369000339101 ], [ -73.909439000031298, 40.686845000289019 ], [ -73.90868800036894, 40.686417000384651 ], [ -73.90793399943523, 40.68598800047392 ], [ -73.907182999772843, 40.685561000504059 ], [ -73.908628999919401, 40.684085999376428 ], [ -73.909382000129895, 40.684512999259638 ], [ -73.910131999967348, 40.684939000496236 ], [ -73.910886999827667, 40.685369000339101 ] ] ] ] } },
{ "type": "Feature", "properties": { "STATEFP": "36", "COUNTYFP": "047", "TRACTCE": "095800", "BLKGRPCE": "2", "GEOID": "360470958002", "NAMELSAD": "Block Group 2", "MTFCC": "G5030", "FUNCSTAT": "S", "ALAND": 144369.0, "AWATER": 0.0, "INTPTLAT": "+40.6398543", "INTPTLON": "-073.9106408", "Shape__Are": 250985.699219, "Shape__Len": 2035.8955519000001 }, "geometry": { "type": "MultiPolygon", "coordinates": [ [ [ [ -73.913145999560854, 40.641034999887935 ], [ -73.912290000316489, 40.641410000333003 ], [ -73.911567000243238, 40.641733999822655 ], [ -73.911474000356819, 40.641787999925519 ], [ -73.910763999804033, 40.6422460001018 ], [ -73.910119999373478, 40.64167099998825 ], [ -73.909119000364171, 40.640770000557069 ], [ -73.907453999934503, 40.639275999710996 ], [ -73.90816899961186, 40.638813000247467 ], [ -73.908882000537702, 40.638351000314557 ], [ -73.909623999979232, 40.637872000215879 ], [ -73.910367000143992, 40.637391000029773 ], [ -73.912033999325146, 40.638890000152657 ], [ -73.913903999794215, 40.640569000409272 ], [ -73.913145999560854, 40.641034999887935 ] ] ] ] } },
{ "type": "Feature", "properties": { "STATEFP": "36", "COUNTYFP": "047", "TRACTCE": "097000", "BLKGRPCE": "2", "GEOID": "360470970002", "NAMELSAD": "Block Group 2", "MTFCC": "G5030", "FUNCSTAT": "S", "ALAND": 75386.0, "AWATER": 0.0, "INTPTLAT": "+40.6467192", "INTPTLON": "-073.9081862", "Shape__Are": 131084.113281, "Shape__Len": 1672.67239066 }, "geometry": { "type": "MultiPolygon", "coordinates": [ [ [ [ -73.910716000123458, 40.647888000325914 ], [ -73.910003999920832, 40.648355000371211 ], [ -73.909290000068381, 40.648816999901726 ], [ -73.908111999710457, 40.647751999841297 ], [ -73.907469999828038, 40.647181000344993 ], [ -73.905654999610547, 40.645548999844124 ], [ -73.906369000361309, 40.645087000182698 ], [ -73.907084000038651, 40.644623000207332 ], [ -73.908899000256142, 40.646256000074231 ], [ -73.90943400000846, 40.646737999659749 ], [ -73.910488999444411, 40.647684000176653 ], [ -73.910716000123458, 40.647888000325914 ] ] ] ] } },
{ "type": "Feature", "properties": { "STATEFP": "36", "COUNTYFP": "047", "TRACTCE": "019200", "BLKGRPCE": "1", "GEOID": "360470192001", "NAMELSAD": "Block Group 1", "MTFCC": "G5030", "FUNCSTAT": "S", "ALAND": 31117.0, "AWATER": 0.0, "INTPTLAT": "+40.6299311", "INTPTLON": "-073.9980378", "Shape__Are": 54081.40625, "Shape__Len": 1255.4716750800001 }, "geometry": { "type": "MultiPolygon", "coordinates": [ [ [ [ -73.999560999588695, 40.631314999687277 ], [ -73.997358999756912, 40.629985999468701 ], [ -73.996115000175053, 40.629231999784579 ], [ -73.996335999209677, 40.628445000517168 ], [ -73.997938999715061, 40.629424999469208 ], [ -74.000141999371749, 40.630756000202567 ], [ -73.999560999588695, 40.631314999687277 ] ] ] ] } },
{ "type": "Feature", "properties": { "STATEFP": "36", "COUNTYFP": "047", "TRACTCE": "019200", "BLKGRPCE": "2", "GEOID": "360470192002", "NAMELSAD": "Block Group 2", "MTFCC": "G5030", "FUNCSTAT": "S", "ALAND": 92980.0, "AWATER": 0.0, "INTPTLAT": "+40.6287342", "INTPTLON": "-073.9987857", "Shape__Are": 161590.804688, "Shape__Len": 1774.4679410599999 }, "geometry": { "type": "MultiPolygon", "coordinates": [ [ [ [ -74.001349000041998, 40.629597999765025 ], [ -74.000748000167462, 40.630175000514441 ], [ -74.000141999371749, 40.630756000202567 ], [ -73.997938999715061, 40.629424999469208 ], [ -73.996335999209677, 40.628445000517168 ], [ -73.996557000040937, 40.627640999901544 ], [ -73.996702000704218, 40.627172000469912 ], [ -73.99678800001962, 40.626826000496266 ], [ -73.996878000431309, 40.626530000175947 ], [ -73.997182000204916, 40.626709999753132 ], [ -73.997927999844393, 40.62709999955905 ], [ -73.99941499999882, 40.628006999738631 ], [ -74.001677000105047, 40.629315000052891 ], [ -74.001349000041998, 40.629597999765025 ] ] ] ] } },
{ "type": "Feature", "properties": { "STATEFP": "36", "COUNTYFP": "047", "TRACTCE": "019600", "BLKGRPCE": "3", "GEOID": "360470196003", "NAMELSAD": "Block Group 3", "MTFCC": "G5030", "FUNCSTAT": "S", "ALAND": 56520.0, "AWATER": 0.0, "INTPTLAT": "+40.6246471", "INTPTLON": "-074.0047035", "Shape__Are": 98215.734375, "Shape__Len": 1253.3341342399999 }, "geometry": { "type": "MultiPolygon", "coordinates": [ [ [ [ -74.006095000012323, 40.625032999794925 ], [ -74.00565500069456, 40.62545500038464 ], [ -74.004932000621309, 40.626150999900496 ], [ -74.002730000789541, 40.624820999645983 ], [ -74.003455999439211, 40.624123000131924 ], [ -74.003892000355634, 40.623700999989815 ], [ -74.004011000181308, 40.623587000427861 ], [ -74.004475999613405, 40.623144999545062 ], [ -74.006677999445174, 40.624473000001039 ], [ -74.006095000012323, 40.625032999794925 ] ] ] ] } },
{ "type": "Feature", "properties": { "STATEFP": "36", "COUNTYFP": "047", "TRACTCE": "047200", "BLKGRPCE": "2", "GEOID": "360470472002", "NAMELSAD": "Block Group 2", "MTFCC": "G5030", "FUNCSTAT": "S", "ALAND": 57094.0, "AWATER": 0.0, "INTPTLAT": "+40.6258536", "INTPTLON": "-073.9827286", "Shape__Are": 99214.3671875, "Shape__Len": 1668.9716325300001 }, "geometry": { "type": "MultiPolygon", "coordinates": [ [ [ [ -73.984803999818979, 40.627871999825437 ], [ -73.983215999382224, 40.626917999978474 ], [ -73.982699999896496, 40.626599999955559 ], [ -73.982292000365817, 40.62635100030851 ], [ -73.9803969997824, 40.625210999573845 ], [ -73.980985000136457, 40.624653000349454 ], [ -73.981565999919511, 40.624095000554057 ], [ -73.98383100039878, 40.625462999323076 ], [ -73.98326399996111, 40.626035000030384 ], [ -73.985383999777127, 40.627313000153947 ], [ -73.984803999818979, 40.627871999825437 ] ] ] ] } },
{ "type": "Feature", "properties": { "STATEFP": "36", "COUNTYFP": "047", "TRACTCE": "047400", "BLKGRPCE": "2", "GEOID": "360470474002", "NAMELSAD": "Block Group 2", "MTFCC": "G5030", "FUNCSTAT": "S", "ALAND": 78941.0, "AWATER": 0.0, "INTPTLAT": "+40.6297662", "INTPTLON": "-073.9842923", "Shape__Are": 137199.695312, "Shape__Len": 1547.24837183 }, "geometry": { "type": "MultiPolygon", "coordinates": [ [ [ [ -73.986093000505008, 40.630477999927635 ], [ -73.985509000348898, 40.631038000500709 ], [ -73.984927999667548, 40.631597000351597 ], [ -73.982406000168623, 40.630068000024188 ], [ -73.982613999682783, 40.629289999695466 ], [ -73.982812000049506, 40.628494000329027 ], [ -73.983015999365691, 40.627704999514854 ], [ -73.984204000667674, 40.62844799964401 ], [ -73.986675000112967, 40.629915999829414 ], [ -73.986093000505008, 40.630477999927635 ] ] ] ] } },
{ "type": "Feature", "properties": { "STATEFP": "36", "COUNTYFP": "047", "TRACTCE": "047600", "BLKGRPCE": "1", "GEOID": "360470476001", "NAMELSAD": "Block Group 1", "MTFCC": "G5030", "FUNCSTAT": "S", "ALAND": 65963.0, "AWATER": 0.0, "INTPTLAT": "+40.6289870", "INTPTLON": "-073.9782011", "Shape__Are": 114641.875, "Shape__Len": 1484.46806988 }, "geometry": { "type": "MultiPolygon", "coordinates": [ [ [ [ -73.979861000205176, 40.629449999776078 ], [ -73.979036000024664, 40.62985899992281 ], [ -73.978155000665964, 40.630281999469716 ], [ -73.977486000121033, 40.630594999711086 ], [ -73.977248999396267, 40.630707000686932 ], [ -73.977164999730675, 40.630746999723812 ], [ -73.97707100001935, 40.630253000292271 ], [ -73.976999000049318, 40.629870999584249 ], [ -73.976850000086429, 40.629088999753932 ], [ -73.976696000100631, 40.628353999894458 ], [ -73.976578000099849, 40.627573999697432 ], [ -73.977523999755874, 40.627977999573226 ], [ -73.97770400057928, 40.627801999333727 ], [ -73.978066999904101, 40.627454999718644 ], [ -73.980427999744535, 40.628878999840396 ], [ -73.979861000205176, 40.629449999776078 ] ] ] ] } },
{ "type": "Feature", "properties": { "STATEFP": "36", "COUNTYFP": "047", "TRACTCE": "047600", "BLKGRPCE": "2", "GEOID": "360470476002", "NAMELSAD": "Block Group 2", "MTFCC": "G5030", "FUNCSTAT": "S", "ALAND": 56677.0, "AWATER": 0.0, "INTPTLAT": "+40.6303246", "INTPTLON": "-073.9804374", "Shape__Are": 98504.8398438, "Shape__Len": 1288.38495665 }, "geometry": { "type": "MultiPolygon", "coordinates": [ [ [ [ -73.981889999784599, 40.630672999680094 ], [ -73.98130700035172, 40.631233000663094 ], [ -73.980723000195624, 40.631793000358421 ], [ -73.978155000665964, 40.630281999469716 ], [ -73.979036000024664, 40.62985899992281 ], [ -73.979861000205176, 40.629449999776078 ], [ -73.980427999744535, 40.628878999840396 ], [ -73.982406000168623, 40.630068000024188 ], [ -73.981889999784599, 40.630672999680094 ] ] ] ] } },
{ "type": "Feature", "properties": { "STATEFP": "36", "COUNTYFP": "047", "TRACTCE": "047600", "BLKGRPCE": "3", "GEOID": "360470476003", "NAMELSAD": "Block Group 3", "MTFCC": "G5030", "FUNCSTAT": "S", "ALAND": 84534.0, "AWATER": 0.0, "INTPTLAT": "+40.6319683", "INTPTLON": "-073.9825341", "Shape__Are": 146926.265625, "Shape__Len": 1547.1447680700001 }, "geometry": { "type": "MultiPolygon", "coordinates": [ [ [ [ -73.984343999511452, 40.632156999721154 ], [ -73.983762999728398, 40.632716999848057 ], [ -73.983178999572303, 40.633279000232648 ], [ -73.982597999789249, 40.633836999646356 ], [ -73.980142000412584, 40.632354000234322 ], [ -73.980723000195624, 40.631793000358421 ], [ -73.98130700035172, 40.631233000663094 ], [ -73.981889999784599, 40.630672999680094 ], [ -73.982406000168623, 40.630068000024188 ], [ -73.984927999667548, 40.631597000351597 ], [ -73.984343999511452, 40.632156999721154 ] ] ] ] } },
{ "type": "Feature", "properties": { "STATEFP": "36", "COUNTYFP": "047", "TRACTCE": "047800", "BLKGRPCE": "2", "GEOID": "360470478002", "NAMELSAD": "Block Group 2", "MTFCC": "G5030", "FUNCSTAT": "S", "ALAND": 57454.0, "AWATER": 0.0, "INTPTLAT": "+40.6324367", "INTPTLON": "-073.9798956", "Shape__Are": 99862.09375, "Shape__Len": 1862.5339212199999 }, "geometry": { "type": "MultiPolygon", "coordinates": [ [ [ [ -73.982015000356384, 40.634394999850521 ], [ -73.979558000256475, 40.632912999975929 ], [ -73.978973000275474, 40.633476000162382 ], [ -73.978704000661949, 40.633323999544572 ], [ -73.978651999885116, 40.63304500032212 ], [ -73.978515999442664, 40.63229999999924 ], [ -73.978505000470335, 40.63224500029559 ], [ -73.978311000301574, 40.631274999627117 ], [ -73.978155000665964, 40.630281999469716 ], [ -73.980723000195624, 40.631793000358421 ], [ -73.980142000412584, 40.632354000234322 ], [ -73.982597999789249, 40.633836999646356 ], [ -73.982015000356384, 40.634394999850521 ] ] ] ] } },
{ "type": "Feature", "properties": { "STATEFP": "36", "COUNTYFP": "047", "TRACTCE": "048000", "BLKGRPCE": "1", "GEOID": "360470480001", "NAMELSAD": "Block Group 1", "MTFCC": "G5030", "FUNCSTAT": "S", "ALAND": 75431.0, "AWATER": 0.0, "INTPTLAT": "+40.6311293", "INTPTLON": "-073.9737693", "Shape__Are": 131101.285156, "Shape__Len": 1490.3660936700001 }, "geometry": { "type": "MultiPolygon", "coordinates": [ [ [ [ -73.976049000195331, 40.631275999748247 ], [ -73.975172000136283, 40.631689000078595 ], [ -73.974318999468366, 40.63209100006641 ], [ -73.973196000260316, 40.63262099977031 ], [ -73.972807999922807, 40.632805999782654 ], [ -73.972418999760364, 40.632991999377836 ], [ -73.972266000497797, 40.632143000254374 ], [ -73.972113000336918, 40.631369000718962 ], [ -73.971922999467836, 40.630646000251794 ], [ -73.974516000010169, 40.629399000367243 ], [ -73.974997000234112, 40.629978999848966 ], [ -73.975504000397308, 40.630591999317126 ], [ -73.975738000749047, 40.630885999786891 ], [ -73.976049000195331, 40.631275999748247 ] ] ] ] } },
{ "type": "Feature", "properties": { "STATEFP": "36", "COUNTYFP": "047", "TRACTCE": "048000", "BLKGRPCE": "2", "GEOID": "360470480002", "NAMELSAD": "Block Group 2", "MTFCC": "G5030", "FUNCSTAT": "S", "ALAND": 77727.0, "AWATER": 0.0, "INTPTLAT": "+40.6294817", "INTPTLON": "-073.9751936", "Shape__Are": 135086.6875, "Shape__Len": 2025.4292061599999 }, "geometry": { "type": "MultiPolygon", "coordinates": [ [ [ [ -73.977164999730675, 40.630746999723812 ], [ -73.976970999561928, 40.630838000494265 ], [ -73.976049000195331, 40.631275999748247 ], [ -73.975738000749047, 40.630885999786891 ], [ -73.975504000397308, 40.630591999317126 ], [ -73.974997000234112, 40.629978999848966 ], [ -73.974516000010169, 40.629399000367243 ], [ -73.971922999467836, 40.630646000251794 ], [ -73.971806000190284, 40.629874000010581 ], [ -73.972852000303732, 40.629371999742062 ], [ -73.974026999390304, 40.628805999930009 ], [ -73.974831999479335, 40.628411999886119 ], [ -73.976578000099849, 40.627573999697432 ], [ -73.976696000100631, 40.628353999894458 ], [ -73.976850000086429, 40.629088999753932 ], [ -73.976999000049318, 40.629870999584249 ], [ -73.97707100001935, 40.630253000292271 ], [ -73.977164999730675, 40.630746999723812 ] ] ] ] } },
{ "type": "Feature", "properties": { "STATEFP": "36", "COUNTYFP": "047", "TRACTCE": "048200", "BLKGRPCE": "1", "GEOID": "360470482001", "NAMELSAD": "Block Group 1", "MTFCC": "G5030", "FUNCSTAT": "S", "ALAND": 36431.0, "AWATER": 0.0, "INTPTLAT": "+40.6330938", "INTPTLON": "-073.9679214", "Shape__Are": 63323.6484375, "Shape__Len": 1046.47928759 }, "geometry": { "type": "MultiPolygon", "coordinates": [ [ [ [ -73.969390999923178, 40.633516999673262 ], [ -73.967405999826369, 40.634470000614655 ], [ -73.967184999893433, 40.633704000099485 ], [ -73.967027999534594, 40.633152000132398 ], [ -73.966776999464415, 40.632295000151984 ], [ -73.967550000664716, 40.631921999857653 ], [ -73.967925999510058, 40.631743999558459 ], [ -73.96841900032787, 40.632331999967057 ], [ -73.968494999597539, 40.632445999600094 ], [ -73.968894000704026, 40.632916999680376 ], [ -73.969390999923178, 40.633516999673262 ] ] ] ] } },
{ "type": "Feature", "properties": { "STATEFP": "36", "COUNTYFP": "047", "TRACTCE": "048400", "BLKGRPCE": "3", "GEOID": "360470484003", "NAMELSAD": "Block Group 3", "MTFCC": "G5030", "FUNCSTAT": "S", "ALAND": 50657.0, "AWATER": 0.0, "INTPTLAT": "+40.6327289", "INTPTLON": "-073.9746662", "Shape__Are": 88048.078125, "Shape__Len": 1312.14780903 }, "geometry": { "type": "MultiPolygon", "coordinates": [ [ [ [ -73.976434000159813, 40.633288999779346 ], [ -73.97550999934677, 40.633385999667937 ], [ -73.97458299995732, 40.633487999855561 ], [ -73.973654000019721, 40.633591000655549 ], [ -73.972604999533203, 40.633708000438254 ], [ -73.972418999760364, 40.632991999377836 ], [ -73.972807999922807, 40.632805999782654 ], [ -73.973196000260316, 40.63262099977031 ], [ -73.974318999468366, 40.63209100006641 ], [ -73.975172000136283, 40.631689000078595 ], [ -73.976049000195331, 40.631275999748247 ], [ -73.976434000159813, 40.633288999779346 ] ] ] ] } },
{ "type": "Feature", "properties": { "STATEFP": "36", "COUNTYFP": "047", "TRACTCE": "046202", "BLKGRPCE": "2", "GEOID": "360470462022", "NAMELSAD": "Block Group 2", "MTFCC": "G5030", "FUNCSTAT": "S", "ALAND": 98928.0, "AWATER": 0.0, "INTPTLAT": "+40.6241252", "INTPTLON": "-073.9756601", "Shape__Are": 171904.917969, "Shape__Len": 2230.1775328399999 }, "geometry": { "type": "MultiPolygon", "coordinates": [ [ [ [ -73.977262000713381, 40.625852999592936 ], [ -73.976234999968185, 40.625975999819275 ], [ -73.975635999743474, 40.626035000030349 ], [ -73.975077000600052, 40.626114000069613 ], [ -73.974148999589048, 40.626215000259855 ], [ -73.973695999852509, 40.623826999422818 ], [ -73.974626000513339, 40.623724000607474 ], [ -73.975801999424817, 40.623594000035766 ], [ -73.975295999984837, 40.620913000412358 ], [ -73.975378000000603, 40.620792999878667 ], [ -73.977032999486198, 40.621529999616477 ], [ -73.976947000170782, 40.621601999713626 ], [ -73.976616000633001, 40.621941999957414 ], [ -73.976565999505965, 40.621994999444432 ], [ -73.976753000002034, 40.623013000084065 ], [ -73.976794000009903, 40.623254000019017 ], [ -73.97683399929457, 40.623480999847217 ], [ -73.976881000048564, 40.623728999732798 ], [ -73.976943999797754, 40.624053000483393 ], [ -73.977108999654178, 40.624947999909296 ], [ -73.977197000416041, 40.625102000248191 ], [ -73.977262000713381, 40.625852999592936 ] ] ] ] } },
{ "type": "Feature", "properties": { "STATEFP": "36", "COUNTYFP": "047", "TRACTCE": "047400", "BLKGRPCE": "1", "GEOID": "360470474001", "NAMELSAD": "Block Group 1", "MTFCC": "G5030", "FUNCSTAT": "S", "ALAND": 96931.0, "AWATER": 0.0, "INTPTLAT": "+40.6278018", "INTPTLON": "-073.9807969", "Shape__Are": 168452.589844, "Shape__Len": 1739.0336936900001 }, "geometry": { "type": "MultiPolygon", "coordinates": [ [ [ [ -73.982812000049506, 40.628494000329027 ], [ -73.982613999682783, 40.629289999695466 ], [ -73.982406000168623, 40.630068000024188 ], [ -73.980427999744535, 40.628878999840396 ], [ -73.978066999904101, 40.627454999718644 ], [ -73.978397999441896, 40.627138000390332 ], [ -73.97858300028814, 40.626957000417363 ], [ -73.97894399996315, 40.626605000229191 ], [ -73.979234999317981, 40.626336000111152 ], [ -73.979817999649171, 40.62577399924492 ], [ -73.980867000135675, 40.626408999994318 ], [ -73.981094999741302, 40.626542999945777 ], [ -73.981243999704219, 40.626629000037561 ], [ -73.982132000532246, 40.627171000287312 ], [ -73.983015999365691, 40.627704999514854 ], [ -73.982812000049506, 40.628494000329027 ] ] ] ] } },
{ "type": "Feature", "properties": { "STATEFP": "36", "COUNTYFP": "047", "TRACTCE": "021000", "BLKGRPCE": "2", "GEOID": "360470210002", "NAMELSAD": "Block Group 2", "MTFCC": "G5030", "FUNCSTAT": "S", "ALAND": 56557.0, "AWATER": 0.0, "INTPTLAT": "+40.6278663", "INTPTLON": "-074.0085275", "Shape__Are": 98289.625, "Shape__Len": 1253.835974 }, "geometry": { "type": "MultiPolygon", "coordinates": [ [ [ [ -74.010014000152282, 40.628162000009475 ], [ -74.009918999717712, 40.628251999363819 ], [ -74.009337999934672, 40.628812000196511 ], [ -74.008754000676888, 40.62937100027419 ], [ -74.006553999596633, 40.628039999888053 ], [ -74.007136000102889, 40.627481000259188 ], [ -74.00783400006182, 40.626808999347901 ], [ -74.008299000392213, 40.626360999529133 ], [ -74.008435999761261, 40.626442999763235 ], [ -74.01049999950078, 40.627693000145989 ], [ -74.010014000152282, 40.628162000009475 ] ] ] ] } },
{ "type": "Feature", "properties": { "STATEFP": "36", "COUNTYFP": "047", "TRACTCE": "021000", "BLKGRPCE": "3", "GEOID": "360470210003", "NAMELSAD": "Block Group 3", "MTFCC": "G5030", "FUNCSTAT": "S", "ALAND": 36895.0, "AWATER": 0.0, "INTPTLAT": "+40.6289287", "INTPTLON": "-074.0103950", "Shape__Are": 64120.2890625, "Shape__Len": 1040.9491847100001 }, "geometry": { "type": "MultiPolygon", "coordinates": [ [ [ [ -74.012142000364207, 40.628683999621543 ], [ -74.011428000511771, 40.629162000036708 ], [ -74.010700000415625, 40.629645999948941 ], [ -74.010004000106534, 40.630113000136554 ], [ -74.008754000676888, 40.62937100027419 ], [ -74.009337999934672, 40.628812000196511 ], [ -74.009918999717712, 40.628251999363819 ], [ -74.010014000152282, 40.628162000009475 ], [ -74.01049999950078, 40.627693000145989 ], [ -74.010680000324129, 40.62780100052418 ], [ -74.010811999670295, 40.62788099932817 ], [ -74.011781999615778, 40.628465999856587 ], [ -74.01207399969384, 40.62864299987023 ], [ -74.012142000364207, 40.628683999621543 ] ] ] ] } },
{ "type": "Feature", "properties": { "STATEFP": "36", "COUNTYFP": "047", "TRACTCE": "021400", "BLKGRPCE": "1", "GEOID": "360470214001", "NAMELSAD": "Block Group 1", "MTFCC": "G5030", "FUNCSTAT": "S", "ALAND": 23006.0, "AWATER": 0.0, "INTPTLAT": "+40.6307527", "INTPTLON": "-074.0043781", "Shape__Are": 39984.9140625, "Shape__Len": 1544.9001411300001 }, "geometry": { "type": "MultiPolygon", "coordinates": [ [ [ [ -74.00670000008482, 40.632324000487849 ], [ -74.006616999345823, 40.632379000126413 ], [ -74.003823999685252, 40.630665000002125 ], [ -74.001677000105047, 40.629315000052891 ], [ -74.001735000729695, 40.629250999937227 ], [ -74.001931000548268, 40.629032999977895 ], [ -74.004136999679687, 40.630363999661732 ], [ -74.006339000409781, 40.631693999971219 ], [ -74.007022999226677, 40.63211000008733 ], [ -74.00670000008482, 40.632324000487849 ] ] ] ] } },
{ "type": "Feature", "properties": { "STATEFP": "36", "COUNTYFP": "047", "TRACTCE": "021600", "BLKGRPCE": "1", "GEOID": "360470216001", "NAMELSAD": "Block Group 1", "MTFCC": "G5030", "FUNCSTAT": "S", "ALAND": 56526.0, "AWATER": 0.0, "INTPTLAT": "+40.6314909", "INTPTLON": "-073.9975876", "Shape__Are": 98244.203125, "Shape__Len": 1253.6594020499999 }, "geometry": { "type": "MultiPolygon", "coordinates": [ [ [ [ -73.998979999805641, 40.631873000515796 ], [ -73.998397000372776, 40.632434999823396 ], [ -73.997813000216681, 40.632995999759295 ], [ -73.995616999334374, 40.631666999592248 ], [ -73.996195000540993, 40.631106000080052 ], [ -73.996779000697103, 40.630547000209283 ], [ -73.997358999756912, 40.629985999468701 ], [ -73.999560999588695, 40.631314999687277 ], [ -73.998979999805641, 40.631873000515796 ] ] ] ] } },
{ "type": "Feature", "properties": { "STATEFP": "36", "COUNTYFP": "047", "TRACTCE": "021600", "BLKGRPCE": "3", "GEOID": "360470216003", "NAMELSAD": "Block Group 3", "MTFCC": "G5030", "FUNCSTAT": "S", "ALAND": 55013.0, "AWATER": 0.0, "INTPTLAT": "+40.6341077", "INTPTLON": "-074.0019908", "Shape__Are": 95622.0703125, "Shape__Len": 1242.40530825 }, "geometry": { "type": "MultiPolygon", "coordinates": [ [ [ [ -74.004107000440783, 40.634060000680833 ], [ -74.003388000565465, 40.63453800010754 ], [ -74.002672999989812, 40.635018999715896 ], [ -74.001956999589225, 40.635496999775647 ], [ -74.000015999873369, 40.634326000136596 ], [ -74.000599000204545, 40.633765000467882 ], [ -74.001177999439449, 40.633210000047143 ], [ -74.001764000143694, 40.632645000143512 ], [ -74.003989000440001, 40.633989999858521 ], [ -74.004107000440783, 40.634060000680833 ] ] ] ] } },
{ "type": "Feature", "properties": { "STATEFP": "36", "COUNTYFP": "047", "TRACTCE": "072200", "BLKGRPCE": "1", "GEOID": "360470722001", "NAMELSAD": "Block Group 1", "MTFCC": "G5030", "FUNCSTAT": "S", "ALAND": 149765.0, "AWATER": 0.0, "INTPTLAT": "+40.6322091", "INTPTLON": "-073.9219726", "Shape__Are": 260305.839844, "Shape__Len": 2297.4307944100001 }, "geometry": { "type": "MultiPolygon", "coordinates": [ [ [ [ -73.925456000174719, 40.633028000757029 ], [ -73.924486000229223, 40.633089999791764 ], [ -73.923555999568421, 40.633145999574175 ], [ -73.922586999447859, 40.633208999954988 ], [ -73.921903999557557, 40.633256000178719 ], [ -73.921618000225592, 40.633275999959316 ], [ -73.920683000440221, 40.633330000086801 ], [ -73.92041200027856, 40.633473999986073 ], [ -73.919809000754213, 40.633865000593602 ], [ -73.919439999784956, 40.634101999911842 ], [ -73.918852000329224, 40.634483000202302 ], [ -73.918762999742441, 40.633636999842906 ], [ -73.91860399973379, 40.632095999928886 ], [ -73.919542999717109, 40.63147099989736 ], [ -73.920418000126347, 40.630903999342287 ], [ -73.92062099961764, 40.630971999739877 ], [ -73.921366000330522, 40.630926999524611 ], [ -73.922334999552774, 40.630865999972208 ], [ -73.923304999498242, 40.630807999384899 ], [ -73.924238999458709, 40.630748999981805 ], [ -73.925205000104555, 40.630688999714941 ], [ -73.925456000174719, 40.633028000757029 ] ] ] ] } },
{ "type": "Feature", "properties": { "STATEFP": "36", "COUNTYFP": "047", "TRACTCE": "072400", "BLKGRPCE": "2", "GEOID": "360470724002", "NAMELSAD": "Block Group 2", "MTFCC": "G5030", "FUNCSTAT": "S", "ALAND": 128710.0, "AWATER": 0.0, "INTPTLAT": "+40.6340166", "INTPTLON": "-073.9284910", "Shape__Are": 223722.011719, "Shape__Len": 1988.9992764000001 }, "geometry": { "type": "MultiPolygon", "coordinates": [ [ [ [ -73.931530999217401, 40.635006000232679 ], [ -73.930553000672631, 40.635062999835924 ], [ -73.929624999661627, 40.635121000135648 ], [ -73.92861200005845, 40.635187000203963 ], [ -73.927447999944206, 40.635258999894162 ], [ -73.926674999642216, 40.635306000038227 ], [ -73.925705999521654, 40.635367000306431 ], [ -73.925456000174719, 40.633028000757029 ], [ -73.926424999396957, 40.632967000396995 ], [ -73.927357999532532, 40.632910000367893 ], [ -73.928364000361327, 40.632847000386697 ], [ -73.929361999895889, 40.632788000058234 ], [ -73.929835999548814, 40.632755999627207 ], [ -73.93031199974989, 40.632726000061325 ], [ -73.931273000372855, 40.632666000207436 ], [ -73.931352000015551, 40.633380999901981 ], [ -73.931530999217401, 40.635006000232679 ] ] ] ] } },
{ "type": "Feature", "properties": { "STATEFP": "36", "COUNTYFP": "047", "TRACTCE": "073400", "BLKGRPCE": "1", "GEOID": "360470734001", "NAMELSAD": "Block Group 1", "MTFCC": "G5030", "FUNCSTAT": "S", "ALAND": 84197.0, "AWATER": 0.0, "INTPTLAT": "+40.6287446", "INTPTLON": "-073.9375770", "Shape__Are": 146327.722656, "Shape__Len": 1538.4377145200001 }, "geometry": { "type": "MultiPolygon", "coordinates": [ [ [ [ -73.939604999498869, 40.629794999646805 ], [ -73.938673000086553, 40.629852999750433 ], [ -73.937737999402856, 40.629913000086681 ], [ -73.936766999632468, 40.629972999687325 ], [ -73.935800000060041, 40.630031999776079 ], [ -73.935548999989891, 40.627691999971205 ], [ -73.936518000110439, 40.627631999684731 ], [ -73.937487000231002, 40.627573999697432 ], [ -73.938421000191482, 40.627514999482344 ], [ -73.93935599997684, 40.627457999571732 ], [ -73.939604999498869, 40.629794999646805 ] ] ] ] } },
{ "type": "Feature", "properties": { "STATEFP": "36", "COUNTYFP": "047", "TRACTCE": "023800", "BLKGRPCE": "1", "GEOID": "360470238001", "NAMELSAD": "Block Group 1", "MTFCC": "G5030", "FUNCSTAT": "S", "ALAND": 56627.0, "AWATER": 0.0, "INTPTLAT": "+40.6291808", "INTPTLON": "-073.9892351", "Shape__Are": 98413.6601562, "Shape__Len": 1254.99474717 }, "geometry": { "type": "MultiPolygon", "coordinates": [ [ [ [ -73.99062199984202, 40.629563999557043 ], [ -73.990544000024229, 40.62965099999456 ], [ -73.990045000256927, 40.63012700002902 ], [ -73.989461999925751, 40.630686000688677 ], [ -73.987259000269063, 40.629354999923557 ], [ -73.987841999701928, 40.628796999870183 ], [ -73.988337999994485, 40.628319000251317 ], [ -73.988428000406159, 40.628230999275338 ], [ -73.989009000189228, 40.627675999900077 ], [ -73.991211999845902, 40.629005999886495 ], [ -73.99062199984202, 40.629563999557043 ] ] ] ] } },
{ "type": "Feature", "properties": { "STATEFP": "36", "COUNTYFP": "047", "TRACTCE": "023800", "BLKGRPCE": "2", "GEOID": "360470238002", "NAMELSAD": "Block Group 2", "MTFCC": "G5030", "FUNCSTAT": "S", "ALAND": 56616.0, "AWATER": 0.0, "INTPTLAT": "+40.6305106", "INTPTLON": "-073.9914376", "Shape__Are": 98398.3203125, "Shape__Len": 1254.6993373400001 }, "geometry": { "type": "MultiPolygon", "coordinates": [ [ [ [ -73.992827999871764, 40.630897999945532 ], [ -73.992246000263805, 40.631456000168328 ], [ -73.991663999757534, 40.632015999356909 ], [ -73.989461999925751, 40.630686000688677 ], [ -73.990045000256927, 40.63012700002902 ], [ -73.990544000024229, 40.62965099999456 ], [ -73.99062199984202, 40.629563999557043 ], [ -73.991211999845902, 40.629005999886495 ], [ -73.993412999852765, 40.630336000655078 ], [ -73.992827999871764, 40.630897999945532 ] ] ] ] } },
{ "type": "Feature", "properties": { "STATEFP": "36", "COUNTYFP": "047", "TRACTCE": "024000", "BLKGRPCE": "1", "GEOID": "360470240001", "NAMELSAD": "Block Group 1", "MTFCC": "G5030", "FUNCSTAT": "S", "ALAND": 37748.0, "AWATER": 0.0, "INTPTLAT": "+40.6277810", "INTPTLON": "-073.9906936", "Shape__Are": 65601.296875, "Shape__Len": 1045.2989312100001 }, "geometry": { "type": "MultiPolygon", "coordinates": [ [ [ [ -73.991793999453876, 40.628445999317087 ], [ -73.991211999845902, 40.629005999886495 ], [ -73.989009000189228, 40.627675999900077 ], [ -73.989590999797187, 40.627117000633341 ], [ -73.990174999953268, 40.626556999904849 ], [ -73.992377999609957, 40.627883999843917 ], [ -73.991793999453876, 40.628445999317087 ] ] ] ] } },
{ "type": "Feature", "properties": { "STATEFP": "36", "COUNTYFP": "047", "TRACTCE": "024000", "BLKGRPCE": "2", "GEOID": "360470240002", "NAMELSAD": "Block Group 2", "MTFCC": "G5030", "FUNCSTAT": "S", "ALAND": 78241.0, "AWATER": 0.0, "INTPTLAT": "+40.6288357", "INTPTLON": "-073.9942336", "Shape__Are": 135975.761719, "Shape__Len": 2467.4723870299999 }, "geometry": { "type": "MultiPolygon", "coordinates": [ [ [ [ -73.996779000697103, 40.630547000209283 ], [ -73.996195000540993, 40.631106000080052 ], [ -73.995616999334374, 40.631666999592248 ], [ -73.995459999873859, 40.631574999834918 ], [ -73.995676999608818, 40.630788999675254 ], [ -73.993994999460739, 40.629775999648885 ], [ -73.994578000690225, 40.62921600008243 ], [ -73.992377999609957, 40.627883999843917 ], [ -73.990174999953268, 40.626556999904849 ], [ -73.990756000634647, 40.625998000135162 ], [ -73.992960000116241, 40.627325999771344 ], [ -73.995161000123105, 40.628656000592251 ], [ -73.996115000175053, 40.629231999784579 ], [ -73.997358999756912, 40.629985999468701 ], [ -73.996779000697103, 40.630547000209283 ] ] ] ] } },
{ "type": "Feature", "properties": { "STATEFP": "36", "COUNTYFP": "047", "TRACTCE": "024000", "BLKGRPCE": "3", "GEOID": "360470240003", "NAMELSAD": "Block Group 3", "MTFCC": "G5030", "FUNCSTAT": "S", "ALAND": 53762.0, "AWATER": 0.0, "INTPTLAT": "+40.6295632", "INTPTLON": "-073.9934120", "Shape__Are": 93436.1484375, "Shape__Len": 1589.05704055 }, "geometry": { "type": "MultiPolygon", "coordinates": [ [ [ [ -73.995459999873859, 40.631574999834918 ], [ -73.993412999852765, 40.630336000655078 ], [ -73.991211999845902, 40.629005999886495 ], [ -73.991793999453876, 40.628445999317087 ], [ -73.992377999609957, 40.627883999843917 ], [ -73.994578000690225, 40.62921600008243 ], [ -73.993994999460739, 40.629775999648885 ], [ -73.995676999608818, 40.630788999675254 ], [ -73.995459999873859, 40.631574999834918 ] ] ] ] } },
{ "type": "Feature", "properties": { "STATEFP": "36", "COUNTYFP": "047", "TRACTCE": "074000", "BLKGRPCE": "2", "GEOID": "360470740002", "NAMELSAD": "Block Group 2", "MTFCC": "G5030", "FUNCSTAT": "S", "ALAND": 78538.0, "AWATER": 0.0, "INTPTLAT": "+40.6262017", "INTPTLON": "-073.9411275", "Shape__Are": 136482.066406, "Shape__Len": 1556.91263938 }, "geometry": { "type": "MultiPolygon", "coordinates": [ [ [ [ -73.943093000541936, 40.627190000344626 ], [ -73.942162000056214, 40.6272910002712 ], [ -73.941814999726574, 40.627314000334401 ], [ -73.941259000057883, 40.627339000068034 ], [ -73.940288999214076, 40.627398999935934 ], [ -73.93935599997684, 40.627457999571732 ], [ -73.939156999785212, 40.625599999745539 ], [ -73.939967999722029, 40.625546000184883 ], [ -73.93986199941682, 40.625444999664722 ], [ -73.939709000154267, 40.625302000388409 ], [ -73.939556999818294, 40.625157999911465 ], [ -73.939802999865591, 40.625127000128025 ], [ -73.940720000107618, 40.62501499933888 ], [ -73.941680999832272, 40.624906999909761 ], [ -73.942644999929954, 40.624799999842288 ], [ -73.943093000541936, 40.627190000344626 ] ] ] ] } },
{ "type": "Feature", "properties": { "STATEFP": "36", "COUNTYFP": "047", "TRACTCE": "074200", "BLKGRPCE": "1", "GEOID": "360470742001", "NAMELSAD": "Block Group 1", "MTFCC": "G5030", "FUNCSTAT": "S", "ALAND": 107273.0, "AWATER": 0.0, "INTPTLAT": "+40.6273121", "INTPTLON": "-073.9443355", "Shape__Are": 186424.042969, "Shape__Len": 2051.8073465399998 }, "geometry": { "type": "MultiPolygon", "coordinates": [ [ [ [ -73.946327000243471, 40.629277000460384 ], [ -73.945400999780603, 40.62937799995764 ], [ -73.94446799964507, 40.629479999450268 ], [ -73.944154999650607, 40.629508000179335 ], [ -73.943409000011101, 40.62955999965174 ], [ -73.943330999295, 40.62873100030324 ], [ -73.943093000541936, 40.627190000344626 ], [ -73.942644999929954, 40.624799999842288 ], [ -73.943570999494511, 40.624699000239417 ], [ -73.944496000132446, 40.624598000483807 ], [ -73.944949999693904, 40.626986999847887 ], [ -73.945876999981664, 40.626885999461543 ], [ -73.946327000243471, 40.629277000460384 ] ] ] ] } },
{ "type": "Feature", "properties": { "STATEFP": "36", "COUNTYFP": "047", "TRACTCE": "074200", "BLKGRPCE": "2", "GEOID": "360470742002", "NAMELSAD": "Block Group 2", "MTFCC": "G5030", "FUNCSTAT": "S", "ALAND": 67054.0, "AWATER": 0.0, "INTPTLAT": "+40.6264861", "INTPTLON": "-073.9459988", "Shape__Are": 116525.710938, "Shape__Len": 1850.1418708399999 }, "geometry": { "type": "MultiPolygon", "coordinates": [ [ [ [ -73.947327000326169, 40.629166000647579 ], [ -73.946327000243471, 40.629277000460384 ], [ -73.945876999981664, 40.626885999461543 ], [ -73.944949999693904, 40.626986999847887 ], [ -73.944496000132446, 40.624598000483807 ], [ -73.945425000070031, 40.624495999671069 ], [ -73.946421999779702, 40.62438500009354 ], [ -73.946875000414536, 40.626773999576827 ], [ -73.947327000326169, 40.629166000647579 ] ] ] ] } },
{ "type": "Feature", "properties": { "STATEFP": "36", "COUNTYFP": "047", "TRACTCE": "075000", "BLKGRPCE": "1", "GEOID": "360470750001", "NAMELSAD": "Block Group 1", "MTFCC": "G5030", "FUNCSTAT": "S", "ALAND": 86704.0, "AWATER": 0.0, "INTPTLAT": "+40.6277627", "INTPTLON": "-073.9489918", "Shape__Are": 150679.726562, "Shape__Len": 1559.19046359 }, "geometry": { "type": "MultiPolygon", "coordinates": [ [ [ [ -73.951105999825742, 40.6287499999167 ], [ -73.950176999888157, 40.628852000368468 ], [ -73.949252000148505, 40.628954999456816 ], [ -73.948324000035839, 40.629056999595456 ], [ -73.947327000326169, 40.629166000647579 ], [ -73.946875000414536, 40.626773999576827 ], [ -73.947873999774032, 40.626666000264933 ], [ -73.948800000236901, 40.626563999883238 ], [ -73.949724999976524, 40.626462999538987 ], [ -73.950661000485141, 40.626360999529112 ], [ -73.951105999825742, 40.6287499999167 ] ] ] ] } },
{ "type": "Feature", "properties": { "STATEFP": "36", "COUNTYFP": "047", "TRACTCE": "075200", "BLKGRPCE": "1", "GEOID": "360470752001", "NAMELSAD": "Block Group 1", "MTFCC": "G5030", "FUNCSTAT": "S", "ALAND": 173194.0, "AWATER": 0.0, "INTPTLAT": "+40.6261531", "INTPTLON": "-073.9525462", "Shape__Are": 300975.355469, "Shape__Len": 2266.8517901099999 }, "geometry": { "type": "MultiPolygon", "coordinates": [ [ [ [ -73.954885000223626, 40.628335999651753 ], [ -73.953959999585663, 40.628440000381275 ], [ -73.953030999648078, 40.628540000300667 ], [ -73.952069000098533, 40.628645999669942 ], [ -73.951105999825742, 40.6287499999167 ], [ -73.950661000485141, 40.626360999529112 ], [ -73.950202000002506, 40.623971000042175 ], [ -73.951165000275296, 40.623864999389113 ], [ -73.952126, 40.623758999931496 ], [ -73.95305200046279, 40.623658000118063 ], [ -73.953983000050201, 40.623554999678504 ], [ -73.954434999961833, 40.625945000415484 ], [ -73.954885000223626, 40.628335999651753 ] ] ] ] } },
{ "type": "Feature", "properties": { "STATEFP": "36", "COUNTYFP": "047", "TRACTCE": "076200", "BLKGRPCE": "2", "GEOID": "360470762002", "NAMELSAD": "Block Group 2", "MTFCC": "G5030", "FUNCSTAT": "S", "ALAND": 70683.0, "AWATER": 0.0, "INTPTLAT": "+40.6251225", "INTPTLON": "-073.9575609", "Shape__Are": 122825.667969, "Shape__Len": 1896.66723054 }, "geometry": { "type": "MultiPolygon", "coordinates": [ [ [ [ -73.958993999436075, 40.627885999505935 ], [ -73.958053000701241, 40.627971999913605 ], [ -73.957595000043526, 40.625598000696918 ], [ -73.956393000294455, 40.625730000503644 ], [ -73.956322999974248, 40.625359000093752 ], [ -73.955941000382822, 40.623339999573119 ], [ -73.957143000131879, 40.623207999815705 ], [ -73.958087999963013, 40.623104999364031 ], [ -73.958538000224806, 40.625494000314163 ], [ -73.958993999436075, 40.627885999505935 ] ] ] ] } },
{ "type": "Feature", "properties": { "STATEFP": "36", "COUNTYFP": "047", "TRACTCE": "076400", "BLKGRPCE": "2", "GEOID": "360470764002", "NAMELSAD": "Block Group 2", "MTFCC": "G5030", "FUNCSTAT": "S", "ALAND": 49186.0, "AWATER": 0.0, "INTPTLAT": "+40.6315899", "INTPTLON": "-073.9585987", "Shape__Are": 85488.03125, "Shape__Len": 1191.28852835 }, "geometry": { "type": "MultiPolygon", "coordinates": [ [ [ [ -73.959898000157622, 40.632667999726202 ], [ -73.958954000151408, 40.632771000427638 ], [ -73.957753000227271, 40.632903000372906 ], [ -73.957298999767502, 40.63051200035197 ], [ -73.958500000589979, 40.630380999905086 ], [ -73.959444999522788, 40.630277000153157 ], [ -73.959898000157622, 40.632667999726202 ] ] ] ] } },
{ "type": "Feature", "properties": { "STATEFP": "36", "COUNTYFP": "047", "TRACTCE": "076600", "BLKGRPCE": "1", "GEOID": "360470766001", "NAMELSAD": "Block Group 1", "MTFCC": "G5030", "FUNCSTAT": "S", "ALAND": 82578.0, "AWATER": 0.0, "INTPTLAT": "+40.6331871", "INTPTLON": "-073.9568420", "Shape__Are": 143532.859375, "Shape__Len": 1811.31103661 }, "geometry": { "type": "MultiPolygon", "coordinates": [ [ [ [ -73.958197999567872, 40.635289000367067 ], [ -73.957168000246241, 40.635405000523555 ], [ -73.956240999958482, 40.635508999787341 ], [ -73.955790999696688, 40.633118000370601 ], [ -73.955473000577683, 40.631430999930643 ], [ -73.955526000281139, 40.631429999811864 ], [ -73.955673000594217, 40.631421000105696 ], [ -73.955829999156435, 40.631396999974228 ], [ -73.955973999994796, 40.631361999880674 ], [ -73.956120000482969, 40.631311000568587 ], [ -73.956239000308656, 40.631257999611378 ], [ -73.956364999807036, 40.631185999697131 ], [ -73.956430999929282, 40.631123999576189 ], [ -73.956518999792834, 40.631011999981553 ], [ -73.956574999869332, 40.630903999342273 ], [ -73.956609999131103, 40.63079200006036 ], [ -73.956621999724987, 40.630694999812192 ], [ -73.956615999877215, 40.630590999867529 ], [ -73.957298999767502, 40.63051200035197 ], [ -73.957753000227271, 40.632903000372906 ], [ -73.958197999567872, 40.635289000367067 ] ] ] ] } },
{ "type": "Feature", "properties": { "STATEFP": "36", "COUNTYFP": "047", "TRACTCE": "077200", "BLKGRPCE": "2", "GEOID": "360470772002", "NAMELSAD": "Block Group 2", "MTFCC": "G5030", "FUNCSTAT": "S", "ALAND": 279637.0, "AWATER": 0.0, "INTPTLAT": "+40.6305802", "INTPTLON": "-073.9527256", "Shape__Are": 486012.738281, "Shape__Len": 3460.9212221500002 }, "geometry": { "type": "MultiPolygon", "coordinates": [ [ [ [ -73.957298999767502, 40.63051200035197 ], [ -73.956615999877215, 40.630590999867529 ], [ -73.956621999724987, 40.630694999812192 ], [ -73.956609999131103, 40.63079200006036 ], [ -73.956574999869332, 40.630903999342273 ], [ -73.956518999792834, 40.631011999981553 ], [ -73.956430999929282, 40.631123999576189 ], [ -73.956364999807036, 40.631185999697131 ], [ -73.956239000308656, 40.631257999611378 ], [ -73.956120000482969, 40.631311000568587 ], [ -73.955973999994796, 40.631361999880674 ], [ -73.955829999156435, 40.631396999974228 ], [ -73.955673000594217, 40.631421000105696 ], [ -73.955526000281139, 40.631429999811864 ], [ -73.955473000577683, 40.631430999930643 ], [ -73.954573999879017, 40.631552999992742 ], [ -73.954619000084847, 40.631943999578255 ], [ -73.954135999312754, 40.63199100001065 ], [ -73.952729999349202, 40.632147000004935 ], [ -73.952973999746675, 40.633428000004642 ], [ -73.952009999648979, 40.633531000215463 ], [ -73.951058999970073, 40.633634999671415 ], [ -73.950999999520533, 40.633203999494121 ], [ -73.950837999138813, 40.632354000234308 ], [ -73.949592999732062, 40.632491000155142 ], [ -73.948760999878829, 40.63202099990675 ], [ -73.948275000530344, 40.631736000008793 ], [ -73.948190999966442, 40.631687999963674 ], [ -73.948130999691983, 40.631643000230937 ], [ -73.948062999919912, 40.63156999993344 ], [ -73.948032999782683, 40.63152799979143 ], [ -73.947542999337927, 40.631581000534368 ], [ -73.947457999847416, 40.630590000417918 ], [ -73.948597999672202, 40.63046500024204 ], [ -73.950447999151478, 40.630259999883329 ], [ -73.950413999714613, 40.63007599977368 ], [ -73.950176999888157, 40.628852000368468 ], [ -73.951105999825742, 40.6287499999167 ], [ -73.952069000098533, 40.628645999669942 ], [ -73.953030999648078, 40.628540000300667 ], [ -73.953959999585663, 40.628440000381275 ], [ -73.954885000223626, 40.628335999651753 ], [ -73.95581199961309, 40.628233999775354 ], [ -73.95684699985587, 40.628119999769275 ], [ -73.957123999865317, 40.629586000054545 ], [ -73.957298999767502, 40.63051200035197 ] ] ] ] } },
{ "type": "Feature", "properties": { "STATEFP": "36", "COUNTYFP": "047", "TRACTCE": "077400", "BLKGRPCE": "2", "GEOID": "360470774002", "NAMELSAD": "Block Group 2", "MTFCC": "G5030", "FUNCSTAT": "S", "ALAND": 88087.0, "AWATER": 0.0, "INTPTLAT": "+40.6300429", "INTPTLON": "-073.9474289", "Shape__Are": 153093.414062, "Shape__Len": 1901.4889840799999 }, "geometry": { "type": "MultiPolygon", "coordinates": [ [ [ [ -73.950447999151478, 40.630259999883329 ], [ -73.948597999672202, 40.63046500024204 ], [ -73.947457999847416, 40.630590000417918 ], [ -73.947542999337927, 40.631581000534368 ], [ -73.946761999538339, 40.631671000053082 ], [ -73.946478999681119, 40.631707999532175 ], [ -73.946328000068377, 40.631565999466517 ], [ -73.945511000283773, 40.630792000060389 ], [ -73.944808000302004, 40.630127000029013 ], [ -73.944539999615074, 40.629866000236895 ], [ -73.944154999650607, 40.629508000179335 ], [ -73.94446799964507, 40.629479999450268 ], [ -73.945400999780603, 40.62937799995764 ], [ -73.946327000243471, 40.629277000460384 ], [ -73.947327000326169, 40.629166000647579 ], [ -73.948324000035839, 40.629056999595456 ], [ -73.949252000148505, 40.628954999456816 ], [ -73.950176999888157, 40.628852000368468 ], [ -73.950413999714613, 40.63007599977368 ], [ -73.950447999151478, 40.630259999883329 ] ] ] ] } },
{ "type": "Feature", "properties": { "STATEFP": "36", "COUNTYFP": "047", "TRACTCE": "077600", "BLKGRPCE": "1", "GEOID": "360470776001", "NAMELSAD": "Block Group 1", "MTFCC": "G5030", "FUNCSTAT": "S", "ALAND": 54748.0, "AWATER": 0.0, "INTPTLAT": "+40.6315862", "INTPTLON": "-073.9425888", "Shape__Are": 95153.7539062, "Shape__Len": 2084.79298879 }, "geometry": { "type": "MultiPolygon", "coordinates": [ [ [ [ -73.946478999681119, 40.631707999532175 ], [ -73.946292000083375, 40.631722999886343 ], [ -73.945616999690671, 40.631778000019963 ], [ -73.944629000201857, 40.631838000671813 ], [ -73.94366000008128, 40.631899999448059 ], [ -73.942728999595545, 40.631956999657618 ], [ -73.941757000000266, 40.632016999466877 ], [ -73.940787999879689, 40.632075999794907 ], [ -73.939853999919222, 40.632135000070726 ], [ -73.938924999981623, 40.632192999505385 ], [ -73.937997999693849, 40.632247000508748 ], [ -73.937593000536211, 40.632267999334317 ], [ -73.937915999678083, 40.63212799999453 ], [ -73.938025999282956, 40.632091000066417 ], [ -73.938828999722148, 40.631823999774589 ], [ -73.939694000085652, 40.631585000318601 ], [ -73.940866000595804, 40.63133299980877 ], [ -73.941267999380401, 40.631270000384887 ], [ -73.941671000684849, 40.631208000341985 ], [ -73.942624000013566, 40.63110199958539 ], [ -73.943573000042647, 40.630994000455239 ], [ -73.944549999660808, 40.631071999958174 ], [ -73.945511000283773, 40.630792000060389 ], [ -73.946328000068377, 40.631565999466517 ], [ -73.946478999681119, 40.631707999532175 ] ] ] ] } },
{ "type": "Feature", "properties": { "STATEFP": "36", "COUNTYFP": "047", "TRACTCE": "078000", "BLKGRPCE": "2", "GEOID": "360470780002", "NAMELSAD": "Block Group 2", "MTFCC": "G5030", "FUNCSTAT": "S", "ALAND": 83556.0, "AWATER": 0.0, "INTPTLAT": "+40.6333629", "INTPTLON": "-073.9390260", "Shape__Are": 145235.585938, "Shape__Len": 1532.8242883400001 }, "geometry": { "type": "MultiPolygon", "coordinates": [ [ [ [ -73.941038999949853, 40.634416999438045 ], [ -73.940108000362443, 40.634474999617318 ], [ -73.939171999853841, 40.634531999673861 ], [ -73.938237000068455, 40.634590999824717 ], [ -73.937266999224676, 40.634650999993895 ], [ -73.937077999977092, 40.63289799988906 ], [ -73.937036000144303, 40.632508999959626 ], [ -73.937012999679766, 40.632304000422167 ], [ -73.937593000536211, 40.632267999334317 ], [ -73.937997999693849, 40.632247000508748 ], [ -73.938924999981623, 40.632192999505385 ], [ -73.939853999919222, 40.632135000070726 ], [ -73.940787999879689, 40.632075999794907 ], [ -73.941038999949853, 40.634416999438045 ] ] ] ] } },
{ "type": "Feature", "properties": { "STATEFP": "36", "COUNTYFP": "047", "TRACTCE": "078400", "BLKGRPCE": "1", "GEOID": "360470784001", "NAMELSAD": "Block Group 1", "MTFCC": "G5030", "FUNCSTAT": "S", "ALAND": 82477.0, "AWATER": 0.0, "INTPTLAT": "+40.6354315", "INTPTLON": "-073.9430812", "Shape__Are": 143365.242188, "Shape__Len": 1526.3590767400001 }, "geometry": { "type": "MultiPolygon", "coordinates": [ [ [ [ -73.945123000844575, 40.636447999635998 ], [ -73.944154999650607, 40.636507000138728 ], [ -73.943220999690141, 40.636563999823849 ], [ -73.942249000094833, 40.636627999747233 ], [ -73.941282999449015, 40.636687000090845 ], [ -73.941038999949853, 40.634416999438045 ], [ -73.942008999895336, 40.634354999590343 ], [ -73.942978000015898, 40.63429500051857 ], [ -73.943913000699595, 40.634237000182949 ], [ -73.944881000096942, 40.63417700032344 ], [ -73.945123000844575, 40.636447999635998 ] ] ] ] } },
{ "type": "Feature", "properties": { "STATEFP": "36", "COUNTYFP": "047", "TRACTCE": "090600", "BLKGRPCE": "3", "GEOID": "360470906003", "NAMELSAD": "Block Group 3", "MTFCC": "G5030", "FUNCSTAT": "S", "ALAND": 57196.0, "AWATER": 0.0, "INTPTLAT": "+40.6720700", "INTPTLON": "-073.9092240", "Shape__Are": 99530.1210938, "Shape__Len": 1341.6373981900001 }, "geometry": { "type": "MultiPolygon", "coordinates": [ [ [ [ -73.911098999539774, 40.672183000365834 ], [ -73.910968000018514, 40.672236000167089 ], [ -73.909944999471278, 40.672660999968308 ], [ -73.909769999569093, 40.672733000110355 ], [ -73.909254999908285, 40.672947999210727 ], [ -73.90842000058035, 40.673313000500634 ], [ -73.907876999533812, 40.673567000234222 ], [ -73.907654999775971, 40.672745000240056 ], [ -73.907336999758641, 40.671505999468323 ], [ -73.908307999529029, 40.67136400026677 ], [ -73.911065999927814, 40.670955000296253 ], [ -73.911336000264555, 40.672076999955564 ], [ -73.911098999539774, 40.672183000365834 ] ] ] ] } },
{ "type": "Feature", "properties": { "STATEFP": "36", "COUNTYFP": "047", "TRACTCE": "090800", "BLKGRPCE": "1", "GEOID": "360470908001", "NAMELSAD": "Block Group 1", "MTFCC": "G5030", "FUNCSTAT": "S", "ALAND": 180788.0, "AWATER": 0.0, "INTPTLAT": "+40.6725997", "INTPTLON": "-073.9050540", "Shape__Are": 314603.53125, "Shape__Len": 2282.7690935099999 }, "geometry": { "type": "MultiPolygon", "coordinates": [ [ [ [ -73.907876999533812, 40.673567000234222 ], [ -73.907469000003118, 40.673762000145622 ], [ -73.906957000715352, 40.67398499995317 ], [ -73.90629699949298, 40.674264999883569 ], [ -73.906094999826607, 40.674352999443641 ], [ -73.905970000153133, 40.674407000401381 ], [ -73.905826000213082, 40.67446999930597 ], [ -73.90524000040719, 40.674724999552346 ], [ -73.90437299949555, 40.675109000014899 ], [ -73.903819999301575, 40.675378999941977 ], [ -73.903474999520085, 40.675506999540467 ], [ -73.903446999930992, 40.675395000160712 ], [ -73.902968000255214, 40.673438999636467 ], [ -73.902660000283618, 40.67219700029171 ], [ -73.902288999664535, 40.670936000431517 ], [ -73.902595999811211, 40.67088900016919 ], [ -73.903269000554076, 40.670792999805833 ], [ -73.904200999966406, 40.670657000360471 ], [ -73.905109999812524, 40.670528000094109 ], [ -73.906031000252511, 40.670383999739698 ], [ -73.906997999824938, 40.670240999974261 ], [ -73.907336999758641, 40.671505999468323 ], [ -73.907654999775971, 40.672745000240056 ], [ -73.907876999533812, 40.673567000234222 ] ] ] ] } },
{ "type": "Feature", "properties": { "STATEFP": "36", "COUNTYFP": "047", "TRACTCE": "091000", "BLKGRPCE": "2", "GEOID": "360470910002", "NAMELSAD": "Block Group 2", "MTFCC": "G5030", "FUNCSTAT": "S", "ALAND": 41293.0, "AWATER": 0.0, "INTPTLAT": "+40.6656241", "INTPTLON": "-073.9043844", "Shape__Are": 71841.9765625, "Shape__Len": 1086.1807832 }, "geometry": { "type": "MultiPolygon", "coordinates": [ [ [ [ -73.905970999978052, 40.66618099928094 ], [ -73.904981999766008, 40.666326999726579 ], [ -73.903190000013069, 40.66659199977957 ], [ -73.902802000573857, 40.665063000404501 ], [ -73.905577999617648, 40.664659000095284 ], [ -73.905970999978052, 40.66618099928094 ] ] ] ] } },
{ "type": "Feature", "properties": { "STATEFP": "36", "COUNTYFP": "047", "TRACTCE": "091200", "BLKGRPCE": "1", "GEOID": "360470912001", "NAMELSAD": "Block Group 1", "MTFCC": "G5030", "FUNCSTAT": "S", "ALAND": 55434.0, "AWATER": 0.0, "INTPTLAT": "+40.6666665", "INTPTLON": "-073.9080285", "Shape__Are": 96448.8671875, "Shape__Len": 1302.8054275 }, "geometry": { "type": "MultiPolygon", "coordinates": [ [ [ [ -73.910090000134559, 40.667154000441784 ], [ -73.908230999536144, 40.66742500013671 ], [ -73.90741399975154, 40.667547999401116 ], [ -73.906354999219289, 40.66770799976662 ], [ -73.905970999978052, 40.66618099928094 ], [ -73.907905000021216, 40.665892999928957 ], [ -73.909699000322291, 40.665627999824082 ], [ -73.910090000134559, 40.667154000441784 ] ] ] ] } },
{ "type": "Feature", "properties": { "STATEFP": "36", "COUNTYFP": "047", "TRACTCE": "091600", "BLKGRPCE": "3", "GEOID": "360470916003", "NAMELSAD": "Block Group 3", "MTFCC": "G5030", "FUNCSTAT": "S", "ALAND": 58679.0, "AWATER": 0.0, "INTPTLAT": "+40.6578756", "INTPTLON": "-073.9077174", "Shape__Are": 102069.160156, "Shape__Len": 1384.1977389399999 }, "geometry": { "type": "MultiPolygon", "coordinates": [ [ [ [ -73.909065999762404, 40.659338999573755 ], [ -73.908129999253802, 40.659478000070621 ], [ -73.90719100016878, 40.659619000352251 ], [ -73.906795000333645, 40.658084000227397 ], [ -73.906369000361309, 40.656411999923364 ], [ -73.907307000519722, 40.656273000534398 ], [ -73.90824500067815, 40.656133000425683 ], [ -73.908674000125245, 40.657803000097054 ], [ -73.909065999762404, 40.659338999573755 ] ] ] ] } },
{ "type": "Feature", "properties": { "STATEFP": "36", "COUNTYFP": "047", "TRACTCE": "024200", "BLKGRPCE": "1", "GEOID": "360470242001", "NAMELSAD": "Block Group 1", "MTFCC": "G5030", "FUNCSTAT": "S", "ALAND": 104434.0, "AWATER": 0.0, "INTPTLAT": "+40.6248213", "INTPTLON": "-073.9914266", "Shape__Are": 181473.632812, "Shape__Len": 2000.67378994 }, "geometry": { "type": "MultiPolygon", "coordinates": [ [ [ [ -73.994734000325849, 40.625615000108134 ], [ -73.994648999937027, 40.625697999417461 ], [ -73.994145999971792, 40.626183999603448 ], [ -73.993543000447417, 40.626769999504397 ], [ -73.991339999892432, 40.625438000250838 ], [ -73.990756000634647, 40.625998000135162 ], [ -73.989765999699358, 40.625398000079429 ], [ -73.989700000475437, 40.625359000093766 ], [ -73.989620000109497, 40.625310999555673 ], [ -73.988302000009469, 40.624513999585197 ], [ -73.988885000340659, 40.623952999981732 ], [ -73.98948800076333, 40.623369999946547 ], [ -73.990094000660733, 40.622789000091821 ], [ -73.992550000037426, 40.624273999649709 ], [ -73.99398199994026, 40.625141999915037 ], [ -73.994325000071939, 40.625343000145513 ], [ -73.994891999611269, 40.625461999796727 ], [ -73.994734000325849, 40.625615000108134 ] ] ] ] } },
{ "type": "Feature", "properties": { "STATEFP": "36", "COUNTYFP": "047", "TRACTCE": "024800", "BLKGRPCE": "2", "GEOID": "360470248002", "NAMELSAD": "Block Group 2", "MTFCC": "G5030", "FUNCSTAT": "S", "ALAND": 101563.0, "AWATER": 0.0, "INTPTLAT": "+40.6222586", "INTPTLON": "-073.9911903", "Shape__Are": 176474.746094, "Shape__Len": 1967.3290487199999 }, "geometry": { "type": "MultiPolygon", "coordinates": [ [ [ [ -73.993940999932377, 40.622935000031994 ], [ -73.9937109997786, 40.623156000170169 ], [ -73.993129999995546, 40.623714999862813 ], [ -73.992550000037426, 40.624273999649709 ], [ -73.990094000660733, 40.622789000091821 ], [ -73.987851000821081, 40.621435000089207 ], [ -73.988420000010251, 40.620871999981503 ], [ -73.988993000295693, 40.620303000234941 ], [ -73.991256000226826, 40.621671999885258 ], [ -73.991497000251258, 40.621441000336112 ], [ -73.991840000382936, 40.621111000276251 ], [ -73.994292999386573, 40.622596999890227 ], [ -73.993940999932377, 40.622935000031994 ] ] ] ] } },
{ "type": "Feature", "properties": { "STATEFP": "36", "COUNTYFP": "047", "TRACTCE": "025000", "BLKGRPCE": "1", "GEOID": "360470250001", "NAMELSAD": "Block Group 1", "MTFCC": "G5030", "FUNCSTAT": "S", "ALAND": 115315.0, "AWATER": 0.0, "INTPTLAT": "+40.6243119", "INTPTLON": "-073.9953299", "Shape__Are": 200383.71875, "Shape__Len": 1992.68732312 }, "geometry": { "type": "MultiPolygon", "coordinates": [ [ [ [ -73.997240999756144, 40.625288999695258 ], [ -73.997017000348464, 40.626061999959326 ], [ -73.996878000431309, 40.626530000175947 ], [ -73.99678800001962, 40.626826000496266 ], [ -73.995079000107339, 40.625807000497716 ], [ -73.994648999937027, 40.625697999417461 ], [ -73.994734000325849, 40.625615000108134 ], [ -73.994891999611269, 40.625461999796727 ], [ -73.994325000071939, 40.625343000145513 ], [ -73.99398199994026, 40.625141999915037 ], [ -73.992550000037426, 40.624273999649709 ], [ -73.993129999995546, 40.623714999862813 ], [ -73.9937109997786, 40.623156000170169 ], [ -73.993940999932377, 40.622935000031994 ], [ -73.994292999386573, 40.622596999890227 ], [ -73.994920000098674, 40.62199399986617 ], [ -73.997121999930442, 40.623322999582861 ], [ -73.996497999591384, 40.623922999870224 ], [ -73.997484000328711, 40.624520000237268 ], [ -73.997240999756144, 40.625288999695258 ] ] ] ] } },
{ "type": "Feature", "properties": { "STATEFP": "36", "COUNTYFP": "047", "TRACTCE": "025000", "BLKGRPCE": "2", "GEOID": "360470250002", "NAMELSAD": "Block Group 2", "MTFCC": "G5030", "FUNCSTAT": "S", "ALAND": 58191.0, "AWATER": 0.0, "INTPTLAT": "+40.6222660", "INTPTLON": "-073.9968456", "Shape__Are": 101110.042969, "Shape__Len": 1525.74984597 }, "geometry": { "type": "MultiPolygon", "coordinates": [ [ [ [ -73.997986000469041, 40.622566999851507 ], [ -73.997941000263182, 40.622832999406896 ], [ -73.997712999759244, 40.623679999833925 ], [ -73.997484000328711, 40.624520000237268 ], [ -73.996497999591384, 40.623922999870224 ], [ -73.997121999930442, 40.623322999582861 ], [ -73.994920000098674, 40.62199399986617 ], [ -73.995546000087586, 40.621392999709677 ], [ -73.996393000009405, 40.620582000190261 ], [ -73.996608999919474, 40.620704999895715 ], [ -73.996711000026721, 40.620762999711523 ], [ -73.997383999871246, 40.621146000287553 ], [ -73.998295000265514, 40.621619000141983 ], [ -73.997986000469041, 40.622566999851507 ] ] ] ] } },
{ "type": "Feature", "properties": { "STATEFP": "36", "COUNTYFP": "047", "TRACTCE": "109800", "BLKGRPCE": "2", "GEOID": "360471098002", "NAMELSAD": "Block Group 2", "MTFCC": "G5030", "FUNCSTAT": "S", "ALAND": 301102.0, "AWATER": 0.0, "INTPTLAT": "+40.6493145", "INTPTLON": "-073.9061603", "Shape__Are": 523639.648438, "Shape__Len": 4490.3983381500002 }, "geometry": { "type": "MultiPolygon", "coordinates": [ [ [ [ -73.907783999647393, 40.651333000181936 ], [ -73.906237999941737, 40.65206499980998 ], [ -73.901732000170952, 40.655280999874783 ], [ -73.899967000182173, 40.657285000157216 ], [ -73.899041000617615, 40.65737199990582 ], [ -73.899005999559208, 40.657253999616266 ], [ -73.89879200019729, 40.656520000185097 ], [ -73.898596999305298, 40.655827999366302 ], [ -73.899408999965345, 40.655683999983673 ], [ -73.900196999437625, 40.654692000107353 ], [ -73.901650999980092, 40.653752000187076 ], [ -73.904550999770777, 40.65187699988978 ], [ -73.902733999903475, 40.650244000573593 ], [ -73.900891999921811, 40.648641000068281 ], [ -73.901657999652784, 40.648141999426294 ], [ -73.902355000685105, 40.647689000234521 ], [ -73.903099999601366, 40.647200000160936 ], [ -73.903981999683282, 40.646629000031226 ], [ -73.905095999568815, 40.647607000192103 ], [ -73.905800000273828, 40.648265000170056 ], [ -73.906372000734351, 40.648778999822113 ], [ -73.907615000491305, 40.649896000522808 ], [ -73.908680999797923, 40.650716999468116 ], [ -73.907783999647393, 40.651333000181936 ] ] ] ] } },
{ "type": "Feature", "properties": { "STATEFP": "36", "COUNTYFP": "047", "TRACTCE": "003600", "BLKGRPCE": "1", "GEOID": "360470036001", "NAMELSAD": "Block Group 1", "MTFCC": "G5030", "FUNCSTAT": "S", "ALAND": 49633.0, "AWATER": 0.0, "INTPTLAT": "+40.6360587", "INTPTLON": "-074.0303524", "Shape__Are": 86276.6132812, "Shape__Len": 1178.18526294 }, "geometry": { "type": "MultiPolygon", "coordinates": [ [ [ [ -74.031826000752517, 40.635992999368653 ], [ -74.031547000194934, 40.636673000210486 ], [ -74.031404999904709, 40.637019000289861 ], [ -74.031267999637365, 40.637357000381478 ], [ -74.028658000274902, 40.636545999749188 ], [ -74.028806999339494, 40.636188999423517 ], [ -74.028941999957027, 40.635867000392956 ], [ -74.029134000475977, 40.635372999983346 ], [ -74.02935700005871, 40.634836999903136 ], [ -74.030267000628058, 40.635054000619363 ], [ -74.031130999370021, 40.635253999586794 ], [ -74.032037000639718, 40.635474999862339 ], [ -74.031826000752517, 40.635992999368653 ] ] ] ] } },
{ "type": "Feature", "properties": { "STATEFP": "36", "COUNTYFP": "047", "TRACTCE": "006600", "BLKGRPCE": "1", "GEOID": "360470066001", "NAMELSAD": "Block Group 1", "MTFCC": "G5030", "FUNCSTAT": "S", "ALAND": 57553.0, "AWATER": 0.0, "INTPTLAT": "+40.6321659", "INTPTLON": "-074.0260131", "Shape__Are": 100034.664062, "Shape__Len": 1263.73103231 }, "geometry": { "type": "MultiPolygon", "coordinates": [ [ [ [ -74.027508000404367, 40.632153999397381 ], [ -74.027229999671704, 40.63283599999432 ], [ -74.026951000012446, 40.633515999585704 ], [ -74.026038999793286, 40.633302999687679 ], [ -74.025177000701163, 40.63309599967333 ], [ -74.024238000717816, 40.632858999511164 ], [ -74.024519999851819, 40.632167000117647 ], [ -74.024791999838385, 40.631506000615488 ], [ -74.02507100039594, 40.630814000153265 ], [ -74.027790999363276, 40.631463000314994 ], [ -74.027508000404367, 40.632153999397381 ] ] ] ] } },
{ "type": "Feature", "properties": { "STATEFP": "36", "COUNTYFP": "047", "TRACTCE": "007400", "BLKGRPCE": "2", "GEOID": "360470074002", "NAMELSAD": "Block Group 2", "MTFCC": "G5030", "FUNCSTAT": "S", "ALAND": 39354.0, "AWATER": 0.0, "INTPTLAT": "+40.6407352", "INTPTLON": "-074.0167007", "Shape__Are": 68418.9882812, "Shape__Len": 1068.4239596699999 }, "geometry": { "type": "MultiPolygon", "coordinates": [ [ [ [ -74.017817000272117, 40.641424999870708 ], [ -74.017234999765847, 40.641986999889639 ], [ -74.014979999332311, 40.640626000034509 ], [ -74.015562000736892, 40.640067000113199 ], [ -74.016167000809389, 40.639483000333044 ], [ -74.0184220003446, 40.640846000272099 ], [ -74.017817000272117, 40.641424999870708 ] ] ] ] } },
{ "type": "Feature", "properties": { "STATEFP": "36", "COUNTYFP": "081", "TRACTCE": "026100", "BLKGRPCE": "3", "GEOID": "360810261003", "NAMELSAD": "Block Group 3", "MTFCC": "G5030", "FUNCSTAT": "S", "ALAND": 42180.0, "AWATER": 0.0, "INTPTLAT": "+40.7475903", "INTPTLON": "-073.8993159", "Shape__Are": 73565.0039062, "Shape__Len": 1120.32000092 }, "geometry": { "type": "MultiPolygon", "coordinates": [ [ [ [ -73.90071299982165, 40.746682000364657 ], [ -73.899691999822565, 40.748955999808949 ], [ -73.89880600044097, 40.748724000291837 ], [ -73.897916999788038, 40.748494000094837 ], [ -73.898336000087696, 40.747561000197138 ], [ -73.898615999571874, 40.746937000529925 ], [ -73.898941999985098, 40.746236999802719 ], [ -73.899825999716867, 40.746449000645235 ], [ -73.90071299982165, 40.746682000364657 ] ] ] ] } },
{ "type": "Feature", "properties": { "STATEFP": "36", "COUNTYFP": "081", "TRACTCE": "049700", "BLKGRPCE": "1", "GEOID": "360810497001", "NAMELSAD": "Block Group 1", "MTFCC": "G5030", "FUNCSTAT": "S", "ALAND": 111758.0, "AWATER": 0.0, "INTPTLAT": "+40.7324775", "INTPTLON": "-073.8898045", "Shape__Are": 194826.222656, "Shape__Len": 1832.4322746 }, "geometry": { "type": "MultiPolygon", "coordinates": [ [ [ [ -73.891446999836859, 40.73084899977443 ], [ -73.891211999660214, 40.733640999495378 ], [ -73.891194000116855, 40.73385499953352 ], [ -73.891138999865262, 40.734513000599947 ], [ -73.888566000312736, 40.734592000151792 ], [ -73.888522999756702, 40.734531000101121 ], [ -73.888443000289072, 40.733854999533555 ], [ -73.888374999618705, 40.73320500044332 ], [ -73.888306999846634, 40.732514999833121 ], [ -73.888253000318286, 40.731897000439467 ], [ -73.888177999975227, 40.73119500006672 ], [ -73.888110000203156, 40.730572000016359 ], [ -73.890555000607492, 40.730558999414491 ], [ -73.891454000407848, 40.730573000010182 ], [ -73.891446999836859, 40.73084899977443 ] ] ] ] } },
{ "type": "Feature", "properties": { "STATEFP": "36", "COUNTYFP": "081", "TRACTCE": "055700", "BLKGRPCE": "1", "GEOID": "360810557001", "NAMELSAD": "Block Group 1", "MTFCC": "G5030", "FUNCSTAT": "S", "ALAND": 59755.0, "AWATER": 0.0, "INTPTLAT": "+40.6990269", "INTPTLON": "-073.8992216", "Shape__Are": 104066.566406, "Shape__Len": 1708.6810865299999 }, "geometry": { "type": "MultiPolygon", "coordinates": [ [ [ [ -73.901219000159955, 40.697170999736052 ], [ -73.900101999901366, 40.698319000344163 ], [ -73.900813000279086, 40.698742000445257 ], [ -73.899504000399901, 40.700081999729846 ], [ -73.899116000062378, 40.700511000162578 ], [ -73.898368999699656, 40.700517999875274 ], [ -73.897982999910283, 40.70051700011097 ], [ -73.896720999886753, 40.700617000305812 ], [ -73.89806799940078, 40.699230000174701 ], [ -73.899373999805235, 40.697890000096919 ], [ -73.900503000657693, 40.696739000124744 ], [ -73.901219000159955, 40.697170999736052 ] ] ] ] } },
{ "type": "Feature", "properties": { "STATEFP": "36", "COUNTYFP": "081", "TRACTCE": "056700", "BLKGRPCE": "3", "GEOID": "360810567003", "NAMELSAD": "Block Group 3", "MTFCC": "G5030", "FUNCSTAT": "S", "ALAND": 71642.0, "AWATER": 0.0, "INTPTLAT": "+40.6961892", "INTPTLON": "-073.8943483", "Shape__Are": 124758.835938, "Shape__Len": 1613.16479873 }, "geometry": { "type": "MultiPolygon", "coordinates": [ [ [ [ -73.896771999940384, 40.696798999576146 ], [ -73.895585000259928, 40.697128000204543 ], [ -73.894632000032885, 40.69706100029321 ], [ -73.893717000338995, 40.697136999902881 ], [ -73.893354000115835, 40.697168000292336 ], [ -73.892886000310696, 40.697740000077808 ], [ -73.89259599988246, 40.696934000357658 ], [ -73.892015999924325, 40.695470000603365 ], [ -73.893001999763328, 40.69549199980586 ], [ -73.893888999868139, 40.695257999433068 ], [ -73.895789999401032, 40.694744000368459 ], [ -73.89560400052649, 40.695131999992128 ], [ -73.895878999987801, 40.69549799952523 ], [ -73.896309000158112, 40.69609400005568 ], [ -73.896771999940384, 40.696798999576146 ] ] ] ] } },
{ "type": "Feature", "properties": { "STATEFP": "36", "COUNTYFP": "081", "TRACTCE": "057700", "BLKGRPCE": "3", "GEOID": "360810577003", "NAMELSAD": "Block Group 3", "MTFCC": "G5030", "FUNCSTAT": "S", "ALAND": 59036.0, "AWATER": 0.0, "INTPTLAT": "+40.6991640", "INTPTLON": "-073.8917467", "Shape__Are": 102815.742188, "Shape__Len": 1287.1759723800001 }, "geometry": { "type": "MultiPolygon", "coordinates": [ [ [ [ -73.893249000533856, 40.700183000347124 ], [ -73.892356999507868, 40.700258000032065 ], [ -73.891436999791097, 40.700334999847776 ], [ -73.890496999982844, 40.700416000000118 ], [ -73.890198000232104, 40.698345999633915 ], [ -73.891105999354991, 40.698138000005279 ], [ -73.892001999680616, 40.69793399962073 ], [ -73.892886000310696, 40.697740000077808 ], [ -73.8930410001214, 40.698740000182255 ], [ -73.893249000533856, 40.700183000347124 ] ] ] ] } },
{ "type": "Feature", "properties": { "STATEFP": "36", "COUNTYFP": "081", "TRACTCE": "058500", "BLKGRPCE": "2", "GEOID": "360810585002", "NAMELSAD": "Block Group 2", "MTFCC": "G5030", "FUNCSTAT": "S", "ALAND": 52927.0, "AWATER": 0.0, "INTPTLAT": "+40.7044598", "INTPTLON": "-073.8992417", "Shape__Are": 92190.7148438, "Shape__Len": 1270.5078915500001 }, "geometry": { "type": "MultiPolygon", "coordinates": [ [ [ [ -73.900837999495138, 40.705517999969985 ], [ -73.899960999436075, 40.705771999555246 ], [ -73.898945999284749, 40.706018000037169 ], [ -73.898535999205933, 40.70519799989092 ], [ -73.898242999302951, 40.704608000034554 ], [ -73.897946999925281, 40.704017999718502 ], [ -73.897645999626391, 40.703414999849308 ], [ -73.899522999768138, 40.702872999808655 ], [ -73.899820000767392, 40.703475999817734 ], [ -73.900113999596954, 40.704066999879117 ], [ -73.900431999614256, 40.704712000384013 ], [ -73.900837999495138, 40.705517999969985 ] ] ] ] } },
{ "type": "Feature", "properties": { "STATEFP": "36", "COUNTYFP": "081", "TRACTCE": "062900", "BLKGRPCE": "3", "GEOID": "360810629003", "NAMELSAD": "Block Group 3", "MTFCC": "G5030", "FUNCSTAT": "S", "ALAND": 48290.0, "AWATER": 0.0, "INTPTLAT": "+40.7004651", "INTPTLON": "-073.8874679", "Shape__Are": 84101.6601562, "Shape__Len": 1266.7577665199999 }, "geometry": { "type": "MultiPolygon", "coordinates": [ [ [ [ -73.888861999690434, 40.701276000116813 ], [ -73.888352000052492, 40.701320000128305 ], [ -73.887931000102995, 40.701353999869617 ], [ -73.887400999475275, 40.701400999763855 ], [ -73.88700200016541, 40.701432000212087 ], [ -73.886484999956465, 40.701478000301428 ], [ -73.886070000753094, 40.701508000283361 ], [ -73.885841999350816, 40.699964999875284 ], [ -73.886766999988765, 40.699826000007981 ], [ -73.887712999644791, 40.699677999815719 ], [ -73.888188999845852, 40.698860000194003 ], [ -73.888451999611604, 40.699145000121696 ], [ -73.888541000198387, 40.699243999868571 ], [ -73.888618000191272, 40.699330000258477 ], [ -73.888822999332362, 40.699506000504471 ], [ -73.888726999971212, 40.699603000158803 ], [ -73.888861999690434, 40.701276000116813 ] ] ] ] } },
{ "type": "Feature", "properties": { "STATEFP": "36", "COUNTYFP": "081", "TRACTCE": "049900", "BLKGRPCE": "4", "GEOID": "360810499004", "NAMELSAD": "Block Group 4", "MTFCC": "G5030", "FUNCSTAT": "S", "ALAND": 123929.0, "AWATER": 0.0, "INTPTLAT": "+40.7324589", "INTPTLON": "-073.8865520", "Shape__Are": 216041.253906, "Shape__Len": 1963.8160750300001 }, "geometry": { "type": "MultiPolygon", "coordinates": [ [ [ [ -73.888566000312736, 40.734592000151792 ], [ -73.887701999774166, 40.734290999771709 ], [ -73.887514000351473, 40.734224999750552 ], [ -73.886891999662254, 40.734098999837784 ], [ -73.885489999896635, 40.734008999656773 ], [ -73.885266000488954, 40.734005000568636 ], [ -73.885064999749176, 40.733981999851011 ], [ -73.884837999968482, 40.733932999923418 ], [ -73.88469099965539, 40.733886000528493 ], [ -73.883810999223272, 40.73355999959719 ], [ -73.884109000047417, 40.733094999937599 ], [ -73.884521999600963, 40.7323929999515 ], [ -73.884775000219292, 40.731970999830033 ], [ -73.885222999932935, 40.731300999697851 ], [ -73.885386999964467, 40.731055000051086 ], [ -73.885595000376924, 40.730929999569369 ], [ -73.886288999239568, 40.730601999824657 ], [ -73.886522999591307, 40.730489999790571 ], [ -73.886769000536901, 40.730392000201753 ], [ -73.887026000454867, 40.730309999754134 ], [ -73.887290000045496, 40.730244999867203 ], [ -73.887559999483926, 40.730196999909893 ], [ -73.888059999974445, 40.730087000557873 ], [ -73.888110000203156, 40.730572000016359 ], [ -73.888177999975227, 40.73119500006672 ], [ -73.888253000318286, 40.731897000439467 ], [ -73.888306999846634, 40.732514999833121 ], [ -73.888374999618705, 40.73320500044332 ], [ -73.888443000289072, 40.733854999533555 ], [ -73.888522999756702, 40.734531000101121 ], [ -73.888566000312736, 40.734592000151792 ] ] ] ] } },
{ "type": "Feature", "properties": { "STATEFP": "36", "COUNTYFP": "081", "TRACTCE": "029100", "BLKGRPCE": "2", "GEOID": "360810291002", "NAMELSAD": "Block Group 2", "MTFCC": "G5030", "FUNCSTAT": "S", "ALAND": 40283.0, "AWATER": 0.0, "INTPTLAT": "+40.7498527", "INTPTLON": "-073.8939450", "Shape__Are": 70260.3164062, "Shape__Len": 1149.694651 }, "geometry": { "type": "MultiPolygon", "coordinates": [ [ [ [ -73.89489899999657, 40.750717000310217 ], [ -73.893975999906758, 40.750811000462974 ], [ -73.893047999794092, 40.750908000227966 ], [ -73.892708000035455, 40.748863000155445 ], [ -73.893606999835811, 40.748770999411668 ], [ -73.8939850001276, 40.748733999542644 ], [ -73.894539999971371, 40.748679999623299 ], [ -73.894692999233939, 40.749515999861039 ], [ -73.894720999721343, 40.749699000134108 ], [ -73.895799000520157, 40.750620000266665 ], [ -73.89489899999657, 40.750717000310217 ] ] ] ] } },
{ "type": "Feature", "properties": { "STATEFP": "36", "COUNTYFP": "081", "TRACTCE": "048302", "BLKGRPCE": "1", "GEOID": "360810483021", "NAMELSAD": "Block Group 1", "MTFCC": "G5030", "FUNCSTAT": "S", "ALAND": 134146.0, "AWATER": 0.0, "INTPTLAT": "+40.7414691", "INTPTLON": "-073.8946849", "Shape__Are": 233917.019531, "Shape__Len": 2351.81219186 }, "geometry": { "type": "MultiPolygon", "coordinates": [ [ [ [ -73.898882000608964, 40.740737999983033 ], [ -73.898736999945697, 40.740848999942365 ], [ -73.898608999899167, 40.740969000297092 ], [ -73.898131000048295, 40.741343999584856 ], [ -73.897277000453769, 40.742045999728369 ], [ -73.897344999327501, 40.74213300046631 ], [ -73.897115000072063, 40.742320999724363 ], [ -73.896453000098163, 40.742861000256589 ], [ -73.896305999785071, 40.742830000040904 ], [ -73.896138999380469, 40.742794999889767 ], [ -73.895653000031999, 40.742684000455498 ], [ -73.894692000307344, 40.742573999968812 ], [ -73.894324000061303, 40.742534999746361 ], [ -73.893765999844476, 40.742608999555571 ], [ -73.89282100001337, 40.742741000592787 ], [ -73.892178999232627, 40.742873000006867 ], [ -73.891746000485909, 40.74213800024711 ], [ -73.891337000231985, 40.741419999700106 ], [ -73.890886999970192, 40.740686999902785 ], [ -73.892351000558392, 40.740517000033641 ], [ -73.894684999736327, 40.74023300006774 ], [ -73.895837999979918, 40.740452999754147 ], [ -73.896856000504286, 40.74063700030672 ], [ -73.89752900034884, 40.740764999769432 ], [ -73.897012000139895, 40.740275999670764 ], [ -73.897444999784938, 40.740360000461187 ], [ -73.897695999855102, 40.740407999892945 ], [ -73.898683000417336, 40.740591999889347 ], [ -73.898984999642821, 40.740646000250351 ], [ -73.898882000608964, 40.740737999983033 ] ] ] ] } },
{ "type": "Feature", "properties": { "STATEFP": "36", "COUNTYFP": "081", "TRACTCE": "026501", "BLKGRPCE": "2", "GEOID": "360810265012", "NAMELSAD": "Block Group 2", "MTFCC": "G5030", "FUNCSTAT": "S", "ALAND": 68795.0, "AWATER": 0.0, "INTPTLAT": "+40.7464457", "INTPTLON": "-073.8931311", "Shape__Are": 119980.457031, "Shape__Len": 1613.5832626399999 }, "geometry": { "type": "MultiPolygon", "coordinates": [ [ [ [ -73.895277000288345, 40.748317000312888 ], [ -73.893796999806639, 40.747692000516885 ], [ -73.892409000284715, 40.747134999991871 ], [ -73.891749999785546, 40.746811999943887 ], [ -73.891684000561625, 40.746819000233366 ], [ -73.891607000568726, 40.746826999591072 ], [ -73.89143099994331, 40.746844999843802 ], [ -73.891393000308469, 40.746647999951193 ], [ -73.891381999539519, 40.746592999946039 ], [ -73.891153999933877, 40.745427999793201 ], [ -73.891109999552953, 40.745202999316831 ], [ -73.891195999766666, 40.745193000215686 ], [ -73.892005000053672, 40.745107999628217 ], [ -73.893244000510975, 40.7449810001334 ], [ -73.893444999454104, 40.744957999807774 ], [ -73.894447000084966, 40.746534999953241 ], [ -73.895658999879771, 40.748473000433677 ], [ -73.895277000288345, 40.748317000312888 ] ] ] ] } },
{ "type": "Feature", "properties": { "STATEFP": "36", "COUNTYFP": "081", "TRACTCE": "026501", "BLKGRPCE": "1", "GEOID": "360810265011", "NAMELSAD": "Block Group 1", "MTFCC": "G5030", "FUNCSTAT": "S", "ALAND": 38892.0, "AWATER": 0.0, "INTPTLAT": "+40.7441173", "INTPTLON": "-073.8919031", "Shape__Are": 67822.84375, "Shape__Len": 1074.8097292800001 }, "geometry": { "type": "MultiPolygon", "coordinates": [ [ [ [ -73.893244000510975, 40.7449810001334 ], [ -73.892005000053672, 40.745107999628217 ], [ -73.891195999766666, 40.745193000215686 ], [ -73.891109999552953, 40.745202999316831 ], [ -73.891065000245433, 40.744966000069873 ], [ -73.890715999367657, 40.743128000484298 ], [ -73.890874999376308, 40.743106000003863 ], [ -73.891601999647563, 40.742986000101546 ], [ -73.892178999232627, 40.742873000006867 ], [ -73.893444999454104, 40.744957999807774 ], [ -73.893244000510975, 40.7449810001334 ] ] ] ] } },
{ "type": "Feature", "properties": { "STATEFP": "36", "COUNTYFP": "081", "TRACTCE": "066301", "BLKGRPCE": "1", "GEOID": "360810663011", "NAMELSAD": "Block Group 1", "MTFCC": "G5030", "FUNCSTAT": "S", "ALAND": 146353.0, "AWATER": 0.0, "INTPTLAT": "+40.7230410", "INTPTLON": "-073.8754133", "Shape__Are": 255062.578125, "Shape__Len": 2597.01450927 }, "geometry": { "type": "MultiPolygon", "coordinates": [ [ [ [ -73.88092000055174, 40.721603000281021 ], [ -73.880105999343542, 40.7219740006663 ], [ -73.879305999277378, 40.722345000345307 ], [ -73.878505000284619, 40.72271600067964 ], [ -73.877674000256306, 40.72310100043299 ], [ -73.876840999679871, 40.723487000102033 ], [ -73.876039999788802, 40.723859000292798 ], [ -73.875238000072812, 40.724230000357593 ], [ -73.874438999831568, 40.724599000229595 ], [ -73.873642999963351, 40.724970000254153 ], [ -73.87338500022048, 40.725101000133961 ], [ -73.873284999763072, 40.725141999835479 ], [ -73.87316799958721, 40.72519000003512 ], [ -73.87302199999732, 40.725240999741239 ], [ -73.872827000003653, 40.725296999774038 ], [ -73.872801999889305, 40.725304000285426 ], [ -73.871352999369719, 40.723493000022813 ], [ -73.872152999435897, 40.723122000615454 ], [ -73.872954000225278, 40.722751000501688 ], [ -73.873752999568211, 40.722380000362442 ], [ -73.87416099999723, 40.722191999898797 ], [ -73.87455399945928, 40.722006999952619 ], [ -73.875448999960014, 40.721751000088041 ], [ -73.876464000111326, 40.721593999803737 ], [ -73.877594999715299, 40.721575000078104 ], [ -73.878678000536993, 40.721556999795553 ], [ -73.879734000696175, 40.721507000119836 ], [ -73.88084100001069, 40.721441000354218 ], [ -73.881307000166018, 40.721415999796662 ], [ -73.88092000055174, 40.721603000281021 ] ] ] ] } },
{ "type": "Feature", "properties": { "STATEFP": "36", "COUNTYFP": "081", "TRACTCE": "066301", "BLKGRPCE": "2", "GEOID": "360810663012", "NAMELSAD": "Block Group 2", "MTFCC": "G5030", "FUNCSTAT": "S", "ALAND": 133980.0, "AWATER": 0.0, "INTPTLAT": "+40.7220945", "INTPTLON": "-073.8721933", "Shape__Are": 233482.617188, "Shape__Len": 2900.75277805 }, "geometry": { "type": "MultiPolygon", "coordinates": [ [ [ [ -73.878213000206557, 40.719611000224461 ], [ -73.877258999256313, 40.719791999398353 ], [ -73.876305999927581, 40.719970999816404 ], [ -73.8753089993196, 40.720155999974608 ], [ -73.874319000180961, 40.720342999913804 ], [ -73.87358900043499, 40.720479000096624 ], [ -73.87416099999723, 40.722191999898797 ], [ -73.873752999568211, 40.722380000362442 ], [ -73.872954000225278, 40.722751000501688 ], [ -73.872152999435897, 40.723122000615454 ], [ -73.871352999369719, 40.723493000022813 ], [ -73.869868999588334, 40.721638000007488 ], [ -73.870667999829593, 40.721267999925551 ], [ -73.871472000093718, 40.720898999968533 ], [ -73.872272000159896, 40.720526000110247 ], [ -73.873370000151894, 40.720018000188638 ], [ -73.873874999766954, 40.719785000349759 ], [ -73.874704999970334, 40.719398000156239 ], [ -73.875536999823566, 40.719011999922941 ], [ -73.876338000612947, 40.718641999542029 ], [ -73.87714000032895, 40.718269000653684 ], [ -73.877940999321694, 40.717898000724794 ], [ -73.879167000258533, 40.719431000038817 ], [ -73.878213000206557, 40.719611000224461 ] ] ] ] } },
{ "type": "Feature", "properties": { "STATEFP": "36", "COUNTYFP": "081", "TRACTCE": "066302", "BLKGRPCE": "1", "GEOID": "360810663021", "NAMELSAD": "Block Group 1", "MTFCC": "G5030", "FUNCSTAT": "S", "ALAND": 244844.0, "AWATER": 0.0, "INTPTLAT": "+40.7201905", "INTPTLON": "-073.8803074", "Shape__Are": 426676.519531, "Shape__Len": 3307.7579852600002 }, "geometry": { "type": "MultiPolygon", "coordinates": [ [ [ [ -73.885534000277573, 40.719171999984361 ], [ -73.885473000178195, 40.719383999932901 ], [ -73.885158999460529, 40.72047999956132 ], [ -73.884834999595427, 40.720818000218976 ], [ -73.88393099977219, 40.721034000239904 ], [ -73.88288800003177, 40.721318999913706 ], [ -73.881844999393053, 40.721378999689492 ], [ -73.881307000166018, 40.721415999796662 ], [ -73.88084100001069, 40.721441000354218 ], [ -73.879734000696175, 40.721507000119836 ], [ -73.878678000536993, 40.721556999795553 ], [ -73.877594999715299, 40.721575000078104 ], [ -73.876464000111326, 40.721593999803737 ], [ -73.875448999960014, 40.721751000088041 ], [ -73.87455399945928, 40.722006999952619 ], [ -73.87416099999723, 40.722191999898797 ], [ -73.87358900043499, 40.720479000096624 ], [ -73.874319000180961, 40.720342999913804 ], [ -73.8753089993196, 40.720155999974608 ], [ -73.876305999927581, 40.719970999816404 ], [ -73.877258999256313, 40.719791999398353 ], [ -73.878213000206557, 40.719611000224461 ], [ -73.879167000258533, 40.719431000038817 ], [ -73.880122000135387, 40.719251000047279 ], [ -73.881025000133718, 40.719012999409586 ], [ -73.881830000222749, 40.718640000557492 ], [ -73.882628999565682, 40.718270999649363 ], [ -73.883420000309343, 40.71790199941924 ], [ -73.88422899969801, 40.717524000201287 ], [ -73.884738000409357, 40.718151000568341 ], [ -73.88531799946918, 40.718909000288434 ], [ -73.88539600018531, 40.719101999962241 ], [ -73.885568999539345, 40.719096999811917 ], [ -73.885534000277573, 40.719171999984361 ] ] ] ] } },
{ "type": "Feature", "properties": { "STATEFP": "36", "COUNTYFP": "081", "TRACTCE": "026502", "BLKGRPCE": "1", "GEOID": "360810265021", "NAMELSAD": "Block Group 1", "MTFCC": "G5030", "FUNCSTAT": "S", "ALAND": 69840.0, "AWATER": 0.0, "INTPTLAT": "+40.7439354", "INTPTLON": "-073.8941788", "Shape__Are": 121791.382812, "Shape__Len": 1745.30432193 }, "geometry": { "type": "MultiPolygon", "coordinates": [ [ [ [ -73.896453000098163, 40.742861000256589 ], [ -73.895772999682592, 40.743420000107783 ], [ -73.895500999696026, 40.743647000085538 ], [ -73.895425000426357, 40.743720999338159 ], [ -73.89534299951228, 40.743799999525521 ], [ -73.895304999877439, 40.743842999544938 ], [ -73.895263999869556, 40.74388199968103 ], [ -73.895192999724443, 40.743979000024972 ], [ -73.89512100065275, 40.74407399996506 ], [ -73.895009999426335, 40.744238999968381 ], [ -73.894975000164564, 40.744301000433033 ], [ -73.894894999798623, 40.744441999584097 ], [ -73.894852000140915, 40.744521999379806 ], [ -73.894813999607777, 40.744607000035622 ], [ -73.894765000102268, 40.744738999829885 ], [ -73.894719000071518, 40.744890999701525 ], [ -73.894698999980037, 40.744999000205141 ], [ -73.894679999713475, 40.74509600028118 ], [ -73.894673999865688, 40.745214000231996 ], [ -73.894668000017887, 40.745326999752201 ], [ -73.894672999142458, 40.745449000415924 ], [ -73.894704999827823, 40.745671999845747 ], [ -73.894736999614892, 40.745816000148444 ], [ -73.894812999782857, 40.746046999840949 ], [ -73.894865000559705, 40.746165999905578 ], [ -73.894919999912972, 40.746274999457697 ], [ -73.894970999966603, 40.746373999907561 ], [ -73.895024999494964, 40.746469999584335 ], [ -73.894826000201647, 40.746493000067659 ], [ -73.894733999241822, 40.746503000334513 ], [ -73.894447000084966, 40.746534999953241 ], [ -73.893444999454104, 40.744957999807774 ], [ -73.892178999232627, 40.742873000006867 ], [ -73.89282100001337, 40.742741000592787 ], [ -73.893765999844476, 40.742608999555571 ], [ -73.894324000061303, 40.742534999746361 ], [ -73.894692000307344, 40.742573999968812 ], [ -73.895653000031999, 40.742684000455498 ], [ -73.896138999380469, 40.742794999889767 ], [ -73.896305999785071, 40.742830000040904 ], [ -73.896453000098163, 40.742861000256589 ] ] ] ] } },
{ "type": "Feature", "properties": { "STATEFP": "36", "COUNTYFP": "081", "TRACTCE": "048301", "BLKGRPCE": "1", "GEOID": "360810483011", "NAMELSAD": "Block Group 1", "MTFCC": "G5030", "FUNCSTAT": "S", "ALAND": 87390.0, "AWATER": 0.0, "INTPTLAT": "+40.7420980", "INTPTLON": "-073.8896448", "Shape__Are": 152389.730469, "Shape__Len": 1575.5351056699999 }, "geometry": { "type": "MultiPolygon", "coordinates": [ [ [ [ -73.892178999232627, 40.742873000006867 ], [ -73.891601999647563, 40.742986000101546 ], [ -73.890874999376308, 40.743106000003863 ], [ -73.890715999367657, 40.743128000484298 ], [ -73.88979200035125, 40.743261000294638 ], [ -73.888870000086342, 40.743399000205606 ], [ -73.887985999456276, 40.743547999659775 ], [ -73.887510999978446, 40.741083000059199 ], [ -73.888402000281204, 40.740978000195831 ], [ -73.890277999699748, 40.740759999885427 ], [ -73.890886999970192, 40.740686999902785 ], [ -73.891337000231985, 40.741419999700106 ], [ -73.891746000485909, 40.74213800024711 ], [ -73.892178999232627, 40.742873000006867 ] ] ] ] } },
{ "type": "Feature", "properties": { "STATEFP": "36", "COUNTYFP": "081", "TRACTCE": "049900", "BLKGRPCE": "1", "GEOID": "360810499001", "NAMELSAD": "Block Group 1", "MTFCC": "G5030", "FUNCSTAT": "S", "ALAND": 30488.0, "AWATER": 0.0, "INTPTLAT": "+40.7292191", "INTPTLON": "-073.8866057", "Shape__Are": 53144.1757812, "Shape__Len": 1031.95256466 }, "geometry": { "type": "MultiPolygon", "coordinates": [ [ [ [ -73.887559999483926, 40.730196999909893 ], [ -73.887290000045496, 40.730244999867203 ], [ -73.887026000454867, 40.730309999754134 ], [ -73.886769000536901, 40.730392000201753 ], [ -73.886522999591307, 40.730489999790571 ], [ -73.886288999239568, 40.730601999824657 ], [ -73.885699999958931, 40.728726999426534 ], [ -73.885649999730205, 40.728496000171475 ], [ -73.885612000095364, 40.728342000222604 ], [ -73.885881999533794, 40.728282999944454 ], [ -73.886289999962798, 40.728179999679597 ], [ -73.886330999970681, 40.728168000001844 ], [ -73.886632000269572, 40.728079999349191 ], [ -73.886762999790804, 40.728037000032302 ], [ -73.886949000461982, 40.727979000197251 ], [ -73.887204999656674, 40.727868999901865 ], [ -73.887203999831769, 40.728010999877789 ], [ -73.887201000357038, 40.728092000404295 ], [ -73.887197999983997, 40.72818399979861 ], [ -73.887201000357038, 40.728611999570539 ], [ -73.887236000517149, 40.728933000145815 ], [ -73.887289000220576, 40.729252999839701 ], [ -73.887360999292298, 40.729571000019305 ], [ -73.887451000602283, 40.729886000028287 ], [ -73.887559999483926, 40.730196999909893 ] ] ] ] } }
]
}
