{
"type": "FeatureCollection",
"name": "NYC Subway Stops",
"crs": { "type": "name", "properties": { "name": "urn:ogc:def:crs:EPSG::3857" } },
"features": [
{ "type": "Feature", "properties": { "id": 2000393.0, "name": "G", "objectid": 753.0, "rt_symbol": "G", "url": "http://web.mta.info/nyct/service/", "Shape__Len": 981.53037397399999 }, "geometry": { "type": "MultiLineString", "coordinates": [ [ [ -8237071.83390000090003, 4965285.5801 ], [ -8237004.980599999427795, 4965374.625600002706051 ], [ -8236998.536399999633431, 4965385.289399996399879 ], [ -8236992.88880000077188, 4965395.119599997997284 ], [ -8236987.171900000423193, 4965404.875299997627735 ], [ -8236981.478399999439716, 4965414.935699999332428 ], [ -8236975.925200000405312, 4965424.894799999892712 ], [ -8236970.210699999704957, 4965434.941799998283386 ], [ -8236964.5241, 4965445.290100000798702 ], [ -8236958.9232, 4965455.629900000989437 ], [ -8236953.28969999961555, 4965466.029899999499321 ], [ -8236947.657700000330806, 4965476.724200002849102 ], [ -8236942.09180000051856, 4965487.293399997055531 ], [ -8236936.493699999526143, 4965497.923299998044968 ], [ -8236930.865299999713898, 4965508.759499996900558 ], [ -8236925.238600000739098, 4965519.740299999713898 ], [ -8236919.675599999725819, 4965530.744400002062321 ], [ -8236603.671299999579787, 4966146.644599996507168 ] ] ] } },
{ "type": "Feature", "properties": { "id": 2000394.0, "name": "G", "objectid": 754.0, "rt_symbol": "G", "url": "http://web.mta.info/nyct/service/", "Shape__Len": 1558.4568031599999 }, "geometry": { "type": "MultiLineString", "coordinates": [ [ [ -8235368.666200000792742, 4962310.183700002729893 ], [ -8235377.542400000616908, 4962293.559799998998642 ], [ -8235437.388499999418855, 4962153.966499999165535 ], [ -8235443.380300000309944, 4962107.432599999010563 ], [ -8235440.39949999935925, 4962063.899099998176098 ], [ -8235426.9507, 4962023.365599997341633 ], [ -8235391.07179999910295, 4961984.328199997544289 ], [ -8235101.038699999451637, 4961760.593099996447563 ], [ -8235057.686300000175834, 4961720.052500002086163 ], [ -8235027.7961, 4961663.003700003027916 ], [ -8235008.371600000187755, 4961610.461400002241135 ], [ -8234941.218000000342727, 4961128.615000002086163 ], [ -8234933.77280000038445, 4961017.540600001811981 ], [ -8234932.746600000187755, 4960960.005599997937679 ] ] ] } },
{ "type": "Feature", "properties": { "id": 2000469.0, "name": "Q", "objectid": 755.0, "rt_symbol": "N", "url": "http://web.mta.info/nyct/service/", "Shape__Len": 739.47332761799998 }, "geometry": { "type": "MultiLineString", "coordinates": [ [ [ -8234954.662699999287724, 4949997.755500003695488 ], [ -8235031.016100000590086, 4949966.018399998545647 ], [ -8235042.860200000926852, 4949961.765699997544289 ], [ -8235054.425899999216199, 4949957.920500002801418 ], [ -8235066.261099999770522, 4949954.300599999725819 ], [ -8235078.035399999469519, 4949951.295000001788139 ], [ -8235089.653100000694394, 4949948.668399997055531 ], [ -8235101.296499999240041, 4949946.322200000286102 ], [ -8235113.134700000286102, 4949944.413599997758865 ], [ -8235124.829600000753999, 4949942.999600000679493 ], [ -8235136.527000000700355, 4949941.899700000882149 ], [ -8235148.1217, 4949941.270199999213219 ], [ -8235159.730000000447035, 4949940.9551 ], [ -8235171.451500000432134, 4949941.11259999871254 ], [ -8235183.0713, 4949941.585799999535084 ], [ -8235194.723200000822544, 4949942.54450000077486 ], [ -8235206.615499999374151, 4949943.997100003063679 ], [ -8235430.9527000002563, 4949983.456500001251698 ], [ -8235435.1402000002563, 4949984.344200000166893 ], [ -8235440.331199999898672, 4949986.71000000089407 ], [ -8235445.435799999162555, 4949989.258199997246265 ], [ -8235450.447499999776483, 4949991.985500000417233 ], [ -8235455.360600000247359, 4949994.888599999248981 ], [ -8235460.168299999088049, 4949997.963899999856949 ], [ -8235464.865199999883771, 4950001.207500003278255 ], [ -8235469.44510000012815, 4950004.615500003099442 ], [ -8235473.902300000190735, 4950008.183700002729893 ], [ -8235478.231200000271201, 4950011.907399997115135 ], [ -8235482.426799999549985, 4950015.782200001180172 ], [ -8235486.4836, 4950019.803099997341633 ], [ -8235490.396299999207258, 4950023.965199999511242 ], [ -8235494.160499999299645, 4950028.263400003314018 ], [ -8235497.771299999207258, 4950032.692100003361702 ], [ -8235501.224099999293685, 4950037.245899997651577 ], [ -8235504.514699999243021, 4950041.919399999082088 ], [ -8235507.639000000432134, 4950046.706399999558926 ], [ -8235510.593299999833107, 4950051.601099997758865 ], [ -8235513.373700000345707, 4950056.59740000218153 ], [ -8235515.976600000634789, 4950061.689099997282028 ], [ -8235518.39919999986887, 4950066.869599997997284 ], [ -8235520.638000000268221, 4950072.133000001311302 ], [ -8235522.690600000321865, 4950077.472099997103214 ], [ -8235524.554199999198318, 4950082.880599997937679 ], [ -8235526.226299999281764, 4950088.352099999785423 ], [ -8235528.989299999549985, 4950099.455300003290176 ], [ -8235543.9715, 4950189.817199997603893 ] ] ] } },
{ "type": "Feature", "properties": { "id": 2000294.0, "name": "M", "objectid": 756.0, "rt_symbol": "B", "url": "http://web.mta.info/nyct/service/", "Shape__Len": 773.45379372100001 }, "geometry": { "type": "MultiLineString", "coordinates": [ [ [ -8229198.017799999564886, 4975873.004299998283386 ], [ -8229187.532199999317527, 4975882.386100001633167 ], [ -8229178.540300000458956, 4975895.525600001215935 ], [ -8229172.169399999082088, 4975906.789099998772144 ], [ -8229167.132999999448657, 4975916.378700003027916 ], [ -8229159.427699999883771, 4975928.9408999979496 ], [ -8229152.857599999755621, 4975940.27139999717474 ], [ -8229144.876599999144673, 4975951.941399998962879 ], [ -8229137.585999999195337, 4975963.932199999690056 ], [ -8229130.933599999174476, 4975975.541799999773502 ], [ -8228890.193399999290705, 4976384.290600001811981 ], [ -8228888.984899999573827, 4976386.364399999380112 ], [ -8228888.038499999791384, 4976388.030299998819828 ], [ -8228886.881799999624491, 4976389.973800003528595 ], [ -8228885.519200000911951, 4976392.312399998307228 ], [ -8228884.45920000039041, 4976394.270999997854233 ], [ -8228882.505400000140071, 4976397.553900003433228 ], [ -8228880.972799999639392, 4976399.914399996399879 ], [ -8228879.565600000321865, 4976402.447800002992153 ], [ -8228877.1743, 4976406.393899999558926 ], [ -8228875.5483, 4976409.035599999129772 ], [ -8228874.212200000882149, 4976411.387100003659725 ], [ -8228872.987800000235438, 4976413.3766999989748 ], [ -8228871.534099999815226, 4976415.738499999046326 ], [ -8228798.613099999725819, 4976534.49099999666214 ] ] ] } },
{ "type": "Feature", "properties": { "id": 2000296.0, "name": "M", "objectid": 757.0, "rt_symbol": "B", "url": "http://web.mta.info/nyct/service/", "Shape__Len": 959.58450961999995 }, "geometry": { "type": "MultiLineString", "coordinates": [ [ [ -8228007.26659999974072, 4976443.278200000524521 ], [ -8227517.746999999508262, 4976139.561599999666214 ], [ -8227278.130999999120831, 4975988.837399996817112 ], [ -8227190.8366, 4975939.197400003671646 ] ] ] } },
{ "type": "Feature", "properties": { "id": 2000295.0, "name": "M", "objectid": 758.0, "rt_symbol": "B", "url": "http://web.mta.info/nyct/service/", "Shape__Len": 994.13230332800003 }, "geometry": { "type": "MultiLineString", "coordinates": [ [ [ -8228798.6382, 4976534.450099997222424 ], [ -8228700.216700000688434, 4976694.018500000238419 ], [ -8228686.8147, 4976711.453199997544289 ], [ -8228672.838300000876188, 4976724.94200000166893 ], [ -8228657.918600000441074, 4976736.681599996984005 ], [ -8228642.86009999923408, 4976746.300999999046326 ], [ -8228627.431700000539422, 4976753.765299998223782 ], [ -8228611.679300000891089, 4976759.310699999332428 ], [ -8228595.4695999994874, 4976762.940099999308586 ], [ -8228578.886399999260902, 4976764.566399998962879 ], [ -8228561.448000000789762, 4976764.18469999730587 ], [ -8228543.266699999570847, 4976761.849299997091293 ], [ -8228524.262199999764562, 4976757.514600001275539 ], [ -8228504.558299999684095, 4976750.978000000119209 ], [ -8228483.995300000533462, 4976742.291000001132488 ], [ -8228462.499299999326468, 4976731.270300000905991 ], [ -8228440.118699999526143, 4976718.04450000077486 ], [ -8228174.791899999603629, 4976548.040799997746944 ], [ -8228170.92090000025928, 4976545.485799998044968 ], [ -8228166.9134, 4976542.840499997138977 ], [ -8228163.037100000306964, 4976540.281800001859665 ], [ -8228159.140599999576807, 4976537.636399999260902 ], [ -8228155.0022, 4976534.904600001871586 ], [ -8228150.7336, 4976532.086999997496605 ], [ -8228146.725999999791384, 4976529.588699996471405 ], [ -8228142.718699999153614, 4976526.943499997258186 ], [ -8228138.44539999961853, 4976524.279700003564358 ], [ -8228134.437899999320507, 4976521.781300000846386 ], [ -8228130.560499999672174, 4976519.364200003445148 ], [ -8228126.66440000012517, 4976516.865800000727177 ], [ -8228122.252299999818206, 4976514.11540000140667 ], [ -8228118.11769999936223, 4976511.689300000667572 ], [ -8228114.231799999251962, 4976509.332299999892712 ], [ -8228007.224300000816584, 4976443.251900002360344 ] ] ] } },
{ "type": "Feature", "properties": { "id": 2000239.0, "name": "G", "objectid": 759.0, "rt_symbol": "G", "url": "http://web.mta.info/nyct/service/", "Shape__Len": 983.06435073700004 }, "geometry": { "type": "MultiLineString", "coordinates": [ [ [ -8235983.645400000736117, 4966479.589100003242493 ], [ -8235877.637199999764562, 4966424.902999997138977 ], [ -8235869.197799999266863, 4966420.691500000655651 ], [ -8235860.69400000013411, 4966416.504699997603893 ], [ -8235852.301899999380112, 4966412.466700002551079 ], [ -8235843.9529, 4966408.502700001001358 ], [ -8235835.715199999511242, 4966404.538999997079372 ], [ -8235827.152499999850988, 4966400.473899997770786 ], [ -8235818.70160000026226, 4966396.609999999403954 ], [ -8235810.4638, 4966392.793099999427795 ], [ -8235801.8991, 4966388.877499997615814 ], [ -8235793.389000000432134, 4966385.136699996888638 ], [ -8235785.094799999147654, 4966381.490500003099442 ], [ -8235776.6941, 4966377.7478 ], [ -8235768.126000000163913, 4966374.131899997591972 ], [ -8235759.777100000530481, 4966370.608499996364117 ], [ -8235751.476800000295043, 4966367.105700001120567 ], [ -8235743.8531, 4966363.848800003528595 ], [ -8235736.060799999162555, 4966360.325300000607967 ], [ -8235728.156899999827147, 4966356.948899999260902 ], [ -8235720.763399999588728, 4966353.605999998748302 ], [ -8235712.971100000664592, 4966349.9358000010252 ], [ -8235705.17879999987781, 4966346.412399999797344 ], [ -8235697.386399999260902, 4966342.742399998009205 ], [ -8235689.824300000444055, 4966339.322899997234344 ], [ -8235682.310399999842048, 4966335.589100003242493 ], [ -8235674.350199999287724, 4966331.840000003576279 ], [ -8235666.896999999880791, 4966328.2787000015378 ], [ -8235659.382099999114871, 4966324.54450000077486 ], [ -8235651.8651, 4966320.808799996972084 ], [ -8235644.122899999842048, 4966316.813500002026558 ], [ -8235635.937999999150634, 4966312.804399996995926 ], [ -8235571.747899999842048, 4966282.581900000572205 ], [ -8235567.611600000411272, 4966280.536499999463558 ], [ -8235563.086400000378489, 4966278.2412 ], [ -8235558.448599999770522, 4966276.045800000429153 ], [ -8235553.80320000089705, 4966273.846500001847744 ], [ -8235549.260099999606609, 4966271.849500000476837 ], [ -8235544.815700000151992, 4966269.844300001859665 ], [ -8235540.261600000783801, 4966267.947800002992153 ], [ -8235535.699400000274181, 4966266.047799997031689 ], [ -8235531.233799999579787, 4966264.343099996447563 ], [ -8235526.865900000557303, 4966262.630500003695488 ], [ -8235522.031600000336766, 4966260.907399997115135 ], [ -8235517.54700000025332, 4966259.468900002539158 ], [ -8235513.520300000905991, 4966258.177299998700619 ], [ -8235509.223799999803305, 4966256.760799996554852 ], [ -8235505.80320000089705, 4966255.758199997246265 ], [ -8235461.822300000116229, 4966238.73309999704361 ], [ -8235449.785199999809265, 4966234.288400001823902 ], [ -8235437.354499999433756, 4966230.592000000178814 ], [ -8235424.8421, 4966227.260099999606609 ], [ -8235412.113299999386072, 4966224.567900002002716 ], [ -8235399.317099999636412, 4966222.224200002849102 ], [ -8235386.1744, 4966220.33330000191927 ], [ -8235372.828500000759959, 4966218.919100001454353 ], [ -8235359.144200000911951, 4966217.969300001859665 ], [ -8235345.288699999451637, 4966217.656999997794628 ], [ -8235331.490599999204278, 4966217.656999997794628 ], [ -8235317.37360000051558, 4966218.1184 ], [ -8235303.050100000575185, 4966218.892700001597404 ], [ -8235288.287799999117851, 4966220.29450000077486 ], [ -8235273.590700000524521, 4966222.1404 ], [ -8235258.791999999433756, 4966224.392200000584126 ], [ -8235059.178400000557303, 4966255.076999999582767 ] ] ] } },
{ "type": "Feature", "properties": { "id": 2000238.0, "name": "G", "objectid": 760.0, "rt_symbol": "G", "url": "http://web.mta.info/nyct/service/", "Shape__Len": 277.24019958500003 }, "geometry": { "type": "MultiLineString", "coordinates": [ [ [ -8235983.623500000685453, 4966480.831299997866154 ], [ -8236230.253000000491738, 4966607.464699998497963 ] ] ] } },
{ "type": "Feature", "properties": { "id": 2000277.0, "name": "S", "objectid": 761.0, "rt_symbol": "L", "url": "http://web.mta.info/nyct/service/", "Shape__Len": 841.15076425300003 }, "geometry": { "type": "MultiLineString", "coordinates": [ [ [ -8218452.637900000438094, 4951075.276399999856949 ], [ -8217921.306900000199676, 4951270.455300003290176 ], [ -8217908.989900000393391, 4951275.260799996554852 ], [ -8217897.203500000759959, 4951279.945900000631809 ], [ -8217885.403599999845028, 4951284.53320000320673 ], [ -8217873.66609999909997, 4951289.334899999201298 ], [ -8217862.345899999141693, 4951294.057499997317791 ], [ -8217851.108899999409914, 4951298.745399996638298 ], [ -8217840.03830000013113, 4951303.356700003147125 ], [ -8217829.159299999475479, 4951308.082400001585484 ], [ -8217818.344200000166893, 4951312.6809 ], [ -8217807.753799999132752, 4951317.428400002419949 ], [ -8217797.2665, 4951322.031300000846386 ], [ -8217786.957599999383092, 4951326.804700002074242 ], [ -8217776.909099999815226, 4951331.413400001823902 ], [ -8217767.066500000655651, 4951336.126199997961521 ], [ -8217757.086300000548363, 4951340.755599997937679 ], [ -8217670.834599999710917, 4951383.860600002110004 ] ] ] } },
{ "type": "Feature", "properties": { "id": 2000265.0, "name": "A", "objectid": 762.0, "rt_symbol": "A", "url": "http://web.mta.info/nyct/service/", "Shape__Len": 2349.6866874299999 }, "geometry": { "type": "MultiLineString", "coordinates": [ [ [ -8216404.299200000241399, 4952519.406300000846386 ], [ -8217097.914599999785423, 4954652.271200001239777 ], [ -8217098.805400000885129, 4954655.351700000464916 ], [ -8217099.807299999520183, 4954658.430799998342991 ], [ -8217100.747199999168515, 4954661.680399999022484 ], [ -8217101.8783, 4954664.991599999368191 ], [ -8217102.751499999314547, 4954667.674999997019768 ], [ -8217103.642100000753999, 4954670.607600003480911 ], [ -8217104.643799999728799, 4954673.686899997293949 ], [ -8217105.585799999535084, 4954676.789200000464916 ], [ -8217106.535499999299645, 4954679.569300003349781 ], [ -8217107.310599999502301, 4954682.248599998652935 ], [ -8217109.189600000157952, 4954688.436800003051758 ], [ -8217110.080299999564886, 4954691.222800001502037 ], [ -8217111.77250000089407, 4954696.7949 ], [ -8217115.0526, 4954708.028899997472763 ], [ -8217118.340600000694394, 4954719.578500002622604 ], [ -8217121.540500000119209, 4954731.206299997866154 ], [ -8217124.748800000175834, 4954742.864 ], [ -8217127.957399999722838, 4954754.814499996602535 ] ] ] } },
{ "type": "Feature", "properties": { "id": 2000278.0, "name": "S", "objectid": 763.0, "rt_symbol": "L", "url": "http://web.mta.info/nyct/service/", "Shape__Len": 956.67645028799996 }, "geometry": { "type": "MultiLineString", "coordinates": [ [ [ -8219346.853900000452995, 4950737.2804000005126 ], [ -8219168.911299999803305, 4950802.800800003111362 ], [ -8219166.214600000530481, 4950803.688299998641014 ], [ -8219164.099600000306964, 4950804.567900002002716 ], [ -8219158.448799999430776, 4950806.428000003099442 ], [ -8219156.111099999397993, 4950807.160899996757507 ], [ -8219151.658399999141693, 4950808.626599997282028 ], [ -8219149.320599999278784, 4950809.359499998390675 ], [ -8219147.0943, 4950810.092200003564358 ], [ -8219140.9079, 4950812.031800001859665 ], [ -8219138.5702, 4950812.618000000715256 ], [ -8219135.903400000184774, 4950813.454099997878075 ], [ -8219116.683800000697374, 4950818.866300001740456 ], [ -8219115.461400000378489, 4950819.245300002396107 ], [ -8219113.6426, 4950819.644299998879433 ], [ -8219110.667500000447035, 4950820.514799997210503 ], [ -8219108.775100000202656, 4950821.101000003516674 ], [ -8219105.976199999451637, 4950821.920100003480911 ], [ -8219104.083799999207258, 4950822.652999997138977 ], [ -8219100.293400000780821, 4950823.761900000274181 ], [ -8219098.1118, 4950824.560000002384186 ], [ -8219096.219200000166893, 4950825.146099999547005 ], [ -8219085.621500000357628, 4950829.022299997508526 ], [ -8218788.815199999138713, 4950937.978299997746944 ], [ -8218782.828400000929832, 4950940.252300001680851 ], [ -8218777.151200000196695, 4950942.4507 ], [ -8218771.362500000745058, 4950944.64919999986887 ], [ -8218765.612500000745058, 4950946.87610000371933 ], [ -8218760.007799999788404, 4950949.046700000762939 ], [ -8218753.969799999147654, 4950951.340000003576279 ], [ -8218747.895600000396371, 4950953.84910000115633 ], [ -8218742.329500000923872, 4950956.194399997591972 ], [ -8218736.730399999767542, 4950958.507500000298023 ], [ -8218730.974899999797344, 4950960.884999997913837 ], [ -8218725.167300000786781, 4950963.331799998879433 ], [ -8218719.490199999883771, 4950965.823700003325939 ], [ -8218713.8429000005126, 4950968.2029 ], [ -8218708.034299999475479, 4950970.803400002419949 ], [ -8218702.285199999809265, 4950973.3772 ], [ -8218666.607200000435114, 4950990.070699997246265 ], [ -8218660.310200000181794, 4950993.085500001907349 ], [ -8218654.435799999162555, 4950995.950199998915195 ], [ -8218648.786299999803305, 4950998.5675999969244 ], [ -8218642.807800000533462, 4951001.2412 ], [ -8218637.060100000351667, 4951003.954300001263618 ], [ -8218631.418800000101328, 4951006.382600001990795 ], [ -8218625.865499999374151, 4951008.913699999451637 ], [ -8218620.151699999347329, 4951011.228699997067451 ], [ -8218614.511199999600649, 4951013.753799997270107 ], [ -8218609.329800000414252, 4951015.894299998879433 ], [ -8218603.85950000025332, 4951018.054999999701977 ], [ -8218598.587099999189377, 4951020.180299997329712 ], [ -8218593.317399999126792, 4951022.162600003182888 ], [ -8218587.817700000479817, 4951024.274700000882149 ], [ -8218582.657600000500679, 4951026.298699997365475 ], [ -8218452.454, 4951075.344700001180172 ] ] ] } },
{ "type": "Feature", "properties": { "id": 2000276.0, "name": "S", "objectid": 764.0, "rt_symbol": "L", "url": "http://web.mta.info/nyct/service/", "Shape__Len": 867.57515946900003 }, "geometry": { "type": "MultiLineString", "coordinates": [ [ [ -8217670.504499999806285, 4951384.028499998152256 ], [ -8216900.506300000473857, 4951783.76519999653101 ] ] ] } },
{ "type": "Feature", "properties": { "id": 2000210.0, "name": "B-D", "objectid": 765.0, "rt_symbol": "B", "url": "http://web.mta.info/nyct/service/", "Shape__Len": 1080.64623536 }, "geometry": { "type": "MultiLineString", "coordinates": [ [ [ -8231791.882799999788404, 4985509.935699999332428 ], [ -8231491.156999999657273, 4986363.237999998033047 ], [ -8231488.981699999421835, 4986369.124799996614456 ], [ -8231486.6743, 4986374.945200003683567 ], [ -8231484.302999999374151, 4986380.785599999129772 ], [ -8231481.969100000336766, 4986386.39299999922514 ], [ -8231479.531600000336766, 4986391.994999997317791 ], [ -8231477.0175, 4986397.628700003027916 ], [ -8231474.586200000718236, 4986403.076800003647804 ], [ -8231472.105599999427795, 4986408.266699999570847 ], [ -8231469.490000000223517, 4986413.59570000320673 ], [ -8231467.027899999171495, 4986418.611400000751019 ], [ -8231464.403899999335408, 4986423.4662000015378 ], [ -8231461.784700000658631, 4986428.450099997222424 ], [ -8231459.1381, 4986433.023999996483326 ], [ -8231456.322799999266863, 4986437.888800002634525 ], [ -8231453.278100000694394, 4986442.995899997651577 ], [ -8231411.316099999472499, 4986519.741700001060963 ] ] ] } },
{ "type": "Feature", "properties": { "id": 2000211.0, "name": "B-D", "objectid": 766.0, "rt_symbol": "B", "url": "http://web.mta.info/nyct/service/", "Shape__Len": 187.378059272 }, "geometry": { "type": "MultiLineString", "coordinates": [ [ [ -8231411.076400000602007, 4986520.191799998283386 ], [ -8231403.647399999201298, 4986534.48480000346899 ], [ -8231320.861600000411272, 4986684.417499996721745 ] ] ] } },
{ "type": "Feature", "properties": { "id": 2000192.0, "name": "B-D-F-M", "objectid": 767.0, "rt_symbol": "B", "url": "http://web.mta.info/nyct/service/", "Shape__Len": 232.26117520599999 }, "geometry": { "type": "MultiLineString", "coordinates": [ [ [ -8237676.489199999719858, 4972929.346199996769428 ], [ -8237674.40819999948144, 4972933.007700003683567 ], [ -8237625.956900000572205, 4973020.939900003373623 ], [ -8237610.540300000458956, 4973048.896799996495247 ], [ -8237607.308000000193715, 4973056.385499998927116 ], [ -8237602.5833, 4973073.109700001776218 ], [ -8237598.557, 4973089.6300999969244 ], [ -8237591.591499999165535, 4973120.525499999523163 ], [ -8237590.150100000202656, 4973134.266099996864796 ], [ -8237586.917700000107288, 4973141.255300000309944 ] ] ] } },
{ "type": "Feature", "properties": { "id": 2000444.0, "name": "R", "objectid": 768.0, "rt_symbol": "N", "url": "http://web.mta.info/nyct/service/", "Shape__Len": 462.99167095000001 }, "geometry": { "type": "MultiLineString", "coordinates": [ [ [ -8235650.011399999260902, 4966961.429300002753735 ], [ -8235677.806700000539422, 4966995.946099996566772 ], [ -8235694.518400000408292, 4967011.429399996995926 ], [ -8235712.514599999412894, 4967023.590999998152256 ], [ -8235731.665400000289083, 4967030.804700002074242 ], [ -8235752.013299999758601, 4967038.018799997866154 ], [ -8235771.294299999251962, 4967040.608000002801418 ], [ -8235780.160499999299645, 4967041.67119999974966 ], [ -8235792.463500000536442, 4967042.458800002932549 ], [ -8236083.515100000426173, 4967056.855400003492832 ] ] ] } },
{ "type": "Feature", "properties": { "id": 2000448.0, "name": "N-Q-R", "objectid": 769.0, "rt_symbol": "N", "url": "http://web.mta.info/nyct/service/", "Shape__Len": 512.98351993599999 }, "geometry": { "type": "MultiLineString", "coordinates": [ [ [ -8235650.011399999260902, 4966961.429300002753735 ], [ -8235575.273399999365211, 4966750.376000002026558 ], [ -8235546.985300000756979, 4966700.312200002372265 ], [ -8235517.465600000694394, 4966655.840599998831749 ], [ -8235481.549100000411272, 4966608.897299997508526 ], [ -8235438.250600000843406, 4966562.44650000333786 ], [ -8235395.918099999427795, 4966526.402300000190735 ] ] ] } },
{ "type": "Feature", "properties": { "id": 2000447.0, "name": "N-Q", "objectid": 770.0, "rt_symbol": "N", "url": "http://web.mta.info/nyct/service/", "Shape__Len": 355.98969857999998 }, "geometry": { "type": "MultiLineString", "coordinates": [ [ [ -8235649.871400000527501, 4966961.065399996936321 ], [ -8235774.993899999186397, 4967294.341600000858307 ] ] ] } },
{ "type": "Feature", "properties": { "id": 2000470.0, "name": "N-R", "objectid": 771.0, "rt_symbol": "N", "url": "http://web.mta.info/nyct/service/", "Shape__Len": 750.24360894899996 }, "geometry": { "type": "MultiLineString", "coordinates": [ [ [ -8235296.810900000855327, 4965795.632600001990795 ], [ -8235236.814400000497699, 4965941.539700001478195 ], [ -8235233.713600000366569, 4965947.603000000119209 ], [ -8235231.115299999713898, 4965953.138099998235703 ], [ -8235228.668400000780821, 4965958.687799997627735 ], [ -8235226.450999999418855, 4965964.403499998152256 ], [ -8235224.382799999788404, 4965969.85809999704361 ], [ -8235222.63990000076592, 4965975.348700001835823 ], [ -8235220.955800000578165, 4965980.966700002551079 ], [ -8235219.643100000917912, 4965986.159699998795986 ], [ -8235218.436799999326468, 4965991.860399998724461 ], [ -8235217.3739, 4965997.212200000882149 ], [ -8235216.6074, 4966002.644799999892712 ], [ -8235215.929400000721216, 4966008.137500002980232 ], [ -8235215.545299999415874, 4966013.45610000193119 ], [ -8235215.245999999344349, 4966019.113899998366833 ], [ -8235215.170499999076128, 4966023.292099997401237 ], [ -8235251.052500000223517, 4966345.904600001871586 ], [ -8235251.85840000025928, 4966352.548199996352196 ], [ -8235252.864499999210238, 4966358.457400001585484 ], [ -8235254.164000000804663, 4966364.056500002741814 ], [ -8235255.792300000786781, 4966369.2550999969244 ], [ -8235257.846899999305606, 4966374.674099996685982 ], [ -8235260.125800000503659, 4966379.760300002992153 ], [ -8235262.808299999684095, 4966384.83049999922514 ], [ -8235265.341199999675155, 4966389.860699996352196 ], [ -8235267.754699999466538, 4966396.164800003170967 ], [ -8235272.100199999287724, 4966402.954000003635883 ], [ -8235279.343499999493361, 4966410.714000001549721 ], [ -8235291.89809999987483, 4966425.263300001621246 ], [ -8235315.557800000533462, 4966457.756099998950958 ], [ -8235332.941099999472499, 4966479.5801 ], [ -8235345.494899999350309, 4966498.978500001132488 ] ] ] } },
{ "type": "Feature", "properties": { "id": 2000307.0, "name": "F", "objectid": 772.0, "rt_symbol": "B", "url": "http://web.mta.info/nyct/service/", "Shape__Len": 1407.6432823499999 }, "geometry": { "type": "MultiLineString", "coordinates": [ [ [ -8218843.306500000879169, 4970292.228299997746944 ], [ -8218546.633500000461936, 4970099.467000000178814 ], [ -8218537.860300000756979, 4970093.911200001835823 ], [ -8218528.866699999198318, 4970088.587200000882149 ], [ -8218520.069399999454618, 4970083.37950000166893 ], [ -8218511.04869999922812, 4970078.172799997031689 ], [ -8218502.032500000670552, 4970072.968699999153614 ], [ -8218492.610600000247359, 4970067.663099996745586 ], [ -8218483.134400000795722, 4970062.542000003159046 ], [ -8218473.678300000727177, 4970057.492499999701977 ], [ -8218464.062599999830127, 4970052.418200001120567 ], [ -8218454.146999999880791, 4970047.306000001728535 ], [ -8218444.235400000587106, 4970042.345899999141693 ], [ -8218434.358799999579787, 4970037.514700002968311 ], [ -8218424.2303, 4970032.409999996423721 ], [ -8218413.783700000494719, 4970027.56360000371933 ], [ -8218403.806399999186397, 4970022.892899997532368 ], [ -8217890.992000000551343, 4969763.139399997889996 ], [ -8217874.104699999094009, 4969754.51519999653101 ], [ -8217858.08390000090003, 4969745.697300001978874 ], [ -8217843.089999999850988, 4969736.568000003695488 ], [ -8217828.679099999368191, 4969726.853900000452995 ], [ -8217815.090900000184774, 4969716.925700001418591 ], [ -8217802.282999999821186, 4969706.485500000417233 ], [ -8217790.2105, 4969695.776299998164177 ], [ -8217778.844799999147654, 4969684.599200002849102 ], [ -8217768.261, 4969673.07660000026226 ], [ -8217758.529200000688434, 4969661.184299997985363 ], [ -8217749.348099999129772, 4969648.663900002837181 ], [ -8217740.895700000226498, 4969635.881999999284744 ], [ -8217733.099899999797344, 4969622.62049999833107 ], [ -8217726.090399999171495, 4969609.022100001573563 ], [ -8217719.368899999186397, 4969594.384300000965595 ], [ -8217690.708499999716878, 4969529.903899997472763 ] ] ] } },
{ "type": "Feature", "properties": { "id": 2000305.0, "name": "F", "objectid": 773.0, "rt_symbol": "B", "url": "http://web.mta.info/nyct/service/", "Shape__Len": 940.17989204100002 }, "geometry": { "type": "MultiLineString", "coordinates": [ [ [ -8220346.624299999326468, 4971356.474799998104572 ], [ -8220001.437599999830127, 4971154.165399998426437 ], [ -8219991.098799999803305, 4971148.2346 ], [ -8219980.906899999827147, 4971142.387999996542931 ], [ -8219970.938400000333786, 4971136.606499999761581 ], [ -8219960.970000000670552, 4971130.680699996650219 ], [ -8219951.1119, 4971124.7550999969244 ], [ -8219941.254200000315905, 4971118.685599997639656 ], [ -8219931.397700000554323, 4971112.548500001430511 ], [ -8219921.598799999803305, 4971106.447200000286102 ], [ -8219911.851299999281764, 4971100.233300000429153 ], [ -8219902.10700000077486, 4971093.951099999248981 ], [ -8219892.47069999948144, 4971087.738499999046326 ], [ -8219882.9441, 4971081.381300002336502 ], [ -8219873.259400000795722, 4971074.918700002133846 ], [ -8219863.732899999246001, 4971068.561899997293949 ], [ -8219854.002399999648333, 4971061.844099998474121 ], [ -8219546.329199999570847, 4970863.503200002014637 ] ] ] } },
{ "type": "Feature", "properties": { "id": 2000473.0, "name": "N-R", "objectid": 774.0, "rt_symbol": "N", "url": "http://web.mta.info/nyct/service/", "Shape__Len": 943.87204038300001 }, "geometry": { "type": "MultiLineString", "coordinates": [ [ [ -8236859.936000000685453, 4963120.219499997794628 ], [ -8236856.252699999138713, 4963125.075400002300739 ], [ -8236852.675200000405312, 4963129.930600002408028 ], [ -8236849.212600000202656, 4963134.780699998140335 ], [ -8236845.539200000464916, 4963139.917300000786781 ], [ -8236841.982699999585748, 4963144.898699998855591 ], [ -8236838.619999999180436, 4963149.608900003135204 ], [ -8236835.169299999251962, 4963154.745300002396107 ], [ -8236831.713199999183416, 4963159.586800001561642 ], [ -8236828.471899999305606, 4963164.571900002658367 ], [ -8236824.929400000721216, 4963169.693999998271465 ], [ -8236821.7818, 4963174.396700002253056 ], [ -8236818.545099999755621, 4963179.375500001013279 ], [ -8236815.4178, 4963184.209399998188019 ], [ -8236812.089199999347329, 4963189.5050999969244 ], [ -8236808.730000000447035, 4963194.524300001561642 ], [ -8236352.376199999824166, 4963915.899400003254414 ] ] ] } },
{ "type": "Feature", "properties": { "id": 2000303.0, "name": "F-M", "objectid": 775.0, "rt_symbol": "B", "url": "http://web.mta.info/nyct/service/", "Shape__Len": 1101.1926690600001 }, "geometry": { "type": "MultiLineString", "coordinates": [ [ [ -8222246.546299999579787, 4972553.431599996984005 ], [ -8221442.3991, 4972167.213899999856949 ], [ -8221431.867000000551343, 4972161.857600003480911 ], [ -8221421.053600000217557, 4972156.469999998807907 ], [ -8221410.304700000211596, 4972150.882700003683567 ], [ -8221398.953500000759959, 4972144.8618 ], [ -8221387.519400000572205, 4972138.913800001144409 ], [ -8221375.863199999555945, 4972132.528999999165535 ], [ -8221363.833200000226498, 4972126.061800003051758 ], [ -8221351.7028, 4972119.42849999666214 ], [ -8221339.35840000025928, 4972112.447499997913837 ], [ -8221326.5439, 4972105.242399998009205 ], [ -8221313.633199999108911, 4972097.961999997496605 ], [ -8221300.459799999371171, 4972090.36599999666214 ], [ -8221286.9835, 4972082.640799999237061 ], [ -8221273.438200000673532, 4972074.648299999535084 ], [ -8221259.317399999126792, 4972066.285499997437 ] ] ] } },
{ "type": "Feature", "properties": { "id": 2000298.0, "name": "F-M", "objectid": 776.0, "rt_symbol": "B", "url": "http://web.mta.info/nyct/service/", "Shape__Len": 908.23711731000003 }, "geometry": { "type": "MultiLineString", "coordinates": [ [ [ -8226349.920499999076128, 4975466.550499998033047 ], [ -8225557.883400000631809, 4975022.059900000691414 ] ] ] } },
{ "type": "Feature", "properties": { "id": 2000299.0, "name": "E", "objectid": 777.0, "rt_symbol": "A", "url": "http://web.mta.info/nyct/service/", "Shape__Len": 1207.2788600900001 }, "geometry": { "type": "MultiLineString", "coordinates": [ [ [ -8225546.120200000703335, 4975043.181100003421307 ], [ -8224857.164000000804663, 4974655.570500001311302 ], [ -8224852.154500000178814, 4974652.778999999165535 ], [ -8224847.145199999213219, 4974649.84009999781847 ], [ -8224842.247199999168515, 4974647.04839999973774 ], [ -8224837.349099999293685, 4974644.109899997711182 ], [ -8224832.56220000050962, 4974641.318300001323223 ], [ -8224827.77559999935329, 4974638.526600003242493 ], [ -8224823.100199999287724, 4974635.734899997711182 ], [ -8224818.424699999392033, 4974632.796300001442432 ], [ -8224813.860500000417233, 4974630.004600003361702 ], [ -8224809.296499999240041, 4974627.212999999523163 ], [ -8224804.843800000846386, 4974624.421300001442432 ], [ -8224800.390900000929832, 4974621.629600003361702 ], [ -8224796.0494, 4974618.837999999523163 ], [ -8224791.708100000396371, 4974616.046400003135204 ], [ -8224787.478000000119209, 4974613.254799999296665 ], [ -8224608.698699999600649, 4974497.915299996733665 ], [ -8224600.795199999585748, 4974492.626000002026558 ], [ -8224592.8915, 4974487.483300000429153 ], [ -8224585.210400000214577, 4974482.340999998152256 ], [ -8224577.752100000157952, 4974477.198399998247623 ], [ -8224570.51630000025034, 4974472.349799998104572 ], [ -8224563.391699999570847, 4974467.50110000371933 ], [ -8224556.4901, 4974462.652699999511242 ], [ -8224549.810900000855327, 4974457.95099999755621 ], [ -8224543.354399999603629, 4974453.396300002932549 ], [ -8224537.009199999272823, 4974448.841499999165535 ], [ -8224530.886499999091029, 4974444.433600001037121 ], [ -8224524.986600000411272, 4974440.025700002908707 ], [ -8224519.3092, 4974435.765000000596046 ], [ -8224513.743200000375509, 4974431.651000000536442 ], [ -8224508.511399999260902, 4974427.537000000476837 ] ] ] } },
{ "type": "Feature", "properties": { "id": 2000300.0, "name": "E", "objectid": 778.0, "rt_symbol": "A", "url": "http://web.mta.info/nyct/service/", "Shape__Len": 983.59455229800005 }, "geometry": { "type": "MultiLineString", "coordinates": [ [ [ -8224508.511399999260902, 4974427.537000000476837 ], [ -8224500.496300000697374, 4974421.806999996304512 ], [ -8224492.592700000852346, 4974416.076700001955032 ], [ -8224484.688999999314547, 4974410.346699997782707 ], [ -8224476.785199999809265, 4974404.322499997913837 ], [ -8224468.992799999192357, 4974398.445299997925758 ], [ -8224461.200400000438094, 4974392.421400003135204 ], [ -8224453.519500000402331, 4974386.250500001013279 ], [ -8224445.727099999785423, 4974380.079700000584126 ], [ -8224438.0461, 4974373.762000001966953 ], [ -8224430.476399999111891, 4974367.443999998271465 ], [ -8224422.795199999585748, 4974360.97919999808073 ], [ -8224415.22550000064075, 4974354.514399997889996 ], [ -8224407.767000000923872, 4974348.049800001084805 ], [ -8224400.1974, 4974341.438100002706051 ], [ -8224392.739099999889731, 4974334.679399996995926 ], [ -8224219.637299999594688, 4974164.687799997627735 ], [ -8224212.401399999856949, 4974157.194600000977516 ], [ -8224205.499600000679493, 4974149.407899998128414 ], [ -8224198.820499999448657, 4974141.327100001275539 ], [ -8224192.141200000420213, 4974132.952500000596046 ], [ -8224185.684699999168515, 4974124.137000001966953 ], [ -8224179.339700000360608, 4974114.880999997258186 ], [ -8224173.105699999257922, 4974105.33110000193119 ], [ -8224167.094399999827147, 4974095.487300001084805 ], [ -8224161.194599999114871, 4974085.20269999653101 ], [ -8224155.405799999833107, 4974074.624200001358986 ], [ -8224149.728499999269843, 4974063.605400003492832 ], [ -8224144.162599999457598, 4974052.292099997401237 ], [ -8224138.819199999794364, 4974040.685500003397465 ], [ -8224133.587200000882149, 4974028.637999996542931 ], [ -8224128.355399999767542, 4974016.296599999070168 ], [ -8223974.845799999311566, 4973628.432800002396107 ] ] ] } },
{ "type": "Feature", "properties": { "id": 2000182.0, "name": "7", "objectid": 779.0, "rt_symbol": "7", "url": "http://web.mta.info/nyct/service/", "Shape__Len": 796.23033146499995 }, "geometry": { "type": "MultiLineString", "coordinates": [ [ [ -8224695.528100000694394, 4975192.322800002992153 ], [ -8223906.940700000151992, 4975302.380300000309944 ] ] ] } },
{ "type": "Feature", "properties": { "id": 2000184.0, "name": "7", "objectid": 780.0, "rt_symbol": "7", "url": "http://web.mta.info/nyct/service/", "Shape__Len": 767.30718362000005 }, "geometry": { "type": "MultiLineString", "coordinates": [ [ [ -8223118.130999999120831, 4975410.675800003111362 ], [ -8222358.152799999341369, 4975516.474899999797344 ] ] ] } },
{ "type": "Feature", "properties": { "id": 2000263.0, "name": "A", "objectid": 781.0, "rt_symbol": "A", "url": "http://web.mta.info/nyct/service/", "Shape__Len": 1212.91112376 }, "geometry": { "type": "MultiLineString", "coordinates": [ [ [ -8218751.512599999085069, 4962390.156099997460842 ], [ -8219169.739800000563264, 4963528.681199997663498 ] ] ] } },
{ "type": "Feature", "properties": { "id": 2000260.0, "name": "A", "objectid": 782.0, "rt_symbol": "A", "url": "http://web.mta.info/nyct/service/", "Shape__Len": 756.72954043599998 }, "geometry": { "type": "MultiLineString", "coordinates": [ [ [ -8218250.24070000089705, 4966129.235500000417233 ], [ -8218536.999900000169873, 4966087.396700002253056 ], [ -8218544.569499999284744, 4966086.222300000488758 ], [ -8218551.9167, 4966084.901199996471405 ], [ -8218559.152499999850988, 4966083.4331 ], [ -8218566.276900000870228, 4966081.965000003576279 ], [ -8218573.1787, 4966080.350299999117851 ], [ -8218579.857799999415874, 4966078.735399998724461 ], [ -8218586.537100000306964, 4966076.826999999582767 ], [ -8218592.99349999986589, 4966074.918600000441074 ], [ -8218599.227600000798702, 4966073.010200001299381 ], [ -8218605.461300000548363, 4966070.9551 ], [ -8218611.472699999809265, 4966068.753100000321865 ], [ -8218617.261199999600649, 4966066.404100000858307 ], [ -8218622.9386, 4966064.055200003087521 ], [ -8218628.504499999806285, 4966061.55969999730587 ], [ -8218633.847799999639392, 4966059.064099997282028 ], [ -8218958.789200000464916, 4965891.418099999427795 ] ] ] } },
{ "type": "Feature", "properties": { "id": 2000381.0, "name": "J-Z", "objectid": 783.0, "rt_symbol": "J", "url": "http://web.mta.info/nyct/service/", "Shape__Len": 990.04144414100006 }, "geometry": { "type": "MultiLineString", "coordinates": [ [ [ -8220313.2138, 4967483.876000002026558 ], [ -8220090.352099999785423, 4967487.546400003135204 ], [ -8220078.552200000733137, 4967487.986900001764297 ], [ -8220066.307099999859929, 4967488.574299998581409 ], [ -8220053.839099999517202, 4967489.455200001597404 ], [ -8220041.037599999457598, 4967490.336000002920628 ], [ -8220027.901900000870228, 4967491.510799996554852 ], [ -8220014.543500000610948, 4967492.685199998319149 ], [ -8220000.851099999621511, 4967494.153499998152256 ], [ -8219986.824899999424815, 4967495.621799997985363 ], [ -8219972.464700000360608, 4967497.383599996566772 ], [ -8219957.881799999624491, 4967499.292199999094009 ], [ -8219942.964999999850988, 4967501.347900003194809 ], [ -8219927.825500000268221, 4967503.550200000405312 ], [ -8219912.240800000727177, 4967505.899499997496605 ], [ -8219896.544800000265241, 4967508.395300000905991 ], [ -8219880.4035, 4967511.038099996745586 ], [ -8219861.813100000843406, 4967514.70889999717474 ], [ -8219843.44539999961853, 4967519.113399997353554 ], [ -8219825.411699999123812, 4967523.958599999547005 ], [ -8219807.60050000064075, 4967529.538000002503395 ], [ -8219790.123500000685453, 4967535.557599999010563 ], [ -8219772.980100000277162, 4967542.164800003170967 ], [ -8219756.059699999168515, 4967549.505900003015995 ], [ -8219739.473099999129772, 4967557.287600003182888 ], [ -8219723.108999999240041, 4967565.80349999666214 ], [ -8219707.07909999974072, 4967574.75959999859333 ], [ -8219691.271800000220537, 4967584.303300000727177 ], [ -8219675.7983, 4967594.580899998545647 ], [ -8219660.658900000154972, 4967605.299099996685982 ], [ -8219645.74210000038147, 4967616.751400001347065 ], [ -8219631.159, 4967628.497699998319149 ], [ -8219424.327600000426173, 4967812.764600001275539 ] ] ] } },
{ "type": "Feature", "properties": { "id": 2000257.0, "name": "A", "objectid": 784.0, "rt_symbol": "A", "url": "http://web.mta.info/nyct/service/", "Shape__Len": 248.65840978700001 }, "geometry": { "type": "MultiLineString", "coordinates": [ [ [ -8220018.996200000867248, 4965379.396899998188019 ], [ -8220260.114099999889731, 4965318.625500001013279 ] ] ] } },
{ "type": "Feature", "properties": { "id": 2000378.0, "name": "J-Z", "objectid": 785.0, "rt_symbol": "J", "url": "http://web.mta.info/nyct/service/", "Shape__Len": 810.35732761199995 }, "geometry": { "type": "MultiLineString", "coordinates": [ [ [ -8222852.299799999222159, 4966918.037000000476837 ], [ -8222778.6064, 4966933.159000001847744 ], [ -8222772.372500000521541, 4966934.333499997854233 ], [ -8222766.138499999418855, 4966935.654700003564358 ], [ -8222760.016000000759959, 4966936.829300001263618 ], [ -8222753.893500000238419, 4966938.150600001215935 ], [ -8222747.99349999986589, 4966939.471799999475479 ], [ -8222741.982200000435114, 4966940.646499998867512 ], [ -8222736.193600000813603, 4966941.9679000005126 ], [ -8222730.405099999159575, 4966943.142399996519089 ], [ -8222724.727700000628829, 4966944.463600002229214 ], [ -8222719.16190000064671, 4966945.784999996423721 ], [ -8222713.595799999311566, 4966946.959499999880791 ], [ -8222708.141200000420213, 4966948.280900001525879 ], [ -8222702.686499999836087, 4966949.602300003170967 ], [ -8222697.343100000172853, 4966950.776699997484684 ], [ -8222692.11119999922812, 4966952.098099999129772 ], [ -8222371.399700000882149, 4967023.450199998915195 ], [ -8222365.165699999779463, 4967024.918600000441074 ], [ -8222358.820599999278784, 4967026.239900000393391 ], [ -8222352.58669999986887, 4967027.708099998533726 ], [ -8222346.352700000628829, 4967029.029399998486042 ], [ -8222340.00760000012815, 4967030.497599996626377 ], [ -8222333.773800000548363, 4967031.818899996578693 ], [ -8222327.42850000038743, 4967033.140299998223782 ], [ -8222321.194700000807643, 4967034.314599998295307 ], [ -8222314.849300000816584, 4967035.636100001633167 ], [ -8222308.504200000315905, 4967036.957299999892712 ], [ -8222302.270500000566244, 4967038.131999999284744 ], [ -8222295.925100000575185, 4967039.306599996984005 ], [ -8222289.579900000244379, 4967040.481200002133846 ], [ -8222283.2347, 4967041.655500002205372 ], [ -8222276.889499999582767, 4967042.829899996519089 ], [ -8222058.703299999237061, 4967081.14919999986887 ] ] ] } },
{ "type": "Feature", "properties": { "id": 2000373.0, "name": "J-Z", "objectid": 802.0, "rt_symbol": "J", "url": "http://web.mta.info/nyct/service/", "Shape__Len": 837.07915818100003 }, "geometry": { "type": "MultiLineString", "coordinates": [ [ [ -8225585.082100000232458, 4964965.601099997758865 ], [ -8225394.614299999549985, 4965003.32490000128746 ], [ -8225391.942700000479817, 4965003.7654 ], [ -8225389.382500000298023, 4965004.352600000798702 ], [ -8225386.599500000476837, 4965004.79280000180006 ], [ -8225383.816299999132752, 4965005.526799999177456 ], [ -8225381.033500000834465, 4965006.260600000619888 ], [ -8225378.1392, 4965006.994699999690056 ], [ -8225375.133400000631809, 4965007.875500001013279 ], [ -8225372.239099999889731, 4965008.755999997258186 ], [ -8225369.122199999168515, 4965009.783500000834465 ], [ -8225366.005200000479817, 4965010.811099998652935 ], [ -8225362.888299999758601, 4965011.985299997031689 ], [ -8225359.6601, 4965013.159699998795986 ], [ -8225356.431900000199676, 4965014.333999998867512 ], [ -8225353.092299999669194, 4965015.655000001192093 ], [ -8225349.752800000831485, 4965017.122699998319149 ], [ -8224800.390900000929832, 4965247.872699998319149 ] ] ] } },
{ "type": "Feature", "properties": { "id": 2000253.0, "name": "A", "objectid": 803.0, "rt_symbol": "A", "url": "http://web.mta.info/nyct/service/", "Shape__Len": 840.75942204099999 }, "geometry": { "type": "MultiLineString", "coordinates": [ [ [ -8222619.753499999642372, 4964821.752899996936321 ], [ -8222696.786599999293685, 4964750.41669999808073 ], [ -8222702.6864, 4964745.132399998605251 ], [ -8222708.8092, 4964739.995200000703335 ], [ -8222714.931600000709295, 4964735.151299998164177 ], [ -8222721.165500000119209, 4964730.454199999570847 ], [ -8222727.510700000450015, 4964726.050800003111362 ], [ -8222733.967399999499321, 4964721.794100001454353 ], [ -8222740.424000000581145, 4964717.684399999678135 ], [ -8222747.103000000119209, 4964713.868100002408028 ], [ -8222753.7820999994874, 4964710.1985 ], [ -8222760.684000000357628, 4964706.822700001299381 ], [ -8222767.585899999365211, 4964703.593299999833107 ], [ -8222774.598899999633431, 4964700.510899998247623 ], [ -8222781.723300000652671, 4964697.722199998795986 ], [ -8222788.95920000039041, 4964695.079899996519089 ], [ -8222796.306199999526143, 4964692.878300003707409 ], [ -8223405.223899999633431, 4964577.06870000064373 ] ] ] } },
{ "type": "Feature", "properties": { "id": 2000390.0, "name": "M", "objectid": 786.0, "rt_symbol": "B", "url": "http://web.mta.info/nyct/service/", "Shape__Len": 1117.8830743599999 }, "geometry": { "type": "MultiLineString", "coordinates": [ [ [ -8226051.39949999935925, 4969100.235200002789497 ], [ -8225761.412200000137091, 4969195.245700001716614 ], [ -8225751.170700000599027, 4969199.063799999654293 ], [ -8225741.04079999960959, 4969203.322400003671646 ], [ -8225731.2445, 4969207.874799996614456 ], [ -8225721.6711, 4969212.720899999141693 ], [ -8225712.3202, 4969218.007399998605251 ], [ -8225703.303400000557303, 4969223.587499998509884 ], [ -8225694.397700000554323, 4969229.608300000429153 ], [ -8225685.7149, 4969235.923000000417233 ], [ -8225677.36600000038743, 4969242.531099997460842 ], [ -8225669.239700000733137, 4969249.579999998211861 ], [ -8225661.335899999365211, 4969257.0691 ], [ -8225653.654799999669194, 4969264.705399997532368 ], [ -8225646.19649999961257, 4969272.7820999994874 ], [ -8225638.960699999704957, 4969281.2993 ], [ -8225631.947499999776483, 4969290.110299997031689 ], [ -8225435.5801, 4969571.331900000572205 ], [ -8225432.685699999332428, 4969576.178199999034405 ], [ -8225430.01410000026226, 4969581.024499997496605 ], [ -8225427.342399999499321, 4969585.870700001716614 ], [ -8225424.893300000578165, 4969590.86370000243187 ], [ -8225422.555600000545382, 4969595.709799997508526 ], [ -8225420.32909999974072, 4969600.7029 ], [ -8225418.325400000438094, 4969605.549199998378754 ], [ -8225416.321699999272823, 4969610.542300000786781 ], [ -8225414.5406, 4969615.535199999809265 ], [ -8225412.870799999684095, 4969620.528399996459484 ], [ -8225411.312400000169873, 4969625.52139999717474 ], [ -8225409.976399999111891, 4969630.514399997889996 ], [ -8225408.640699999406934, 4969635.507500000298023 ], [ -8225407.527499999850988, 4969640.64750000089407 ], [ -8225406.414200000464916, 4969645.640600003302097 ], [ -8225396.284199999645352, 4969694.543499998748302 ], [ -8225395.8388, 4969696.305699996650219 ], [ -8225395.504799999296665, 4969698.068099997937679 ], [ -8225395.1711, 4969699.683600001037121 ], [ -8225394.7259, 4969701.445799998939037 ], [ -8225394.391799999400973, 4969703.207900002598763 ], [ -8225394.057700000703335, 4969704.970200002193451 ], [ -8225393.723899999633431, 4969706.732600003480911 ], [ -8225393.50139999948442, 4969708.494800001382828 ], [ -8225393.167300000786781, 4969710.256999999284744 ], [ -8225392.833200000226498, 4969712.019500002264977 ], [ -8225392.6107, 4969713.781599998474121 ], [ -8225392.276599999517202, 4969715.543999999761581 ], [ -8225392.054099999368191, 4969717.453100003302097 ], [ -8225391.831399999558926, 4969719.215400002896786 ], [ -8225391.608899999409914, 4969720.977700002491474 ], [ -8225391.386, 4969722.739900000393391 ], [ -8225391.163599999621511, 4969724.5022 ], [ -8225390.940700000151992, 4969726.264499999582767 ], [ -8225390.718299999833107, 4969727.879799999296665 ], [ -8225390.495699999853969, 4969729.642300002276897 ], [ -8225390.161699999123812, 4969731.404399998486042 ], [ -8225389.938999999314547, 4969733.166799999773502 ], [ -8225389.716399999335408, 4969734.928900003433228 ], [ -8225389.382400000467896, 4969736.691399998962879 ], [ -8225389.159600000828505, 4969738.453500002622604 ], [ -8225388.937100000679493, 4969740.215999998152256 ], [ -8225388.603199999779463, 4969741.831500001251698 ], [ -8225388.269099999219179, 4969743.593699999153614 ], [ -8225388.046599999070168, 4969745.355899997055531 ], [ -8225387.712799999862909, 4969747.118199996650219 ], [ -8225386.487999999895692, 4969752.992399998009205 ], [ -8225385.152100000530481, 4969759.160300001502037 ], [ -8225383.7051, 4969765.622100003063679 ], [ -8225382.035399999469519, 4969772.377499997615814 ], [ -8225380.254300000146031, 4969779.426700003445148 ], [ -8225378.250399999320507, 4969786.769400000572205 ], [ -8225376.024000000208616, 4969794.259199999272823 ], [ -8225373.6864, 4969802.189499996602535 ], [ -8225371.237299999222159, 4969810.413699999451637 ], [ -8225368.565600000321865, 4969818.784699998795986 ], [ -8225365.671299999579787, 4969827.595899999141693 ], [ -8225362.66579999960959, 4969836.701300002634525 ], [ -8225359.54869999922812, 4969845.953199997544289 ], [ -8225356.209100000560284, 4969855.64580000191927 ], [ -8225352.758199999108911, 4969865.33839999884367 ] ] ] } },
{ "type": "Feature", "properties": { "id": 2000180.0, "name": "7", "objectid": 787.0, "rt_symbol": "7", "url": "http://web.mta.info/nyct/service/", "Shape__Len": 562.86980862999997 }, "geometry": { "type": "MultiLineString", "coordinates": [ [ [ -8226109.953500000759959, 4974996.308600001037121 ], [ -8225552.354299999773502, 4975073.156199999153614 ] ] ] } },
{ "type": "Feature", "properties": { "id": 2000298.0, "name": "E", "objectid": 788.0, "rt_symbol": "A", "url": "http://web.mta.info/nyct/service/", "Shape__Len": 908.23910431499996 }, "geometry": { "type": "MultiLineString", "coordinates": [ [ [ -8226338.158399999141693, 4975487.673799999058247 ], [ -8225546.120200000703335, 4975043.181100003421307 ] ] ] } },
{ "type": "Feature", "properties": { "id": 2000302.0, "name": "E", "objectid": 789.0, "rt_symbol": "A", "url": "http://web.mta.info/nyct/service/", "Shape__Len": 977.23110537000002 }, "geometry": { "type": "MultiLineString", "coordinates": [ [ [ -8223084.957699999213219, 4973054.158600002527237 ], [ -8223066.3673, 4973044.609700001776218 ], [ -8223048.1108, 4973034.913800001144409 ], [ -8223030.188500000163913, 4973025.218099996447563 ], [ -8223012.599899999797344, 4973015.375299997627735 ], [ -8222995.456900000572205, 4973005.38570000231266 ], [ -8222978.647399999201298, 4972995.396099999547005 ], [ -8222962.283500000834465, 4972985.406499996781349 ], [ -8222946.364800000563264, 4972975.123199999332428 ], [ -8222930.668800000101328, 4972964.986599996685982 ], [ -8222915.52930000051856, 4972954.703199997544289 ], [ -8222900.612600000575185, 4972944.273000001907349 ], [ -8222886.252299999818206, 4972933.842799998819828 ], [ -8222872.114700000733137, 4972923.265699997544289 ], [ -8222858.42259999923408, 4972912.688500002026558 ], [ -8222844.9529, 4972901.964699998497963 ], [ -8222830.7039, 4972890.359099999070168 ], [ -8222815.898499999195337, 4972879.047600001096725 ], [ -8222800.75899999961257, 4972867.882799997925758 ], [ -8222785.062899999320507, 4972856.865099996328354 ], [ -8222768.921700000762939, 4972845.847300000488758 ], [ -8222752.334899999201298, 4972834.976499997079372 ], [ -8222735.191800000146031, 4972824.252499997615814 ], [ -8222717.714600000530481, 4972813.675700001418591 ], [ -8222699.680800000205636, 4972803.098399996757507 ], [ -8222681.201899999752641, 4972792.815399996936321 ], [ -8222662.166300000622869, 4972782.532300002872944 ], [ -8222642.796800000593066, 4972772.249099999666214 ], [ -8222622.8706, 4972762.259499996900558 ], [ -8222602.498999999836087, 4972752.270300000905991 ], [ -8222581.904999999329448, 4972742.57490000128746 ], [ -8222236.146600000560284, 4972575.254900000989437 ] ] ] } },
{ "type": "Feature", "properties": { "id": 2000524.0, "name": "L", "objectid": 790.0, "rt_symbol": "L", "url": "http://web.mta.info/nyct/service/", "Shape__Len": 961.64845217300001 }, "geometry": { "type": "MultiLineString", "coordinates": [ [ [ -8227800.1173, 4968164.57039999961853 ], [ -8228125.949500000104308, 4968402.148999996483326 ], [ -8228136.747400000691414, 4968409.931400001049042 ], [ -8228147.545499999076128, 4968417.713699996471405 ], [ -8228158.232100000604987, 4968425.642899997532368 ], [ -8228169.030099999159575, 4968433.57209999859333 ], [ -8228179.8279, 4968441.501400001347065 ], [ -8228190.514799999073148, 4968449.724399998784065 ], [ -8228201.312699999660254, 4968457.800300002098083 ], [ -8228211.999299999326468, 4968466.023299999535084 ], [ -8228222.797399999573827, 4968474.392899997532368 ], [ -8228233.484200000762939, 4968482.615699999034405 ], [ -8228244.281999999657273, 4968491.132500000298023 ], [ -8228254.968800000846386, 4968499.648999996483326 ], [ -8228265.6554000005126, 4968508.165600001811981 ], [ -8228276.453299999237061, 4968516.829099997878075 ], [ -8228287.251499999314547, 4968525.492499999701977 ], [ -8228561.43129999935627, 4968751.479699999094009 ] ] ] } },
{ "type": "Feature", "properties": { "id": 2000386.0, "name": "M", "objectid": 791.0, "rt_symbol": "B", "url": "http://web.mta.info/nyct/service/", "Shape__Len": 823.24574578399995 }, "geometry": { "type": "MultiLineString", "coordinates": [ [ [ -8228704.58809999935329, 4967995.713799998164177 ], [ -8227889.061599999666214, 4968108.18639999628067 ] ] ] } },
{ "type": "Feature", "properties": { "id": 2000523.0, "name": "L", "objectid": 792.0, "rt_symbol": "L", "url": "http://web.mta.info/nyct/service/", "Shape__Len": 646.66561442299997 }, "geometry": { "type": "MultiLineString", "coordinates": [ [ [ -8228561.43129999935627, 4968751.479699999094009 ], [ -8229061.033099999651313, 4969162.057899996638298 ] ] ] } },
{ "type": "Feature", "properties": { "id": 2000389.0, "name": "M", "objectid": 793.0, "rt_symbol": "B", "url": "http://web.mta.info/nyct/service/", "Shape__Len": 842.27388852399997 }, "geometry": { "type": "MultiLineString", "coordinates": [ [ [ -8226852.899599999189377, 4968841.34740000218153 ], [ -8226051.39949999935925, 4969100.235200002789497 ] ] ] } },
{ "type": "Feature", "properties": { "id": 2000249.0, "name": "A-C", "objectid": 794.0, "rt_symbol": "A", "url": "http://web.mta.info/nyct/service/", "Shape__Len": 1329.10570605 }, "geometry": { "type": "MultiLineString", "coordinates": [ [ [ -8226126.094799999147654, 4964454.508900001645088 ], [ -8226186.207399999722838, 4964764.361100003123283 ], [ -8226194.445000000298023, 4964790.92849999666214 ], [ -8226204.79759999923408, 4964815.441200003027916 ], [ -8226217.0428, 4964838.192500002682209 ], [ -8226231.180400000885129, 4964859.182599999010563 ], [ -8226247.321599999442697, 4964878.411200001835823 ], [ -8226265.355399999767542, 4964895.878499999642372 ], [ -8226285.39299999922514, 4964911.731299996376038 ], [ -8226307.323000000789762, 4964925.675700001418591 ], [ -8226331.145400000736117, 4964938.005699999630451 ], [ -8226356.86009999923408, 4964948.574000000953674 ], [ -8226384.578600000590086, 4964957.527900002896786 ], [ -8226414.078400000929832, 4964964.573600001633167 ], [ -8226445.693, 4964970.004699997603893 ], [ -8226479.088899999856949, 4964973.674500003457069 ], [ -8226514.043299999088049, 4964975.729400001466274 ], [ -8226559.795399999246001, 4964978.518200002610683 ], [ -8226565.361500000581145, 4964978.811899997293949 ], [ -8226570.816299999132752, 4964979.2522 ], [ -8226576.382200000807643, 4964979.692400000989437 ], [ -8226581.725600000470877, 4964980.13289999961853 ], [ -8226587.180299999192357, 4964980.573299996554852 ], [ -8226592.523700000718236, 4964981.160300001502037 ], [ -8226597.7555, 4964981.747500002384186 ], [ -8226603.098899999633431, 4964982.334700003266335 ], [ -8226608.219499999657273, 4964982.921999998390675 ], [ -8226613.451500000432134, 4964983.655699998140335 ], [ -8226618.572200000286102, 4964984.389499999582767 ], [ -8226623.581599999219179, 4964985.123700000345707 ], [ -8226628.702199999243021, 4964985.857600003480911 ], [ -8226633.711799999698997, 4964986.738200001418591 ], [ -8226638.609899999573827, 4964987.61879999935627 ], [ -8226801.915500000119209, 4965015.067800000309944 ], [ -8226807.370100000873208, 4965015.655100002884865 ], [ -8226812.824699999764562, 4965016.24210000038147 ], [ -8226818.390599999576807, 4965016.829300001263618 ], [ -8226823.845300000160933, 4965017.26969999819994 ], [ -8226829.411299999803305, 4965017.709899999201298 ], [ -8226834.865900000557303, 4965018.1503000035882 ], [ -8226840.431900000199676, 4965018.443999998271465 ], [ -8226845.997899999842048, 4965018.737499997019768 ], [ -8226851.563799999654293, 4965019.031099997460842 ], [ -8226857.129899999126792, 4965019.177699998021126 ], [ -8226862.695900000631809, 4965019.324600003659725 ], [ -8226868.261800000444055, 4965019.324600003659725 ], [ -8226873.939300000667572, 4965019.471400000154972 ], [ -8226879.505000000819564, 4965019.324799999594688 ], [ -8226885.182299999520183, 4965019.324600003659725 ], [ -8227102.144099999219179, 4965011.104500003159046 ] ] ] } },
{ "type": "Feature", "properties": { "id": 2000529.0, "name": "L", "objectid": 795.0, "rt_symbol": "L", "url": "http://web.mta.info/nyct/service/", "Shape__Len": 523.27071970099996 }, "geometry": { "type": "MultiLineString", "coordinates": [ [ [ -8226855.126000000163913, 4964572.371899999678135 ], [ -8226833.864, 4964678.347000002861023 ], [ -8226833.307600000873208, 4964680.989200003445148 ], [ -8226832.862199999392033, 4964683.484300002455711 ], [ -8226832.416799999773502, 4964686.126500003039837 ], [ -8226831.971599999815226, 4964688.768399998545647 ], [ -8226831.637700000777841, 4964691.410599999129772 ], [ -8226831.192399999126792, 4964693.905699998140335 ], [ -8226830.8585, 4964696.547799997031689 ], [ -8226830.635700000450015, 4964699.189900003373623 ], [ -8226830.301899999380112, 4964701.831900000572205 ], [ -8226830.079199999570847, 4964704.473899997770786 ], [ -8226829.856699999421835, 4964706.969300001859665 ], [ -8226829.633899999782443, 4964709.611400000751019 ], [ -8226829.52280000038445, 4964712.2533999979496 ], [ -8226829.411299999803305, 4964714.895499996840954 ], [ -8226829.299900000914931, 4964717.537600003182888 ], [ -8226823.177400000393391, 4964816.615599997341633 ], [ -8226822.843399999663234, 4964823.807700000703335 ], [ -8226822.620899999514222, 4964830.853399999439716 ], [ -8226822.398199999704957, 4964837.899099998176098 ], [ -8226822.39809999987483, 4964844.944499999284744 ], [ -8226822.620999999344349, 4964851.843599997460842 ], [ -8226822.843499999493361, 4964858.742299996316433 ], [ -8226823.288699999451637, 4964865.641000002622604 ], [ -8226823.845300000160933, 4964872.393100000917912 ], [ -8226824.513399999588728, 4964879.145199999213219 ], [ -8226825.292500000447035, 4964885.750299997627735 ], [ -8226826.29450000077486, 4964892.355599999427795 ], [ -8226827.407600000500679, 4964898.961099997162819 ], [ -8226828.632099999114871, 4964905.41950000077486 ], [ -8226829.968000000342727, 4964911.877999998629093 ], [ -8226831.637700000777841, 4964918.1897 ], [ -8226871.0449, 4965087.727099999785423 ] ] ] } },
{ "type": "Feature", "properties": { "id": 2000526.0, "name": "L", "objectid": 796.0, "rt_symbol": "L", "url": "http://web.mta.info/nyct/service/", "Shape__Len": 1271.7757365099999 }, "geometry": { "type": "MultiLineString", "coordinates": [ [ [ -8226960.768400000408292, 4966542.199600003659725 ], [ -8226870.26549999974668, 4966682.696400001645088 ], [ -8226865.812699999660254, 4966689.596699997782707 ], [ -8226861.2489, 4966696.496699996292591 ], [ -8226856.573300000280142, 4966703.543600000441074 ], [ -8226851.786399999633431, 4966710.590599998831749 ], [ -8226846.888499999418855, 4966717.784400001168251 ], [ -8226841.767799999564886, 4966725.124799996614456 ], [ -8226836.647099999710917, 4966732.465599998831749 ], [ -8226831.30379999987781, 4966739.806100003421307 ], [ -8226825.849099999293685, 4966747.44030000269413 ], [ -8226820.282999999821186, 4966755.074699997901917 ], [ -8226814.605900000780821, 4966762.708599999547005 ], [ -8226808.705900000408292, 4966770.489900000393391 ], [ -8226802.806099999696016, 4966778.417599998414516 ], [ -8226796.683399999514222, 4966786.345399998128414 ], [ -8226790.449500000104308, 4966794.420199997723103 ], [ -8226779.762800000607967, 4966808.220399998128414 ], [ -8226769.298800000920892, 4966822.16780000180006 ], [ -8226758.834699999541044, 4966836.115099996328354 ], [ -8226748.593499999493361, 4966849.915500000119209 ], [ -8226738.352099999785423, 4966863.862700000405312 ], [ -8226728.3333, 4966877.663199998438358 ], [ -8226718.3147, 4966891.610500000417233 ], [ -8226708.518400000408292, 4966905.410999998450279 ], [ -8226698.833499999716878, 4966919.211599998176098 ], [ -8226689.148700000718236, 4966933.158900000154972 ], [ -8226679.686699999496341, 4966946.959499999880791 ], [ -8226670.335799999535084, 4966960.760200001299381 ], [ -8226661.096300000324845, 4966974.413999997079372 ], [ -8226651.968000000342727, 4966988.214400000870228 ], [ -8226642.951199999079108, 4967001.8684 ], [ -8226630.92879999987781, 4967026.973999999463558 ], [ -8226620.909800000488758, 4967051.638999998569489 ], [ -8226612.895099999383092, 4967075.570200003683567 ], [ -8226606.995100000873208, 4967099.0608000010252 ], [ -8226603.098899999633431, 4967121.817699998617172 ], [ -8226601.317800000309944, 4967144.13400000333786 ], [ -8226601.540500000119209, 4967165.862700000405312 ], [ -8226603.878100000321865, 4967186.857900001108646 ], [ -8226608.219399999827147, 4967207.412299998104572 ], [ -8226614.676200000569224, 4967227.379799999296665 ], [ -8226623.136499999091029, 4967246.906800001859665 ], [ -8226633.711799999698997, 4967265.699699997901917 ], [ -8226646.290699999779463, 4967283.905299998819828 ], [ -8226660.984999999403954, 4967301.670500002801418 ], [ -8226677.794299999251962, 4967318.848499998450279 ], [ -8226766.8498, 4967392.993000000715256 ], [ -8226771.079800000414252, 4967396.810400001704693 ], [ -8226775.421299999579787, 4967400.480899997055531 ], [ -8226779.874199999496341, 4967404.445100001990795 ], [ -8226784.438200000673532, 4967408.26240000128746 ], [ -8226789.113700000569224, 4967412.226599998772144 ], [ -8226793.900499999523163, 4967416.1908999979496 ], [ -8226798.798599999397993, 4967420.30179999768734 ], [ -8226803.919099999591708, 4967424.412900000810623 ], [ -8226809.039899999275804, 4967428.523999996483326 ], [ -8226814.2719, 4967432.781900003552437 ], [ -8226819.726600000634789, 4967437.039599999785423 ], [ -8226825.18129999935627, 4967441.444200001657009 ], [ -8226830.8586, 4967445.701999999582767 ], [ -8226836.535800000652671, 4967450.253600001335144 ], [ -8226842.5471, 4967454.65820000320673 ], [ -8226964.998500000685453, 4967546.128799997270107 ] ] ] } },
{ "type": "Feature", "properties": { "id": 2000527.0, "name": "L", "objectid": 797.0, "rt_symbol": "L", "url": "http://web.mta.info/nyct/service/", "Shape__Len": 920.42790201900004 }, "geometry": { "type": "MultiLineString", "coordinates": [ [ [ -8227094.685599999502301, 4965670.928800001740456 ], [ -8227102.144099999219179, 4965688.39750000089407 ], [ -8227108.934599999338388, 4965705.86599999666214 ], [ -8227115.279899999499321, 4965723.481700003147125 ], [ -8227121.068499999120831, 4965741.097300000488758 ], [ -8227126.411699999123812, 4965759.0066 ], [ -8227131.1985, 4965777.062600001692772 ], [ -8227135.539899999275804, 4965795.2654 ], [ -8227139.43610000051558, 4965813.615099996328354 ], [ -8227142.664300000295043, 4965832.1118 ], [ -8227145.558700000867248, 4965850.7550999969244 ], [ -8227147.896500000730157, 4965869.545100003480911 ], [ -8227149.677500000223517, 4965888.482199996709824 ], [ -8227151.0132, 4965907.566200003027916 ], [ -8227151.792500000447035, 4965926.94370000064373 ], [ -8227152.0152000002563, 4965946.614799998700619 ], [ -8227138.99100000038743, 4966090.039099998772144 ], [ -8227134.983300000429153, 4966118.518700003623962 ], [ -8227130.864499999210238, 4966146.264600001275539 ], [ -8227126.3004, 4966172.835699997842312 ], [ -8227121.291200000792742, 4966198.379600003361702 ], [ -8227116.058800000697374, 4966223.042700000107288 ], [ -8227110.493100000545382, 4966246.531300000846386 ], [ -8227104.481799999251962, 4966268.992200002074242 ], [ -8227098.136600000783801, 4966290.425800003111362 ], [ -8227091.457499999552965, 4966310.831799998879433 ], [ -8227084.444299999624491, 4966330.356799997389317 ], [ -8227077.097100000828505, 4966348.707800000905991 ], [ -8227069.3048, 4966366.030699998140335 ], [ -8227061.289899999275804, 4966382.326099999248981 ], [ -8227052.829700000584126, 4966397.593999996781349 ], [ -8227044.035399999469519, 4966411.687399998307228 ], [ -8226960.768400000408292, 4966542.199600003659725 ] ] ] } },
{ "type": "Feature", "properties": { "id": 2000252.0, "name": "A-C", "objectid": 798.0, "rt_symbol": "A", "url": "http://web.mta.info/nyct/service/", "Shape__Len": 979.49857763399996 }, "geometry": { "type": "MultiLineString", "coordinates": [ [ [ -8223405.223899999633431, 4964577.06870000064373 ], [ -8224367.4695999994874, 4964394.036799997091293 ] ] ] } },
{ "type": "Feature", "properties": { "id": 2000375.0, "name": "J-Z", "objectid": 799.0, "rt_symbol": "J", "url": "http://web.mta.info/nyct/service/", "Shape__Len": 743.82687632099999 }, "geometry": { "type": "MultiLineString", "coordinates": [ [ [ -8224288.321399999782443, 4965462.627899996936321 ], [ -8224280.751800000667572, 4965465.710500001907349 ], [ -8224273.293199999257922, 4965468.646600000560284 ], [ -8224265.723600000143051, 4965471.582299999892712 ], [ -8224258.153799999505281, 4965474.518299996852875 ], [ -8224250.58390000090003, 4965477.454000003635883 ], [ -8224243.125600000843406, 4965480.389700002968311 ], [ -8224235.555800000205636, 4965483.3257 ], [ -8224227.985999999567866, 4965486.261500000953674 ], [ -8224220.416400000452995, 4965489.050700001418591 ], [ -8224212.846799999475479, 4965491.98650000244379 ], [ -8224205.388299999758601, 4965494.775600001215935 ], [ -8224197.818499999120831, 4965497.564599998295307 ], [ -8224190.2489, 4965500.353799998760223 ], [ -8224182.679199999198318, 4965503.1426 ], [ -8224175.109400000423193, 4965505.931800000369549 ], [ -8223592.129200000315905, 4965724.509499996900558 ] ] ] } },
{ "type": "Feature", "properties": { "id": 2000251.0, "name": "A-C", "objectid": 800.0, "rt_symbol": "A", "url": "http://web.mta.info/nyct/service/", "Shape__Len": 1089.6753826199999 }, "geometry": { "type": "MultiLineString", "coordinates": [ [ [ -8224367.4695999994874, 4964394.036799997091293 ], [ -8225437.027200000360608, 4964185.616599999368191 ] ] ] } },
{ "type": "Feature", "properties": { "id": 2000374.0, "name": "J-Z", "objectid": 801.0, "rt_symbol": "J", "url": "http://web.mta.info/nyct/service/", "Shape__Len": 555.27918091499998 }, "geometry": { "type": "MultiLineString", "coordinates": [ [ [ -8224800.390900000929832, 4965247.872699998319149 ], [ -8224288.321399999782443, 4965462.627899996936321 ] ] ] } },
{ "type": "Feature", "properties": { "id": 2000491.0, "name": "D", "objectid": 830.0, "rt_symbol": "B", "url": "http://web.mta.info/nyct/service/", "Shape__Len": 913.71634903699999 }, "geometry": { "type": "MultiLineString", "coordinates": [ [ [ -8237696.7533, 4955503.675700001418591 ], [ -8237502.388000000268221, 4956396.480099998414516 ] ] ] } },
{ "type": "Feature", "properties": { "id": 2000377.0, "name": "J-Z", "objectid": 804.0, "rt_symbol": "J", "url": "http://web.mta.info/nyct/service/", "Shape__Len": 638.47586135999995 }, "geometry": { "type": "MultiLineString", "coordinates": [ [ [ -8223454.649700000882149, 4966714.994999997317791 ], [ -8223396.874800000339746, 4966748.027500003576279 ], [ -8223391.420099999755621, 4966750.963799998164177 ], [ -8223385.8542, 4966753.899899996817112 ], [ -8223380.065600000321865, 4966756.689400002360344 ], [ -8223374.054400000721216, 4966759.625799998641014 ], [ -8223368.043099999427795, 4966762.415100000798702 ], [ -8223361.698000000789762, 4966765.351400002837181 ], [ -8223355.24129999987781, 4966768.140799999237061 ], [ -8223348.673599999397993, 4966770.783299997448921 ], [ -8223341.883099999278784, 4966773.572800002992153 ], [ -8223334.981300000101328, 4966776.362199999392033 ], [ -8223327.9682, 4966779.004900000989437 ], [ -8223320.621099999174476, 4966781.64750000089407 ], [ -8223313.273900000378489, 4966784.290100000798702 ], [ -8223305.704299999400973, 4966786.932700000703335 ], [ -8223297.911800000816584, 4966789.575400002300739 ], [ -8223050.559900000691414, 4966872.671599999070168 ], [ -8223045.105200000107288, 4966874.286499999463558 ], [ -8223039.7621, 4966876.048199996352196 ], [ -8223034.307299999520183, 4966877.51630000025034 ], [ -8223028.963899999856949, 4966879.131300002336502 ], [ -8223023.509400000795722, 4966880.746200002729893 ], [ -8223018.165899999439716, 4966882.214400000870228 ], [ -8223012.711300000548363, 4966883.682599999010563 ], [ -8223007.368100000545382, 4966885.150799997150898 ], [ -8223001.91330000013113, 4966886.61879999935627 ], [ -8222996.570000000298023, 4966887.940200001001358 ], [ -8222991.115299999713898, 4966889.261500000953674 ], [ -8222985.771999999880791, 4966890.582800000905991 ], [ -8222980.4287, 4966891.904200002551079 ], [ -8222974.973999999463558, 4966893.225400000810623 ], [ -8222969.630699999630451, 4966894.399999998509884 ], [ -8222852.299799999222159, 4966918.037000000476837 ] ] ] } },
{ "type": "Feature", "properties": { "id": 2000261.0, "name": "A", "objectid": 805.0, "rt_symbol": "A", "url": "http://web.mta.info/nyct/service/", "Shape__Len": 1503.1722154500001 }, "geometry": { "type": "MultiLineString", "coordinates": [ [ [ -8219376.9054000005126, 4964095.644799999892712 ], [ -8219688.154799999669194, 4964944.317299999296665 ], [ -8219690.269799999892712, 4964950.482299998402596 ], [ -8219692.496200000867248, 4964956.9408999979496 ], [ -8219694.83390000090003, 4964963.399400003254414 ], [ -8219697.282800000160933, 4964970.151500001549721 ], [ -8219699.73200000077486, 4964977.050399996340275 ], [ -8219702.4035, 4964984.096100002527237 ], [ -8219705.075400000438094, 4964991.288599997758865 ], [ -8219707.9695999994874, 4964998.62780000269413 ], [ -8219710.864, 4965006.260600000619888 ], [ -8219713.869599999859929, 4965013.89360000193119 ], [ -8219716.986500000581145, 4965021.820100001990795 ], [ -8219720.214700000360608, 4965029.746399998664856 ], [ -8219723.554300000891089, 4965037.966499999165535 ], [ -8219726.893799999728799, 4965046.333200000226498 ], [ -8219730.456199999898672, 4965054.846799999475479 ], [ -8219839.103900000452995, 4965295.57940000295639 ], [ -8219846.562400000169873, 4965309.524599999189377 ], [ -8219854.577199999243021, 4965322.44200000166893 ], [ -8219863.371600000187755, 4965334.038699999451637 ], [ -8219872.722400000318885, 4965344.460799999535084 ], [ -8219882.7412, 4965353.561800003051758 ], [ -8219893.427799999713898, 4965361.635200001299381 ], [ -8219904.782500000670552, 4965368.387599997222424 ], [ -8219916.804999999701977, 4965373.965700000524521 ], [ -8219929.38399999961257, 4965378.369499996304512 ], [ -8219942.631100000813603, 4965381.452100001275539 ], [ -8219956.657199999317527, 4965383.506999999284744 ], [ -8219971.2401, 4965384.241099998354912 ], [ -8219986.49100000038743, 4965383.800599999725819 ], [ -8220002.2983, 4965382.039200000464916 ], [ -8220018.996200000867248, 4965379.396899998188019 ] ] ] } },
{ "type": "Feature", "properties": { "id": 2000262.0, "name": "A", "objectid": 806.0, "rt_symbol": "A", "url": "http://web.mta.info/nyct/service/", "Shape__Len": 603.62679658100001 }, "geometry": { "type": "MultiLineString", "coordinates": [ [ [ -8219169.739800000563264, 4963528.681199997663498 ], [ -8219376.9054000005126, 4964095.644799999892712 ] ] ] } },
{ "type": "Feature", "properties": { "id": 2000259.0, "name": "A", "objectid": 807.0, "rt_symbol": "A", "url": "http://web.mta.info/nyct/service/", "Shape__Len": 726.35811297700002 }, "geometry": { "type": "MultiLineString", "coordinates": [ [ [ -8218958.789200000464916, 4965891.418099999427795 ], [ -8219077.233300000429153, 4965829.322599999606609 ], [ -8219084.023900000378489, 4965825.946000002324581 ], [ -8219090.814400000497699, 4965822.422899998724461 ], [ -8219097.716199999675155, 4965818.753100000321865 ], [ -8219104.618000000715256, 4965814.936300002038479 ], [ -8219111.74239999987185, 4965811.119499996304512 ], [ -8219118.866699999198318, 4965807.156099997460842 ], [ -8219125.9912, 4965803.045800000429153 ], [ -8219133.338300000876188, 4965798.935400001704693 ], [ -8219140.685499999672174, 4965794.531400002539158 ], [ -8219148.032500000670552, 4965790.127400003373623 ], [ -8219155.60219999961555, 4965785.576800003647804 ], [ -8219163.17200000025332, 4965781.026100002229214 ], [ -8219170.8531, 4965776.181699998676777 ], [ -8219178.534099999815226, 4965771.337399996817112 ], [ -8219186.326400000602007, 4965766.346400000154972 ], [ -8219421.433399999514222, 4965597.384400002658367 ], [ -8219431.118000000715256, 4965590.338200002908707 ], [ -8219440.914200000464916, 4965583.438799999654293 ], [ -8219450.821699999272823, 4965576.686200000345707 ], [ -8219460.729000000283122, 4965570.080700002610683 ], [ -8219470.636399999260902, 4965563.6216000020504 ], [ -8219480.655300000682473, 4965557.309600003063679 ], [ -8219490.785199999809265, 4965551.144299998879433 ], [ -8219500.915300000458956, 4965545.125699996948242 ], [ -8219511.045399999246001, 4965539.107100002467632 ], [ -8219521.286800000816584, 4965533.382100000977516 ], [ -8219531.639499999582767, 4965527.803999997675419 ], [ -8219541.992200000211596, 4965522.3728 ], [ -8219552.345000000670552, 4965517.088100001215935 ], [ -8219562.809000000357628, 4965511.803599998354912 ], [ -8219573.273, 4965506.812600001692772 ] ] ] } },
{ "type": "Feature", "properties": { "id": 2000383.0, "name": "J-Z", "objectid": 808.0, "rt_symbol": "J", "url": "http://web.mta.info/nyct/service/", "Shape__Len": 2102.4116194399999 }, "geometry": { "type": "MultiLineString", "coordinates": [ [ [ -8218528.094399999827147, 4968264.123499996960163 ], [ -8218297.996999999508262, 4968314.194300003349781 ], [ -8218289.091399999335408, 4968316.103100001811981 ], [ -8218280.185900000855327, 4968318.012100003659725 ], [ -8218271.39159999974072, 4968320.067699998617172 ], [ -8218262.597400000318885, 4968322.123400002717972 ], [ -8218253.914300000295043, 4968324.325900003314018 ], [ -8218245.342800000682473, 4968326.675200000405312 ], [ -8218236.771099999547005, 4968329.024700000882149 ], [ -8218228.310900000855327, 4968331.373999997973442 ], [ -8218219.96199999935925, 4968333.870399996638298 ], [ -8218211.612999999895692, 4968336.513300001621246 ], [ -8218203.37529999949038, 4968339.156300000846386 ], [ -8218195.137700000777841, 4968341.9463 ], [ -8218187.011399999260902, 4968344.736199997365475 ], [ -8218178.996400000527501, 4968347.672799997031689 ], [ -8218170.9814, 4968350.609499998390675 ], [ -8218061.888299999758601, 4968389.374300003051758 ], [ -8218039.067700000479817, 4968395.541299998760223 ], [ -8218016.581199999898672, 4968400.093299999833107 ], [ -8217994.53999999910593, 4968403.176899999380112 ], [ -8217972.721400000154972, 4968404.645300000905991 ], [ -8217951.348099999129772, 4968404.498400002717972 ], [ -8217930.308800000697374, 4968402.589699998497963 ], [ -8217909.714500000700355, 4968399.212300002574921 ], [ -8217889.3432, 4968394.072999998927116 ], [ -8217869.416799999773502, 4968387.465300001204014 ], [ -8217849.824699999764562, 4968379.242499999701977 ], [ -8217830.566400000825524, 4968369.257700003683567 ], [ -8217811.642000000923872, 4968357.804499998688698 ], [ -8217793.051699999719858, 4968344.589299999177456 ], [ -8217774.906700000166893, 4968329.905699998140335 ], [ -8217757.095599999651313, 4968313.459899999201298 ], [ -8217679.060499999672174, 4968231.96679999679327 ], [ -8217629.078099999576807, 4968183.511799998581409 ], [ -8217578.093900000676513, 4968139.902500003576279 ], [ -8217526.664000000804663, 4968101.138700000941753 ], [ -8217474.789200000464916, 4968067.220399998128414 ], [ -8217422.469200000166893, 4968038.147799998521805 ], [ -8217369.703600000590086, 4968013.920699998736382 ], [ -8217316.381799999624491, 4967994.539099998772144 ], [ -8217262.614299999549985, 4967980.149700000882149 ], [ -8217214.216700000688434, 4967967.875399999320507 ], [ -8217158.448400000110269, 4967957.49040000140667 ], [ -8217086.865299999713898, 4967950.804899998009205 ], [ -8217012.47719999961555, 4967951.580700002610683 ], [ -8216978.057900000363588, 4967958.975000001490116 ], [ -8216919.443199999630451, 4967975.651900000870228 ], [ -8216857.1009, 4967996.054399996995926 ], [ -8216607.703299999237061, 4968089.795400001108646 ] ] ] } },
{ "type": "Feature", "properties": { "id": 2000359.0, "name": "J-Z", "objectid": 809.0, "rt_symbol": "J", "url": "http://web.mta.info/nyct/service/", "Shape__Len": 765.68500831699998 }, "geometry": { "type": "MultiLineString", "coordinates": [ [ [ -8236964.939600000157952, 4971170.117499999701977 ], [ -8236258.4079, 4970875.013300001621246 ] ] ] } },
{ "type": "Feature", "properties": { "id": 2000234.0, "name": "A-C", "objectid": 810.0, "rt_symbol": "A", "url": "http://web.mta.info/nyct/service/", "Shape__Len": 567.67721958200002 }, "geometry": { "type": "MultiLineString", "coordinates": [ [ [ -8236175.151799999177456, 4967808.692299999296665 ], [ -8236177.3581000007689, 4967819.2820999994874 ], [ -8236184.959000000730157, 4967845.633699998259544 ], [ -8236196.483999999240041, 4967878.388999998569489 ], [ -8236207.273600000888109, 4967906.957500003278255 ], [ -8236219.780600000172853, 4967936.634800001978874 ], [ -8236230.342299999669194, 4967958.859399996697903 ], [ -8236242.921399999409914, 4967981.911799997091293 ], [ -8236257.72690000012517, 4968002.908399999141693 ], [ -8236274.536299999803305, 4968021.5559 ], [ -8236293.57179999910295, 4968037.85419999808073 ], [ -8236314.722400000318885, 4968051.950000002980232 ], [ -8236337.988199999555945, 4968063.843400001525879 ], [ -8236363.369200000539422, 4968073.534199997782707 ], [ -8236390.865199999883771, 4968080.875699996948242 ], [ -8236420.587400000542402, 4968086.014899998903275 ], [ -8236452.202099999412894, 4968089.098300002515316 ], [ -8236588.234400000423193, 4968094.531199999153614 ] ] ] } },
{ "type": "Feature", "properties": { "id": 2000473.0, "name": "D", "objectid": 811.0, "rt_symbol": "B", "url": "http://web.mta.info/nyct/service/", "Shape__Len": 945.92353141000001 }, "geometry": { "type": "MultiLineString", "coordinates": [ [ [ -8236840.781500000506639, 4963105.577399998903275 ], [ -8236836.996600000187755, 4963110.567199997603893 ], [ -8236833.211799999698997, 4963115.703599996864796 ], [ -8236829.649399999529123, 4963120.693599998950958 ], [ -8236825.975999999791384, 4963125.829899996519089 ], [ -8236822.413899999111891, 4963130.819600000977516 ], [ -8236818.851500000804663, 4963135.809500001370907 ], [ -8236815.40059999935329, 4963140.945900000631809 ], [ -8236811.838400000706315, 4963145.935599997639656 ], [ -8236808.498800000175834, 4963151.072200000286102 ], [ -8236805.047800000756979, 4963156.061899997293949 ], [ -8236801.7083, 4963161.05179999768734 ], [ -8236798.36879999935627, 4963166.188299998641014 ], [ -8236795.14049999974668, 4963171.178099997341633 ], [ -8236791.912100000306964, 4963176.314599998295307 ], [ -8236788.572599999606609, 4963181.304300002753735 ], [ -8236332.051100000739098, 4963902.941200003027916 ] ] ] } },
{ "type": "Feature", "properties": { "id": 2000015.0, "name": "1-2-3", "objectid": 812.0, "rt_symbol": "1", "url": "http://web.mta.info/nyct/service/", "Shape__Len": 824.20393009899999 }, "geometry": { "type": "MultiLineString", "coordinates": [ [ [ -8236646.788699999451637, 4975591.12219999730587 ], [ -8236250.268500000238419, 4976313.675899997353554 ] ] ] } },
{ "type": "Feature", "properties": { "id": 2000323.0, "name": "G", "objectid": 813.0, "rt_symbol": "G", "url": "http://web.mta.info/nyct/service/", "Shape__Len": 863.11494761599999 }, "geometry": { "type": "MultiLineString", "coordinates": [ [ [ -8231970.145500000566244, 4967394.314400002360344 ], [ -8232102.393100000917912, 4968247.23759999871254 ] ] ] } },
{ "type": "Feature", "properties": { "id": 2000337.0, "name": "B-D-F-M", "objectid": 814.0, "rt_symbol": "B", "url": "http://web.mta.info/nyct/service/", "Shape__Len": 1148.89220978 }, "geometry": { "type": "MultiLineString", "coordinates": [ [ [ -8236843.155999999493361, 4974489.834299996495247 ], [ -8236286.781300000846386, 4975495.021099999547005 ] ] ] } },
{ "type": "Feature", "properties": { "id": 2000462.0, "name": "B", "objectid": 815.0, "rt_symbol": "B", "url": "http://web.mta.info/nyct/service/", "Shape__Len": 1388.5762611299999 }, "geometry": { "type": "MultiLineString", "coordinates": [ [ [ -8232736.3575, 4953416.9087999984622 ], [ -8232911.462999999523163, 4954632.545000001788139 ], [ -8232911.79700000025332, 4954634.597599998116493 ], [ -8232912.130999999120831, 4954636.503799997270107 ], [ -8232912.464999999850988, 4954638.556699998676777 ], [ -8232912.687599999830127, 4954640.4628000035882 ], [ -8232913.021600000560284, 4954642.515600003302097 ], [ -8232913.355399999767542, 4954644.421999998390675 ], [ -8232913.689400000497699, 4954646.328100003302097 ], [ -8232914.134800000116229, 4954648.381099998950958 ], [ -8232914.468800000846386, 4954650.287100002169609 ], [ -8232914.802400000393391, 4954652.193599998950958 ], [ -8232915.136499999091029, 4954654.099600002169609 ], [ -8232915.470499999821186, 4954656.005699999630451 ], [ -8232915.804500000551343, 4954657.912000000476837 ], [ -8232916.249800000339746, 4954659.671400003135204 ], [ -8232916.583699999377131, 4954661.577799998223782 ], [ -8232919.255400000140071, 4954673.30799999833107 ], [ -8232919.812000000849366, 4954675.800700001418591 ], [ -8232920.36849999986589, 4954678.440200001001358 ], [ -8232921.036299999803305, 4954681.079599998891354 ], [ -8232921.481699999421835, 4954683.718999996781349 ], [ -8232922.03830000013113, 4954686.504900000989437 ], [ -8232922.595100000500679, 4954689.144400000572205 ], [ -8232923.151399999856949, 4954691.930399999022484 ], [ -8232923.596799999475479, 4954694.862899996340275 ], [ -8232924.153400000184774, 4954697.648800000548363 ], [ -8232924.5987, 4954700.581500001251698 ], [ -8232925.043999999761581, 4954703.51410000026226 ], [ -8232925.489199999719858, 4954706.593400001525879 ], [ -8232925.934499999508262, 4954709.672600001096725 ], [ -8232926.379699999466538, 4954712.751900002360344 ], [ -8232926.825099999085069, 4954715.831299997866154 ], [ -8232937.289000000804663, 4954790.760300002992153 ] ] ] } },
{ "type": "Feature", "properties": { "id": 2000465.0, "name": "B", "objectid": 816.0, "rt_symbol": "B", "url": "http://web.mta.info/nyct/service/", "Shape__Len": 1620.5107485399999 }, "geometry": { "type": "MultiLineString", "coordinates": [ [ [ -8233342.61600000038743, 4950264.885799996554852 ], [ -8233235.51659999974072, 4950287.931599996984005 ], [ -8233213.057, 4950294.782799996435642 ], [ -8233185.257099999114871, 4950309.836599998176098 ], [ -8233151.336300000548363, 4950338.2804000005126 ], [ -8233127.629000000655651, 4950367.856600001454353 ], [ -8232596.206299999728799, 4951349.603699997067451 ], [ -8232574.3531, 4951401.652699999511242 ], [ -8232554.862099999561906, 4951466.380699999630451 ], [ -8232543.153300000354648, 4951532.229599997401237 ], [ -8232538.876700000837445, 4951598.501800000667572 ] ] ] } },
{ "type": "Feature", "properties": { "id": 2000467.0, "name": "Q", "objectid": 817.0, "rt_symbol": "N", "url": "http://web.mta.info/nyct/service/", "Shape__Len": 736.16997489799996 }, "geometry": { "type": "MultiLineString", "coordinates": [ [ [ -8234849.998099999502301, 4950041.785800002515316 ], [ -8234813.971100000664592, 4950059.477099999785423 ], [ -8234786.257799999788404, 4950073.883100003004074 ], [ -8234770.13370000012219, 4950081.717699997127056 ], [ -8234759.803600000217557, 4950088.795500002801418 ], [ -8234752.244100000709295, 4950097.391099996864796 ], [ -8234744.6853, 4950102.952299997210503 ], [ -8234737.127499999478459, 4950105.9846 ], [ -8234729.866900000721216, 4950107.846900001168251 ], [ -8234720.627299999818206, 4950109.019500002264977 ], [ -8234711.276499999687076, 4950109.752400003373623 ], [ -8234701.814300000667572, 4950110.338799998164177 ], [ -8234692.129499999806285, 4950110.485200002789497 ], [ -8234682.44480000063777, 4950110.485200002789497 ], [ -8234672.537399999797344, 4950110.192100003361702 ], [ -8234662.518699999898672, 4950109.459200002253056 ], [ -8234652.388499999418855, 4950108.579899996519089 ], [ -8234157.35080000013113, 4950048.636 ], [ -8234155.792300000786781, 4950048.48929999768734 ], [ -8234154.345200000330806, 4950048.3429000005126 ], [ -8234152.786599999293685, 4950048.196199998259544 ], [ -8234151.339500000700355, 4950048.049599997699261 ], [ -8234149.892400000244379, 4950047.903200000524521 ], [ -8234148.333699999377131, 4950047.7566 ], [ -8234146.886700000613928, 4950047.609999999403954 ], [ -8234145.550799999386072, 4950047.609999999403954 ], [ -8234144.103800000622869, 4950047.463500000536442 ], [ -8234142.656600000336766, 4950047.3169 ], [ -8234141.320699999108911, 4950047.3169 ], [ -8234139.873700000345707, 4950047.170500002801418 ], [ -8234138.537799999117851, 4950047.170299999415874 ], [ -8234137.2018, 4950047.170299999415874 ], [ -8234135.86600000038743, 4950047.170500002801418 ] ] ] } },
{ "type": "Feature", "properties": { "id": 2000492.0, "name": "D", "objectid": 831.0, "rt_symbol": "B", "url": "http://web.mta.info/nyct/service/", "Shape__Len": 828.35688640499995 }, "geometry": { "type": "MultiLineString", "coordinates": [ [ [ -8237822.100099999457598, 4954690.279399998486042 ], [ -8237833.67710000090301, 4954823.12780000269413 ], [ -8237833.899900000542402, 4954828.993299998342991 ], [ -8237834.011, 4954835.005300000309944 ], [ -8237833.899900000542402, 4954840.87049999833107 ], [ -8237833.788499999791384, 4954846.882500000298023 ], [ -8237833.5658, 4954852.7478 ], [ -8237833.231799999251962, 4954858.759900003671646 ], [ -8237832.675200000405312, 4954864.771899998188019 ], [ -8237832.118599999696016, 4954870.637199997901917 ], [ -8237831.4507, 4954876.64919999986887 ], [ -8237830.671499999240041, 4954882.661200001835823 ], [ -8237829.780999999493361, 4954888.673199996352196 ], [ -8237828.779100000858307, 4954894.685199998319149 ], [ -8237827.554400000721216, 4954900.697200000286102 ], [ -8237826.329900000244379, 4954906.855700001120567 ], [ -8237824.994100000709295, 4954912.867799997329712 ], [ -8237696.7533, 4955503.675700001418591 ] ] ] } },
{ "type": "Feature", "properties": { "id": 2000494.0, "name": "D", "objectid": 832.0, "rt_symbol": "B", "url": "http://web.mta.info/nyct/service/", "Shape__Len": 631.51519891500004 }, "geometry": { "type": "MultiLineString", "coordinates": [ [ [ -8236930.654500000178814, 4953798.948100000619888 ], [ -8237424.912599999457598, 4954192.038900002837181 ] ] ] } },
{ "type": "Feature", "properties": { "id": 2000019.0, "name": "1-2-3", "objectid": 833.0, "rt_symbol": "1", "url": "http://web.mta.info/nyct/service/", "Shape__Len": 737.783400949 }, "geometry": { "type": "MultiLineString", "coordinates": [ [ [ -8235661.833699999377131, 4978981.282600000500679 ], [ -8235662.167500000447035, 4979088.001900002360344 ], [ -8235648.69789999909699, 4979577.515000000596046 ], [ -8235645.024399999529123, 4979632.347900003194809 ], [ -8235639.458399999886751, 4979682.623999997973442 ], [ -8235635.228199999779463, 4979718.199500001966953 ] ] ] } },
{ "type": "Feature", "properties": { "id": 2000426.0, "name": "N-Q-R", "objectid": 834.0, "rt_symbol": "N", "url": "http://web.mta.info/nyct/service/", "Shape__Len": 266.94462187 }, "geometry": { "type": "MultiLineString", "coordinates": [ [ [ -8235489.177300000563264, 4977691.33389999717474 ], [ -8235360.157800000160933, 4977925.028999999165535 ] ] ] } },
{ "type": "Feature", "properties": { "id": 2000021.0, "name": "1-2-3", "objectid": 835.0, "rt_symbol": "1", "url": "http://web.mta.info/nyct/service/", "Shape__Len": 805.95622489599998 }, "geometry": { "type": "MultiLineString", "coordinates": [ [ [ -8235406.689400000497699, 4980523.976499997079372 ], [ -8235154.995999999344349, 4980967.836599998176098 ], [ -8235093.881699999794364, 4981063.109700001776218 ], [ -8234994.918600000441074, 4981216.46000000089407 ] ] ] } },
{ "type": "Feature", "properties": { "id": 2000124.0, "name": "4-5-6", "objectid": 836.0, "rt_symbol": "4", "url": "http://web.mta.info/nyct/service/", "Shape__Len": 920.04250517800006 }, "geometry": { "type": "MultiLineString", "coordinates": [ [ [ -8233620.345599999651313, 4978202.383500002324581 ], [ -8233175.512800000607967, 4979007.741800002753735 ] ] ] } },
{ "type": "Feature", "properties": { "id": 2000497.0, "name": "D", "objectid": 818.0, "rt_symbol": "B", "url": "http://web.mta.info/nyct/service/", "Shape__Len": 1814.0560794600001 }, "geometry": { "type": "MultiLineString", "coordinates": [ [ [ -8235835.046900000423193, 4951883.613499999046326 ], [ -8235800.982899999246001, 4951649.659999996423721 ], [ -8235799.869799999520183, 4951644.383000001311302 ], [ -8235798.422700000926852, 4951638.959200002253056 ], [ -8235796.64159999974072, 4951633.682199999690056 ], [ -8235794.303999999538064, 4951628.405000001192093 ], [ -8235791.7434, 4951623.274599999189377 ], [ -8235788.626499999314547, 4951617.997500002384186 ], [ -8235785.28690000064671, 4951612.86710000038147 ], [ -8235781.390699999406934, 4951607.59009999781847 ], [ -8235777.2719, 4951602.459700003266335 ], [ -8235772.596699999645352, 4951597.47580000013113 ], [ -8235767.698400000110269, 4951592.345100000500679 ], [ -8235762.243899999186397, 4951587.214800000190735 ], [ -8235756.455299999564886, 4951582.230899997055531 ], [ -8235750.332599999383092, 4951577.247000001370907 ], [ -8235743.764799999073148, 4951572.263099998235703 ], [ -8235707.586100000888109, 4951546.757299996912479 ], [ -8235699.570800000801682, 4951540.454300001263618 ], [ -8235691.555800000205636, 4951533.711400002241135 ], [ -8235683.6524, 4951526.235699996352196 ], [ -8235675.748700000345707, 4951518.320100001990795 ], [ -8235667.844799999147654, 4951509.818199999630451 ], [ -8235659.829900000244379, 4951500.729999996721745 ], [ -8235651.926100000739098, 4951491.055500000715256 ], [ -8235644.1338, 4951480.941299997270107 ], [ -8235636.230200000107288, 4951470.094300001859665 ], [ -8235628.32660000026226, 4951458.807499997317791 ], [ -8235620.422800000756979, 4951446.934199996292591 ], [ -8235612.630400000140071, 4951434.328000001609325 ], [ -8235604.726700000464916, 4951421.282300002872944 ], [ -8235596.823200000450015, 4951407.796700000762939 ], [ -8235589.142100000753999, 4951393.431800000369549 ], [ -8235559.419700000435114, 4951334.945799998939037 ], [ -8235539.38230000063777, 4951291.411399997770786 ], [ -8235537.044600000604987, 4951285.987800002098083 ], [ -8235534.818099999800324, 4951280.564400002360344 ], [ -8235532.70299999974668, 4951274.994199998676777 ], [ -8235530.699400000274181, 4951269.570799998939037 ], [ -8235528.806800000369549, 4951264.000900000333786 ], [ -8235527.025699999183416, 4951258.430699996650219 ], [ -8235525.244699999690056, 4951252.860799998044968 ], [ -8235523.68610000051558, 4951247.290799997746944 ], [ -8235522.127699999138713, 4951241.574100002646446 ], [ -8235520.680400000885129, 4951236.004100002348423 ], [ -8235519.4561, 4951230.287600003182888 ], [ -8235518.231499999761581, 4951224.570900000631809 ], [ -8235517.118300000205636, 4951218.854299999773502 ], [ -8235516.005100000649691, 4951213.137699998915195 ], [ -8235515.114499999210238, 4951207.274499997496605 ], [ -8235508.992000000551343, 4951163.593999996781349 ], [ -8235508.323999999091029, 4951157.877700001001358 ], [ -8235507.656099999323487, 4951152.161200001835823 ], [ -8235507.099500000476837, 4951146.444399997591972 ], [ -8235506.654200000688434, 4951140.874600000679493 ], [ -8235506.32039999961853, 4951135.157899998128414 ], [ -8235505.986400000751019, 4951129.587899997830391 ], [ -8235505.763699999079108, 4951124.01799999922514 ], [ -8235505.54109999909997, 4951118.447999998927116 ], [ -8235505.541200000792742, 4951112.878100000321865 ], [ -8235505.429700000211596, 4951107.454899996519089 ], [ -8235505.54109999909997, 4951102.031499996781349 ], [ -8235505.652300000190735, 4951096.461300000548363 ], [ -8235505.875099999830127, 4951091.038099996745586 ], [ -8235506.20890000090003, 4951085.761200003325939 ], [ -8235506.542899999767542, 4951080.337899997830391 ], [ -8235517.452199999243021, 4950951.937299996614456 ], [ -8235518.676799999549985, 4950939.771700002253056 ], [ -8235520.1239, 4950927.605800002813339 ], [ -8235521.571100000292063, 4950915.440099999308586 ], [ -8235523.240800000727177, 4950903.420900002121925 ], [ -8235525.022099999710917, 4950891.401900000870228 ], [ -8235526.200899999588728, 4950884.330399997532368 ], [ -8235575.3805, 4950756.887699998915195 ], [ -8235592.766100000590086, 4950704.941699996590614 ], [ -8235594.193499999120831, 4950700.748800002038479 ], [ -8235595.460400000214577, 4950696.899599999189377 ], [ -8235596.529699999839067, 4950693.188000001013279 ], [ -8235597.548000000417233, 4950689.531199999153614 ], [ -8235598.362700000405312, 4950685.836300000548363 ], [ -8235599.196699999272823, 4950681.718000002205372 ], [ -8235599.951199999079108, 4950677.868199996650219 ], [ -8235600.4967, 4950674.037299998104572 ], [ -8235601.019099999219179, 4950669.774300001561642 ], [ -8235601.499900000169873, 4950665.721100002527237 ], [ -8235601.774900000542402, 4950661.738899998366833 ], [ -8235601.98450000025332, 4950657.32599999755621 ], [ -8235602.180600000545382, 4950653.063500002026558 ], [ -8235602.180600000545382, 4950644.5537 ], [ -8235592.512499999254942, 4950451.569499999284744 ], [ -8235592.403100000694394, 4950447.686499997973442 ], [ -8235592.18129999935627, 4950443.742299996316433 ], [ -8235591.948599999770522, 4950435.780900001525879 ], [ -8235591.82740000076592, 4950431.469700001180172 ], [ -8235591.827299999073148, 4950427.111000001430511 ], [ -8235591.9386, 4950423.300300002098083 ], [ -8235591.9386, 4950419.107900001108646 ], [ -8235592.183599999174476, 4950415.076099999248981 ], [ -8235592.2949, 4950411.412000000476837 ], [ -8235592.562000000849366, 4950407.015900000929832 ], [ -8235592.933299999684095, 4950402.941799998283386 ], [ -8235593.267200000584126, 4950399.424199998378754 ], [ -8235593.635500000789762, 4950395.38289999961853 ], [ -8235594.197000000625849, 4950390.948100000619888 ], [ -8235594.9364, 4950386.567699998617172 ], [ -8235595.54109999909997, 4950382.851199999451637 ], [ -8235596.011099999770522, 4950379.386600002646446 ], [ -8235596.386099999770522, 4950375.928400002419949 ], [ -8235596.690999999642372, 4950372.182899996638298 ], [ -8235596.972699999809265, 4950368.597099997103214 ], [ -8235597.067800000309944, 4950364.968000002205372 ], [ -8235597.17879999987781, 4950360.874600000679493 ], [ -8235597.273900000378489, 4950357.123400002717972 ], [ -8235597.17850000038743, 4950353.486299999058247 ], [ -8235597.075099999085069, 4950349.406099997460842 ], [ -8235596.884400000795722, 4950345.76630000025034 ], [ -8235596.5921, 4950341.917400002479553 ], [ -8235596.176699999719858, 4950337.676700003445148 ], [ -8235595.786299999803305, 4950333.824400000274181 ], [ -8235574.515100000426173, 4950185.960799999535084 ] ] ] } },
{ "type": "Feature", "properties": { "id": 2000411.0, "name": "F", "objectid": 819.0, "rt_symbol": "B", "url": "http://web.mta.info/nyct/service/", "Shape__Len": 949.76128071599999 }, "geometry": { "type": "MultiLineString", "coordinates": [ [ [ -8234775.84180000051856, 4951997.807099997997284 ], [ -8234774.72859999909997, 4952012.465999998152256 ], [ -8234773.392799999564886, 4952027.125299997627735 ], [ -8234772.056900000199676, 4952041.491300001740456 ], [ -8234770.721100000664592, 4952055.857100002467632 ], [ -8234769.385299999266863, 4952069.929999999701977 ], [ -8234768.049499999731779, 4952084.002899996936321 ], [ -8234766.713500000536442, 4952097.782499998807907 ], [ -8234765.377900000661612, 4952111.562200002372265 ], [ -8234763.930600000545382, 4952125.048699997365475 ], [ -8234762.594699999317527, 4952138.535300001502037 ], [ -8234761.147600000724196, 4952151.728500001132488 ], [ -8234759.700400000438094, 4952164.921899996697903 ], [ -8234758.2533, 4952177.82209999859333 ], [ -8234756.806099999696016, 4952190.722499996423721 ], [ -8234755.470300000160933, 4952203.476099997758865 ], [ -8234676.433599999174476, 4952942.337200000882149 ] ] ] } },
{ "type": "Feature", "properties": { "id": 2000412.0, "name": "F", "objectid": 820.0, "rt_symbol": "B", "url": "http://web.mta.info/nyct/service/", "Shape__Len": 1263.6303468000001 }, "geometry": { "type": "MultiLineString", "coordinates": [ [ [ -8234811.909299999475479, 4950735.887800000607967 ], [ -8234805.4529, 4950857.98309999704361 ], [ -8234805.341399999335408, 4950861.647299997508526 ], [ -8234805.230100000277162, 4950865.458400003612041 ], [ -8234805.2303, 4950869.122500002384186 ], [ -8234805.230100000277162, 4950872.933600001037121 ], [ -8234805.230100000277162, 4950876.891099996864796 ], [ -8234805.341399999335408, 4950880.701899997889996 ], [ -8234805.4529, 4950884.659500002861023 ], [ -8234805.6754, 4950888.76349999755621 ], [ -8234805.898199999704957, 4950892.721000000834465 ], [ -8234806.120799999684095, 4950896.825300000607967 ], [ -8234806.454600000753999, 4950901.0757 ], [ -8234806.788699999451637, 4950905.179899998009205 ], [ -8234807.233899999409914, 4950909.430600002408028 ], [ -8234807.679300000891089, 4950913.681199997663498 ], [ -8234808.124500000849366, 4950918.078299999237061 ], [ -8234814.915100000798702, 4950991.072800002992153 ], [ -8234815.4715, 4950995.909999996423721 ], [ -8234815.916899999603629, 4951000.893399998545647 ], [ -8234816.362199999392033, 4951005.876999996602535 ], [ -8234816.696100000292063, 4951010.860699996352196 ], [ -8234817.030099999159575, 4951015.990800000727177 ], [ -8234817.364, 4951021.267499998211861 ], [ -8234817.58669999986887, 4951026.544200003147125 ], [ -8234817.8092, 4951031.821000002324581 ], [ -8234817.920499999076128, 4951037.244400002062321 ], [ -8234818.143300000578165, 4951042.814300000667572 ], [ -8234818.143300000578165, 4951048.384199999272823 ], [ -8234818.254599999636412, 4951053.954099997878075 ], [ -8234818.254499999806285, 4951059.67059999704361 ], [ -8234818.254599999636412, 4951065.387100003659725 ], [ -8234818.143200000748038, 4951071.250100001692772 ], [ -8234784.524599999189377, 4951834.652699999511242 ], [ -8234784.1908, 4951843.7412 ], [ -8234783.856899999082088, 4951853.123000003397465 ], [ -8234783.52280000038445, 4951862.797799997031689 ], [ -8234783.077600000426173, 4951872.765900000929832 ], [ -8234782.63230000063777, 4951883.027199998497963 ], [ -8234782.187100000679493, 4951893.435000002384186 ], [ -8234781.630400000140071, 4951903.98929999768734 ], [ -8234781.073899999260902, 4951914.837099999189377 ], [ -8234780.517400000244379, 4951925.977799996733665 ], [ -8234779.84940000064671, 4951937.411799997091293 ], [ -8234779.181500000879169, 4951948.992299996316433 ], [ -8234778.402200000360608, 4951960.719499997794628 ], [ -8234777.622899999842048, 4951972.886500000953674 ], [ -8234776.843599999323487, 4951985.0537 ], [ -8234775.84180000051856, 4951997.807099997997284 ] ] ] } },
{ "type": "Feature", "properties": { "id": 2000508.0, "name": "N", "objectid": 821.0, "rt_symbol": "N", "url": "http://web.mta.info/nyct/service/", "Shape__Len": 2317.0663125599999 }, "geometry": { "type": "MultiLineString", "coordinates": [ [ [ -8235218.893500000238419, 4952452.395900003612041 ], [ -8235197.2972999997437, 4952299.642200000584126 ], [ -8235195.404899999499321, 4952281.17119999974966 ], [ -8235194.0691, 4952262.4070999994874 ], [ -8235193.17850000038743, 4952243.496200002729893 ], [ -8235192.73340000025928, 4952224.145900003612041 ], [ -8235192.733300000429153, 4952204.648900002241135 ], [ -8235193.289799999445677, 4952184.85869999974966 ], [ -8235194.291899999603629, 4952164.628700003027916 ], [ -8235195.739, 4952144.252400003373623 ], [ -8235197.631400000303984, 4952123.582699999213219 ], [ -8235200.080199999734759, 4952102.619999997317791 ], [ -8235202.9748, 4952081.364100001752377 ], [ -8235206.314300000667572, 4952059.96169999986887 ], [ -8235210.099300000816584, 4952038.119599997997284 ], [ -8235214.440600000321865, 4952015.984399996697903 ], [ -8235219.449899999424815, 4951993.702500000596046 ], [ -8235229.914000000804663, 4951941.662799999117851 ], [ -8235254.626900000497699, 4951850.630900003015995 ], [ -8235255.851600000634789, 4951845.939999997615814 ], [ -8235257.187300000339746, 4951841.396099999547005 ], [ -8235258.411800000816584, 4951836.704999998211861 ], [ -8235259.747500000521541, 4951832.01410000026226 ], [ -8235260.8608, 4951827.3235 ], [ -8235262.085400000214577, 4951822.632500000298023 ], [ -8235263.1985, 4951817.941600002348423 ], [ -8235264.311699999496341, 4951813.250900000333786 ], [ -8235265.3136, 4951808.413500003516674 ], [ -8235266.315400000661612, 4951803.576099999248981 ], [ -8235267.317500000819564, 4951798.885200001299381 ], [ -8235268.319199999794364, 4951793.901299998164177 ], [ -8235269.209699999541044, 4951789.063900001347065 ], [ -8235270.100400000810623, 4951784.226400002837181 ], [ -8235270.879499999806285, 4951779.242499999701977 ], [ -8235280.341700000688434, 4951728.523400001227856 ], [ -8235280.787100000306964, 4951725.591600000858307 ], [ -8235281.343599999323487, 4951722.659999996423721 ], [ -8235281.900100000202656, 4951719.728000000119209 ], [ -8235282.456900000572205, 4951716.796400003135204 ], [ -8235283.013499999418855, 4951713.864699997007847 ], [ -8235283.681399999186397, 4951710.93299999833107 ], [ -8235284.237999999895692, 4951707.854599997401237 ], [ -8235284.905799999833107, 4951704.923000000417233 ], [ -8235285.573899999260902, 4951701.8445999994874 ], [ -8235286.241599999368191, 4951698.766199998557568 ], [ -8235286.909499999135733, 4951695.688100002706051 ], [ -8235287.688799999654293, 4951692.6096 ], [ -8235288.356799999251962, 4951689.531400002539158 ], [ -8235289.136099999770522, 4951686.306500002741814 ], [ -8235289.915200000628829, 4951683.228200003504753 ], [ -8235415.0384, 4951162.567900002002716 ], [ -8235416.040300000458956, 4951158.756999999284744 ], [ -8235417.042099999263883, 4951154.945900000631809 ], [ -8235418.043999999761581, 4951151.135099999606609 ], [ -8235419.045800000429153, 4951147.324000000953674 ], [ -8235420.158900000154972, 4951143.659400001168251 ], [ -8235421.160700000822544, 4951139.995099999010563 ], [ -8235422.162799999117851, 4951136.330600000917912 ], [ -8235423.275900000706315, 4951132.66610000282526 ], [ -8235424.277899999171495, 4951129.0016999989748 ], [ -8235425.391100000590086, 4951125.337099999189377 ], [ -8235426.504300000146031, 4951121.672799997031689 ], [ -8235427.506100000813603, 4951118.155000001192093 ], [ -8235428.619400000199676, 4951114.637199997901917 ], [ -8235429.7324, 4951111.119199998676777 ], [ -8235430.84569999948144, 4951107.601300001144409 ], [ -8235500.086500000208616, 4950895.652500003576279 ], [ -8235501.199400000274181, 4950891.841700002551079 ], [ -8235502.424100000411272, 4950888.177299998700619 ], [ -8235503.759999999776483, 4950884.366300001740456 ], [ -8235505.095799999311566, 4950880.555500000715256 ], [ -8235506.177899999544024, 4950877.705700002610683 ], [ -8235550.402799999341369, 4950773.556900002062321 ], [ -8235567.768799999728799, 4950721.670299999415874 ], [ -8235569.215900000184774, 4950717.419799998402596 ], [ -8235570.662900000810623, 4950713.022600002586842 ], [ -8235571.887499999254942, 4950708.772100001573563 ], [ -8235573.112199999392033, 4950704.374899998307228 ], [ -8235574.113900000229478, 4950699.831200003623962 ], [ -8235575.0044, 4950695.434000000357628 ], [ -8235575.895099999383092, 4950690.890500001609325 ], [ -8235576.562899999320507, 4950686.200099997222424 ], [ -8235577.1195, 4950681.656400002539158 ], [ -8235577.676100000739098, 4950676.965899996459484 ], [ -8235578.009999999776483, 4950672.129100002348423 ], [ -8235578.232899999246001, 4950667.438900001347065 ], [ -8235578.455399999395013, 4950662.602300003170967 ], [ -8235578.455399999395013, 4950657.765299998223782 ], [ -8235578.455299999564886, 4950652.928300000727177 ], [ -8235568.770500000566244, 4950459.60360000282526 ], [ -8235568.659199999645352, 4950455.646200001239777 ], [ -8235568.436599999666214, 4950451.688900001347065 ], [ -8235568.325200000777841, 4950447.878100000321865 ], [ -8235568.213999999687076, 4950444.067500002682209 ], [ -8235568.102600000798702, 4950440.110100001096725 ], [ -8235568.102600000798702, 4950436.445900000631809 ], [ -8235568.208100000396371, 4950432.829199999570847 ], [ -8235531.969699999317527, 4950192.324799999594688 ] ] ] } },
{ "type": "Feature", "properties": { "id": 2000413.0, "name": "F", "objectid": 822.0, "rt_symbol": "B", "url": "http://web.mta.info/nyct/service/", "Shape__Len": 693.660669171 }, "geometry": { "type": "MultiLineString", "coordinates": [ [ [ -8234857.5504, 4950064.318099997937679 ], [ -8234850.314500000327826, 4950067.982100002467632 ], [ -8234843.524000000208616, 4950072.085799999535084 ], [ -8234837.401499999687076, 4950076.482699997723103 ], [ -8234831.8355, 4950081.319399997591972 ], [ -8234826.7149, 4950086.595499999821186 ], [ -8234822.262000000104308, 4950092.31139999628067 ], [ -8234818.365900000557303, 4950098.320500001311302 ], [ -8234815.026399999856949, 4950104.769299998879433 ], [ -8234812.131999999284744, 4950111.657600000500679 ], [ -8234809.9057, 4950118.985799998044968 ], [ -8234808.23589999973774, 4950126.607199996709824 ], [ -8234807.122700000181794, 4950134.668099999427795 ], [ -8234806.566099999472499, 4950143.168799996376038 ], [ -8234806.566099999472499, 4950152.108999997377396 ], [ -8234807.122600000351667, 4950161.342500001192093 ], [ -8234826.046800000593066, 4950363.015699997544289 ], [ -8234826.380899999290705, 4950369.171700000762939 ], [ -8234826.826199999079108, 4950375.180699996650219 ], [ -8234827.1601, 4950381.190200001001358 ], [ -8234827.494100000709295, 4950387.199299998581409 ], [ -8234827.716600000858307, 4950393.208499997854233 ], [ -8234827.939300000667572, 4950399.2179000005126 ], [ -8234828.050799999386072, 4950405.226899996399879 ], [ -8234828.050699999555945, 4950411.089900001883507 ], [ -8234828.050699999555945, 4950417.09910000115633 ], [ -8234827.939400000497699, 4950423.108300000429153 ], [ -8234827.828099999576807, 4950429.117600001394749 ], [ -8234827.716700000688434, 4950434.980099998414516 ], [ -8234827.3827, 4950440.989500001072884 ], [ -8234827.04869999922812, 4950446.852300003170967 ], [ -8234826.714800000190735, 4950452.861400000751019 ], [ -8234811.909299999475479, 4950735.887800000607967 ] ] ] } },
{ "type": "Feature", "properties": { "id": 2000469.0, "name": "F", "objectid": 823.0, "rt_symbol": "B", "url": "http://web.mta.info/nyct/service/", "Shape__Len": 726.73472112100001 }, "geometry": { "type": "MultiLineString", "coordinates": [ [ [ -8234963.860400000587106, 4950020.056500002741814 ], [ -8235039.669099999591708, 4949988.545900002121925 ], [ -8235050.689600000157952, 4949984.588699996471405 ], [ -8235061.710200000554323, 4949980.924800001084805 ], [ -8235072.730900000780821, 4949977.553900003433228 ], [ -8235083.6402000002563, 4949974.769100002944469 ], [ -8235094.660800000652671, 4949972.277699999511242 ], [ -8235105.57010000012815, 4949970.079199999570847 ], [ -8235116.479499999433756, 4949968.320500001311302 ], [ -8235127.38880000077188, 4949967.001599997282028 ], [ -8235138.2982, 4949965.975599996745586 ], [ -8235149.096200000494719, 4949965.389300003647804 ], [ -8235159.893999999389052, 4949965.0962999984622 ], [ -8235170.803400000557303, 4949965.242799997329712 ], [ -8235181.601399999111891, 4949965.682499997317791 ], [ -8235192.28800000064075, 4949966.561700001358986 ], [ -8235203.085899999365211, 4949967.880699999630451 ], [ -8235426.392899999395013, 4950007.159199997782707 ], [ -8235439.528599999845028, 4950009.94370000064373 ], [ -8235440.2961, 4950010.155199997127056 ], [ -8235445.67090000025928, 4950011.297899998724461 ], [ -8235451.000900000333786, 4950012.635099999606609 ], [ -8235456.27930000051856, 4950014.164800003170967 ], [ -8235461.499199999496341, 4950015.884900003671646 ], [ -8235466.653899999335408, 4950017.793200001120567 ], [ -8235471.736500000581145, 4950019.887299999594688 ], [ -8235476.740399999544024, 4950022.164499998092651 ], [ -8235481.659, 4950024.621799997985363 ], [ -8235486.48589999973774, 4950027.255800001323223 ], [ -8235491.214800000190735, 4950030.063199996948242 ], [ -8235495.839500000700355, 4950033.040299996733665 ], [ -8235500.354100000113249, 4950036.183399997651577 ], [ -8235504.752699999138713, 4950039.487999998033047 ], [ -8235509.029400000348687, 4950042.950300000607967 ], [ -8235513.17850000038743, 4950046.565200001001358 ], [ -8235517.195000000298023, 4950050.328699998557568 ], [ -8235521.073300000280142, 4950054.234899997711182 ], [ -8235524.808399999514222, 4950058.279600001871586 ], [ -8235528.395500000566244, 4950062.457099996507168 ], [ -8235531.829900000244379, 4950066.762000001966953 ], [ -8235535.107100000604987, 4950071.188699997961521 ], [ -8235538.222799999639392, 4950075.731299996376038 ], [ -8235541.172800000756979, 4950080.384400002658367 ], [ -8235543.953600000590086, 4950085.141099996864796 ], [ -8235548.992200000211596, 4950094.941699996590614 ], [ -8235564.474099999293685, 4950187.813799999654293 ] ] ] } },
{ "type": "Feature", "properties": { "id": 2000468.0, "name": "F", "objectid": 824.0, "rt_symbol": "B", "url": "http://web.mta.info/nyct/service/", "Shape__Len": 115.156004334 }, "geometry": { "type": "MultiLineString", "coordinates": [ [ [ -8234963.860400000587106, 4950020.056500002741814 ], [ -8234857.5504, 4950064.318099997937679 ] ] ] } },
{ "type": "Feature", "properties": { "id": 2000496.0, "name": "D", "objectid": 825.0, "rt_symbol": "B", "url": "http://web.mta.info/nyct/service/", "Shape__Len": 1389.4779117 }, "geometry": { "type": "MultiLineString", "coordinates": [ [ [ -8235835.046900000423193, 4951883.613499999046326 ], [ -8235994.345100000500679, 4952985.7324 ], [ -8235995.235600000247359, 4952993.209299996495247 ], [ -8235996.682700000703335, 4953000.39299999922514 ], [ -8235998.352600000798702, 4953007.430100001394749 ], [ -8236000.467499999329448, 4953014.467100001871586 ], [ -8236003.027799999341369, 4953021.211199998855591 ], [ -8236005.810799999162555, 4953027.808200001716614 ], [ -8236009.039100000634789, 4953034.112300001084805 ], [ -8236012.490000000223517, 4953040.416400000452995 ], [ -8236016.386199999600649, 4953046.573899999260902 ], [ -8236020.727600000798702, 4953052.438100002706051 ], [ -8236025.2917, 4953058.302500002086163 ], [ -8236030.301100000739098, 4953063.873499996960163 ], [ -8236035.644500000402331, 4953069.297899998724461 ], [ -8236041.321699999272823, 4953074.575900003314018 ], [ -8236047.333200000226498, 4953079.707000002264977 ], [ -8236176.129699999466538, 4953182.918999999761581 ] ] ] } },
{ "type": "Feature", "properties": { "id": 2000507.0, "name": "N", "objectid": 826.0, "rt_symbol": "N", "url": "http://web.mta.info/nyct/service/", "Shape__Len": 703.934935892 }, "geometry": { "type": "MultiLineString", "coordinates": [ [ [ -8235218.893500000238419, 4952452.395900003612041 ], [ -8235319.86009999923408, 4953149.052299998700619 ] ] ] } },
{ "type": "Feature", "properties": { "id": 2000495.0, "name": "D", "objectid": 827.0, "rt_symbol": "B", "url": "http://web.mta.info/nyct/service/", "Shape__Len": 974.06340956999998 }, "geometry": { "type": "MultiLineString", "coordinates": [ [ [ -8236176.129699999466538, 4953182.918999999761581 ], [ -8236930.654500000178814, 4953798.948100000619888 ] ] ] } },
{ "type": "Feature", "properties": { "id": 2000483.0, "name": "R", "objectid": 828.0, "rt_symbol": "N", "url": "http://web.mta.info/nyct/service/", "Shape__Len": 1083.5563951700001 }, "geometry": { "type": "MultiLineString", "coordinates": [ [ [ -8240803.569599999114871, 4956846.325099997222424 ], [ -8240482.0789, 4957881.089900001883507 ] ] ] } },
{ "type": "Feature", "properties": { "id": 2000484.0, "name": "R", "objectid": 829.0, "rt_symbol": "N", "url": "http://web.mta.info/nyct/service/", "Shape__Len": 931.26534993400003 }, "geometry": { "type": "MultiLineString", "coordinates": [ [ [ -8241079.419399999082088, 4955956.852200001478195 ], [ -8240803.569599999114871, 4956846.325099997222424 ] ] ] } },
{ "type": "Feature", "properties": { "id": 2000345.0, "name": "F", "objectid": 837.0, "rt_symbol": "B", "url": "http://web.mta.info/nyct/service/", "Shape__Len": 664.996299013 }, "geometry": { "type": "MultiLineString", "coordinates": [ [ [ -8234450.788899999111891, 4978009.248800002038479 ], [ -8233869.701199999079108, 4977685.89580000191927 ] ] ] } },
{ "type": "Feature", "properties": { "id": 2000204.0, "name": "A-C", "objectid": 838.0, "rt_symbol": "A", "url": "http://web.mta.info/nyct/service/", "Shape__Len": 970.60870619499997 }, "geometry": { "type": "MultiLineString", "coordinates": [ [ [ -8234182.063799999654293, 4980808.31530000269413 ], [ -8233712.6294, 4981657.851999998092651 ] ] ] } },
{ "type": "Feature", "properties": { "id": 2000203.0, "name": "A-C", "objectid": 839.0, "rt_symbol": "A", "url": "http://web.mta.info/nyct/service/", "Shape__Len": 744.43444800600003 }, "geometry": { "type": "MultiLineString", "coordinates": [ [ [ -8234541.291600000113249, 4980156.289200000464916 ], [ -8234182.063799999654293, 4980808.31530000269413 ] ] ] } },
{ "type": "Feature", "properties": { "id": 2000027.0, "name": "1", "objectid": 840.0, "rt_symbol": "1", "url": "http://web.mta.info/nyct/service/", "Shape__Len": 1320.65014978 }, "geometry": { "type": "MultiLineString", "coordinates": [ [ [ -8233647.06220000050962, 4984021.888099998235703 ], [ -8233008.310900000855327, 4985177.791900001466274 ] ] ] } },
{ "type": "Feature", "properties": { "id": 2000026.0, "name": "1", "objectid": 841.0, "rt_symbol": "1", "url": "http://web.mta.info/nyct/service/", "Shape__Len": 630.71208608400002 }, "geometry": { "type": "MultiLineString", "coordinates": [ [ [ -8233951.743699999526143, 4983469.649999998509884 ], [ -8233647.06220000050962, 4984021.888099998235703 ] ] ] } },
{ "type": "Feature", "properties": { "id": 2000290.0, "name": "E", "objectid": 842.0, "rt_symbol": "A", "url": "http://web.mta.info/nyct/service/", "Shape__Len": 440.68312110900001 }, "geometry": { "type": "MultiLineString", "coordinates": [ [ [ -8230656.241599999368191, 4975385.401900000870228 ], [ -8230648.115199999883771, 4975389.222599998116493 ], [ -8230640.211400000378489, 4975393.04280000180006 ], [ -8230632.530500000342727, 4975397.304200001060963 ], [ -8230625.072000000625849, 4975401.565399996936321 ], [ -8230617.724700000137091, 4975406.120700001716614 ], [ -8230610.711799999698997, 4975410.822800002992153 ], [ -8230603.810100000351667, 4975415.8191 ], [ -8230597.130799999460578, 4975420.961900003254414 ], [ -8230590.785499999299645, 4975426.251800000667572 ], [ -8230584.551699999719858, 4975431.68860000371933 ], [ -8230578.429199999198318, 4975437.419399999082088 ], [ -8230572.6404, 4975443.2971 ], [ -8230567.074400000274181, 4975449.321699999272823 ], [ -8230561.731300000101328, 4975455.640299998223782 ], [ -8230556.499199999496341, 4975462.105899997055531 ], [ -8230417.015900000929832, 4975633.29559999704361 ], [ -8230396.86710000038147, 4975657.688400000333786 ], [ -8230376.050499999895692, 4975680.46509999781847 ], [ -8230354.454299999400973, 4975701.625399999320507 ] ] ] } },
{ "type": "Feature", "properties": { "id": 2000289.0, "name": "E", "objectid": 843.0, "rt_symbol": "A", "url": "http://web.mta.info/nyct/service/", "Shape__Len": 312.59917006000001 }, "geometry": { "type": "MultiLineString", "coordinates": [ [ [ -8230938.659, 4975251.391999997198582 ], [ -8230656.241599999368191, 4975385.401900000870228 ] ] ] } },
{ "type": "Feature", "properties": { "id": 2000292.0, "name": "E", "objectid": 844.0, "rt_symbol": "A", "url": "http://web.mta.info/nyct/service/", "Shape__Len": 427.78494917099999 }, "geometry": { "type": "MultiLineString", "coordinates": [ [ [ -8229714.255899999290705, 4975835.935099996626377 ], [ -8229467.349300000816584, 4975841.078400000929832 ], [ -8229454.770300000905991, 4975841.666199997067451 ], [ -8229442.413599999621511, 4975842.400700002908707 ], [ -8229430.168600000441074, 4975843.429399996995926 ], [ -8229418.034800000488758, 4975844.605200000107288 ], [ -8229405.900800000876188, 4975846.074600003659725 ], [ -8229393.878399999812245, 4975847.690800003707409 ], [ -8229381.967399999499321, 4975849.601300001144409 ], [ -8229370.167300000786781, 4975851.658500000834465 ], [ -8229358.478800000622869, 4975854.009700000286102 ], [ -8229346.790300000458956, 4975856.508000001311302 ], [ -8229335.21309999935329, 4975859.152999997138977 ], [ -8229323.747300000861287, 4975862.091899998486042 ], [ -8229312.3926, 4975865.324699997901917 ], [ -8229301.14919999986887, 4975868.704700000584126 ], [ -8229289.794800000265241, 4975872.084499999880791 ] ] ] } },
{ "type": "Feature", "properties": { "id": 2000416.0, "name": "N-W", "objectid": 845.0, "rt_symbol": "N", "url": "http://web.mta.info/nyct/service/", "Shape__Len": 865.09809970599997 }, "geometry": { "type": "MultiLineString", "coordinates": [ [ [ -8229802.643699999898672, 4976536.168999999761581 ], [ -8229349.907299999147654, 4977273.342299997806549 ] ] ] } },
{ "type": "Feature", "properties": { "id": 2000212.0, "name": "A-C", "objectid": 846.0, "rt_symbol": "A", "url": "http://web.mta.info/nyct/service/", "Shape__Len": 711.14713328799996 }, "geometry": { "type": "MultiLineString", "coordinates": [ [ [ -8231341.969499999657273, 4986696.162699997425079 ], [ -8231339.297800000756979, 4986701.31139999628067 ], [ -8231336.6261, 4986706.75450000166893 ], [ -8231334.17710000090301, 4986712.197700001299381 ], [ -8231331.727900000289083, 4986717.640799999237061 ], [ -8231329.279100000858307, 4986723.231100000441074 ], [ -8231327.0526, 4986728.8213 ], [ -8231324.826199999079108, 4986734.558899998664856 ], [ -8231322.599899999797344, 4986740.148999996483326 ], [ -8231320.596300000324845, 4986746.033600002527237 ], [ -8231318.592299999669194, 4986751.770999997854233 ], [ -8231316.699999999254942, 4986757.655500002205372 ], [ -8231314.807499999180436, 4986763.686899997293949 ], [ -8231313.137599999085069, 4986769.571599997580051 ], [ -8231311.356599999591708, 4986775.750299997627735 ], [ -8231309.687000000849366, 4986781.929099999368191 ], [ -8231131.687100000679493, 4987375.1074 ] ] ] } },
{ "type": "Feature", "properties": { "id": 2000030.0, "name": "1", "objectid": 847.0, "rt_symbol": "1", "url": "http://web.mta.info/nyct/service/", "Shape__Len": 1258.98943231 }, "geometry": { "type": "MultiLineString", "coordinates": [ [ [ -8232116.419199999421835, 4986791.491400003433228 ], [ -8231507.501599999144673, 4987893.432300001382828 ] ] ] } },
{ "type": "Feature", "properties": { "id": 2000220.0, "name": "B-D", "objectid": 848.0, "rt_symbol": "B", "url": "http://web.mta.info/nyct/service/", "Shape__Len": 918.309770136 }, "geometry": { "type": "MultiLineString", "coordinates": [ [ [ -8231320.803400000557303, 4986686.042700000107288 ], [ -8231239.889399999752641, 4986865.489500001072884 ], [ -8231237.885900000110269, 4986868.28490000218153 ], [ -8231236.216, 4986870.785700000822544 ], [ -8231234.546299999579787, 4986873.433899998664856 ], [ -8231232.987800000235438, 4986876.081799998879433 ], [ -8231231.429400000721216, 4986878.582900002598763 ], [ -8231229.982100000604987, 4986881.230999998748302 ], [ -8231228.535000000149012, 4986883.73200000077486 ], [ -8231227.087799999862909, 4986886.379900000989437 ], [ -8231225.640599999576807, 4986888.880900003015995 ], [ -8231224.3048, 4986891.529100000858307 ], [ -8231222.969000000506639, 4986894.030000001192093 ], [ -8231221.633199999108911, 4986896.678099997341633 ], [ -8231220.408600000664592, 4986899.178999997675419 ], [ -8231219.184100000187755, 4986901.827100001275539 ], [ -8231217.959699999541044, 4986904.328000001609325 ], [ -8231078.030999999493361, 4987190.470799997448921 ], [ -8231069.2369, 4987204.447300001978874 ], [ -8231059.551899999380112, 4987217.688199996948242 ], [ -8231049.087799999862909, 4987230.193099997937679 ], [ -8231038.067299999296665, 4987241.815600000321865 ], [ -8231026.2675, 4987252.555399999022484 ], [ -8231013.799599999561906, 4987262.55969999730587 ], [ -8231000.552799999713898, 4987271.681199997663498 ], [ -8230986.637700000777841, 4987279.919799998402596 ], [ -8230971.943600000813603, 4987287.423100002110004 ], [ -8230956.581399999558926, 4987294.043499998748302 ], [ -8230940.551400000229478, 4987299.928300000727177 ], [ -8230923.742200000211596, 4987304.930500000715256 ], [ -8230906.265100000426173, 4987309.049800001084805 ], [ -8230888.119899999350309, 4987312.286499999463558 ], [ -8230869.195599999278784, 4987314.787500001490116 ], [ -8230862.071100000292063, 4987315.229000002145767 ], [ -8230854.946699999272823, 4987315.817400000989437 ], [ -8230847.933599999174476, 4987316.258699998259544 ], [ -8230840.920499999076128, 4987316.553000003099442 ], [ -8230833.907500000670552, 4987316.994300000369549 ], [ -8230826.894300000742078, 4987317.288400001823902 ], [ -8230819.88120000064373, 4987317.582800000905991 ], [ -8230812.868000000715256, 4987317.877099998295307 ], [ -8230805.854800000786781, 4987318.02419999986887 ], [ -8230798.841600000858307, 4987318.318599998950958 ], [ -8230791.828600000590086, 4987318.465700000524521 ], [ -8230784.815300000831485, 4987318.612700000405312 ], [ -8230777.802400000393391, 4987318.612700000405312 ], [ -8230770.900499999523163, 4987318.759700000286102 ], [ -8230763.776100000366569, 4987318.759800001978874 ] ] ] } },
{ "type": "Feature", "properties": { "id": 2000041.0, "name": "2-3", "objectid": 849.0, "rt_symbol": "1", "url": "http://web.mta.info/nyct/service/", "Shape__Len": 2116.8988555699998 }, "geometry": { "type": "MultiLineString", "coordinates": [ [ [ -8234189.188200000673532, 4982666.570699997246265 ], [ -8234174.939200000837445, 4982687.893100000917912 ], [ -8234160.245200000703335, 4982707.009800001978874 ], [ -8234144.882999999448657, 4982723.920900002121925 ], [ -8234129.186799999326468, 4982738.62610000371933 ], [ -8234112.9342, 4982750.978399999439716 ], [ -8234096.124900000169873, 4982761.272100001573563 ], [ -8234078.759199999272823, 4982769.212999999523163 ], [ -8234060.948100000619888, 4982775.095100000500679 ], [ -8234042.691700000315905, 4982778.624399997293949 ], [ -8234023.878699999302626, 4982780.094999998807907 ], [ -8234004.50899999961257, 4982779.212600000202656 ], [ -8233984.694199999794364, 4982776.124399997293949 ], [ -8233964.322599999606609, 4982770.83049999922514 ], [ -8233943.505999999120831, 4982763.330799996852875 ], [ -8233922.24379999935627, 4982753.772200003266335 ], [ -8233417.410199999809265, 4982472.171099998056889 ], [ -8233392.585699999704957, 4982458.789499998092651 ], [ -8233366.870999999344349, 4982445.408299997448921 ], [ -8233344.050499999895692, 4982435.409000001847744 ], [ -8233321.4527000002563, 4982428.939000003039837 ], [ -8233299.07740000076592, 4982426.292199999094009 ], [ -8233278.03800000064075, 4982427.909599997103214 ], [ -8233253.325200000777841, 4982430.997500002384186 ], [ -8232826.5263, 4982523.784999996423721 ], [ -8232485.55460000038147, 4982608.485799998044968 ], [ -8232444.811799999326468, 4982618.191100001335144 ], [ -8232411.193199999630451, 4982629.072800002992153 ], [ -8232377.1294, 4982644.512999996542931 ], [ -8232351.303400000557303, 4982661.129900000989437 ], [ -8232334.8279, 4982674.511500000953674 ], [ -8232318.352700000628829, 4982689.951899997889996 ], [ -8232299.762399999424815, 4982715.832999996840954 ], [ -8232279.168299999088049, 4982750.243100002408028 ] ] ] } },
{ "type": "Feature", "properties": { "id": 2000023.0, "name": "1-2-3", "objectid": 850.0, "rt_symbol": "1", "url": "http://web.mta.info/nyct/service/", "Shape__Len": 770.35770046200003 }, "geometry": { "type": "MultiLineString", "coordinates": [ [ [ -8234561.32909999974072, 4981992.07039999961853 ], [ -8234554.872700000181794, 4982004.715899996459484 ], [ -8234189.188200000673532, 4982666.570699997246265 ] ] ] } },
{ "type": "Feature", "properties": { "id": 2000125.0, "name": "4-5-6", "objectid": 851.0, "rt_symbol": "4", "url": "http://web.mta.info/nyct/service/", "Shape__Len": 986.227740928 }, "geometry": { "type": "MultiLineString", "coordinates": [ [ [ -8233175.512800000607967, 4979007.741800002753735 ], [ -8232698.5088, 4979870.940700002014637 ] ] ] } },
{ "type": "Feature", "properties": { "id": 2000129.0, "name": "4-5-6", "objectid": 852.0, "rt_symbol": "4", "url": "http://web.mta.info/nyct/service/", "Shape__Len": 606.256192328 }, "geometry": { "type": "MultiLineString", "coordinates": [ [ [ -8231436.257200000807643, 4982153.963799998164177 ], [ -8231143.152899999171495, 4982684.658100001513958 ] ] ] } },
{ "type": "Feature", "properties": { "id": 2000206.0, "name": "A-C", "objectid": 853.0, "rt_symbol": "A", "url": "http://web.mta.info/nyct/service/", "Shape__Len": 758.31409315799999 }, "geometry": { "type": "MultiLineString", "coordinates": [ [ [ -8233351.397600000724196, 4982311.595899999141693 ], [ -8232984.488600000739098, 4982975.23589999973774 ] ] ] } },
{ "type": "Feature", "properties": { "id": 2000044.0, "name": "2-3", "objectid": 854.0, "rt_symbol": "1", "url": "http://web.mta.info/nyct/service/", "Shape__Len": 1087.9349375100001 }, "geometry": { "type": "MultiLineString", "coordinates": [ [ [ -8231574.849899999797344, 4984026.594400003552437 ], [ -8231048.865199999883771, 4984978.929700002074242 ] ] ] } },
{ "type": "Feature", "properties": { "id": 2000043.0, "name": "2-3", "objectid": 855.0, "rt_symbol": "1", "url": "http://web.mta.info/nyct/service/", "Shape__Len": 950.40184705199999 }, "geometry": { "type": "MultiLineString", "coordinates": [ [ [ -8232034.59940000064671, 4983194.792700000107288 ], [ -8231574.849899999797344, 4984026.594400003552437 ] ] ] } },
{ "type": "Feature", "properties": { "id": 2000042.0, "name": "2-3", "objectid": 856.0, "rt_symbol": "1", "url": "http://web.mta.info/nyct/service/", "Shape__Len": 507.38377359200001 }, "geometry": { "type": "MultiLineString", "coordinates": [ [ [ -8232279.168299999088049, 4982750.243100002408028 ], [ -8232034.59940000064671, 4983194.792700000107288 ] ] ] } },
{ "type": "Feature", "properties": { "id": 2000208.0, "name": "A-C", "objectid": 857.0, "rt_symbol": "A", "url": "http://web.mta.info/nyct/service/", "Shape__Len": 957.23465894399999 }, "geometry": { "type": "MultiLineString", "coordinates": [ [ [ -8232619.8059, 4983634.068199999630451 ], [ -8232442.362800000235438, 4983954.97070000320673 ], [ -8232436.574100000783801, 4983964.236299999058247 ], [ -8232431.453400000929832, 4983973.354599997401237 ], [ -8232426.777799999341369, 4983982.620099999010563 ], [ -8232422.547800000756979, 4983992.032700002193451 ], [ -8232418.651699999347329, 4984001.445100001990795 ], [ -8232415.312000000849366, 4984010.857900001108646 ], [ -8232412.306399999186397, 4984020.270300000905991 ], [ -8232409.746099999174476, 4984029.977099999785423 ], [ -8232407.631100000813603, 4984039.536700002849102 ], [ -8232405.961200000718236, 4984049.243500001728535 ], [ -8232404.736600000411272, 4984059.09740000218153 ], [ -8232403.846100000664592, 4984068.951300002634525 ], [ -8232403.512199999764562, 4984078.804999999701977 ], [ -8232403.512299999594688, 4984088.805799998342991 ], [ -8232403.734899999573827, 4984098.806800000369549 ], [ -8232413.642300000414252, 4984303.68129999935627 ], [ -8232413.976199999451637, 4984312.652900002896786 ], [ -8232414.087500000372529, 4984321.183300003409386 ], [ -8232413.976199999451637, 4984329.713600002229214 ], [ -8232413.642300000414252, 4984338.097099997103214 ], [ -8232413.085699999704957, 4984346.186300002038479 ], [ -8232412.195000000298023, 4984354.1283999979496 ], [ -8232411.081900000572205, 4984362.070600003004074 ], [ -8232409.746200000867248, 4984369.718500003218651 ], [ -8232408.076400000602007, 4984377.219400003552437 ], [ -8232406.183800000697374, 4984384.573299996554852 ], [ -8232403.957599999383092, 4984391.780000001192093 ], [ -8232401.619599999859929, 4984398.839699998497963 ], [ -8232398.948100000619888, 4984405.752499997615814 ], [ -8232396.05379999987781, 4984412.370899997651577 ], [ -8232392.714099999517202, 4984418.989399999380112 ], [ -8232337.16579999960959, 4984520.032200001180172 ] ] ] } },
{ "type": "Feature", "properties": { "id": 2000210.0, "name": "A-C", "objectid": 858.0, "rt_symbol": "A", "url": "http://web.mta.info/nyct/service/", "Shape__Len": 1084.56722526 }, "geometry": { "type": "MultiLineString", "coordinates": [ [ [ -8231814.631899999454618, 4985518.014700002968311 ], [ -8231513.846799999475479, 4986371.491899996995926 ], [ -8231511.509199999272823, 4986377.8175999969244 ], [ -8231509.060000000521541, 4986383.995999999344349 ], [ -8231506.611099999397993, 4986390.02759999781847 ], [ -8231504.16190000064671, 4986395.911700002849102 ], [ -8231501.601700000464916, 4986401.795999996364117 ], [ -8231499.041400000452995, 4986407.53320000320673 ], [ -8231496.481000000610948, 4986413.270400002598763 ], [ -8231493.809299999848008, 4986418.860500000417233 ], [ -8231491.137700000777841, 4986424.30349999666214 ], [ -8231488.466, 4986429.7466000020504 ], [ -8231485.682900000363588, 4986434.895300000905991 ], [ -8231482.900100000202656, 4986440.191299997270107 ], [ -8231480.005599999800324, 4986445.193000003695488 ], [ -8231477.111400000751019, 4986450.194600000977516 ], [ -8231474.2171, 4986455.04900000244379 ], [ -8231432.472200000658631, 4986531.398400001227856 ] ] ] } },
{ "type": "Feature", "properties": { "id": 2000029.0, "name": "1", "objectid": 859.0, "rt_symbol": "1", "url": "http://web.mta.info/nyct/service/", "Shape__Len": 763.48094257599996 }, "geometry": { "type": "MultiLineString", "coordinates": [ [ [ -8232485.554700000211596, 4986123.17849999666214 ], [ -8232116.419199999421835, 4986791.491400003433228 ] ] ] } },
{ "type": "Feature", "properties": { "id": 2000211.0, "name": "A-C", "objectid": 860.0, "rt_symbol": "A", "url": "http://web.mta.info/nyct/service/", "Shape__Len": 187.98882184499999 }, "geometry": { "type": "MultiLineString", "coordinates": [ [ [ -8231432.472200000658631, 4986531.398400001227856 ], [ -8231424.902599999681115, 4986545.962300002574921 ], [ -8231341.969499999657273, 4986696.162699997425079 ] ] ] } },
{ "type": "Feature", "properties": { "id": 2000131.0, "name": "4-5-6", "objectid": 861.0, "rt_symbol": "4", "url": "http://web.mta.info/nyct/service/", "Shape__Len": 1387.7325839800001 }, "geometry": { "type": "MultiLineString", "coordinates": [ [ [ -8230695.3147, 4983494.797899998724461 ], [ -8230692.642899999395013, 4983499.798000000417233 ], [ -8230371.48619999922812, 4984080.128600001335144 ], [ -8230368.925699999555945, 4984084.687799997627735 ], [ -8230366.365599999204278, 4984089.100100003182888 ], [ -8230363.80519999936223, 4984093.512199997901917 ], [ -8230361.133400000631809, 4984097.924400001764297 ], [ -8230358.573000000789762, 4984102.042400002479553 ], [ -8230356.013000000268221, 4984106.307599999010563 ], [ -8230353.45240000076592, 4984110.278499998152256 ], [ -8230351.003499999642372, 4984114.396600000560284 ], [ -8230348.443199999630451, 4984118.220499999821186 ], [ -8230345.8827, 4984122.044200003147125 ], [ -8230343.433800000697374, 4984125.868199996650219 ], [ -8230340.873299999162555, 4984129.545000001788139 ], [ -8230338.424200000241399, 4984133.222000002861023 ], [ -8230335.975199999287724, 4984136.751800000667572 ], [ -8230333.526200000196695, 4984140.134199999272823 ], [ -8229953.592700000852346, 4984664.758900001645088 ] ] ] } },
{ "type": "Feature", "properties": { "id": 2000049.0, "name": "2", "objectid": 862.0, "rt_symbol": "1", "url": "http://web.mta.info/nyct/service/", "Shape__Len": 125.161019162 }, "geometry": { "type": "MultiLineString", "coordinates": [ [ [ -8229603.047700000926852, 4985634.366700001060963 ], [ -8229484.603700000792742, 4985593.915500000119209 ] ] ] } },
{ "type": "Feature", "properties": { "id": 2000417.0, "name": "N-W", "objectid": 925.0, "rt_symbol": "N", "url": "http://web.mta.info/nyct/service/", "Shape__Len": 855.793183473 }, "geometry": { "type": "MultiLineString", "coordinates": [ [ [ -8229349.907299999147654, 4977273.342299997806549 ], [ -8228901.401000000536442, 4978002.193499997258186 ] ] ] } },
{ "type": "Feature", "properties": { "id": 2000218.0, "name": "A", "objectid": 863.0, "rt_symbol": "A", "url": "http://web.mta.info/nyct/service/", "Shape__Len": 1247.0848456199999 }, "geometry": { "type": "MultiLineString", "coordinates": [ [ [ -8230315.269899999722838, 4991569.5779 ], [ -8229944.798499999567866, 4992201.318099997937679 ], [ -8229940.568399999290705, 4992208.089000001549721 ], [ -8229936.338400000706315, 4992214.712700001895428 ], [ -8229931.774299999698997, 4992221.336499996483326 ], [ -8229927.210200000554323, 4992227.813199996948242 ], [ -8229922.311899999156594, 4992234.142499998211861 ], [ -8229917.302699999883771, 4992240.472000002861023 ], [ -8229912.070599999278784, 4992246.801299996674061 ], [ -8229906.727399999275804, 4992252.98369999974966 ], [ -8229901.050000000745058, 4992259.165799997746944 ], [ -8229895.261499999091029, 4992265.200800001621246 ], [ -8229889.361500000581145, 4992271.088799998164177 ], [ -8229883.238800000399351, 4992276.976499997079372 ], [ -8229876.893699999898672, 4992282.864399999380112 ], [ -8229870.325899999588728, 4992288.604900002479553 ], [ -8229863.64670000039041, 4992294.345600001513958 ], [ -8229698.893799999728799, 4992418.432899996638298 ], [ -8229637.44539999961853, 4992460.826200000941753 ], [ -8229630.76630000025034, 4992465.536499999463558 ], [ -8229624.087099999189377, 4992470.246799997985363 ], [ -8229617.630599999800324, 4992474.810099996626377 ], [ -8229611.174000000581145, 4992479.226099997758865 ], [ -8229604.8289, 4992483.641999997198582 ], [ -8229598.595100000500679, 4992487.910700000822544 ], [ -8229592.361099999397993, 4992492.032399997115135 ], [ -8229586.349700000137091, 4992496.153899997472763 ], [ -8229580.338600000366569, 4992500.128300003707409 ], [ -8229574.438500000163913, 4992503.95549999922514 ], [ -8229568.538699999451637, 4992507.635600000619888 ], [ -8229562.861600000411272, 4992511.315499998629093 ], [ -8229557.1842, 4992514.9956 ], [ -8229551.618100000545382, 4992518.381099998950958 ], [ -8229546.163499999791384, 4992521.766699999570847 ] ] ] } },
{ "type": "Feature", "properties": { "id": 2000213.0, "name": "A-C", "objectid": 864.0, "rt_symbol": "A", "url": "http://web.mta.info/nyct/service/", "Shape__Len": 835.33063736700001 }, "geometry": { "type": "MultiLineString", "coordinates": [ [ [ -8231131.687100000679493, 4987375.1074 ], [ -8231042.074799999594688, 4987726.882799997925758 ], [ -8231041.073000000789762, 4987731.44370000064373 ], [ -8231039.959799999371171, 4987736.004600003361702 ], [ -8231038.846699999645352, 4987740.712700001895428 ], [ -8231037.73340000025928, 4987745.420699998736382 ], [ -8231036.50899999961257, 4987750.128799997270107 ], [ -8231035.284299999475479, 4987754.984099999070168 ], [ -8231034.059800000861287, 4987759.839299999177456 ], [ -8231032.723799999803305, 4987764.694499999284744 ], [ -8231031.3881, 4987769.549800001084805 ], [ -8231029.940999999642372, 4987774.552100002765656 ], [ -8231028.493899999186397, 4987779.407300002872944 ], [ -8231027.046700000762939, 4987784.556800000369549 ], [ -8231025.487999999895692, 4987789.559199996292591 ], [ -8231023.92989999987185, 4987794.708700001239777 ], [ -8231022.371099999174476, 4987799.858199998736382 ], [ -8230953.687100000679493, 4988004.663400001823902 ], [ -8230951.572000000625849, 4988010.990000002086163 ], [ -8230949.790999999269843, 4988017.316500000655651 ], [ -8230948.2325, 4988023.643200002610683 ], [ -8230946.785399999469519, 4988030.11710000038147 ], [ -8230945.449400000274181, 4988036.590800002217293 ], [ -8230944.447599999606609, 4988043.211800001561642 ], [ -8230943.445900000631809, 4988049.832699999213219 ], [ -8230942.777699999511242, 4988056.600900001823902 ], [ -8230942.221300000324845, 4988063.369000002741814 ], [ -8230941.887299999594688, 4988070.137000001966953 ], [ -8230941.664599999785423, 4988077.052299998700619 ], [ -8230941.664599999785423, 4988084.114600002765656 ], [ -8230941.775900000706315, 4988091.177100002765656 ], [ -8230942.109899999573827, 4988098.239500001072884 ], [ -8230942.777899999171495, 4988105.449100002646446 ], [ -8230951.126900000497699, 4988183.576999999582767 ] ] ] } },
{ "type": "Feature", "properties": { "id": 2000032.0, "name": "1", "objectid": 865.0, "rt_symbol": "1", "url": "http://web.mta.info/nyct/service/", "Shape__Len": 1504.56755843 }, "geometry": { "type": "MultiLineString", "coordinates": [ [ [ -8230977.954700000584126, 4988852.031000003218651 ], [ -8230250.25929999910295, 4990168.914800003170967 ] ] ] } },
{ "type": "Feature", "properties": { "id": 2000215.0, "name": "A", "objectid": 866.0, "rt_symbol": "A", "url": "http://web.mta.info/nyct/service/", "Shape__Len": 1034.7738226700001 }, "geometry": { "type": "MultiLineString", "coordinates": [ [ [ -8230914.279999999329448, 4988876.015600003302097 ], [ -8230895.244300000369549, 4988975.486000001430511 ], [ -8230893.685900000855327, 4988983.873199999332428 ], [ -8230892.238900000229478, 4988992.260499998927116 ], [ -8230890.7917, 4989000.795000001788139 ], [ -8230889.455700000748038, 4989009.329499997198582 ], [ -8230888.231300000101328, 4989018.011200003325939 ], [ -8230887.118100000545382, 4989026.84009999781847 ], [ -8230886.004899999126792, 4989035.668799996376038 ], [ -8230885.114399999380112, 4989044.497699998319149 ], [ -8230884.223799999803305, 4989053.620800003409386 ], [ -8230883.444599999114871, 4989062.596799999475479 ], [ -8230882.665200000628829, 4989071.867200002074242 ], [ -8230881.997500000521541, 4989081.13740000128746 ], [ -8230881.55210000090301, 4989090.407999999821186 ], [ -8230880.9956, 4989099.825199998915195 ], [ -8230880.661599999293685, 4989109.389700002968311 ], [ -8230874.316299999132752, 4989169.4265 ], [ -8230873.648399999365211, 4989177.519799999892712 ], [ -8230872.869200000539422, 4989185.907300002872944 ], [ -8230871.97859999909997, 4989194.294799998402596 ], [ -8230871.08809999935329, 4989202.976599998772144 ], [ -8230869.974899999797344, 4989211.658500000834465 ], [ -8230868.75029999949038, 4989220.63459999859333 ], [ -8230867.525900000706315, 4989229.905000001192093 ], [ -8230866.189999999478459, 4989239.175599999725819 ], [ -8230864.63150000013411, 4989248.593099996447563 ], [ -8230863.073100000619888, 4989258.304999999701977 ], [ -8230861.403300000354648, 4989268.164099998772144 ], [ -8230859.622099999338388, 4989278.023400001227856 ], [ -8230857.729800000786781, 4989288.17679999768734 ], [ -8230855.837300000712276, 4989298.624399997293949 ], [ -8230853.722200000658631, 4989309.072300001978874 ], [ -8230839.139399999752641, 4989397.951899997889996 ], [ -8230839.028100000694394, 4989408.8412000015378 ], [ -8230839.584499999880791, 4989419.436099998652935 ], [ -8230840.69789999909699, 4989430.031199999153614 ], [ -8230842.478800000622869, 4989440.332000002264977 ], [ -8230844.816600000485778, 4989450.485600002110004 ], [ -8230847.822300000116229, 4989460.639200001955032 ], [ -8230851.384600000455976, 4989470.645599998533726 ], [ -8230855.5033, 4989480.357799999415874 ], [ -8230860.290100000798702, 4989490.070000000298023 ], [ -8230865.744699999690056, 4989499.634900003671646 ], [ -8230871.6447, 4989509.052699998021126 ], [ -8230878.323799999430776, 4989518.323600001633167 ], [ -8230885.448200000450015, 4989527.44709999859333 ], [ -8230893.240599999204278, 4989536.570699997246265 ], [ -8230901.700799999758601, 4989545.399999998509884 ], [ -8230930.755300000309944, 4989574.536700002849102 ], [ -8230938.2138, 4989582.924400001764297 ], [ -8230945.004200000315905, 4989591.753799997270107 ], [ -8230951.126900000497699, 4989600.730400003492832 ], [ -8230956.470300000160933, 4989610.00110000371933 ], [ -8230961.145500000566244, 4989619.713299997150898 ], [ -8230965.041899999603629, 4989629.572999998927116 ], [ -8230968.381400000303984, 4989639.87389999628067 ], [ -8230970.941600000485778, 4989650.321999996900558 ], [ -8230972.722699999809265, 4989661.064400002360344 ], [ -8230973.947300000116229, 4989672.2483000010252 ], [ -8230974.392699999734759, 4989683.726400002837181 ], [ -8230974.1699, 4989695.351999998092651 ], [ -8230973.167899999767542, 4989707.41889999806881 ], [ -8230971.498400000855327, 4989719.63289999961853 ], [ -8230969.049200000241399, 4989731.994099996984005 ], [ -8230930.198699999600649, 4989857.8147 ] ] ] } },
{ "type": "Feature", "properties": { "id": 2000302.0, "name": "R", "objectid": 867.0, "rt_symbol": "N", "url": "http://web.mta.info/nyct/service/", "Shape__Len": 976.65873586400005 }, "geometry": { "type": "MultiLineString", "coordinates": [ [ [ -8223073.980000000447035, 4973075.696400001645088 ], [ -8223055.242900000885129, 4973066.071800000965595 ], [ -8223036.759199999272823, 4973056.255500003695488 ], [ -8223018.604100000113249, 4973046.433700002729893 ], [ -8223000.682399999350309, 4973036.404500000178814 ], [ -8222983.2686, 4973026.257299996912479 ], [ -8222966.2478, 4973016.141599997878075 ], [ -8222949.499800000339746, 4973005.91780000180006 ], [ -8222933.324799999594688, 4972995.468800000846386 ], [ -8222917.394899999722838, 4972985.181400001049042 ], [ -8222901.88880000077188, 4972974.648900002241135 ], [ -8222886.660900000482798, 4972964.00110000371933 ], [ -8222871.987500000745058, 4972953.343500003218651 ], [ -8222857.5647, 4972942.552599996328354 ], [ -8222843.585400000214577, 4972931.754000000655651 ], [ -8222829.872700000181794, 4972920.836400002241135 ], [ -8222815.810699999332428, 4972909.383100003004074 ], [ -8222801.465900000184774, 4972898.423299998044968 ], [ -8222786.718100000172853, 4972887.547499999403954 ], [ -8222771.381799999624491, 4972876.782399997115135 ], [ -8222755.557700000703335, 4972865.981100000441074 ], [ -8222739.373500000685453, 4972855.37389999628067 ], [ -8222722.597400000318885, 4972844.87950000166893 ], [ -8222705.414300000295043, 4972834.480400003492832 ], [ -8222687.758500000461936, 4972824.125299997627735 ], [ -8222669.649399999529123, 4972814.047799997031689 ], [ -8222650.823000000789762, 4972803.877499997615814 ], [ -8222631.778400000184774, 4972793.76690000295639 ], [ -8222612.19789999909699, 4972783.950900003314018 ], [ -8222592.0932, 4972774.092299997806549 ], [ -8222571.556099999696016, 4972764.423500001430511 ], [ -8222225.681600000709295, 4972597.0471 ] ] ] } },
{ "type": "Feature", "properties": { "id": 2000297.0, "name": "R", "objectid": 868.0, "rt_symbol": "N", "url": "http://web.mta.info/nyct/service/", "Shape__Len": 964.50728256599996 }, "geometry": { "type": "MultiLineString", "coordinates": [ [ [ -8227167.17820000089705, 4975981.3706 ], [ -8226326.380799999460578, 4975508.78830000013113 ] ] ] } },
{ "type": "Feature", "properties": { "id": 2000301.0, "name": "R", "objectid": 869.0, "rt_symbol": "N", "url": "http://web.mta.info/nyct/service/", "Shape__Len": 1083.80613296 }, "geometry": { "type": "MultiLineString", "coordinates": [ [ [ -8223952.616499999538064, 4973637.782600000500679 ], [ -8223933.85359999909997, 4973592.826800003647804 ], [ -8223922.490299999713898, 4973564.563699997961521 ], [ -8223910.076400000602007, 4973538.378499999642372 ], [ -8223896.410000000149012, 4973513.351199999451637 ], [ -8223881.3158, 4973489.390600003302097 ], [ -8223864.705800000578165, 4973466.492399998009205 ], [ -8223846.829299999400973, 4973444.575499996542931 ], [ -8223827.566500000655651, 4973423.902500003576279 ], [ -8223806.922499999403954, 4973404.062899999320507 ], [ -8223784.769799999892712, 4973385.458400003612041 ], [ -8223761.260099999606609, 4973367.769100002944469 ], [ -8223736.20240000076592, 4973351.164300002157688 ], [ -8223709.836100000888109, 4973335.527000002563 ], [ -8223681.875099999830127, 4973321.106100000441074 ], [ -8223652.448000000789762, 4973307.499499998986721 ], [ -8223621.301699999719858, 4973295.139499999582767 ], [ -8223264.906500000506639, 4973156.373000003397465 ], [ -8223251.718100000172853, 4973151.35809999704361 ], [ -8223238.552799999713898, 4973146.160599999129772 ], [ -8223225.528300000354648, 4973141.018700003623962 ], [ -8223212.327600000426173, 4973135.807499997317791 ], [ -8223199.350700000301003, 4973130.446400001645088 ], [ -8223186.479599999263883, 4973125.129100002348423 ], [ -8223173.831399999558926, 4973119.81139999628067 ], [ -8223161.142799999564886, 4973114.476599998772144 ], [ -8223148.492799999192357, 4973109.010499998927116 ], [ -8223136.064200000837445, 4973103.6908999979496 ], [ -8223123.523399999365211, 4973098.174199998378754 ], [ -8223111.315400000661612, 4973092.705600000917912 ], [ -8223099.181800000369549, 4973087.270099997520447 ], [ -8223086.859999999403954, 4973081.750399999320507 ], [ -8223074.762499999254942, 4973076.080399997532368 ] ] ] } },
{ "type": "Feature", "properties": { "id": 2000291.0, "name": "R", "objectid": 870.0, "rt_symbol": "N", "url": "http://web.mta.info/nyct/service/", "Shape__Len": 689.122437956 }, "geometry": { "type": "MultiLineString", "coordinates": [ [ [ -8230370.278100000694394, 4975719.881800003349781 ], [ -8230347.344399999827147, 4975739.913500003516674 ], [ -8230322.8936, 4975758.754199996590614 ], [ -8230297.51799999922514, 4975775.888800002634525 ], [ -8230271.414300000295043, 4975791.340700000524521 ], [ -8230244.329199999570847, 4975805.116099998354912 ], [ -8230216.285800000652671, 4975817.197499997913837 ], [ -8230187.512399999424815, 4975827.387999996542931 ], [ -8230157.947599999606609, 4975836.026399999856949 ], [ -8230127.448699999600649, 4975842.81360000371933 ], [ -8230096.261800000444055, 4975847.882700003683567 ], [ -8230064.229499999433756, 4975851.253600001335144 ], [ -8230031.964099999517202, 4975852.920999996364117 ], [ -8229714.801100000739098, 4975860.128899998962879 ] ] ] } },
{ "type": "Feature", "properties": { "id": 2000290.0, "name": "M", "objectid": 871.0, "rt_symbol": "B", "url": "http://web.mta.info/nyct/service/", "Shape__Len": 448.77618329400002 }, "geometry": { "type": "MultiLineString", "coordinates": [ [ [ -8230646.017899999395013, 4975363.487199999392033 ], [ -8230637.773900000378489, 4975367.362800002098083 ], [ -8230629.143799999728799, 4975371.534599997103214 ], [ -8230620.738099999725819, 4975376.197800002992153 ], [ -8230612.772700000554323, 4975380.748700000345707 ], [ -8230604.693099999800324, 4975385.758299998939037 ], [ -8230596.963500000536442, 4975390.940700002014637 ], [ -8230589.421700000762939, 4975396.399800002574921 ], [ -8230582.089099999517202, 4975402.046099998056889 ], [ -8230575.178400000557303, 4975407.807300001382828 ], [ -8230568.422399999573827, 4975413.699699997901917 ], [ -8230561.631400000303984, 4975420.056000001728535 ], [ -8230555.227700000628829, 4975426.558300003409386 ], [ -8230549.040100000798702, 4975433.255800001323223 ], [ -8230543.1853, 4975440.178900003433228 ], [ -8230537.814400000497699, 4975446.815999999642372 ], [ -8230398.407600000500679, 4975617.911100000143051 ], [ -8230378.696000000461936, 4975641.774999998509884 ], [ -8230358.736600000411272, 4975663.612999998033047 ], [ -8230337.61629999987781, 4975684.307199999690056 ] ] ] } },
{ "type": "Feature", "properties": { "id": 2000289.0, "name": "M", "objectid": 872.0, "rt_symbol": "B", "url": "http://web.mta.info/nyct/service/", "Shape__Len": 312.59859893599997 }, "geometry": { "type": "MultiLineString", "coordinates": [ [ [ -8230928.3574, 4975229.514600001275539 ], [ -8230645.940300000831485, 4975363.523800000548363 ] ] ] } },
{ "type": "Feature", "properties": { "id": 2000290.0, "name": "R", "objectid": 873.0, "rt_symbol": "N", "url": "http://web.mta.info/nyct/service/", "Shape__Len": 432.589374835 }, "geometry": { "type": "MultiLineString", "coordinates": [ [ [ -8230666.465199999511242, 4975407.3169 ], [ -8230658.456299999728799, 4975411.082099996507168 ], [ -8230651.279200000688434, 4975414.551399998366833 ], [ -8230644.322699999436736, 4975418.410700000822544 ], [ -8230637.371300000697374, 4975422.382500000298023 ], [ -8230630.756799999624491, 4975426.483400002121925 ], [ -8230624.460200000554323, 4975430.704999998211861 ], [ -8230618.1985, 4975435.237999998033047 ], [ -8230612.17259999923408, 4975439.877700001001358 ], [ -8230606.392899999395013, 4975444.6963 ], [ -8230600.68099999986589, 4975449.67790000140667 ], [ -8230595.22690000012517, 4975454.782999999821186 ], [ -8230590.05350000038743, 4975460.036100000143051 ], [ -8230585.108999999240041, 4975465.387800000607967 ], [ -8230580.277100000530481, 4975471.101800002157688 ], [ -8230575.184000000357628, 4975477.395499996840954 ], [ -8230435.624199999496341, 4975648.679899998009205 ], [ -8230415.03830000013113, 4975673.601899996399879 ], [ -8230393.364, 4975697.31700000166893 ], [ -8230371.292500000447035, 4975718.943300001323223 ] ] ] } },
{ "type": "Feature", "properties": { "id": 2000289.0, "name": "R", "objectid": 874.0, "rt_symbol": "N", "url": "http://web.mta.info/nyct/service/", "Shape__Len": 312.59996934399999 }, "geometry": { "type": "MultiLineString", "coordinates": [ [ [ -8230948.960699999704957, 4975273.26969999819994 ], [ -8230666.542700000107288, 4975407.280199997127056 ] ] ] } },
{ "type": "Feature", "properties": { "id": 2000288.0, "name": "M", "objectid": 875.0, "rt_symbol": "B", "url": "http://web.mta.info/nyct/service/", "Shape__Len": 219.633462528 }, "geometry": { "type": "MultiLineString", "coordinates": [ [ [ -8231126.852800000458956, 4975135.467799998819828 ], [ -8230928.370500000193715, 4975229.508400000631809 ] ] ] } },
{ "type": "Feature", "properties": { "id": 2000315.0, "name": "J-Z", "objectid": 876.0, "rt_symbol": "J", "url": "http://web.mta.info/nyct/service/", "Shape__Len": 380.521459488 }, "geometry": { "type": "MultiLineString", "coordinates": [ [ [ -8216606.241599999368191, 4968089.627899996936321 ], [ -8216453.632400000467896, 4968146.489799998700619 ], [ -8216446.567500000819564, 4968149.19539999961853 ], [ -8216439.715900000184774, 4968151.862099997699261 ], [ -8216432.511, 4968154.666299998760223 ], [ -8216425.31220000050962, 4968157.779500000178814 ], [ -8216418.455, 4968160.744999997317791 ], [ -8216411.508099999278784, 4968163.799500003457069 ], [ -8216404.433299999684095, 4968167.065399996936321 ], [ -8216397.559599999338388, 4968170.389799997210503 ], [ -8216390.61570000089705, 4968173.748199999332428 ], [ -8216383.598600000143051, 4968177.356499999761581 ], [ -8216376.845200000330806, 4968180.980099998414516 ], [ -8216370.095000000670552, 4968184.601999998092651 ], [ -8216363.2697, 4968188.416500002145767 ], [ -8216356.478499999269843, 4968192.27759999781847 ], [ -8216349.798100000247359, 4968196.296899996697903 ], [ -8216343.661299999803305, 4968200.055200003087521 ], [ -8216337.78999999910593, 4968203.512599997222424 ], [ -8216332.00730000063777, 4968206.781499996781349 ], [ -8216325.932, 4968210.015000000596046 ], [ -8216319.58669999986887, 4968213.392300002276897 ], [ -8216313.631899999454618, 4968216.561700001358986 ], [ -8216307.757799999788404, 4968219.416199997067451 ], [ -8216301.374800000339746, 4968222.464599996805191 ], [ -8216295.394500000402331, 4968225.320799998939037 ], [ -8216289.243599999696016, 4968227.933499999344349 ], [ -8216282.853399999439716, 4968230.694700002670288 ], [ -8216276.454500000923872, 4968233.367399998009205 ], [ -8216270.310499999672174, 4968235.839800000190735 ], [ -8216264.188400000333786, 4968238.127899996936321 ], [ -8216257.676799999549985, 4968240.380699999630451 ] ] ] } },
{ "type": "Feature", "properties": { "id": 2000303.0, "name": "E", "objectid": 877.0, "rt_symbol": "A", "url": "http://web.mta.info/nyct/service/", "Shape__Len": 1103.2860198799999 }, "geometry": { "type": "MultiLineString", "coordinates": [ [ [ -8222236.146600000560284, 4972575.254900000989437 ], [ -8221431.751900000497699, 4972188.917599998414516 ], [ -8221421.065199999138713, 4972183.482500001788139 ], [ -8221410.155999999493361, 4972178.04730000346899 ], [ -8221399.13539999909699, 4972172.318599998950958 ], [ -8221387.780799999833107, 4972166.296099998056889 ], [ -8221376.203500000759959, 4972160.273199997842312 ], [ -8221364.4035, 4972153.810099996626377 ], [ -8221352.381100000813603, 4972147.346799999475479 ], [ -8221340.024599999189377, 4972140.589699998497963 ], [ -8221327.556900000199676, 4972133.538900002837181 ], [ -8221314.755300000309944, 4972126.3412000015378 ], [ -8221301.730699999257922, 4972118.996500000357628 ], [ -8221288.483799999579787, 4972111.358000002801418 ], [ -8221274.902699999511242, 4972103.572899997234344 ], [ -8221261.210400000214577, 4972095.493600003421307 ], [ -8221247.07289999909699, 4972087.120899997651577 ] ] ] } },
{ "type": "Feature", "properties": { "id": 2000297.0, "name": "E", "objectid": 878.0, "rt_symbol": "A", "url": "http://web.mta.info/nyct/service/", "Shape__Len": 964.50521835799998 }, "geometry": { "type": "MultiLineString", "coordinates": [ [ [ -8227178.954500000923872, 4975960.254199996590614 ], [ -8226338.158399999141693, 4975487.673799999058247 ] ] ] } },
{ "type": "Feature", "properties": { "id": 2000183.0, "name": "7", "objectid": 879.0, "rt_symbol": "7", "url": "http://web.mta.info/nyct/service/", "Shape__Len": 796.20892869700003 }, "geometry": { "type": "MultiLineString", "coordinates": [ [ [ -8223906.940700000151992, 4975302.380300000309944 ], [ -8223118.130999999120831, 4975410.675800003111362 ] ] ] } },
{ "type": "Feature", "properties": { "id": 2000210.0, "name": "B-D", "objectid": 897.0, "rt_symbol": "B", "url": "http://web.mta.info/nyct/service/", "Shape__Len": 1080.64623536 }, "geometry": { "type": "MultiLineString", "coordinates": [ [ [ -8231791.882799999788404, 4985509.935699999332428 ], [ -8231491.156999999657273, 4986363.237999998033047 ], [ -8231488.981699999421835, 4986369.124799996614456 ], [ -8231486.6743, 4986374.945200003683567 ], [ -8231484.302999999374151, 4986380.785599999129772 ], [ -8231481.969100000336766, 4986386.39299999922514 ], [ -8231479.531600000336766, 4986391.994999997317791 ], [ -8231477.0175, 4986397.628700003027916 ], [ -8231474.586200000718236, 4986403.076800003647804 ], [ -8231472.105599999427795, 4986408.266699999570847 ], [ -8231469.490000000223517, 4986413.59570000320673 ], [ -8231467.027899999171495, 4986418.611400000751019 ], [ -8231464.403899999335408, 4986423.4662000015378 ], [ -8231461.784700000658631, 4986428.450099997222424 ], [ -8231459.1381, 4986433.023999996483326 ], [ -8231456.322799999266863, 4986437.888800002634525 ], [ -8231453.278100000694394, 4986442.995899997651577 ], [ -8231411.316099999472499, 4986519.741700001060963 ] ] ] } },
{ "type": "Feature", "properties": { "id": 2000301.0, "name": "E", "objectid": 880.0, "rt_symbol": "A", "url": "http://web.mta.info/nyct/service/", "Shape__Len": 1101.61557687 }, "geometry": { "type": "MultiLineString", "coordinates": [ [ [ -8223974.845799999311566, 4973628.432800002396107 ], [ -8223956.143999999389052, 4973583.623800002038479 ], [ -8223944.566700000315905, 4973554.82880000025034 ], [ -8223931.542400000616908, 4973527.355700001120567 ], [ -8223917.182199999690056, 4973501.058300003409386 ], [ -8223901.263399999588728, 4973475.789300002157688 ], [ -8223883.786299999803305, 4973451.695699997246265 ], [ -8223864.973400000482798, 4973428.630300000309944 ], [ -8223844.71309999935329, 4973406.88740000128746 ], [ -8223823.005999999120831, 4973386.026000000536442 ], [ -8223799.740000000223517, 4973366.486599996685982 ], [ -8223775.138499999418855, 4973347.976000003516674 ], [ -8223748.978499999269843, 4973330.640500001609325 ], [ -8223721.4825, 4973314.33330000191927 ], [ -8223692.42820000089705, 4973299.348600000143051 ], [ -8223661.926400000229478, 4973285.245200000703335 ], [ -8223630.089099999517202, 4973272.610799998044968 ], [ -8223273.5329, 4973133.7820999994874 ], [ -8223260.397299999371171, 4973128.787299998104572 ], [ -8223247.372899999842048, 4973123.645599998533726 ], [ -8223234.348400000482798, 4973118.503799997270107 ], [ -8223221.323899999260902, 4973113.362000003457069 ], [ -8223208.522199999541044, 4973108.073299996554852 ], [ -8223195.720499999821186, 4973102.784800000488758 ], [ -8223183.1415, 4973097.495999999344349 ], [ -8223170.562300000339746, 4973092.207400001585484 ], [ -8223157.983300000429153, 4973086.771799996495247 ], [ -8223145.626800000667572, 4973081.48309999704361 ], [ -8223133.270300000905991, 4973076.047700002789497 ], [ -8223121.136499999091029, 4973070.612000003457069 ], [ -8223109.002699999138713, 4973065.1765 ], [ -8223096.86879999935627, 4973059.741099998354912 ], [ -8223084.957699999213219, 4973054.158600002527237 ] ] ] } },
{ "type": "Feature", "properties": { "id": 2000181.0, "name": "7", "objectid": 881.0, "rt_symbol": "7", "url": "http://web.mta.info/nyct/service/", "Shape__Len": 865.07330068700003 }, "geometry": { "type": "MultiLineString", "coordinates": [ [ [ -8225552.354299999773502, 4975073.156199999153614 ], [ -8224695.528100000694394, 4975192.322800002992153 ] ] ] } },
{ "type": "Feature", "properties": { "id": 2000211.0, "name": "A-C", "objectid": 882.0, "rt_symbol": "A", "url": "http://web.mta.info/nyct/service/", "Shape__Len": 187.98882184499999 }, "geometry": { "type": "MultiLineString", "coordinates": [ [ [ -8231432.472200000658631, 4986531.398400001227856 ], [ -8231424.902599999681115, 4986545.962300002574921 ], [ -8231341.969499999657273, 4986696.162699997425079 ] ] ] } },
{ "type": "Feature", "properties": { "id": 2000277.0, "name": "A", "objectid": 883.0, "rt_symbol": "A", "url": "http://web.mta.info/nyct/service/", "Shape__Len": 838.47435553800005 }, "geometry": { "type": "MultiLineString", "coordinates": [ [ [ -8218446.274599999189377, 4951058.058200001716614 ], [ -8217915.169199999421835, 4951253.153899997472763 ], [ -8217903.14670000039041, 4951257.844400003552437 ], [ -8217891.346799999475479, 4951262.534999996423721 ], [ -8217879.658399999141693, 4951267.079099997878075 ], [ -8217868.192500000819564, 4951271.76969999819994 ], [ -8217856.949100000783801, 4951276.460100002586842 ], [ -8217845.705800000578165, 4951281.150700002908707 ], [ -8217834.796700000762939, 4951285.694700002670288 ], [ -8217823.99860000051558, 4951290.385300002992153 ], [ -8217813.311799999326468, 4951294.929099999368191 ], [ -8217802.847799999639392, 4951299.619599997997284 ], [ -8217792.495100000873208, 4951304.163800001144409 ], [ -8217782.3651, 4951308.854400001466274 ], [ -8217772.457499999552965, 4951313.398299999535084 ], [ -8217762.661599999293685, 4951318.088799998164177 ], [ -8217752.865299999713898, 4951322.632799997925758 ], [ -8217666.926699999719858, 4951365.581200003623962 ] ] ] } },
{ "type": "Feature", "properties": { "id": 2000024.0, "name": "1", "objectid": 884.0, "rt_symbol": "1", "url": "http://web.mta.info/nyct/service/", "Shape__Len": 153.765166626 }, "geometry": { "type": "MultiLineString", "coordinates": [ [ [ -8234189.188200000673532, 4982666.570699997246265 ], [ -8234183.733300000429153, 4982675.981899999082088 ], [ -8234178.278799999505281, 4982685.540299996733665 ], [ -8234173.046700000762939, 4982694.95160000026226 ], [ -8234167.926100000739098, 4982704.362899996340275 ], [ -8234163.028100000694394, 4982713.774300001561642 ], [ -8234158.2412, 4982723.038500003516674 ], [ -8234153.5658, 4982732.449699997901917 ], [ -8234149.113199999555945, 4982741.567100003361702 ], [ -8234144.882799999788404, 4982750.831500001251698 ], [ -8234140.652799999341369, 4982759.948600001633167 ], [ -8234136.7566, 4982769.065800003707409 ], [ -8234132.860400000587106, 4982778.036100000143051 ], [ -8234129.186799999326468, 4982787.153300002217293 ], [ -8234125.735999999567866, 4982795.976499997079372 ], [ -8234122.285199999809265, 4982804.799800001084805 ] ] ] } },
{ "type": "Feature", "properties": { "id": 2000250.0, "name": "A-C", "objectid": 885.0, "rt_symbol": "A", "url": "http://web.mta.info/nyct/service/", "Shape__Len": 934.43671602699999 }, "geometry": { "type": "MultiLineString", "coordinates": [ [ [ -8225437.027200000360608, 4964185.616599999368191 ], [ -8225823.528400000184774, 4964110.175300002098083 ], [ -8225852.916799999773502, 4964104.744599997997284 ], [ -8225880.301300000399351, 4964101.956000000238419 ], [ -8225906.127499999478459, 4964101.662399999797344 ], [ -8225930.395099999383092, 4964104.010899998247623 ], [ -8225953.1042, 4964108.707500003278255 ], [ -8225974.255000000819564, 4964116.046099998056889 ], [ -8225993.847200000658631, 4964125.733300000429153 ], [ -8226011.880999999120831, 4964138.062100000679493 ], [ -8226028.467599999159575, 4964152.886100001633167 ], [ -8226043.384400000795722, 4964170.205399997532368 ], [ -8226056.74269999936223, 4964189.873000003397465 ], [ -8226068.653899999335408, 4964212.1824000030756 ], [ -8226078.895300000905991, 4964237.13400000333786 ], [ -8226087.578199999406934, 4964264.4341000020504 ], [ -8226094.480100000277162, 4964293.935900002717972 ], [ -8226126.094799999147654, 4964454.508900001645088 ] ] ] } },
{ "type": "Feature", "properties": { "id": 2000249.0, "name": "A-C", "objectid": 886.0, "rt_symbol": "A", "url": "http://web.mta.info/nyct/service/", "Shape__Len": 1329.10570605 }, "geometry": { "type": "MultiLineString", "coordinates": [ [ [ -8226126.094799999147654, 4964454.508900001645088 ], [ -8226186.207399999722838, 4964764.361100003123283 ], [ -8226194.445000000298023, 4964790.92849999666214 ], [ -8226204.79759999923408, 4964815.441200003027916 ], [ -8226217.0428, 4964838.192500002682209 ], [ -8226231.180400000885129, 4964859.182599999010563 ], [ -8226247.321599999442697, 4964878.411200001835823 ], [ -8226265.355399999767542, 4964895.878499999642372 ], [ -8226285.39299999922514, 4964911.731299996376038 ], [ -8226307.323000000789762, 4964925.675700001418591 ], [ -8226331.145400000736117, 4964938.005699999630451 ], [ -8226356.86009999923408, 4964948.574000000953674 ], [ -8226384.578600000590086, 4964957.527900002896786 ], [ -8226414.078400000929832, 4964964.573600001633167 ], [ -8226445.693, 4964970.004699997603893 ], [ -8226479.088899999856949, 4964973.674500003457069 ], [ -8226514.043299999088049, 4964975.729400001466274 ], [ -8226559.795399999246001, 4964978.518200002610683 ], [ -8226565.361500000581145, 4964978.811899997293949 ], [ -8226570.816299999132752, 4964979.2522 ], [ -8226576.382200000807643, 4964979.692400000989437 ], [ -8226581.725600000470877, 4964980.13289999961853 ], [ -8226587.180299999192357, 4964980.573299996554852 ], [ -8226592.523700000718236, 4964981.160300001502037 ], [ -8226597.7555, 4964981.747500002384186 ], [ -8226603.098899999633431, 4964982.334700003266335 ], [ -8226608.219499999657273, 4964982.921999998390675 ], [ -8226613.451500000432134, 4964983.655699998140335 ], [ -8226618.572200000286102, 4964984.389499999582767 ], [ -8226623.581599999219179, 4964985.123700000345707 ], [ -8226628.702199999243021, 4964985.857600003480911 ], [ -8226633.711799999698997, 4964986.738200001418591 ], [ -8226638.609899999573827, 4964987.61879999935627 ], [ -8226801.915500000119209, 4965015.067800000309944 ], [ -8226807.370100000873208, 4965015.655100002884865 ], [ -8226812.824699999764562, 4965016.24210000038147 ], [ -8226818.390599999576807, 4965016.829300001263618 ], [ -8226823.845300000160933, 4965017.26969999819994 ], [ -8226829.411299999803305, 4965017.709899999201298 ], [ -8226834.865900000557303, 4965018.1503000035882 ], [ -8226840.431900000199676, 4965018.443999998271465 ], [ -8226845.997899999842048, 4965018.737499997019768 ], [ -8226851.563799999654293, 4965019.031099997460842 ], [ -8226857.129899999126792, 4965019.177699998021126 ], [ -8226862.695900000631809, 4965019.324600003659725 ], [ -8226868.261800000444055, 4965019.324600003659725 ], [ -8226873.939300000667572, 4965019.471400000154972 ], [ -8226879.505000000819564, 4965019.324799999594688 ], [ -8226885.182299999520183, 4965019.324600003659725 ], [ -8227102.144099999219179, 4965011.104500003159046 ] ] ] } },
{ "type": "Feature", "properties": { "id": 2000297.0, "name": "E", "objectid": 887.0, "rt_symbol": "A", "url": "http://web.mta.info/nyct/service/", "Shape__Len": 964.50521835799998 }, "geometry": { "type": "MultiLineString", "coordinates": [ [ [ -8227178.954500000923872, 4975960.254199996590614 ], [ -8226338.158399999141693, 4975487.673799999058247 ] ] ] } },
{ "type": "Feature", "properties": { "id": 2000316.0, "name": "E", "objectid": 888.0, "rt_symbol": "A", "url": "http://web.mta.info/nyct/service/", "Shape__Len": 801.789717989 }, "geometry": { "type": "MultiLineString", "coordinates": [ [ [ -8216265.525699999183416, 4968263.242499999701977 ], [ -8216119.140599999576807, 4968312.726000003516674 ], [ -8215828.040200000628829, 4968410.225000001490116 ], [ -8215822.474199999123812, 4968411.987099997699261 ], [ -8215816.90819999948144, 4968413.749099999666214 ], [ -8215811.564899999648333, 4968415.511100001633167 ], [ -8215806.332800000905991, 4968417.126199997961521 ], [ -8215801.212099999189377, 4968418.741599999368191 ], [ -8215796.091399999335408, 4968420.209799997508526 ], [ -8215791.193299999460578, 4968421.678400002419949 ], [ -8215786.295299999415874, 4968423.146799996495247 ], [ -8215781.619799999520183, 4968424.468199998140335 ], [ -8215777.055700000375509, 4968425.789700001478195 ], [ -8215772.491800000891089, 4968427.111299999058247 ], [ -8215768.1502, 4968428.285999998450279 ], [ -8215763.808700000867248, 4968429.460699997842312 ], [ -8215759.689799999818206, 4968430.635300002992153 ], [ -8215755.571000000461936, 4968431.663099996745586 ], [ -8215501.873999999836087, 4968507.137699998915195 ] ] ] } },
{ "type": "Feature", "properties": { "id": 2000085.0, "name": "4-5", "objectid": 889.0, "rt_symbol": "4", "url": "http://web.mta.info/nyct/service/", "Shape__Len": 936.85334077499999 }, "geometry": { "type": "MultiLineString", "coordinates": [ [ [ -8234398.088400000706315, 4964567.898599997162819 ], [ -8234849.153699999675155, 4965389.01630000025034 ] ] ] } },
{ "type": "Feature", "properties": { "id": 2000087.0, "name": "4-5", "objectid": 890.0, "rt_symbol": "4", "url": "http://web.mta.info/nyct/service/", "Shape__Len": 720.98742302599999 }, "geometry": { "type": "MultiLineString", "coordinates": [ [ [ -8232975.10869999974966, 4963911.273400001227856 ], [ -8233670.189200000837445, 4964102.809199996292591 ] ] ] } },
{ "type": "Feature", "properties": { "id": 2000226.0, "name": "B-D", "objectid": 891.0, "rt_symbol": "B", "url": "http://web.mta.info/nyct/service/", "Shape__Len": 974.40679918499995 }, "geometry": { "type": "MultiLineString", "coordinates": [ [ [ -8227092.236700000241399, 4990302.0996999964118 ], [ -8226680.9112, 4990977.027400001883507 ], [ -8226674.677200000733137, 4990987.035400003194809 ], [ -8226668.443399999290705, 4990997.190600000321865 ], [ -8226662.320699999108911, 4991007.493000000715256 ], [ -8226656.198100000619888, 4991017.795400001108646 ], [ -8226650.187100000679493, 4991028.244999997317791 ], [ -8226644.175699999555945, 4991038.841499999165535 ], [ -8226638.16440000012517, 4991049.43860000371933 ], [ -8226632.375900000333786, 4991060.329499997198582 ], [ -8226626.4759, 4991071.220799997448921 ], [ -8226620.798599999397993, 4991082.111900001764297 ], [ -8226615.010099999606609, 4991093.297600001096725 ], [ -8226609.4441, 4991104.483000002801418 ], [ -8226603.878000000491738, 4991115.668499998748302 ], [ -8226598.311899999156594, 4991127.148599997162819 ], [ -8226592.8574, 4991138.48139999806881 ] ] ] } },
{ "type": "Feature", "properties": { "id": 2000051.0, "name": "5", "objectid": 892.0, "rt_symbol": "4", "url": "http://web.mta.info/nyct/service/", "Shape__Len": 1182.5196438299999 }, "geometry": { "type": "MultiLineString", "coordinates": [ [ [ -8228495.988700000569224, 4985232.947400003671646 ], [ -8228375.167099999263883, 4985184.699699997901917 ], [ -8228352.55519999936223, 4985176.536399997770786 ], [ -8228325.337400000542402, 4985171.518200002610683 ], [ -8228284.030300000682473, 4985168.653999999165535 ], [ -8228251.905300000682473, 4985171.160800002515316 ], [ -8228224.910800000652671, 4985178.091700002551079 ], [ -8228193.033700000494719, 4985190.759199999272823 ], [ -8228163.659099999815226, 4985205.083400003612041 ], [ -8228150.2804000005126, 4985212.398100003600121 ], [ -8228138.836200000718236, 4985218.616499997675419 ], [ -8228109.112800000235438, 4985233.203900001943111 ], [ -8228088.146600000560284, 4985241.192800000309944 ], [ -8228069.0537, 4985244.921099998056889 ], [ -8228046.177300000563264, 4985246.4712999984622 ], [ -8228023.624800000339746, 4985244.860399998724461 ], [ -8227996.98369999974966, 4985241.855200000107288 ], [ -8227923.800499999895692, 4985232.024099998176098 ], [ -8227831.4583, 4985220.221199996769428 ], [ -8227752.308399999514222, 4985211.480999998748302 ], [ -8227706.135700000450015, 4985207.761100001633167 ], [ -8227664.873700000345707, 4985205.049999997019768 ], [ -8227632.9825, 4985205.049999997019768 ], [ -8227602.096400000154972, 4985204.305399999022484 ], [ -8227554.329900000244379, 4985205.833499997854233 ], [ -8227520.126000000163913, 4985210.130000002682209 ], [ -8227494.912699999287724, 4985216.536899998784065 ], [ -8227467.725999999791384, 4985224.989399999380112 ], [ -8227429.977600000798702, 4985244.322899997234344 ], [ -8227365.184499999508262, 4985291.9529 ] ] ] } },
{ "type": "Feature", "properties": { "id": 2000092.0, "name": "4", "objectid": 893.0, "rt_symbol": "4", "url": "http://web.mta.info/nyct/service/", "Shape__Len": 1477.9144721600001 }, "geometry": { "type": "MultiLineString", "coordinates": [ [ [ -8229008.941700000315905, 4963028.159299999475479 ], [ -8229183.091499999165535, 4963234.306699998676777 ], [ -8229189.056099999696016, 4963241.920800000429153 ], [ -8229193.943600000813603, 4963249.70160000026226 ], [ -8229200.246300000697374, 4963261.04450000077486 ], [ -8229205.466, 4963272.1316 ], [ -8229215.278300000354648, 4963298.699500001966953 ], [ -8229249.145899999886751, 4963403.957099996507168 ], [ -8229255.3103, 4963421.898199997842312 ], [ -8229261.774900000542402, 4963438.155100002884865 ], [ -8229269.0296, 4963453.879900000989437 ], [ -8229276.925100000575185, 4963467.867299996316433 ], [ -8229291.237800000235438, 4963490.60360000282526 ], [ -8229313.781300000846386, 4963521.69030000269413 ], [ -8229328.938200000673532, 4963541.058200001716614 ], [ -8229337.262499999254942, 4963550.558700002729893 ], [ -8229347.036499999463558, 4963560.581299997866154 ], [ -8229358.432700000703335, 4963569.113799996674061 ], [ -8229371.120200000703335, 4963576.9199 ], [ -8229395.700300000607967, 4963586.812399998307228 ], [ -8229418.595899999141693, 4963592.523199997842312 ], [ -8229442.169600000604987, 4963596.940600000321865 ], [ -8229468.57799999974668, 4963599.725900001823902 ], [ -8230175.753200000151992, 4963650.095399998128414 ] ] ] } },
{ "type": "Feature", "properties": { "id": 2000281.0, "name": "E", "objectid": 894.0, "rt_symbol": "A", "url": "http://web.mta.info/nyct/service/", "Shape__Len": 263.54606566299998 }, "geometry": { "type": "MultiLineString", "coordinates": [ [ [ -8235585.647900000214577, 4977447.176899999380112 ], [ -8235588.9518, 4977449.190200001001358 ], [ -8235815.906400000676513, 4977575.379699997603893 ] ] ] } },
{ "type": "Feature", "properties": { "id": 2000294.0, "name": "M", "objectid": 895.0, "rt_symbol": "B", "url": "http://web.mta.info/nyct/service/", "Shape__Len": 773.45379372100001 }, "geometry": { "type": "MultiLineString", "coordinates": [ [ [ -8229198.017799999564886, 4975873.004299998283386 ], [ -8229187.532199999317527, 4975882.386100001633167 ], [ -8229178.540300000458956, 4975895.525600001215935 ], [ -8229172.169399999082088, 4975906.789099998772144 ], [ -8229167.132999999448657, 4975916.378700003027916 ], [ -8229159.427699999883771, 4975928.9408999979496 ], [ -8229152.857599999755621, 4975940.27139999717474 ], [ -8229144.876599999144673, 4975951.941399998962879 ], [ -8229137.585999999195337, 4975963.932199999690056 ], [ -8229130.933599999174476, 4975975.541799999773502 ], [ -8228890.193399999290705, 4976384.290600001811981 ], [ -8228888.984899999573827, 4976386.364399999380112 ], [ -8228888.038499999791384, 4976388.030299998819828 ], [ -8228886.881799999624491, 4976389.973800003528595 ], [ -8228885.519200000911951, 4976392.312399998307228 ], [ -8228884.45920000039041, 4976394.270999997854233 ], [ -8228882.505400000140071, 4976397.553900003433228 ], [ -8228880.972799999639392, 4976399.914399996399879 ], [ -8228879.565600000321865, 4976402.447800002992153 ], [ -8228877.1743, 4976406.393899999558926 ], [ -8228875.5483, 4976409.035599999129772 ], [ -8228874.212200000882149, 4976411.387100003659725 ], [ -8228872.987800000235438, 4976413.3766999989748 ], [ -8228871.534099999815226, 4976415.738499999046326 ], [ -8228798.613099999725819, 4976534.49099999666214 ] ] ] } },
{ "type": "Feature", "properties": { "id": 2000278.0, "name": "S", "objectid": 896.0, "rt_symbol": "L", "url": "http://web.mta.info/nyct/service/", "Shape__Len": 956.67645028799996 }, "geometry": { "type": "MultiLineString", "coordinates": [ [ [ -8219346.853900000452995, 4950737.2804000005126 ], [ -8219168.911299999803305, 4950802.800800003111362 ], [ -8219166.214600000530481, 4950803.688299998641014 ], [ -8219164.099600000306964, 4950804.567900002002716 ], [ -8219158.448799999430776, 4950806.428000003099442 ], [ -8219156.111099999397993, 4950807.160899996757507 ], [ -8219151.658399999141693, 4950808.626599997282028 ], [ -8219149.320599999278784, 4950809.359499998390675 ], [ -8219147.0943, 4950810.092200003564358 ], [ -8219140.9079, 4950812.031800001859665 ], [ -8219138.5702, 4950812.618000000715256 ], [ -8219135.903400000184774, 4950813.454099997878075 ], [ -8219116.683800000697374, 4950818.866300001740456 ], [ -8219115.461400000378489, 4950819.245300002396107 ], [ -8219113.6426, 4950819.644299998879433 ], [ -8219110.667500000447035, 4950820.514799997210503 ], [ -8219108.775100000202656, 4950821.101000003516674 ], [ -8219105.976199999451637, 4950821.920100003480911 ], [ -8219104.083799999207258, 4950822.652999997138977 ], [ -8219100.293400000780821, 4950823.761900000274181 ], [ -8219098.1118, 4950824.560000002384186 ], [ -8219096.219200000166893, 4950825.146099999547005 ], [ -8219085.621500000357628, 4950829.022299997508526 ], [ -8218788.815199999138713, 4950937.978299997746944 ], [ -8218782.828400000929832, 4950940.252300001680851 ], [ -8218777.151200000196695, 4950942.4507 ], [ -8218771.362500000745058, 4950944.64919999986887 ], [ -8218765.612500000745058, 4950946.87610000371933 ], [ -8218760.007799999788404, 4950949.046700000762939 ], [ -8218753.969799999147654, 4950951.340000003576279 ], [ -8218747.895600000396371, 4950953.84910000115633 ], [ -8218742.329500000923872, 4950956.194399997591972 ], [ -8218736.730399999767542, 4950958.507500000298023 ], [ -8218730.974899999797344, 4950960.884999997913837 ], [ -8218725.167300000786781, 4950963.331799998879433 ], [ -8218719.490199999883771, 4950965.823700003325939 ], [ -8218713.8429000005126, 4950968.2029 ], [ -8218708.034299999475479, 4950970.803400002419949 ], [ -8218702.285199999809265, 4950973.3772 ], [ -8218666.607200000435114, 4950990.070699997246265 ], [ -8218660.310200000181794, 4950993.085500001907349 ], [ -8218654.435799999162555, 4950995.950199998915195 ], [ -8218648.786299999803305, 4950998.5675999969244 ], [ -8218642.807800000533462, 4951001.2412 ], [ -8218637.060100000351667, 4951003.954300001263618 ], [ -8218631.418800000101328, 4951006.382600001990795 ], [ -8218625.865499999374151, 4951008.913699999451637 ], [ -8218620.151699999347329, 4951011.228699997067451 ], [ -8218614.511199999600649, 4951013.753799997270107 ], [ -8218609.329800000414252, 4951015.894299998879433 ], [ -8218603.85950000025332, 4951018.054999999701977 ], [ -8218598.587099999189377, 4951020.180299997329712 ], [ -8218593.317399999126792, 4951022.162600003182888 ], [ -8218587.817700000479817, 4951024.274700000882149 ], [ -8218582.657600000500679, 4951026.298699997365475 ], [ -8218452.454, 4951075.344700001180172 ] ] ] } },
{ "type": "Feature", "properties": { "id": 2000471.0, "name": "N-R", "objectid": 898.0, "rt_symbol": "N", "url": "http://web.mta.info/nyct/service/", "Shape__Len": 1047.8435425 }, "geometry": { "type": "MultiLineString", "coordinates": [ [ [ -8235775.48369999974966, 4964863.512199997901917 ], [ -8235296.810900000855327, 4965795.632600001990795 ] ] ] } },
{ "type": "Feature", "properties": { "id": 2000367.0, "name": "J-Z", "objectid": 1044.0, "rt_symbol": "J", "url": "http://web.mta.info/nyct/service/", "Shape__Len": 909.76600970499999 }, "geometry": { "type": "MultiLineString", "coordinates": [ [ [ -8229717.929300000891089, 4967214.312899999320507 ], [ -8228989.454700000584126, 4966669.336800001561642 ] ] ] } },
{ "type": "Feature", "properties": { "id": 2000306.0, "name": "F", "objectid": 899.0, "rt_symbol": "B", "url": "http://web.mta.info/nyct/service/", "Shape__Len": 906.80221068100002 }, "geometry": { "type": "MultiLineString", "coordinates": [ [ [ -8219546.71059999987483, 4970863.754600003361702 ], [ -8219372.051699999719858, 4970746.406700000166893 ], [ -8219356.110600000247359, 4970735.170500002801418 ], [ -8219340.150800000876188, 4970723.697999998927116 ], [ -8219324.333599999547005, 4970712.104299999773502 ], [ -8219308.794099999591708, 4970700.409400001168251 ], [ -8219293.330700000748038, 4970688.399800002574921 ], [ -8219277.9211, 4970676.201399996876717 ], [ -8219262.621500000357628, 4970663.857799999415874 ], [ -8219247.51799999922514, 4970651.439400002360344 ], [ -8219232.632999999448657, 4970638.731899999082088 ], [ -8219217.772700000554323, 4970625.806699998676777 ], [ -8219203.05629999935627, 4970612.766000002622604 ], [ -8219188.560200000181794, 4970599.581000000238419 ], [ -8219174.187899999320507, 4970586.263999998569489 ], [ -8219159.810100000351667, 4970572.547600001096725 ], [ -8219145.499900000169873, 4970559.000399999320507 ], [ -8219118.553600000217557, 4970531.641800001263618 ], [ -8219101.197100000455976, 4970514.799900002777576 ], [ -8219084.127599999308586, 4970497.872599996626377 ], [ -8219066.673599999397993, 4970481.084700003266335 ], [ -8219049.145899999886751, 4970464.482199996709824 ], [ -8219031.393699999898672, 4970448.028499998152256 ], [ -8219013.489, 4970431.685999996960163 ], [ -8218995.400299999862909, 4970415.677000001072884 ], [ -8218977.199799999594688, 4970399.668999999761581 ], [ -8218958.7325, 4970383.921300001442432 ], [ -8218940.195699999108911, 4970368.358400002121925 ], [ -8218921.435100000351667, 4970352.944499999284744 ], [ -8218902.56279999949038, 4970337.679399996995926 ], [ -8218883.421399999409914, 4970322.526900000870228 ], [ -8218864.094200000166893, 4970307.615599997341633 ], [ -8218844.549699999392033, 4970293.092799998819828 ] ] ] } },
{ "type": "Feature", "properties": { "id": 2000291.0, "name": "F-M", "objectid": 900.0, "rt_symbol": "B", "url": "http://web.mta.info/nyct/service/", "Shape__Len": 655.65902807099997 }, "geometry": { "type": "MultiLineString", "coordinates": [ [ [ -8230338.6305, 4975683.368900001049042 ], [ -8230316.8136, 4975702.424800001084805 ], [ -8230294.733300000429153, 4975719.438900001347065 ], [ -8230271.7961, 4975734.92679999768734 ], [ -8230248.251199999824166, 4975748.864200003445148 ], [ -8230223.9068, 4975761.245700001716614 ], [ -8230198.739399999380112, 4975772.087899997830391 ], [ -8230172.743699999526143, 4975781.294799998402596 ], [ -8230145.980699999257922, 4975789.114399999380112 ], [ -8230118.370699999853969, 4975795.258699998259544 ], [ -8230089.890599999576807, 4975799.887800000607967 ], [ -8230060.474600000306964, 4975802.98309999704361 ], [ -8230030.178400000557303, 4975804.548600003123283 ], [ -8229713.71059999987483, 4975811.7412 ] ] ] } },
{ "type": "Feature", "properties": { "id": 2000292.0, "name": "F-M", "objectid": 901.0, "rt_symbol": "B", "url": "http://web.mta.info/nyct/service/", "Shape__Len": 434.23467010100001 }, "geometry": { "type": "MultiLineString", "coordinates": [ [ [ -8229713.755599999800324, 4975811.740099996328354 ], [ -8229466.538799999281764, 4975816.889899998903275 ], [ -8229453.496999999508262, 4975817.499200001358986 ], [ -8229440.695599999278784, 4975818.260499998927116 ], [ -8229428.0055, 4975819.326700001955032 ], [ -8229415.432700000703335, 4975820.544600002467632 ], [ -8229402.856899999082088, 4975822.067500002682209 ], [ -8229390.3761, 4975823.745800003409386 ], [ -8229378.003000000491738, 4975825.729999996721745 ], [ -8229365.735999999567866, 4975827.86879999935627 ], [ -8229353.600600000470877, 4975830.30969999730587 ], [ -8229341.6053, 4975832.873499996960163 ], [ -8229329.55519999936223, 4975835.626500003039837 ], [ -8229317.475099999457598, 4975838.722999997437 ], [ -8229305.645600000396371, 4975842.091099999845028 ], [ -8229294.265100000426173, 4975845.512199997901917 ], [ -8229282.941500000655651, 4975848.882600001990795 ] ] ] } },
{ "type": "Feature", "properties": { "id": 2000303.0, "name": "F-M", "objectid": 902.0, "rt_symbol": "B", "url": "http://web.mta.info/nyct/service/", "Shape__Len": 1101.1926690600001 }, "geometry": { "type": "MultiLineString", "coordinates": [ [ [ -8222246.546299999579787, 4972553.431599996984005 ], [ -8221442.3991, 4972167.213899999856949 ], [ -8221431.867000000551343, 4972161.857600003480911 ], [ -8221421.053600000217557, 4972156.469999998807907 ], [ -8221410.304700000211596, 4972150.882700003683567 ], [ -8221398.953500000759959, 4972144.8618 ], [ -8221387.519400000572205, 4972138.913800001144409 ], [ -8221375.863199999555945, 4972132.528999999165535 ], [ -8221363.833200000226498, 4972126.061800003051758 ], [ -8221351.7028, 4972119.42849999666214 ], [ -8221339.35840000025928, 4972112.447499997913837 ], [ -8221326.5439, 4972105.242399998009205 ], [ -8221313.633199999108911, 4972097.961999997496605 ], [ -8221300.459799999371171, 4972090.36599999666214 ], [ -8221286.9835, 4972082.640799999237061 ], [ -8221273.438200000673532, 4972074.648299999535084 ], [ -8221259.317399999126792, 4972066.285499997437 ] ] ] } },
{ "type": "Feature", "properties": { "id": 2000291.0, "name": "R", "objectid": 903.0, "rt_symbol": "N", "url": "http://web.mta.info/nyct/service/", "Shape__Len": 689.122437956 }, "geometry": { "type": "MultiLineString", "coordinates": [ [ [ -8230370.278100000694394, 4975719.881800003349781 ], [ -8230347.344399999827147, 4975739.913500003516674 ], [ -8230322.8936, 4975758.754199996590614 ], [ -8230297.51799999922514, 4975775.888800002634525 ], [ -8230271.414300000295043, 4975791.340700000524521 ], [ -8230244.329199999570847, 4975805.116099998354912 ], [ -8230216.285800000652671, 4975817.197499997913837 ], [ -8230187.512399999424815, 4975827.387999996542931 ], [ -8230157.947599999606609, 4975836.026399999856949 ], [ -8230127.448699999600649, 4975842.81360000371933 ], [ -8230096.261800000444055, 4975847.882700003683567 ], [ -8230064.229499999433756, 4975851.253600001335144 ], [ -8230031.964099999517202, 4975852.920999996364117 ], [ -8229714.801100000739098, 4975860.128899998962879 ] ] ] } },
{ "type": "Feature", "properties": { "id": 2000292.0, "name": "R", "objectid": 904.0, "rt_symbol": "N", "url": "http://web.mta.info/nyct/service/", "Shape__Len": 421.33550841099998 }, "geometry": { "type": "MultiLineString", "coordinates": [ [ [ -8229714.756300000473857, 4975860.1300999969244 ], [ -8229468.159700000658631, 4975865.266999997198582 ], [ -8229456.043400000780821, 4975865.832999996840954 ], [ -8229444.131799999624491, 4975866.541299998760223 ], [ -8229432.331800000742078, 4975867.532600000500679 ], [ -8229420.636700000613928, 4975868.665600001811981 ], [ -8229408.945000000298023, 4975870.081699997186661 ], [ -8229397.380599999800324, 4975871.636500000953674 ], [ -8229385.931600000709295, 4975873.472699999809265 ], [ -8229374.598799999803305, 4975875.4485 ], [ -8229363.357100000604987, 4975877.709899999201298 ], [ -8229351.975400000810623, 4975880.142399996519089 ], [ -8229340.870999999344349, 4975882.679499998688698 ], [ -8229330.019300000742078, 4975885.461099997162819 ], [ -8229319.139599999412894, 4975888.558600001037121 ], [ -8229308.033700000494719, 4975891.897100001573563 ], [ -8229296.64780000038445, 4975895.286200001835823 ] ] ] } },
{ "type": "Feature", "properties": { "id": 2000303.0, "name": "R", "objectid": 905.0, "rt_symbol": "N", "url": "http://web.mta.info/nyct/service/", "Shape__Len": 1105.3795242799999 }, "geometry": { "type": "MultiLineString", "coordinates": [ [ [ -8222225.746799999848008, 4972597.078500002622604 ], [ -8221421.104599999263883, 4972210.621299996972084 ], [ -8221410.263299999758601, 4972205.107500001788139 ], [ -8221399.258199999108911, 4972199.624600000679493 ], [ -8221387.965700000524521, 4972193.7544 ], [ -8221376.607899999246001, 4972187.730200000107288 ], [ -8221364.887299999594688, 4972181.63289999961853 ], [ -8221352.944199999794364, 4972175.0912000015378 ], [ -8221340.928999999538064, 4972168.631700001657009 ], [ -8221328.346400000154972, 4972161.750900000333786 ], [ -8221315.755200000479817, 4972154.630199998617172 ], [ -8221302.966199999675155, 4972147.439800001680851 ], [ -8221289.828199999406934, 4972140.030900001525879 ], [ -8221276.5077, 4972132.350199997425079 ], [ -8221262.82179999910295, 4972124.505000002682209 ], [ -8221248.982599999755621, 4972116.339000001549721 ], [ -8221234.828400000929832, 4972107.95610000193119 ] ] ] } },
{ "type": "Feature", "properties": { "id": 2000298.0, "name": "R", "objectid": 906.0, "rt_symbol": "N", "url": "http://web.mta.info/nyct/service/", "Shape__Len": 908.24126573700005 }, "geometry": { "type": "MultiLineString", "coordinates": [ [ [ -8226326.396500000730157, 4975508.796999998390675 ], [ -8225534.35700000077486, 4975064.302199997007847 ] ] ] } },
{ "type": "Feature", "properties": { "id": 2000420.0, "name": "N-W", "objectid": 907.0, "rt_symbol": "N", "url": "http://web.mta.info/nyct/service/", "Shape__Len": 411.10204902700002 }, "geometry": { "type": "MultiLineString", "coordinates": [ [ [ -8231425.347799999639392, 4975911.466700002551079 ], [ -8231195.027799999341369, 4975778.919299997389317 ], [ -8231190.352299999445677, 4975776.127300001680851 ], [ -8231185.676899999380112, 4975773.188400000333786 ], [ -8231181.3355, 4975770.39639999717474 ], [ -8231176.994100000709295, 4975767.457599997520447 ], [ -8231172.87529999949038, 4975764.371699996292591 ], [ -8231168.86769999936223, 4975761.432700000703335 ], [ -8231165.082900000736117, 4975758.346799999475479 ], [ -8231161.409199999645352, 4975755.407700002193451 ], [ -8231157.846999999135733, 4975752.174900002777576 ], [ -8231154.396099999547005, 4975749.089000001549721 ], [ -8231151.167899999767542, 4975746.003100000321865 ], [ -8231148.050899999216199, 4975742.770499996840954 ], [ -8231145.045299999415874, 4975739.537500001490116 ], [ -8231142.262299999594688, 4975736.157700002193451 ], [ -8231139.590700000524521, 4975732.924999997019768 ], [ -8231137.355599999427795, 4975731.37049999833107 ], [ -8231134.544299999251962, 4975728.073600001633167 ], [ -8231131.26410000026226, 4975724.776199996471405 ], [ -8231127.5152000002563, 4975721.478799998760223 ], [ -8231124.703199999406934, 4975719.594099998474121 ], [ -8231120.485300000756979, 4975716.296099998056889 ], [ -8231116.266699999570847, 4975713.939900003373623 ], [ -8231112.516699999570847, 4975712.05460000038147 ], [ -8231108.297399999573827, 4975710.639600001275539 ], [ -8231105.016699999570847, 4975708.283699996769428 ], [ -8231100.329900000244379, 4975704.985600002110004 ], [ -8231094.235600000247359, 4975703.098600000143051 ], [ -8231089.548000000417233, 4975700.741800002753735 ], [ -8231083.9232, 4975697.913800001144409 ], [ -8231078.29839999973774, 4975695.085600003600121 ] ] ] } },
{ "type": "Feature", "properties": { "id": 2000338.0, "name": "B-D-F-M", "objectid": 908.0, "rt_symbol": "B", "url": "http://web.mta.info/nyct/service/", "Shape__Len": 754.367369962 }, "geometry": { "type": "MultiLineString", "coordinates": [ [ [ -8236286.781300000846386, 4975495.021099999547005 ], [ -8235924.547700000926852, 4976156.728699997067451 ] ] ] } },
{ "type": "Feature", "properties": { "id": 2000087.0, "name": "2-3", "objectid": 909.0, "rt_symbol": "1", "url": "http://web.mta.info/nyct/service/", "Shape__Len": 720.98581752999996 }, "geometry": { "type": "MultiLineString", "coordinates": [ [ [ -8232981.482899999246001, 4963887.964800000190735 ], [ -8233676.561899999156594, 4964079.5 ] ] ] } },
{ "type": "Feature", "properties": { "id": 2000105.0, "name": "2", "objectid": 910.0, "rt_symbol": "1", "url": "http://web.mta.info/nyct/service/", "Shape__Len": 1049.5681551099999 }, "geometry": { "type": "MultiLineString", "coordinates": [ [ [ -8231813.852900000289083, 4958334.924699999392033 ], [ -8231899.457499999552965, 4959380.995999999344349 ] ] ] } },
{ "type": "Feature", "properties": { "id": 2000090.0, "name": "3", "objectid": 911.0, "rt_symbol": "1", "url": "http://web.mta.info/nyct/service/", "Shape__Len": 926.84358349900003 }, "geometry": { "type": "MultiLineString", "coordinates": [ [ [ -8231203.710699999704957, 4963699.662000000476837 ], [ -8232128.219100000336766, 4963765.413400001823902 ] ] ] } },
{ "type": "Feature", "properties": { "id": 2000285.0, "name": "E", "objectid": 912.0, "rt_symbol": "A", "url": "http://web.mta.info/nyct/service/", "Shape__Len": 786.95073306699999 }, "geometry": { "type": "MultiLineString", "coordinates": [ [ [ -8234884.267000000923872, 4977030.403999999165535 ], [ -8234197.537200000137091, 4976646.094700001180172 ] ] ] } },
{ "type": "Feature", "properties": { "id": 2000117.0, "name": "4-5-6", "objectid": 913.0, "rt_symbol": "4", "url": "http://web.mta.info/nyct/service/", "Shape__Len": 857.53848057799996 }, "geometry": { "type": "MultiLineString", "coordinates": [ [ [ -8236523.669199999421835, 4973284.36370000243187 ], [ -8236524.448400000110269, 4973292.149800002574921 ], [ -8236525.116399999707937, 4973299.935999996960163 ], [ -8236525.450099999085069, 4973307.722499996423721 ], [ -8236525.672900000587106, 4973315.361900001764297 ], [ -8236525.561499999836087, 4973322.85419999808073 ], [ -8236525.227600000798702, 4973330.346699997782707 ], [ -8236524.671, 4973337.545400001108646 ], [ -8236523.891699999570847, 4973344.74379999935627 ], [ -8236522.890000000596046, 4973351.942500002682209 ], [ -8236521.665500000119209, 4973358.994199998676777 ], [ -8236520.218299999833107, 4973365.89919999986887 ], [ -8236518.43720000050962, 4973372.656900003552437 ], [ -8236516.544700000435114, 4973379.41499999910593 ], [ -8236514.318299999460578, 4973386.02589999884367 ], [ -8236511.869200000539422, 4973392.490000002086163 ], [ -8236150.5263, 4974047.002999998629093 ] ] ] } },
{ "type": "Feature", "properties": { "id": 2000168.0, "name": "7", "objectid": 914.0, "rt_symbol": "7", "url": "http://web.mta.info/nyct/service/", "Shape__Len": 2823.7672103199998 }, "geometry": { "type": "MultiLineString", "coordinates": [ [ [ -8234975.214999999850988, 4975746.590899996459484 ], [ -8232859.031500000506639, 4974570.938900001347065 ], [ -8232850.57120000012219, 4974566.384199999272823 ], [ -8232842.11089999973774, 4974561.976400002837181 ], [ -8232833.53940000012517, 4974557.715199999511242 ], [ -8232824.8564, 4974553.601300001144409 ], [ -8232816.062100000679493, 4974549.487199999392033 ], [ -8232807.268100000917912, 4974545.667199999094009 ], [ -8232798.251000000163913, 4974541.847000002861023 ], [ -8232789.234099999070168, 4974538.320799998939037 ], [ -8232780.217399999499321, 4974534.794299997389317 ], [ -8232770.977700000628829, 4974531.414899997413158 ], [ -8232761.627000000327826, 4974528.182499997317791 ], [ -8232752.276200000196695, 4974525.097199998795986 ], [ -8232742.814099999144673, 4974522.158500000834465 ], [ -8232733.351700000464916, 4974519.366899996995926 ], [ -8232723.666999999433756, 4974516.722199998795986 ], [ -8232474.979399999603629, 4974452.808499999344349 ] ] ] } },
{ "type": "Feature", "properties": { "id": 2000198.0, "name": "A-C-E", "objectid": 915.0, "rt_symbol": "A", "url": "http://web.mta.info/nyct/service/", "Shape__Len": 152.57496139899999 }, "geometry": { "type": "MultiLineString", "coordinates": [ [ [ -8236082.064799999818206, 4977366.815700002014637 ], [ -8236008.371200000867248, 4977500.413500003516674 ] ] ] } },
{ "type": "Feature", "properties": { "id": 2000282.0, "name": "B-D", "objectid": 916.0, "rt_symbol": "B", "url": "http://web.mta.info/nyct/service/", "Shape__Len": 181.707967502 }, "geometry": { "type": "MultiLineString", "coordinates": [ [ [ -8235598.158900000154972, 4977426.486400000751019 ], [ -8235439.528599999845028, 4977337.862400002777576 ] ] ] } },
{ "type": "Feature", "properties": { "id": 2000326.0, "name": "G", "objectid": 917.0, "rt_symbol": "G", "url": "http://web.mta.info/nyct/service/", "Shape__Len": 1851.0406454700001 }, "geometry": { "type": "MultiLineString", "coordinates": [ [ [ -8232234.19510000012815, 4970070.355200000107288 ], [ -8232330.820699999108911, 4970852.42509999871254 ], [ -8232331.822499999776483, 4970865.937299996614456 ], [ -8232332.490399999544024, 4970879.30290000140667 ], [ -8232332.490399999544024, 4970892.668399997055531 ], [ -8232331.933800000697374, 4970905.887000001966953 ], [ -8232330.70920000039041, 4970918.958800002932549 ], [ -8232328.927999999374151, 4970931.8838 ], [ -8232326.590500000864267, 4970944.808899998664856 ], [ -8232323.584899999201298, 4970957.733800001442432 ], [ -8232319.9112, 4970970.365099996328354 ], [ -8232315.68099999986589, 4970982.996399998664856 ], [ -8232310.894400000572205, 4970995.480599999427795 ], [ -8232305.4397, 4971007.965000003576279 ], [ -8232299.42850000038743, 4971020.302699998021126 ], [ -8232292.749399999156594, 4971032.493600003421307 ], [ -8232285.29079999960959, 4971044.83110000193119 ], [ -8232130.890799999237061, 4971252.957099996507168 ], [ -8232119.202099999412894, 4971268.2324 ], [ -8232108.738199999555945, 4971283.50789999961853 ], [ -8232099.387299999594688, 4971298.930500000715256 ], [ -8232091.261, 4971314.352600000798702 ], [ -8232084.359099999070168, 4971329.7753000035882 ], [ -8232078.570599999278784, 4971345.3445999994874 ], [ -8232074.006400000303984, 4971361.0608000010252 ], [ -8232070.667099999263883, 4971376.6300999969244 ], [ -8232068.440500000491738, 4971392.4934 ], [ -8232067.4386, 4971408.356700003147125 ], [ -8232067.661299999803305, 4971424.219899997115135 ], [ -8232068.997199999168515, 4971440.083099998533726 ], [ -8232071.557499999180436, 4971456.093199998140335 ], [ -8232075.342299999669194, 4971472.250500001013279 ], [ -8232080.351700000464916, 4971488.554300002753735 ], [ -8232218.499199999496341, 4971809.792700000107288 ] ] ] } },
{ "type": "Feature", "properties": { "id": 2000132.0, "name": "4-5", "objectid": 918.0, "rt_symbol": "4", "url": "http://web.mta.info/nyct/service/", "Shape__Len": 205.37803505799999 }, "geometry": { "type": "MultiLineString", "coordinates": [ [ [ -8229953.592700000852346, 4984664.758900001645088 ], [ -8229833.144999999552965, 4984831.109399996697903 ] ] ] } },
{ "type": "Feature", "properties": { "id": 2000525.0, "name": "L", "objectid": 919.0, "rt_symbol": "L", "url": "http://web.mta.info/nyct/service/", "Shape__Len": 1039.17920626 }, "geometry": { "type": "MultiLineString", "coordinates": [ [ [ -8226964.998500000685453, 4967546.128799997270107 ], [ -8227800.1173, 4968164.57039999961853 ] ] ] } },
{ "type": "Feature", "properties": { "id": 2000372.0, "name": "J-Z", "objectid": 920.0, "rt_symbol": "J", "url": "http://web.mta.info/nyct/service/", "Shape__Len": 790.108629877 }, "geometry": { "type": "MultiLineString", "coordinates": [ [ [ -8226360.533700000494719, 4964814.120200000703335 ], [ -8225585.082100000232458, 4964965.601099997758865 ] ] ] } },
{ "type": "Feature", "properties": { "id": 2000028.0, "name": "1", "objectid": 921.0, "rt_symbol": "1", "url": "http://web.mta.info/nyct/service/", "Shape__Len": 1080.2915662400001 }, "geometry": { "type": "MultiLineString", "coordinates": [ [ [ -8233008.310900000855327, 4985177.791900001466274 ], [ -8232485.554700000211596, 4986123.17849999666214 ] ] ] } },
{ "type": "Feature", "properties": { "id": 2000202.0, "name": "A-C", "objectid": 922.0, "rt_symbol": "A", "url": "http://web.mta.info/nyct/service/", "Shape__Len": 981.03486964399997 }, "geometry": { "type": "MultiLineString", "coordinates": [ [ [ -8235016.291999999433756, 4979297.916299998760223 ], [ -8234541.291600000113249, 4980156.289200000464916 ] ] ] } },
{ "type": "Feature", "properties": { "id": 2000201.0, "name": "A-C", "objectid": 923.0, "rt_symbol": "A", "url": "http://web.mta.info/nyct/service/", "Shape__Len": 1225.6869342 }, "geometry": { "type": "MultiLineString", "coordinates": [ [ [ -8235609.179400000721216, 4978225.16610000282526 ], [ -8235016.291999999433756, 4979297.916299998760223 ] ] ] } },
{ "type": "Feature", "properties": { "id": 2000175.0, "name": "7", "objectid": 924.0, "rt_symbol": "7", "url": "http://web.mta.info/nyct/service/", "Shape__Len": 786.09323042799997 }, "geometry": { "type": "MultiLineString", "coordinates": [ [ [ -8229960.939999999478459, 4974740.9375 ], [ -8229183.818499999120831, 4974622.511399999260902 ] ] ] } },
{ "type": "Feature", "properties": { "id": 2000035.0, "name": "1", "objectid": 926.0, "rt_symbol": "1", "url": "http://web.mta.info/nyct/service/", "Shape__Len": 990.57487862100004 }, "geometry": { "type": "MultiLineString", "coordinates": [ [ [ -8229353.0241, 4991791.683300003409386 ], [ -8229314.50760000012815, 4991860.715000003576279 ], [ -8229305.490800000727177, 4991875.728399999439716 ], [ -8229295.138000000268221, 4991890.741899996995926 ], [ -8229283.783399999141693, 4991905.313699997961521 ], [ -8229271.872400000691414, 4991919.002300001680851 ], [ -8229253.838600000366569, 4991936.665200002491474 ], [ -8229236.806600000709295, 4991952.120200000703335 ], [ -8229219.106699999421835, 4991965.514700002968311 ], [ -8229198.846699999645352, 4991979.203400000929832 ], [ -8229178.252499999478459, 4991991.420299999415874 ], [ -8228807.0022, 4992172.909299999475479 ], [ -8228770.71199999935925, 4992190.278399996459484 ], [ -8228742.214099999517202, 4992206.469800002872944 ], [ -8228721.954, 4992221.48369999974966 ], [ -8228702.918500000610948, 4992237.675200000405312 ], [ -8228688.33559999987483, 4992253.572400003671646 ], [ -8228674.643200000748038, 4992270.205600000917912 ], [ -8228659.837600000202656, 4992294.934399999678135 ], [ -8228605.29109999909997, 4992392.673299998044968 ] ] ] } },
{ "type": "Feature", "properties": { "id": 2000343.0, "name": "F", "objectid": 927.0, "rt_symbol": "B", "url": "http://web.mta.info/nyct/service/", "Shape__Len": 517.27067405399998 }, "geometry": { "type": "MultiLineString", "coordinates": [ [ [ -8235382.644400000572205, 4977137.102200001478195 ], [ -8235132.064200000837445, 4977589.626800000667572 ] ] ] } },
{ "type": "Feature", "properties": { "id": 2000446.0, "name": "N-Q", "objectid": 928.0, "rt_symbol": "N", "url": "http://web.mta.info/nyct/service/", "Shape__Len": 4168.60557427 }, "geometry": { "type": "MultiLineString", "coordinates": [ [ [ -8235777.07289999909699, 4967291.72860000282526 ], [ -8235875.233200000599027, 4967469.340499997138977 ], [ -8236026.404999999329448, 4967864.448100000619888 ], [ -8237086.8344, 4970376.713600002229214 ], [ -8237089.50620000064373, 4970383.6162 ], [ -8237092.289200000464916, 4970390.37219999730587 ], [ -8237095.183299999684095, 4970397.127899996936321 ], [ -8237098.188999999314547, 4970403.737099997699261 ], [ -8237101.417099999263883, 4970410.492799997329712 ], [ -8237104.756999999284744, 4970416.954999998211861 ], [ -8237108.207699999213219, 4970423.563900001347065 ], [ -8237111.769899999722838, 4970430.026100002229214 ], [ -8237115.5548, 4970436.488300003111362 ], [ -8237119.450999999418855, 4970442.80349999666214 ], [ -8237123.458599999547005, 4970449.118900001049042 ], [ -8237127.577500000596046, 4970455.434000000357628 ], [ -8237131.807499999180436, 4970461.602600000798702 ], [ -8237136.260299999266863, 4970467.771099999547005 ], [ -8237140.824300000444055, 4970473.939400002360344 ], [ -8237192.810499999672174, 4970543.114500001072884 ], [ -8237196.595599999651313, 4970548.401600003242493 ], [ -8237200.491399999707937, 4970553.395199999213219 ], [ -8237204.721899999305606, 4970558.388599999248981 ], [ -8237209.174499999731779, 4970563.235399998724461 ], [ -8237213.738700000569224, 4970567.788400001823902 ], [ -8237218.636600000783801, 4970572.341300003230572 ], [ -8237223.646199999377131, 4970576.747599996626377 ], [ -8237228.989399999380112, 4970580.859899997711182 ], [ -8237234.555500000715256, 4970584.972300000488758 ], [ -8237240.232799999415874, 4970588.790899999439716 ], [ -8237246.243899999186397, 4970592.609399996697903 ], [ -8237252.366599999368191, 4970596.134199999272823 ], [ -8237258.82289999909699, 4970599.659199997782707 ], [ -8237265.390900000929832, 4970602.89019999653101 ], [ -8237272.2928, 4970606.121399998664856 ], [ -8237439.383300000801682, 4970681.906499996781349 ], [ -8237447.398299999535084, 4970685.578299999237061 ], [ -8237455.301999999210238, 4970689.396899998188019 ], [ -8237463.205600000917912, 4970693.362300001084805 ], [ -8237470.886700000613928, 4970697.474799998104572 ], [ -8237478.456299999728799, 4970701.733999997377396 ], [ -8237485.914899999275804, 4970705.9934 ], [ -8237493.150699999183416, 4970710.546400003135204 ], [ -8237500.386299999430776, 4970715.246100001037121 ], [ -8237507.510700000450015, 4970720.092799998819828 ], [ -8237514.524000000208616, 4970725.08669999986887 ], [ -8237521.314500000327826, 4970730.080300003290176 ], [ -8237528.105000000447035, 4970735.367600001394749 ], [ -8237534.672700000926852, 4970740.802000001072884 ], [ -8237541.24070000089705, 4970746.236000001430511 ], [ -8237547.585799999535084, 4970751.964000001549721 ], [ -8237693.525800000876188, 4970891.493500001728535 ] ] ] } },
{ "type": "Feature", "properties": { "id": 2000503.0, "name": "N", "objectid": 929.0, "rt_symbol": "N", "url": "http://web.mta.info/nyct/service/", "Shape__Len": 767.11407408100001 }, "geometry": { "type": "MultiLineString", "coordinates": [ [ [ -8235975.4206000007689, 4956072.413000002503395 ], [ -8236575.210100000724196, 4956550.656199999153614 ] ] ] } },
{ "type": "Feature", "properties": { "id": 2000493.0, "name": "D", "objectid": 930.0, "rt_symbol": "B", "url": "http://web.mta.info/nyct/service/", "Shape__Len": 673.22653259699996 }, "geometry": { "type": "MultiLineString", "coordinates": [ [ [ -8237424.912599999457598, 4954192.038900002837181 ], [ -8237741.282400000840425, 4954443.795400001108646 ], [ -8237748.74100000038743, 4954450.246899999678135 ], [ -8237755.865399999544024, 4954456.845299996435642 ], [ -8237762.54450000077486, 4954463.736900001764297 ], [ -8237768.889599999412894, 4954470.921599999070168 ], [ -8237774.678300000727177, 4954478.253100000321865 ], [ -8237780.132999999448657, 4954485.730899997055531 ], [ -8237785.253599999472499, 4954493.502300001680851 ], [ -8237789.817700000479817, 4954501.420100003480911 ], [ -8237794.047900000587106, 4954509.631399996578693 ], [ -8237797.832800000905991, 4954518.13570000231266 ], [ -8237801.283700000494719, 4954526.786899998784065 ], [ -8237804.289200000464916, 4954535.584799997508526 ], [ -8237806.849600000306964, 4954544.675599999725819 ], [ -8237808.964500000700355, 4954554.059900000691414 ], [ -8237810.745799999684095, 4954563.590899996459484 ], [ -8237822.100099999457598, 4954690.279399998486042 ] ] ] } },
{ "type": "Feature", "properties": { "id": 2000205.0, "name": "A-C", "objectid": 931.0, "rt_symbol": "A", "url": "http://web.mta.info/nyct/service/", "Shape__Len": 746.90662074900001 }, "geometry": { "type": "MultiLineString", "coordinates": [ [ [ -8233712.6294, 4981657.851999998092651 ], [ -8233351.397600000724196, 4982311.595899999141693 ] ] ] } },
{ "type": "Feature", "properties": { "id": 2000173.0, "name": "7", "objectid": 932.0, "rt_symbol": "7", "url": "http://web.mta.info/nyct/service/", "Shape__Len": 132.02064120899999 }, "geometry": { "type": "MultiLineString", "coordinates": [ [ [ -8230985.635800000280142, 4975621.833800002932549 ], [ -8230871.199400000274181, 4975556.002499997615814 ] ] ] } },
{ "type": "Feature", "properties": { "id": 2000221.0, "name": "B-D", "objectid": 933.0, "rt_symbol": "B", "url": "http://web.mta.info/nyct/service/", "Shape__Len": 1482.0569086099999 }, "geometry": { "type": "MultiLineString", "coordinates": [ [ [ -8230763.776100000366569, 4987318.759800001978874 ], [ -8230591.1195, 4987312.580700002610683 ], [ -8229969.1776, 4987296.691699996590614 ], [ -8229950.6985, 4987295.220299996435642 ], [ -8229932.66469999961555, 4987293.160599999129772 ], [ -8229915.18779999949038, 4987290.806900002062321 ], [ -8229898.267000000923872, 4987288.011600002646446 ], [ -8229881.680600000545382, 4987284.774800002574921 ], [ -8229865.761700000613928, 4987280.949600003659725 ], [ -8229850.2884, 4987276.830300003290176 ], [ -8229835.260099999606609, 4987272.269500002264977 ], [ -8229820.788599999621511, 4987267.267399996519089 ], [ -8229806.873800000175834, 4987261.824100002646446 ], [ -8229793.404100000858307, 4987255.939400002360344 ], [ -8229780.379799999296665, 4987249.465899996459484 ], [ -8229767.912000000476837, 4987242.6985 ], [ -8229756.000700000673532, 4987235.489600002765656 ], [ -8229744.534700000658631, 4987227.397799998521805 ], [ -8229569.651799999177456, 4987092.784199997782707 ], [ -8229557.073000000789762, 4987084.6925999969244 ], [ -8229544.270999999716878, 4987076.895400002598763 ], [ -8229531.357899999246001, 4987069.392499998211861 ], [ -8229518.333399999886751, 4987062.03660000115633 ], [ -8229505.0866, 4987054.8279 ], [ -8229491.839500000700355, 4987047.619099996984005 ], [ -8229478.369899999350309, 4987040.704499997198582 ], [ -8229464.789000000804663, 4987033.937299996614456 ], [ -8229451.096699999645352, 4987027.31700000166893 ], [ -8229437.181700000539422, 4987020.843900002539158 ], [ -8229423.1554000005126, 4987014.517800003290176 ], [ -8229409.129300000146031, 4987008.339000001549721 ], [ -8229394.880300000309944, 4987002.307099997997284 ], [ -8229380.408700000494719, 4986996.422399997711182 ], [ -8229365.825799999758601, 4986990.684900000691414 ] ] ] } },
{ "type": "Feature", "properties": { "id": 2000031.0, "name": "1", "objectid": 934.0, "rt_symbol": "1", "url": "http://web.mta.info/nyct/service/", "Shape__Len": 1095.13989378 }, "geometry": { "type": "MultiLineString", "coordinates": [ [ [ -8231507.501599999144673, 4987893.432300001382828 ], [ -8230977.954700000584126, 4988852.031000003218651 ] ] ] } },
{ "type": "Feature", "properties": { "id": 2000033.0, "name": "1", "objectid": 935.0, "rt_symbol": "1", "url": "http://web.mta.info/nyct/service/", "Shape__Len": 962.07456520999995 }, "geometry": { "type": "MultiLineString", "coordinates": [ [ [ -8230250.25929999910295, 4990168.914800003170967 ], [ -8229784.498500000685453, 4991010.730899997055531 ] ] ] } },
{ "type": "Feature", "properties": { "id": 2000268.0, "name": "A", "objectid": 936.0, "rt_symbol": "A", "url": "http://web.mta.info/nyct/service/", "Shape__Len": 964.12918992899995 }, "geometry": { "type": "MultiLineString", "coordinates": [ [ [ -8214100.695599999278784, 4952401.526399999856949 ], [ -8214124.072699999436736, 4952401.379799999296665 ], [ -8214146.670499999076128, 4952400.940099999308586 ], [ -8214168.377699999138713, 4952400.353699997067451 ], [ -8214189.3059, 4952399.47410000115633 ], [ -8214209.343399999663234, 4952398.301399998366833 ], [ -8214228.601700000464916, 4952396.98200000077486 ], [ -8214246.9693, 4952395.369599997997284 ], [ -8214264.557800000533462, 4952393.463600002229214 ], [ -8214281.255699999630451, 4952391.411399997770786 ], [ -8214297.174499999731779, 4952389.065800003707409 ], [ -8214312.313999999314547, 4952386.573600001633167 ], [ -8214326.56279999949038, 4952383.788199998438358 ], [ -8214339.9211, 4952380.709899999201298 ], [ -8214352.50029999949038, 4952377.337999999523163 ], [ -8214364.300100000575185, 4952373.966399997472763 ], [ -8214738.444900000467896, 4952249.359999999403954 ], [ -8214746.905300000682473, 4952246.721400000154972 ], [ -8214755.47690000012517, 4952244.22919999808073 ], [ -8214764.04839999973774, 4952241.737099997699261 ], [ -8214772.731300000101328, 4952239.391599997878075 ], [ -8214781.414300000295043, 4952237.045999996364117 ], [ -8214790.208399999886751, 4952234.700499996542931 ], [ -8214799.002699999138713, 4952232.501800000667572 ], [ -8214807.908399999141693, 4952230.30290000140667 ], [ -8214816.813799999654293, 4952228.103900000452995 ], [ -8214825.830600000917912, 4952226.051600001752377 ], [ -8214834.847699999809265, 4952223.999200001358986 ], [ -8214843.975600000470877, 4952221.946900002658367 ], [ -8214853.103900000452995, 4952220.041400000452995 ], [ -8214862.343399999663234, 4952218.135399997234344 ], [ -8214871.471799999475479, 4952216.229900002479553 ], [ -8215036.001900000497699, 4952189.403099998831749 ] ] ] } },
{ "type": "Feature", "properties": { "id": 2000276.0, "name": "A", "objectid": 937.0, "rt_symbol": "A", "url": "http://web.mta.info/nyct/service/", "Shape__Len": 867.5734101 }, "geometry": { "type": "MultiLineString", "coordinates": [ [ [ -8217666.926699999719858, 4951365.581200003623962 ], [ -8216896.92989999987185, 4951765.316799998283386 ] ] ] } },
{ "type": "Feature", "properties": { "id": 2000287.0, "name": "E", "objectid": 938.0, "rt_symbol": "A", "url": "http://web.mta.info/nyct/service/", "Shape__Len": 507.69382292799997 }, "geometry": { "type": "MultiLineString", "coordinates": [ [ [ -8231631.066299999132752, 4975219.800300002098083 ], [ -8231350.4298, 4975147.947400003671646 ], [ -8231334.733899999409914, 4975143.833099998533726 ], [ -8231319.260299999266863, 4975140.453500002622604 ], [ -8231304.120799999684095, 4975137.661799997091293 ], [ -8231288.9814, 4975135.604400001466274 ], [ -8231274.176000000908971, 4975134.2820999994874 ], [ -8231259.5932, 4975133.54730000346899 ], [ -8231245.121600000187755, 4975133.400399997830391 ], [ -8231230.872700000181794, 4975134.135099999606609 ], [ -8231216.846300000324845, 4975135.457599997520447 ], [ -8231203.042700000107288, 4975137.367799997329712 ], [ -8231189.461899999529123, 4975140.012599997222424 ], [ -8231176.103399999439716, 4975143.392200000584126 ], [ -8231162.8564, 4975147.3596 ], [ -8231149.943399999290705, 4975152.061599999666214 ], [ -8231137.141799999400973, 4975157.351199999451637 ] ] ] } },
{ "type": "Feature", "properties": { "id": 2000171.0, "name": "7", "objectid": 939.0, "rt_symbol": "7", "url": "http://web.mta.info/nyct/service/", "Shape__Len": 845.02828205599997 }, "geometry": { "type": "MultiLineString", "coordinates": [ [ [ -8231549.134999999776483, 4975098.870200000703335 ], [ -8231509.616699999198318, 4975258.592299997806549 ], [ -8231508.169600000604987, 4975264.616800002753735 ], [ -8231506.388499999418855, 4975270.494300000369549 ], [ -8231504.496099999174476, 4975276.372000001370907 ], [ -8231502.603499999269843, 4975281.955700002610683 ], [ -8231500.488500000908971, 4975287.539399996399879 ], [ -8231498.373299999162555, 4975293.123000003397465 ], [ -8231496.147099999710917, 4975298.560000002384186 ], [ -8231493.920499999076128, 4975303.8496999964118 ], [ -8231491.471699999645352, 4975309.139700002968311 ], [ -8231489.02250000089407, 4975314.282499998807907 ], [ -8231486.462200000882149, 4975319.425499998033047 ], [ -8231483.7906, 4975324.421400003135204 ], [ -8231481.00760000012815, 4975329.270599998533726 ], [ -8231478.113199999555945, 4975334.119400002062321 ], [ -8231475.107699999585748, 4975338.821599997580051 ], [ -8231255.251599999144673, 4975672.383000001311302 ], [ -8231248.683800000697374, 4975680.75900000333786 ], [ -8231241.670499999076128, 4975688.400200001895428 ], [ -8231234.212300000712276, 4975695.012599997222424 ], [ -8231226.531199999153614, 4975700.596699997782707 ], [ -8231218.404899999499321, 4975705.29900000244379 ], [ -8231209.944599999114871, 4975708.972699999809265 ], [ -8231201.1502, 4975711.617600001394749 ], [ -8231191.910900000482798, 4975713.233999997377396 ], [ -8231182.448699999600649, 4975713.821699999272823 ], [ -8231172.541200000792742, 4975713.527900002896786 ], [ -8231162.411100000143051, 4975712.20549999922514 ], [ -8231151.835899999365211, 4975709.85419999808073 ], [ -8231140.9265, 4975706.621399998664856 ], [ -8231129.571900000795722, 4975702.359999999403954 ], [ -8231118.106000000610948, 4975697.21679999679327 ], [ -8231084.153599999845028, 4975677.820000000298023 ] ] ] } },
{ "type": "Feature", "properties": { "id": 2000291.0, "name": "E", "objectid": 941.0, "rt_symbol": "A", "url": "http://web.mta.info/nyct/service/", "Shape__Len": 672.39067067799999 }, "geometry": { "type": "MultiLineString", "coordinates": [ [ [ -8230354.454299999400973, 4975701.625399999320507 ], [ -8230332.079299999400973, 4975721.169100001454353 ], [ -8230308.813400000333786, 4975739.096699997782707 ], [ -8230284.656899999827147, 4975755.407899998128414 ], [ -8230259.832599999383092, 4975770.10249999910593 ], [ -8230234.117799999192357, 4975783.1809 ], [ -8230207.512499999254942, 4975794.642899997532368 ], [ -8230180.128100000321865, 4975804.341399997472763 ], [ -8230151.963999999687076, 4975812.57039999961853 ], [ -8230122.909800000488758, 4975819.036200001835823 ], [ -8230093.076099999248981, 4975823.885399997234344 ], [ -8230062.35190000012517, 4975827.118199996650219 ], [ -8230031.07120000012219, 4975828.73480000346899 ], [ -8229714.255899999290705, 4975835.935099996626377 ] ] ] } },
{ "type": "Feature", "properties": { "id": 2000415.0, "name": "N-W", "objectid": 942.0, "rt_symbol": "N", "url": "http://web.mta.info/nyct/service/", "Shape__Len": 676.386768749 }, "geometry": { "type": "MultiLineString", "coordinates": [ [ [ -8230156.639699999243021, 4975959.813299998641014 ], [ -8229802.643699999898672, 4976536.168999999761581 ] ] ] } },
{ "type": "Feature", "properties": { "id": 2000518.0, "name": "L", "objectid": 943.0, "rt_symbol": "L", "url": "http://web.mta.info/nyct/service/", "Shape__Len": 697.13005640899996 }, "geometry": { "type": "MultiLineString", "coordinates": [ [ [ -8231414.327199999243021, 4970330.744400002062321 ], [ -8231914.9309, 4970267.739399999380112 ], [ -8231927.955299999564886, 4970265.976899996399879 ], [ -8231940.979699999094009, 4970264.36150000244379 ], [ -8231953.8926, 4970262.892899997532368 ], [ -8231966.917099999263883, 4970261.571099996566772 ], [ -8231979.830199999734759, 4970260.396099999547005 ], [ -8231992.631899999454618, 4970259.368100002408028 ], [ -8232005.433700000867248, 4970258.486900001764297 ], [ -8232018.235500000417233, 4970257.752700001001358 ], [ -8232031.037100000306964, 4970257.165200002491474 ], [ -8232043.8388, 4970256.724600002169609 ], [ -8232056.529200000688434, 4970256.431000001728535 ], [ -8232069.108300000429153, 4970256.2837999984622 ], [ -8232081.798800000920892, 4970256.284000001847744 ], [ -8232094.378000000491738, 4970256.57769999653101 ], [ -8232106.957000000402331, 4970257.018299996852875 ] ] ] } },
{ "type": "Feature", "properties": { "id": 2000324.0, "name": "G", "objectid": 944.0, "rt_symbol": "G", "url": "http://web.mta.info/nyct/service/", "Shape__Len": 840.20398777900004 }, "geometry": { "type": "MultiLineString", "coordinates": [ [ [ -8232102.393100000917912, 4968247.23759999871254 ], [ -8232103.1721, 4968252.964199997484684 ], [ -8232103.839999999850988, 4968258.690700002014637 ], [ -8232104.507999999448657, 4968264.857699997723103 ], [ -8232105.064500000327826, 4968271.024700000882149 ], [ -8232105.621300000697374, 4968277.485699996352196 ], [ -8232106.066400000825524, 4968284.093199998140335 ], [ -8232106.511800000444055, 4968290.847499996423721 ], [ -8232106.956900000572205, 4968297.89580000191927 ], [ -8232107.29109999909997, 4968305.090300001204014 ], [ -8232107.513599999248981, 4968312.432199999690056 ], [ -8232107.8476, 4968320.067699998617172 ], [ -8232107.95890000090003, 4968327.850100003182888 ], [ -8232108.181600000709295, 4968335.779200002551079 ], [ -8232108.292899999767542, 4968343.854999996721745 ], [ -8232108.181600000709295, 4968352.2246999964118 ], [ -8232098.2741, 4968914.03490000218153 ], [ -8232098.051599999889731, 4968922.992600001394749 ], [ -8232097.82880000025034, 4968932.3904 ], [ -8232097.8289, 4968942.08219999819994 ], [ -8232097.940300000831485, 4968952.067699998617172 ], [ -8232098.2741, 4968962.49379999935627 ], [ -8232098.830800000578165, 4968973.213200002908707 ], [ -8232099.387299999594688, 4968984.373599998652935 ], [ -8232100.277899999171495, 4968995.827600002288818 ], [ -8232101.279899999499321, 4969007.721900001168251 ], [ -8232102.39299999922514, 4969019.910400003194809 ], [ -8232103.728800000622869, 4969032.539099998772144 ], [ -8232105.287399999797344, 4969045.461300000548363 ], [ -8232106.957100000232458, 4969058.677599996328354 ], [ -8232108.738199999555945, 4969072.334399998188019 ], [ -8232110.6305, 4969086.431699998676777 ] ] ] } },
{ "type": "Feature", "properties": { "id": 2000362.0, "name": "J-Z", "objectid": 945.0, "rt_symbol": "J", "url": "http://web.mta.info/nyct/service/", "Shape__Len": 805.30072688500002 }, "geometry": { "type": "MultiLineString", "coordinates": [ [ [ -8232472.877399999648333, 4969194.193300001323223 ], [ -8232322.596200000494719, 4969126.056100003421307 ], [ -8232317.586799999698997, 4969123.559900000691414 ], [ -8232312.466099999845028, 4969121.063299998641014 ], [ -8232307.456700000911951, 4969118.420100003480911 ], [ -8232302.447300000116229, 4969115.776900000870228 ], [ -8232297.43779999949038, 4969112.9868 ], [ -8232292.42850000038743, 4969110.196699999272823 ], [ -8232287.419199999421835, 4969107.259700000286102 ], [ -8232282.521099999547005, 4969104.322599999606609 ], [ -8232277.511600000783801, 4969101.239100001752377 ], [ -8232272.613500000908971, 4969098.155199997127056 ], [ -8232267.604299999773502, 4969094.924500003457069 ], [ -8232262.706199999898672, 4969091.693999998271465 ], [ -8232257.808299999684095, 4969088.316500000655651 ], [ -8232252.9101, 4969084.939000003039837 ], [ -8232248.011900000274181, 4969081.414800003170967 ], [ -8231802.400000000372529, 4968753.511799998581409 ] ] ] } },
{ "type": "Feature", "properties": { "id": 2000325.0, "name": "G", "objectid": 946.0, "rt_symbol": "G", "url": "http://web.mta.info/nyct/service/", "Shape__Len": 991.65198745700002 }, "geometry": { "type": "MultiLineString", "coordinates": [ [ [ -8232110.6305, 4969086.431699998676777 ], [ -8232234.19510000012815, 4970070.355200000107288 ] ] ] } },
{ "type": "Feature", "properties": { "id": 2000363.0, "name": "J-Z", "objectid": 947.0, "rt_symbol": "J", "url": "http://web.mta.info/nyct/service/", "Shape__Len": 877.64285572300003 }, "geometry": { "type": "MultiLineString", "coordinates": [ [ [ -8231802.400000000372529, 4968753.511799998581409 ], [ -8231326.508899999782443, 4968401.538900002837181 ], [ -8231321.94480000063777, 4968398.014799997210503 ], [ -8231317.380699999630451, 4968394.637699998915195 ], [ -8231312.816600000485778, 4968391.113600000739098 ], [ -8231308.252399999648333, 4968387.589599996805191 ], [ -8231303.799799999222159, 4968383.918600000441074 ], [ -8231299.346999999135733, 4968380.394400000572205 ], [ -8231294.894099999219179, 4968376.723700001835823 ], [ -8231290.441500000655651, 4968373.199500001966953 ], [ -8231286.099999999627471, 4968369.5287000015378 ], [ -8231281.647099999710917, 4968365.857699997723103 ], [ -8231277.305500000715256, 4968362.03999999910593 ], [ -8231272.964299999177456, 4968358.369199998676777 ], [ -8231268.734099999070168, 4968354.698399998247623 ], [ -8231264.392699999734759, 4968350.880599997937679 ], [ -8231260.162399999797344, 4968347.062899999320507 ], [ -8231255.709699999541044, 4968343.245200000703335 ], [ -8231251.368200000375509, 4968339.427400000393391 ], [ -8231246.915400000289083, 4968335.7566 ], [ -8231242.573799999430776, 4968331.93860000371933 ], [ -8231238.121099999174476, 4968328.267899997532368 ], [ -8231233.668600000441074, 4968324.597000002861023 ], [ -8231229.215600000694394, 4968320.77929999679327 ], [ -8231224.762900000438094, 4968317.255300000309944 ], [ -8231220.310200000181794, 4968313.584299996495247 ], [ -8231215.8574, 4968309.913400001823902 ], [ -8231211.40430000051856, 4968306.389499999582767 ], [ -8231206.840399999171495, 4968302.718599997460842 ], [ -8231202.387599999085069, 4968299.194600000977516 ], [ -8231197.8235, 4968295.670400001108646 ], [ -8231193.370699999853969, 4968292.146499998867512 ], [ -8231103.090600000694394, 4968223.57490000128746 ] ] ] } },
{ "type": "Feature", "properties": { "id": 2000521.0, "name": "L", "objectid": 948.0, "rt_symbol": "L", "url": "http://web.mta.info/nyct/service/", "Shape__Len": 1006.93996108 }, "geometry": { "type": "MultiLineString", "coordinates": [ [ [ -8230200.276799999177456, 4969095.242399998009205 ], [ -8230241.019799999892712, 4969086.725299999117851 ], [ -8230248.366800000891089, 4969085.256700001657009 ], [ -8230255.714099999517202, 4969083.935199998319149 ], [ -8230263.1722999997437, 4969082.760399997234344 ], [ -8230270.74210000038147, 4969081.585500001907349 ], [ -8230278.311799999326468, 4969080.704700000584126 ], [ -8230286.1042, 4969079.823700003325939 ], [ -8230293.89640000090003, 4969079.089400000870228 ], [ -8230301.800100000575185, 4969078.501999996602535 ], [ -8230309.7039, 4969078.06139999628067 ], [ -8230317.830299999564886, 4969077.7676 ], [ -8230325.956499999389052, 4969077.620800003409386 ], [ -8230334.1941, 4969077.473999999463558 ], [ -8230342.431800000369549, 4969077.620800003409386 ], [ -8230350.892000000923872, 4969077.767700001597404 ], [ -8230359.352399999275804, 4969078.20830000191927 ], [ -8230367.144799999892712, 4969078.501900002360344 ], [ -8230374.8257, 4969078.79559999704361 ], [ -8230382.618300000205636, 4969078.9425999969244 ], [ -8230390.5219, 4969079.089299999177456 ], [ -8230398.314200000837445, 4969078.942400000989437 ], [ -8230406.218000000342727, 4969078.648699998855591 ], [ -8230414.121500000357628, 4969078.354999996721745 ], [ -8230422.0252, 4969077.7676 ], [ -8230429.92879999987781, 4969077.180299997329712 ], [ -8230437.832599999383092, 4969076.299199998378754 ], [ -8230445.8476, 4969075.418099999427795 ], [ -8230453.751199999824166, 4969074.2434 ], [ -8230461.76630000025034, 4969073.068599998950958 ], [ -8230469.892699999734759, 4969071.600000001490116 ], [ -8230477.796399999409914, 4969070.1316 ], [ -8230735.278200000524521, 4969004.491400003433228 ], [ -8230756.428999999538064, 4969000.232900001108646 ], [ -8230776.355100000277162, 4968997.73650000244379 ], [ -8230795.168199999257922, 4968997.295900002121925 ], [ -8230812.645300000905991, 4968998.764399997889996 ], [ -8230828.89780000038445, 4969002.14190000295639 ], [ -8230843.926200000569224, 4969007.428300000727177 ], [ -8230857.729599999263883, 4969014.770499996840954 ], [ -8230870.308900000527501, 4969024.021999999880791 ], [ -8230881.6634, 4969035.182300001382828 ], [ -8230891.682199999690056, 4969048.398400001227856 ], [ -8230900.476500000804663, 4969063.523500002920628 ], [ -8230908.0461, 4969080.557800002396107 ], [ -8230914.3914, 4969099.501000002026558 ], [ -8230919.512000000104308, 4969120.500200003385544 ], [ -8230923.40819999948144, 4969143.408299997448921 ], [ -8230946.45130000077188, 4969328.291500002145767 ] ] ] } },
{ "type": "Feature", "properties": { "id": 2000520.0, "name": "L", "objectid": 949.0, "rt_symbol": "L", "url": "http://web.mta.info/nyct/service/", "Shape__Len": 622.51380515599999 }, "geometry": { "type": "MultiLineString", "coordinates": [ [ [ -8230946.45130000077188, 4969328.291500002145767 ], [ -8231008.456399999558926, 4969819.959299996495247 ], [ -8231009.346799999475479, 4969827.742899999022484 ], [ -8231010.348899999633431, 4969835.526299998164177 ], [ -8231011.461899999529123, 4969843.309900000691414 ], [ -8231012.797700000926852, 4969851.240199998021126 ], [ -8231014.244899999350309, 4969859.317400000989437 ], [ -8231015.914799999445677, 4969867.394599996507168 ], [ -8231017.695800000801682, 4969875.471699997782707 ], [ -8231019.699500000104308, 4969883.695900000631809 ], [ -8231021.814799999818206, 4969891.920100003480911 ], [ -8231024.040999999269843, 4969900.290899999439716 ], [ -8231026.490000000223517, 4969908.662000000476837 ], [ -8231029.161699999123812, 4969917.179899998009205 ], [ -8231031.833399999886751, 4969925.697599999606609 ], [ -8231034.727900000289083, 4969934.362300001084805 ], [ -8231037.73340000025928, 4969943.17400000244379 ] ] ] } },
{ "type": "Feature", "properties": { "id": 2000288.0, "name": "E", "objectid": 950.0, "rt_symbol": "A", "url": "http://web.mta.info/nyct/service/", "Shape__Len": 219.634000009 }, "geometry": { "type": "MultiLineString", "coordinates": [ [ [ -8231137.141799999400973, 4975157.351199999451637 ], [ -8230938.659, 4975251.391999997198582 ] ] ] } },
{ "type": "Feature", "properties": { "id": 2000166.0, "name": "7", "objectid": 951.0, "rt_symbol": "7", "url": "http://web.mta.info/nyct/service/", "Shape__Len": 784.49176376599996 }, "geometry": { "type": "MultiLineString", "coordinates": [ [ [ -8236346.0932, 4976376.44879999756813 ], [ -8235945.253000000491738, 4976159.667700000107288 ], [ -8235939.464500000700355, 4976157.02250000089407 ], [ -8235933.453299999237061, 4976154.524400003254414 ], [ -8235927.2193, 4976152.467000000178814 ], [ -8235920.985500000417233, 4976150.703299999237061 ], [ -8235914.528799999505281, 4976149.527800001204014 ], [ -8235908.072300000116229, 4976148.646099999547005 ], [ -8235901.393100000917912, 4976148.205300003290176 ], [ -8235894.714199999347329, 4976148.058399997651577 ], [ -8235887.812100000679493, 4976148.352200001478195 ], [ -8235880.799100000411272, 4976149.087200000882149 ], [ -8235873.674599999561906, 4976150.262699998915195 ], [ -8235866.43889999948442, 4976151.732199996709824 ], [ -8235859.091900000348687, 4976153.642499998211861 ], [ -8235851.633300000801682, 4976155.993900001049042 ], [ -8235844.063699999824166, 4976158.492200002074242 ], [ -8235833.154100000858307, 4976161.724899999797344 ], [ -8235828.367799999192357, 4976162.753799997270107 ], [ -8235823.469399999827147, 4976163.635399997234344 ], [ -8235818.460100000724196, 4976164.223399996757507 ], [ -8235813.339600000530481, 4976164.664099998772144 ], [ -8235808.1075, 4976164.811099998652935 ], [ -8235802.763900000602007, 4976164.664099998772144 ], [ -8235797.309499999508262, 4976164.370099999010563 ], [ -8235791.7434, 4976163.782399997115135 ], [ -8235786.066199999302626, 4976162.900700002908707 ], [ -8235780.277599999681115, 4976161.871899999678135 ], [ -8235774.377499999478459, 4976160.696199998259544 ], [ -8235768.366399999707937, 4976159.079800002276897 ], [ -8235762.24379999935627, 4976157.463299997150898 ], [ -8235756.010099999606609, 4976155.406000003218651 ], [ -8235749.66469999961555, 4976153.20160000026226 ], [ -8235742.762900000438094, 4976150.409699998795986 ], [ -8235735.638399999588728, 4976147.470600001513958 ], [ -8235728.51410000026226, 4976144.38459999859333 ], [ -8235721.278300000354648, 4976141.151600003242493 ], [ -8235713.93129999935627, 4976137.771700002253056 ], [ -8235706.361500000581145, 4976134.391699999570847 ], [ -8235698.7917, 4976130.7179000005126 ], [ -8235691.110600000247359, 4976127.043999999761581 ], [ -8235683.318199999630451, 4976123.223300002515316 ], [ -8235675.526000000536442, 4976119.402500003576279 ], [ -8235667.510900000110269, 4976115.287900000810623 ], [ -8235659.384500000625849, 4976111.026399999856949 ], [ -8235651.1469, 4976106.764700002968311 ], [ -8235642.909399999305606, 4976102.355999998748302 ], [ -8235634.449200000613928, 4976097.800700001418591 ] ] ] } },
{ "type": "Feature", "properties": { "id": 2000167.0, "name": "7", "objectid": 952.0, "rt_symbol": "7", "url": "http://web.mta.info/nyct/service/", "Shape__Len": 747.71419726399995 }, "geometry": { "type": "MultiLineString", "coordinates": [ [ [ -8235634.449200000613928, 4976097.800700001418591 ], [ -8235544.057700000703335, 4976048.130599997937679 ], [ -8235536.2653, 4976044.016199998557568 ], [ -8235527.916400000452995, 4976040.342500001192093 ], [ -8235524.020099999383092, 4976038.726000003516674 ], [ -8235519.67879999987781, 4976037.403399996459484 ], [ -8235515.114700000733137, 4976036.080899998545647 ], [ -8235510.3279, 4976034.464299999177456 ], [ -8235501.310799999162555, 4976030.64360000193119 ], [ -8235492.294099999591708, 4976026.088299997150898 ], [ -8235273.328500000759959, 4975905.295000001788139 ], [ -8235265.647399999201298, 4975901.327399998903275 ], [ -8235258.300499999895692, 4975898.241499997675419 ], [ -8235251.398600000888109, 4975896.037299998104572 ], [ -8235244.496999999508262, 4975893.979800000786781 ], [ -8235237.261099999770522, 4975891.187899999320507 ], [ -8235230.581900000572205, 4975887.661200001835823 ], [ -8234975.214999999850988, 4975746.590899996459484 ] ] ] } },
{ "type": "Feature", "properties": { "id": 2000339.0, "name": "B-D-F-M", "objectid": 953.0, "rt_symbol": "B", "url": "http://web.mta.info/nyct/service/", "Shape__Len": 745.67188181799997 }, "geometry": { "type": "MultiLineString", "coordinates": [ [ [ -8235924.547700000926852, 4976156.728699997067451 ], [ -8235563.872400000691414, 4976809.369400002062321 ] ] ] } },
{ "type": "Feature", "properties": { "id": 2000428.0, "name": "N-Q-R-W", "objectid": 954.0, "rt_symbol": "N", "url": "http://web.mta.info/nyct/service/", "Shape__Len": 827.09380722799995 }, "geometry": { "type": "MultiLineString", "coordinates": [ [ [ -8236167.780600000172853, 4976222.857699997723103 ], [ -8236106.221000000834465, 4976481.206500001251698 ], [ -8236100.989099999889731, 4976501.633699998259544 ], [ -8236095.645700000226498, 4976521.620099999010563 ], [ -8236090.079800000414252, 4976541.312399998307228 ], [ -8236084.1798, 4976560.711199998855591 ], [ -8236078.168500000610948, 4976579.815999999642372 ], [ -8236071.934699999168515, 4976598.6266999989748 ], [ -8236065.478000000119209, 4976616.996699996292591 ], [ -8236058.798900000751019, 4976635.072700001299381 ], [ -8236051.785900000482798, 4976653.002099998295307 ], [ -8236044.6612, 4976670.490299999713898 ], [ -8236037.314300000667572, 4976687.684600003063679 ], [ -8236029.7445, 4976704.438299998641014 ], [ -8236021.952299999073148, 4976721.045000001788139 ], [ -8236013.825899999588728, 4976737.357799999415874 ], [ -8236005.699699999764562, 4976753.082599997520447 ], [ -8235876.68019999936223, 4976991.311099998652935 ] ] ] } },
{ "type": "Feature", "properties": { "id": 2000429.0, "name": "N-Q-R-W", "objectid": 955.0, "rt_symbol": "N", "url": "http://web.mta.info/nyct/service/", "Shape__Len": 762.78277861000004 }, "geometry": { "type": "MultiLineString", "coordinates": [ [ [ -8236300.918800000101328, 4975472.685599997639656 ], [ -8236258.61739999987185, 4975803.018700003623962 ], [ -8236257.058900000527501, 4975814.480700001120567 ], [ -8236255.3893, 4975825.942500002682209 ], [ -8236253.719399999827147, 4975837.404600001871586 ], [ -8236251.938400000333786, 4975848.866499997675419 ], [ -8236250.045700000599027, 4975860.181699998676777 ], [ -8236248.042099999263883, 4975871.643799997866154 ], [ -8236246.038499999791384, 4975883.105499997735023 ], [ -8236243.812000000849366, 4975894.567699998617172 ], [ -8236241.58559999987483, 4975906.029899999499321 ], [ -8236239.247899999842048, 4975917.344899997115135 ], [ -8236236.9101, 4975928.806900002062321 ], [ -8236234.460999999195337, 4975940.269000001251698 ], [ -8236231.789599999785423, 4975951.730999998748302 ], [ -8236229.228900000452995, 4975963.046099998056889 ], [ -8236226.446100000292063, 4975974.508400000631809 ], [ -8236167.780600000172853, 4976222.857699997723103 ] ] ] } },
{ "type": "Feature", "properties": { "id": 2000318.0, "name": "G", "objectid": 956.0, "rt_symbol": "G", "url": "http://web.mta.info/nyct/service/", "Shape__Len": 169.222805706 }, "geometry": { "type": "MultiLineString", "coordinates": [ [ [ -8235059.372899999842048, 4966255.397399999201298 ], [ -8235028.17259999923408, 4966260.789099998772144 ], [ -8235017.156500000506639, 4966268.497400000691414 ], [ -8235010.955299999564886, 4966275.904200002551079 ], [ -8235001.3421, 4966283.55179999768734 ], [ -8234987.283399999141693, 4966289.397600002586842 ], [ -8234901.07630000077188, 4966300.702200002968311 ] ] ] } },
{ "type": "Feature", "properties": { "id": 2000086.0, "name": "2-3", "objectid": 957.0, "rt_symbol": "1", "url": "http://web.mta.info/nyct/service/", "Shape__Len": 933.51173836099997 }, "geometry": { "type": "MultiLineString", "coordinates": [ [ [ -8233676.561899999156594, 4964079.5 ], [ -8234131.85869999974966, 4964215.7051 ], [ -8234150.3377, 4964221.576099999248981 ], [ -8234166.81279999949038, 4964228.034199997782707 ], [ -8234185.514599999412894, 4964236.4003000035882 ], [ -8234201.21059999987483, 4964245.940499998629093 ], [ -8234220.246200000867248, 4964258.709799997508526 ], [ -8234235.608200000599027, 4964272.066500000655651 ], [ -8234252.194900000467896, 4964288.945299997925758 ], [ -8234268.670299999415874, 4964309.200300000607967 ], [ -8234281.138000000268221, 4964327.840800002217293 ], [ -8234419.174200000241399, 4964556.226300001144409 ] ] ] } },
{ "type": "Feature", "properties": { "id": 2000510.0, "name": "S", "objectid": 958.0, "rt_symbol": "L", "url": "http://web.mta.info/nyct/service/", "Shape__Len": 674.638357015 }, "geometry": { "type": "MultiLineString", "coordinates": [ [ [ -8233105.492799999192357, 4963838.210100002586842 ], [ -8232925.043999999761581, 4964488.267899997532368 ] ] ] } },
{ "type": "Feature", "properties": { "id": 2000320.0, "name": "G", "objectid": 959.0, "rt_symbol": "G", "url": "http://web.mta.info/nyct/service/", "Shape__Len": 762.26134879000006 }, "geometry": { "type": "MultiLineString", "coordinates": [ [ [ -8233950.8531, 4966443.104299999773502 ], [ -8233197.331399999558926, 4966558.201700001955032 ] ] ] } },
{ "type": "Feature", "properties": { "id": 2000103.0, "name": "2", "objectid": 960.0, "rt_symbol": "1", "url": "http://web.mta.info/nyct/service/", "Shape__Len": 845.68501503000005 }, "geometry": { "type": "MultiLineString", "coordinates": [ [ [ -8231960.46059999987483, 4960133.749499998986721 ], [ -8232029.033399999141693, 4960976.649800002574921 ] ] ] } },
{ "type": "Feature", "properties": { "id": 2000104.0, "name": "2", "objectid": 961.0, "rt_symbol": "1", "url": "http://web.mta.info/nyct/service/", "Shape__Len": 755.22129867399997 }, "geometry": { "type": "MultiLineString", "coordinates": [ [ [ -8231899.457499999552965, 4959380.995999999344349 ], [ -8231960.46059999987483, 4960133.749499998986721 ] ] ] } },
{ "type": "Feature", "properties": { "id": 2000101.0, "name": "2", "objectid": 962.0, "rt_symbol": "1", "url": "http://web.mta.info/nyct/service/", "Shape__Len": 896.64874329099996 }, "geometry": { "type": "MultiLineString", "coordinates": [ [ [ -8232098.607899999246001, 4961829.013700000941753 ], [ -8232170.965800000354648, 4962722.738099999725819 ] ] ] } },
{ "type": "Feature", "properties": { "id": 2000102.0, "name": "2", "objectid": 963.0, "rt_symbol": "1", "url": "http://web.mta.info/nyct/service/", "Shape__Len": 855.19870735999996 }, "geometry": { "type": "MultiLineString", "coordinates": [ [ [ -8232029.033399999141693, 4960976.649800002574921 ], [ -8232098.607899999246001, 4961829.013700000941753 ] ] ] } },
{ "type": "Feature", "properties": { "id": 2000091.0, "name": "3", "objectid": 964.0, "rt_symbol": "1", "url": "http://web.mta.info/nyct/service/", "Shape__Len": 1028.8956656099999 }, "geometry": { "type": "MultiLineString", "coordinates": [ [ [ -8230177.456299999728799, 4963625.985699996352196 ], [ -8231203.710699999704957, 4963699.662000000476837 ] ] ] } },
{ "type": "Feature", "properties": { "id": 2000244.0, "name": "A-C", "objectid": 965.0, "rt_symbol": "A", "url": "http://web.mta.info/nyct/service/", "Shape__Len": 1067.7151154000001 }, "geometry": { "type": "MultiLineString", "coordinates": [ [ [ -8231058.772700000554323, 4965243.762800000607967 ], [ -8232123.7664, 4965319.946699999272823 ] ] ] } },
{ "type": "Feature", "properties": { "id": 2000099.0, "name": "2", "objectid": 966.0, "rt_symbol": "1", "url": "http://web.mta.info/nyct/service/", "Shape__Len": 381.64074301800002 }, "geometry": { "type": "MultiLineString", "coordinates": [ [ [ -8232152.375399999320507, 4963477.167099997401237 ], [ -8232146.698000000789762, 4963562.730200000107288 ], [ -8232139.685100000351667, 4963658.714400000870228 ], [ -8232138.57179999910295, 4963672.363600000739098 ], [ -8232138.348999999463558, 4963685.132200002670288 ], [ -8232139.796299999579787, 4963697.020199999213219 ], [ -8232142.690700000151992, 4963708.1743 ], [ -8232146.9206000007689, 4963718.594800002872944 ], [ -8232152.4869, 4963727.987899996340275 ], [ -8232159.611300000920892, 4963736.79389999806881 ], [ -8232167.960100000724196, 4963744.572599999606609 ], [ -8232177.867599999532104, 4963751.617299996316433 ], [ -8232189.110999999567866, 4963757.781599998474121 ], [ -8232201.689899999648333, 4963763.211900003254414 ], [ -8232215.716199999675155, 4963767.761500000953674 ], [ -8232231.189600000157952, 4963771.577600002288818 ], [ -8232247.998800000175834, 4963774.512999996542931 ], [ -8232266.255200000479817, 4963776.420900002121925 ] ] ] } },
{ "type": "Feature", "properties": { "id": 2000286.0, "name": "E", "objectid": 967.0, "rt_symbol": "A", "url": "http://web.mta.info/nyct/service/", "Shape__Len": 2985.4213197 }, "geometry": { "type": "MultiLineString", "coordinates": [ [ [ -8234197.537200000137091, 4976646.094700001180172 ], [ -8233490.65819999948144, 4976252.248499996960163 ], [ -8233482.309499999508262, 4976247.399099998176098 ], [ -8233473.960400000214577, 4976242.10869999974966 ], [ -8233465.722799999639392, 4976236.818300001323223 ], [ -8233457.48509999923408, 4976231.38120000064373 ], [ -8233449.470000000670552, 4976225.943899996578693 ], [ -8233441.566400000825524, 4976220.3596 ], [ -8233433.774000000208616, 4976214.775399997830391 ], [ -8233425.981699999421835, 4976208.897200003266335 ], [ -8233418.412000000476837, 4976203.166000001132488 ], [ -8233410.953600000590086, 4976197.140799999237061 ], [ -8233403.606499999761581, 4976191.115500003099442 ], [ -8233396.259400000795722, 4976184.94370000064373 ], [ -8233389.1349, 4976178.771499998867512 ], [ -8233382.010500000789762, 4976172.452500000596046 ], [ -8233375.331299999728799, 4976165.986599996685982 ], [ -8232883.521800000220537, 4975710.001299999654293 ], [ -8232846.229800000786781, 4975679.583400003612041 ], [ -8232809.160499999299645, 4975650.635099999606609 ], [ -8232772.202199999243021, 4975623.156300000846386 ], [ -8232735.355699999257922, 4975597.000100001692772 ], [ -8232698.620100000873208, 4975572.166500002145767 ], [ -8232661.995899999514222, 4975548.802400000393391 ], [ -8232625.483300000429153, 4975526.760899998247623 ], [ -8232588.970499999821186, 4975506.188699997961521 ], [ -8232552.680400000885129, 4975486.939099997282028 ], [ -8232516.50139999948442, 4975469.159000001847744 ], [ -8232480.322599999606609, 4975452.554300002753735 ], [ -8232444.255100000649691, 4975437.566399998962879 ], [ -8232408.4101, 4975423.753799997270107 ], [ -8232372.565199999138713, 4975411.557499997317791 ], [ -8232337.277000000700355, 4975400.390100002288818 ], [ -8231631.066299999132752, 4975219.800300002098083 ] ] ] } },
{ "type": "Feature", "properties": { "id": 2000385.0, "name": "M", "objectid": 1045.0, "rt_symbol": "B", "url": "http://web.mta.info/nyct/service/", "Shape__Len": 863.76773465700001 }, "geometry": { "type": "MultiLineString", "coordinates": [ [ [ -8229560.189899999648333, 4967877.222199998795986 ], [ -8228704.58809999935329, 4967995.713799998164177 ] ] ] } },
{ "type": "Feature", "properties": { "id": 2000360.0, "name": "J-Z", "objectid": 968.0, "rt_symbol": "J", "url": "http://web.mta.info/nyct/service/", "Shape__Len": 3633.4854408800002 }, "geometry": { "type": "MultiLineString", "coordinates": [ [ [ -8236258.4079, 4970875.013300001621246 ], [ -8236096.438200000673532, 4970808.333200000226498 ], [ -8236090.538100000470877, 4970805.836199998855591 ], [ -8236084.8608, 4970803.339500002563 ], [ -8236079.183599999174476, 4970800.989600002765656 ], [ -8236073.729000000283122, 4970798.492799997329712 ], [ -8236068.274299999698997, 4970795.995800003409386 ], [ -8236062.93099999986589, 4970793.645900003612041 ], [ -8236057.699100000783801, 4970791.14919999986887 ], [ -8236052.578199999406934, 4970788.79900000244379 ], [ -8236047.56900000013411, 4970786.302500002086163 ], [ -8236042.67090000025928, 4970783.952399998903275 ], [ -8236037.884099999442697, 4970781.60249999910593 ], [ -8236033.208699999377131, 4970779.252499997615814 ], [ -8236028.644799999892712, 4970776.902500003576279 ], [ -8236024.080399999395013, 4970774.552699998021126 ], [ -8236019.739099999889731, 4970772.20269999653101 ], [ -8236004.154200000688434, 4970763.977799996733665 ], [ -8235998.365800000727177, 4970760.89360000193119 ], [ -8235992.577099999412894, 4970757.8091000020504 ], [ -8235986.788599999621511, 4970754.871699996292591 ], [ -8235980.999900000169873, 4970752.081299997866154 ], [ -8235975.211200000718236, 4970749.143799997866154 ], [ -8235969.533900000154972, 4970746.353100001811981 ], [ -8235963.856699999421835, 4970743.709600001573563 ], [ -8235958.068, 4970741.065999999642372 ], [ -8235952.502100000157952, 4970738.4221 ], [ -8235946.824799999594688, 4970735.925300002098083 ], [ -8235941.147399999201298, 4970733.575499996542931 ], [ -8235935.581599999219179, 4970731.078699998557568 ], [ -8235930.01549999974668, 4970728.72860000282526 ], [ -8235924.449400000274181, 4970726.525600001215935 ], [ -8235918.88370000012219, 4970724.322400003671646 ], [ -8235307.850999999791384, 4970480.079300001263618 ], [ -8233336.160199999809265, 4969690.699600003659725 ], [ -8233332.152899999171495, 4969688.937399998307228 ], [ -8233328.25650000013411, 4969687.028200000524521 ], [ -8233324.360400000587106, 4969685.119099996984005 ], [ -8233320.575500000268221, 4969683.062899999320507 ], [ -8233316.7906, 4969681.006999999284744 ], [ -8233313.117200000211596, 4969678.804200001060963 ], [ -8233309.554999999701977, 4969676.454599998891354 ], [ -8233305.99269999936223, 4969674.104999996721745 ], [ -8233302.5417, 4969671.608199998736382 ], [ -8233299.090800000354648, 4969668.965000003576279 ], [ -8233295.751199999824166, 4969666.32150000333786 ], [ -8233292.411699999123812, 4969663.531300000846386 ], [ -8233289.183499999344349, 4969660.741099998354912 ], [ -8233286.066500000655651, 4969657.803800001740456 ], [ -8233282.949400000274181, 4969654.719999998807907 ], [ -8233149.254599999636412, 4969511.830899998545647 ], [ -8233147.362299999222159, 4969509.774800002574921 ], [ -8233145.35840000025928, 4969507.865800000727177 ], [ -8233143.354699999094009, 4969505.809900000691414 ], [ -8233141.239800000563264, 4969503.900700002908707 ], [ -8233139.124600000679493, 4969501.991800002753735 ], [ -8233136.898199999704957, 4969500.229400001466274 ], [ -8233134.560599999502301, 4969498.320299997925758 ], [ -8233132.111500000581145, 4969496.558200001716614 ], [ -8233129.662499999627471, 4969494.795900002121925 ], [ -8233127.102099999785423, 4969493.033699996769428 ], [ -8233124.5417, 4969491.418399997055531 ], [ -8233121.7588, 4969489.656099997460842 ], [ -8233119.087200000882149, 4969488.040700003504753 ], [ -8233116.192800000309944, 4969486.571999996900558 ], [ -8233113.298599999397993, 4969484.956799998879433 ], [ -8232954.44539999961853, 4969412.852600000798702 ] ] ] } },
{ "type": "Feature", "properties": { "id": 2000350.0, "name": "F", "objectid": 969.0, "rt_symbol": "B", "url": "http://web.mta.info/nyct/service/", "Shape__Len": 945.41309844299997 }, "geometry": { "type": "MultiLineString", "coordinates": [ [ [ -8236319.175100000575185, 4970924.980800002813339 ], [ -8236187.261800000444055, 4971264.413599997758865 ], [ -8236178.244899999350309, 4971290.704999998211861 ], [ -8236171.3429000005126, 4971315.821599997580051 ], [ -8236166.8902000002563, 4971339.90990000218153 ], [ -8236164.7752, 4971362.8235 ], [ -8236164.997600000351667, 4971384.708599999547005 ], [ -8236167.5581, 4971405.271999999880791 ], [ -8236172.567600000649691, 4971424.807599999010563 ], [ -8236179.914599999785423, 4971443.020700000226498 ], [ -8236189.59940000064671, 4971460.20610000193119 ], [ -8236201.621899999678135, 4971476.363200001418591 ], [ -8236216.093299999833107, 4971491.198399998247623 ], [ -8236232.902599999681115, 4971504.858300000429153 ], [ -8236252.049599999561906, 4971517.490299999713898 ], [ -8236273.534099999815226, 4971528.947300001978874 ], [ -8236297.468000000342727, 4971539.08219999819994 ], [ -8236522.221999999135733, 4971628.681699998676777 ] ] ] } },
{ "type": "Feature", "properties": { "id": 2000430.0, "name": "N-Q-R-W", "objectid": 970.0, "rt_symbol": "N", "url": "http://web.mta.info/nyct/service/", "Shape__Len": 604.13774203399998 }, "geometry": { "type": "MultiLineString", "coordinates": [ [ [ -8236383.406500000506639, 4974874.205700002610683 ], [ -8236300.918800000101328, 4975472.685599997639656 ] ] ] } },
{ "type": "Feature", "properties": { "id": 2000121.0, "name": "4-5-6", "objectid": 971.0, "rt_symbol": "4", "url": "http://web.mta.info/nyct/service/", "Shape__Len": 987.41865812200001 }, "geometry": { "type": "MultiLineString", "coordinates": [ [ [ -8235065.049900000914931, 4975797.287699997425079 ], [ -8234974.880999999120831, 4975825.354999996721745 ], [ -8234968.313400000333786, 4975827.706000000238419 ], [ -8234962.079299999400973, 4975829.910099998116493 ], [ -8234956.068099999800324, 4975832.26129999756813 ], [ -8234950.279500000178814, 4975834.906499996781349 ], [ -8234944.824699999764562, 4975837.698600001633167 ], [ -8234939.592700000852346, 4975840.784299999475479 ], [ -8234934.583399999886751, 4975844.164200000464916 ], [ -8234929.908099999651313, 4975847.691100001335144 ], [ -8234925.455399999395013, 4975851.511600002646446 ], [ -8234921.224999999627471, 4975855.626199997961521 ], [ -8234917.32880000025034, 4975859.887699998915195 ], [ -8234913.543999999761581, 4975864.443199999630451 ], [ -8234910.093100000172853, 4975869.292499996721745 ], [ -8234906.864800000563264, 4975874.288699999451637 ], [ -8234903.859099999070168, 4975879.578900001943111 ], [ -8234516.467499999329448, 4976580.697599999606609 ] ] ] } },
{ "type": "Feature", "properties": { "id": 2000120.0, "name": "4-5-6", "objectid": 972.0, "rt_symbol": "4", "url": "http://web.mta.info/nyct/service/", "Shape__Len": 1052.5157764800001 }, "geometry": { "type": "MultiLineString", "coordinates": [ [ [ -8235647.028200000524521, 4974960.456399999558926 ], [ -8235225.238600000739098, 4975722.344700001180172 ], [ -8235222.232999999076128, 4975727.046999998390675 ], [ -8235219.115900000557303, 4975731.308499999344349 ], [ -8235215.887800000607967, 4975735.423100002110004 ], [ -8235212.436899999156594, 4975739.243600003421307 ], [ -8235208.985999999567866, 4975742.917300000786781 ], [ -8235205.3125, 4975746.443899996578693 ], [ -8235201.527799999341369, 4975749.67679999768734 ], [ -8235197.520099999383092, 4975752.615699999034405 ], [ -8235193.512599999085069, 4975755.407899998128414 ], [ -8235189.282500000670552, 4975758.052799999713898 ], [ -8235184.940899999812245, 4975760.403899997472763 ], [ -8235180.377000000327826, 4975762.608300000429153 ], [ -8235175.81279999949038, 4975764.51860000193119 ], [ -8235171.026000000536442, 4975766.281900003552437 ], [ -8235166.127900000661612, 4975767.751299999654293 ], [ -8235065.049900000914931, 4975797.287699997425079 ] ] ] } },
{ "type": "Feature", "properties": { "id": 2000515.0, "name": "L", "objectid": 973.0, "rt_symbol": "L", "url": "http://web.mta.info/nyct/service/", "Shape__Len": 572.58044536499995 }, "geometry": { "type": "MultiLineString", "coordinates": [ [ [ -8235597.157199999317527, 4972737.87389999628067 ], [ -8236097.426699999719858, 4973016.403599999845028 ] ] ] } },
{ "type": "Feature", "properties": { "id": 2000118.0, "name": "4-5-6", "objectid": 974.0, "rt_symbol": "4", "url": "http://web.mta.info/nyct/service/", "Shape__Len": 538.00030061099994 }, "geometry": { "type": "MultiLineString", "coordinates": [ [ [ -8236150.5263, 4974047.002999998629093 ], [ -8235890.595100000500679, 4974518.04450000077486 ] ] ] } },
{ "type": "Feature", "properties": { "id": 2000431.0, "name": "N-Q-R-W", "objectid": 975.0, "rt_symbol": "N", "url": "http://web.mta.info/nyct/service/", "Shape__Len": 620.27121577699995 }, "geometry": { "type": "MultiLineString", "coordinates": [ [ [ -8236456.098300000652671, 4974258.425300002098083 ], [ -8236439.177699999883771, 4974455.306199997663498 ], [ -8236438.509700000286102, 4974463.681100003421307 ], [ -8236437.841900000348687, 4974472.056000001728535 ], [ -8236437.062599999830127, 4974480.137000001966953 ], [ -8236436.283500000834465, 4974488.218099996447563 ], [ -8236435.615399999544024, 4974496.005300000309944 ], [ -8236434.836100000888109, 4974503.792599998414516 ], [ -8236434.057, 4974511.432700000703335 ], [ -8236433.166400000452995, 4974518.779200002551079 ], [ -8236432.387199999764562, 4974526.125699996948242 ], [ -8236431.4967, 4974533.178300000727177 ], [ -8236430.717399999499321, 4974540.230700001120567 ], [ -8236429.8267, 4974547.136399999260902 ], [ -8236428.936200000345707, 4974553.895199999213219 ], [ -8236427.934299999848008, 4974560.360100001096725 ], [ -8236427.0439, 4974566.82490000128746 ], [ -8236383.406500000506639, 4974874.205700002610683 ] ] ] } },
{ "type": "Feature", "properties": { "id": 2000119.0, "name": "4-5-6", "objectid": 976.0, "rt_symbol": "4", "url": "http://web.mta.info/nyct/service/", "Shape__Len": 505.027844813 }, "geometry": { "type": "MultiLineString", "coordinates": [ [ [ -8235890.595100000500679, 4974518.04450000077486 ], [ -8235647.028200000524521, 4974960.456399999558926 ] ] ] } },
{ "type": "Feature", "properties": { "id": 2000106.0, "name": "S", "objectid": 977.0, "rt_symbol": "L", "url": "http://web.mta.info/nyct/service/", "Shape__Len": 922.43377328300005 }, "geometry": { "type": "MultiLineString", "coordinates": [ [ [ -8235325.648800000548363, 4975943.207999996840954 ], [ -8236053.5669, 4976347.76969999819994 ], [ -8236059.021600000560284, 4976351.149599999189377 ], [ -8236064.142400000244379, 4976354.8235 ], [ -8236069.040300000458956, 4976358.497299998998642 ], [ -8236073.715700000524521, 4976362.46509999781847 ], [ -8236078.168400000780821, 4976366.4331 ], [ -8236082.398700000718236, 4976370.694600000977516 ], [ -8236086.2949, 4976375.103500001132488 ], [ -8236089.968399999663234, 4976379.512100003659725 ], [ -8236093.530600000172853, 4976384.214800000190735 ], [ -8236096.7588, 4976389.064400002360344 ], [ -8236099.764599999412894, 4976394.060900002717972 ], [ -8236102.436300000175834, 4976399.204199999570847 ], [ -8236104.996600000187755, 4976404.494699999690056 ], [ -8236107.3344, 4976409.932099997997284 ], [ -8236109.337899999693036, 4976415.516500003635883 ] ] ] } },
{ "type": "Feature", "properties": { "id": 2000099.0, "name": "2", "objectid": 978.0, "rt_symbol": "1", "url": "http://web.mta.info/nyct/service/", "Shape__Len": 381.64074301800002 }, "geometry": { "type": "MultiLineString", "coordinates": [ [ [ -8232152.375399999320507, 4963477.167099997401237 ], [ -8232146.698000000789762, 4963562.730200000107288 ], [ -8232139.685100000351667, 4963658.714400000870228 ], [ -8232138.57179999910295, 4963672.363600000739098 ], [ -8232138.348999999463558, 4963685.132200002670288 ], [ -8232139.796299999579787, 4963697.020199999213219 ], [ -8232142.690700000151992, 4963708.1743 ], [ -8232146.9206000007689, 4963718.594800002872944 ], [ -8232152.4869, 4963727.987899996340275 ], [ -8232159.611300000920892, 4963736.79389999806881 ], [ -8232167.960100000724196, 4963744.572599999606609 ], [ -8232177.867599999532104, 4963751.617299996316433 ], [ -8232189.110999999567866, 4963757.781599998474121 ], [ -8232201.689899999648333, 4963763.211900003254414 ], [ -8232215.716199999675155, 4963767.761500000953674 ], [ -8232231.189600000157952, 4963771.577600002288818 ], [ -8232247.998800000175834, 4963774.512999996542931 ], [ -8232266.255200000479817, 4963776.420900002121925 ] ] ] } },
{ "type": "Feature", "properties": { "id": 2000089.0, "name": "3", "objectid": 979.0, "rt_symbol": "1", "url": "http://web.mta.info/nyct/service/", "Shape__Len": 138.47429349699999 }, "geometry": { "type": "MultiLineString", "coordinates": [ [ [ -8232128.219100000336766, 4963765.413400001823902 ], [ -8232266.255200000479817, 4963776.420900002121925 ] ] ] } },
{ "type": "Feature", "properties": { "id": 2000243.0, "name": "A-C", "objectid": 980.0, "rt_symbol": "A", "url": "http://web.mta.info/nyct/service/", "Shape__Len": 731.10819819699998 }, "geometry": { "type": "MultiLineString", "coordinates": [ [ [ -8232123.7664, 4965319.946699999272823 ], [ -8232336.609300000593066, 4965335.359700001776218 ], [ -8232347.073200000450015, 4965336.093599997460842 ], [ -8232357.648399999365211, 4965336.974399998784065 ], [ -8232368.446599999442697, 4965338.001800000667572 ], [ -8232379.244599999859929, 4965339.322999998927116 ], [ -8232390.376499999314547, 4965340.790799997746944 ], [ -8232401.508400000631809, 4965342.405500002205372 ], [ -8232412.862999999895692, 4965344.313900001347065 ], [ -8232424.440300000831485, 4965346.369000002741814 ], [ -8232436.128799999132752, 4965348.717600002884865 ], [ -8232448.03999999910593, 4965351.213100001215935 ], [ -8232460.062400000169873, 4965353.85530000180006 ], [ -8232472.196399999782443, 4965356.79110000282526 ], [ -8232484.552699999883771, 4965359.873700000345707 ], [ -8232497.020600000396371, 4965363.25 ], [ -8232509.710899999365211, 4965366.772799998521805 ], [ -8232838.660000000149012, 4965458.22410000115633 ] ] ] } },
{ "type": "Feature", "properties": { "id": 2000322.0, "name": "G", "objectid": 981.0, "rt_symbol": "G", "url": "http://web.mta.info/nyct/service/", "Shape__Len": 1163.6960771700001 }, "geometry": { "type": "MultiLineString", "coordinates": [ [ [ -8232468.411499999463558, 4966668.89639999717474 ], [ -8232058.0877, 4966731.144199997186661 ], [ -8232034.154200000688434, 4966738.778399996459484 ], [ -8232012.1129, 4966747.733800001442432 ], [ -8231991.963999999687076, 4966758.01070000231266 ], [ -8231973.818900000303984, 4966769.315200001001358 ], [ -8231957.6776, 4966781.941100001335144 ], [ -8231943.317299999296665, 4966795.741599999368191 ], [ -8231931.072300000116229, 4966810.7162000015378 ], [ -8231920.719499999657273, 4966826.865699999034405 ], [ -8231912.25929999910295, 4966844.1897 ], [ -8231905.802699999883771, 4966862.688100002706051 ], [ -8231901.238700000569224, 4966882.361199997365475 ], [ -8231898.67820000089705, 4966903.355700001120567 ], [ -8231898.1217, 4966925.37780000269413 ], [ -8231899.457499999552965, 4966948.7212999984622 ], [ -8231902.685900000855327, 4966972.945699997246265 ], [ -8231922.389399999752641, 4967085.994000002741814 ], [ -8231923.502399999648333, 4967092.307300001382828 ], [ -8231924.72719999961555, 4967098.620300002396107 ], [ -8231925.840199999511242, 4967104.933499999344349 ], [ -8231926.953600000590086, 4967111.2466000020504 ], [ -8231927.955299999564886, 4967117.55969999730587 ], [ -8231929.068299999460578, 4967123.873000003397465 ], [ -8231930.07039999961853, 4967130.185999996960163 ], [ -8231931.183499999344349, 4967136.499200001358986 ], [ -8231932.185499999672174, 4967142.8125 ], [ -8231933.1875, 4967149.125699996948242 ], [ -8231934.07799999974668, 4967155.438799999654293 ], [ -8231935.079700000584126, 4967161.751900002360344 ], [ -8231936.081599999219179, 4967168.064900003373623 ], [ -8231936.972200000658631, 4967174.3783999979496 ], [ -8231937.862700000405312, 4967180.691600002348423 ], [ -8231970.145500000566244, 4967394.314400002360344 ] ] ] } },
{ "type": "Feature", "properties": { "id": 2000245.0, "name": "A-C", "objectid": 982.0, "rt_symbol": "A", "url": "http://web.mta.info/nyct/service/", "Shape__Len": 1130.6053669800001 }, "geometry": { "type": "MultiLineString", "coordinates": [ [ [ -8229931.106300000101328, 4965162.295100003480911 ], [ -8231058.772700000554323, 4965243.762800000607967 ] ] ] } },
{ "type": "Feature", "properties": { "id": 2000366.0, "name": "J-Z", "objectid": 983.0, "rt_symbol": "J", "url": "http://web.mta.info/nyct/service/", "Shape__Len": 822.03254078400005 }, "geometry": { "type": "MultiLineString", "coordinates": [ [ [ -8230385.4134, 4967694.107100002467632 ], [ -8229717.929300000891089, 4967214.312899999320507 ] ] ] } },
{ "type": "Feature", "properties": { "id": 2000365.0, "name": "J-Z", "objectid": 984.0, "rt_symbol": "J", "url": "http://web.mta.info/nyct/service/", "Shape__Len": 135.814194235 }, "geometry": { "type": "MultiLineString", "coordinates": [ [ [ -8230494.284199999645352, 4967775.302199997007847 ], [ -8230385.4134, 4967694.107100002467632 ] ] ] } },
{ "type": "Feature", "properties": { "id": 2000422.0, "name": "N-R-W", "objectid": 985.0, "rt_symbol": "N", "url": "http://web.mta.info/nyct/service/", "Shape__Len": 2970.4226827000002 }, "geometry": { "type": "MultiLineString", "coordinates": [ [ [ -8233997.495899999514222, 4977396.798000000417233 ], [ -8233092.802500000223517, 4976892.697599999606609 ], [ -8231735.483899999409914, 4976089.571099996566772 ], [ -8231425.347799999639392, 4975911.466700002551079 ] ] ] } },
{ "type": "Feature", "properties": { "id": 2000327.0, "name": "G", "objectid": 986.0, "rt_symbol": "G", "url": "http://web.mta.info/nyct/service/", "Shape__Len": 1053.26785387 }, "geometry": { "type": "MultiLineString", "coordinates": [ [ [ -8232218.499199999496341, 4971809.792700000107288 ], [ -8232481.769799999892712, 4972417.633299998939037 ], [ -8232489.562100000679493, 4972436.289300002157688 ], [ -8232497.020700000226498, 4972455.532899998128414 ], [ -8232504.256400000303984, 4972475.217000000178814 ], [ -8232511.158099999651313, 4972495.195200003683567 ], [ -8232517.614700000733137, 4972515.467200003564358 ], [ -8232523.848500000312924, 4972536.179899998009205 ], [ -8232529.748500000685453, 4972557.333400003612041 ], [ -8232535.203199999406934, 4972578.780599996447563 ], [ -8232540.435200000181794, 4972600.668799996376038 ], [ -8232545.333000000566244, 4972622.997599996626377 ], [ -8232549.897299999371171, 4972645.620099999010563 ], [ -8232554.127399999648333, 4972668.536499999463558 ], [ -8232557.9123, 4972691.893899999558926 ], [ -8232561.474700000137091, 4972715.6919 ], [ -8232564.480200000107288, 4972739.930600002408028 ], [ -8232571.604599999263883, 4972796.487899996340275 ] ] ] } },
{ "type": "Feature", "properties": { "id": 2000361.0, "name": "J-Z", "objectid": 987.0, "rt_symbol": "J", "url": "http://web.mta.info/nyct/service/", "Shape__Len": 528.88526931700005 }, "geometry": { "type": "MultiLineString", "coordinates": [ [ [ -8232954.44539999961853, 4969412.852600000798702 ], [ -8232472.877399999648333, 4969194.193300001323223 ] ] ] } },
{ "type": "Feature", "properties": { "id": 2000516.0, "name": "L", "objectid": 988.0, "rt_symbol": "L", "url": "http://web.mta.info/nyct/service/", "Shape__Len": 3419.6684194099998 }, "geometry": { "type": "MultiLineString", "coordinates": [ [ [ -8232841.331800000742078, 4970733.017700001597404 ], [ -8234567.229000000283122, 4972150.872299998998642 ], [ -8234573.129100000485778, 4972155.7195999994874 ], [ -8234579.251700000837445, 4972160.420199997723103 ], [ -8234585.485600000247359, 4972165.267800003290176 ], [ -8234592.05350000038743, 4972170.262100003659725 ], [ -8234598.843900000676513, 4972175.1096 ], [ -8234605.85700000077486, 4972180.103900000452995 ], [ -8234613.092599999159575, 4972185.098200000822544 ], [ -8234620.551100000739098, 4972190.092799998819828 ], [ -8234628.232100000604987, 4972195.233999997377396 ], [ -8234636.024599999189377, 4972200.228299997746944 ], [ -8234644.150800000876188, 4972205.369599997997284 ], [ -8234652.499900000169873, 4972210.657899998128414 ], [ -8234661.07149999961257, 4972215.799199998378754 ], [ -8234669.865800000727177, 4972221.087300002574921 ], [ -8234678.88260000012815, 4972226.375399999320507 ], [ -8235597.157199999317527, 4972737.87389999628067 ] ] ] } },
{ "type": "Feature", "properties": { "id": 2000282.0, "name": "E", "objectid": 1083.0, "rt_symbol": "A", "url": "http://web.mta.info/nyct/service/", "Shape__Len": 187.05348148 }, "geometry": { "type": "MultiLineString", "coordinates": [ [ [ -8235586.346100000664592, 4977447.400100000202656 ], [ -8235424.647600000724196, 4977353.365000002086163 ] ] ] } },
{ "type": "Feature", "properties": { "id": 2000286.0, "name": "E", "objectid": 989.0, "rt_symbol": "A", "url": "http://web.mta.info/nyct/service/", "Shape__Len": 2985.4213197 }, "geometry": { "type": "MultiLineString", "coordinates": [ [ [ -8234197.537200000137091, 4976646.094700001180172 ], [ -8233490.65819999948144, 4976252.248499996960163 ], [ -8233482.309499999508262, 4976247.399099998176098 ], [ -8233473.960400000214577, 4976242.10869999974966 ], [ -8233465.722799999639392, 4976236.818300001323223 ], [ -8233457.48509999923408, 4976231.38120000064373 ], [ -8233449.470000000670552, 4976225.943899996578693 ], [ -8233441.566400000825524, 4976220.3596 ], [ -8233433.774000000208616, 4976214.775399997830391 ], [ -8233425.981699999421835, 4976208.897200003266335 ], [ -8233418.412000000476837, 4976203.166000001132488 ], [ -8233410.953600000590086, 4976197.140799999237061 ], [ -8233403.606499999761581, 4976191.115500003099442 ], [ -8233396.259400000795722, 4976184.94370000064373 ], [ -8233389.1349, 4976178.771499998867512 ], [ -8233382.010500000789762, 4976172.452500000596046 ], [ -8233375.331299999728799, 4976165.986599996685982 ], [ -8232883.521800000220537, 4975710.001299999654293 ], [ -8232846.229800000786781, 4975679.583400003612041 ], [ -8232809.160499999299645, 4975650.635099999606609 ], [ -8232772.202199999243021, 4975623.156300000846386 ], [ -8232735.355699999257922, 4975597.000100001692772 ], [ -8232698.620100000873208, 4975572.166500002145767 ], [ -8232661.995899999514222, 4975548.802400000393391 ], [ -8232625.483300000429153, 4975526.760899998247623 ], [ -8232588.970499999821186, 4975506.188699997961521 ], [ -8232552.680400000885129, 4975486.939099997282028 ], [ -8232516.50139999948442, 4975469.159000001847744 ], [ -8232480.322599999606609, 4975452.554300002753735 ], [ -8232444.255100000649691, 4975437.566399998962879 ], [ -8232408.4101, 4975423.753799997270107 ], [ -8232372.565199999138713, 4975411.557499997317791 ], [ -8232337.277000000700355, 4975400.390100002288818 ], [ -8231631.066299999132752, 4975219.800300002098083 ] ] ] } },
{ "type": "Feature", "properties": { "id": 2000236.0, "name": "F", "objectid": 990.0, "rt_symbol": "B", "url": "http://web.mta.info/nyct/service/", "Shape__Len": 247.49606744100001 }, "geometry": { "type": "MultiLineString", "coordinates": [ [ [ -8236277.319199999794364, 4966826.57209999859333 ], [ -8236259.953199999406934, 4966862.394599996507168 ], [ -8236257.059000000357628, 4966869.441600002348423 ], [ -8236254.387399999424815, 4966876.48870000243187 ], [ -8236251.826999999582767, 4966883.535899996757507 ], [ -8236249.489199999719858, 4966890.729500003159046 ], [ -8236247.374099999666214, 4966897.923600003123283 ], [ -8236245.481699999421835, 4966905.117499999701977 ], [ -8236243.812000000849366, 4966912.458099998533726 ], [ -8236242.2533, 4966919.798799999058247 ], [ -8236241.028999999165535, 4966927.139499999582767 ], [ -8236239.91579999960959, 4966934.627300001680851 ], [ -8236239.0252, 4966942.114600002765656 ], [ -8236238.245899999514222, 4966949.602300003170967 ], [ -8236237.800699999555945, 4966957.236599996685982 ], [ -8236237.46680000051856, 4966964.871100001037121 ], [ -8236237.3553, 4966972.505300000309944 ], [ -8236233.347899999469519, 4967066.027199998497963 ], [ -8236233.236600000411272, 4967066.907899998128414 ] ] ] } },
{ "type": "Feature", "properties": { "id": 2000450.0, "name": "B", "objectid": 991.0, "rt_symbol": "B", "url": "http://web.mta.info/nyct/service/", "Shape__Len": 611.29340958800003 }, "geometry": { "type": "MultiLineString", "coordinates": [ [ [ -8235070.6722, 4965914.410999998450279 ], [ -8235128.279400000348687, 4966309.804300002753735 ], [ -8235129.169800000265241, 4966316.704099997878075 ], [ -8235130.61710000038147, 4966323.3103 ], [ -8235132.286800000816584, 4966329.76969999819994 ], [ -8235134.5131, 4966335.935500003397465 ], [ -8235137.0735, 4966341.807800002396107 ], [ -8235140.079199999570847, 4966347.386399999260902 ], [ -8235143.4189, 4966352.671400003135204 ], [ -8235147.314999999478459, 4966357.809500001370907 ], [ -8235151.433800000697374, 4966362.654200002551079 ], [ -8235156.109200000762939, 4966367.351800002157688 ], [ -8235161.11849999986589, 4966371.609300002455711 ], [ -8235166.573200000450015, 4966375.719899997115135 ], [ -8235172.361700000241399, 4966379.536799997091293 ], [ -8235178.595599999651313, 4966383.060199998319149 ], [ -8235185.275000000372529, 4966386.436700001358986 ], [ -8235282.902200000360608, 4966440.021200001239777 ] ] ] } },
{ "type": "Feature", "properties": { "id": 2000470.0, "name": "D", "objectid": 992.0, "rt_symbol": "B", "url": "http://web.mta.info/nyct/service/", "Shape__Len": 692.89842983400001 }, "geometry": { "type": "MultiLineString", "coordinates": [ [ [ -8235275.405999999493361, 4965784.554399996995926 ], [ -8235215.3311, 4965930.61370000243187 ], [ -8235212.102900000289083, 4965936.925999999046326 ], [ -8235209.208599999547005, 4965943.091600000858307 ], [ -8235206.425699999555945, 4965949.404100000858307 ], [ -8235203.976700000464916, 4965955.716600000858307 ], [ -8235201.638900000602007, 4965961.881999999284744 ], [ -8235199.6349, 4965968.194499999284744 ], [ -8235197.742599999532104, 4965974.506800003349781 ], [ -8235196.1842, 4965980.672399997711182 ], [ -8235194.848500000312924, 4965986.984999999403954 ], [ -8235193.6239, 4965993.1503000035882 ], [ -8235192.733300000429153, 4965999.462899997830391 ], [ -8235191.95409999974072, 4966005.775399997830391 ], [ -8235191.508899999782443, 4966011.940999999642372 ], [ -8235191.174799999222159, 4966018.2533999979496 ], [ -8235191.063500000163913, 4966024.418999999761581 ], [ -8235227.131100000813603, 4966348.707699999213219 ], [ -8235228.021600000560284, 4966356.047899998724461 ], [ -8235229.246200000867248, 4966363.241300001740456 ], [ -8235230.915999999269843, 4966370.434900000691414 ], [ -8235233.030899999663234, 4966377.188000001013279 ], [ -8235235.591299999505281, 4966383.940999999642372 ], [ -8235238.485600000247359, 4966390.400700002908707 ], [ -8235241.825200000777841, 4966396.713100001215935 ], [ -8235245.498700000345707, 4966402.879000000655651 ], [ -8235249.617599999532104, 4966408.751299999654293 ], [ -8235254.181600000709295, 4966414.476800002157688 ], [ -8235259.190999999642372, 4966419.908600002527237 ], [ -8235264.534399999305606, 4966425.193800002336502 ], [ -8235270.21169999986887, 4966430.332000002264977 ], [ -8235276.445499999448657, 4966435.323299996554852 ], [ -8235282.902200000360608, 4966440.021200001239777 ] ] ] } },
{ "type": "Feature", "properties": { "id": 2000083.0, "name": "2-3", "objectid": 993.0, "rt_symbol": "1", "url": "http://web.mta.info/nyct/service/", "Shape__Len": 651.59866688800003 }, "geometry": { "type": "MultiLineString", "coordinates": [ [ [ -8235156.109200000762939, 4965895.528599999845028 ], [ -8235272.1042, 4966104.279200002551079 ], [ -8235470.698000000789762, 4966466.152800001204014 ] ] ] } },
{ "type": "Feature", "properties": { "id": 2000016.0, "name": "1-2-3", "objectid": 994.0, "rt_symbol": "1", "url": "http://web.mta.info/nyct/service/", "Shape__Len": 1034.85500837 }, "geometry": { "type": "MultiLineString", "coordinates": [ [ [ -8236250.268500000238419, 4976313.675899997353554 ], [ -8236084.847699999809265, 4976615.23309999704361 ], [ -8236060.023499999195337, 4976658.733499996364117 ], [ -8236051.4518, 4976676.368699997663498 ], [ -8236043.5483, 4976694.298199996352196 ], [ -8236035.867200000211596, 4976713.990800000727177 ], [ -8236029.522099999710917, 4976734.859300002455711 ], [ -8236019.391799999400973, 4976767.044200003147125 ], [ -8236009.261800000444055, 4976804.666599996387959 ], [ -8235979.53940000012517, 4976918.416400000452995 ], [ -8235967.962300000712276, 4976963.828599996864796 ], [ -8235954.8267, 4977008.358999997377396 ], [ -8235941.9134, 4977047.452100001275539 ], [ -8235925.438200000673532, 4977092.865000002086163 ], [ -8235910.63260000012815, 4977126.520499996840954 ], [ -8235893.934800000861287, 4977158.706399999558926 ], [ -8235844.397600000724196, 4977259.8213 ] ] ] } },
{ "type": "Feature", "properties": { "id": 2000340.0, "name": "B-D-F-M", "objectid": 995.0, "rt_symbol": "B", "url": "http://web.mta.info/nyct/service/", "Shape__Len": 374.50283868000002 }, "geometry": { "type": "MultiLineString", "coordinates": [ [ [ -8235563.872400000691414, 4976809.369400002062321 ], [ -8235382.644400000572205, 4977137.102200001478195 ] ] ] } },
{ "type": "Feature", "properties": { "id": 2000342.0, "name": "M", "objectid": 996.0, "rt_symbol": "B", "url": "http://web.mta.info/nyct/service/", "Shape__Len": 378.00880429400002 }, "geometry": { "type": "MultiLineString", "coordinates": [ [ [ -8235382.644400000572205, 4977137.102200001478195 ], [ -8235373.850199999287724, 4977150.623199999332428 ], [ -8235364.387800000607967, 4977162.527800001204014 ], [ -8235354.480399999767542, 4977173.109300002455711 ], [ -8235344.0165, 4977182.368500001728535 ], [ -8235332.995799999684095, 4977190.157799996435642 ], [ -8235321.529999999329448, 4977196.477399997413158 ], [ -8235309.507500000298023, 4977201.474399998784065 ], [ -8235296.928300000727177, 4977205.148699998855591 ], [ -8235283.903999999165535, 4977207.353000000119209 ], [ -8235270.323000000789762, 4977208.234899997711182 ], [ -8235256.296800000593066, 4977207.647200003266335 ], [ -8235241.713899999856949, 4977205.736599996685982 ], [ -8235223.304999999701977, 4977197.552599996328354 ], [ -8235193.293099999427795, 4977183.734899997711182 ], [ -8235147.026599999517202, 4977156.102799996733665 ], [ -8235059.496600000187755, 4977102.094899997115135 ] ] ] } },
{ "type": "Feature", "properties": { "id": 2000283.0, "name": "E", "objectid": 997.0, "rt_symbol": "A", "url": "http://web.mta.info/nyct/service/", "Shape__Len": 441.857990766 }, "geometry": { "type": "MultiLineString", "coordinates": [ [ [ -8235424.622600000351667, 4977353.280500002205372 ], [ -8235048.240599999204278, 4977121.8175999969244 ] ] ] } },
{ "type": "Feature", "properties": { "id": 2000341.0, "name": "B-D", "objectid": 998.0, "rt_symbol": "B", "url": "http://web.mta.info/nyct/service/", "Shape__Len": 235.6677539 }, "geometry": { "type": "MultiLineString", "coordinates": [ [ [ -8235382.644400000572205, 4977137.102200001478195 ], [ -8235374.74070000089705, 4977154.003600001335144 ], [ -8235368.729499999433756, 4977170.463899999856949 ], [ -8235364.276599999517202, 4977186.336599998176098 ], [ -8235361.38230000063777, 4977201.621399998664856 ], [ -8235360.269099999219179, 4977216.612099997699261 ], [ -8235360.8257, 4977231.015100002288818 ], [ -8235362.9408, 4977244.830300003290176 ], [ -8235366.72580000013113, 4977258.20440000295639 ], [ -8235372.180400000885129, 4977271.137800000607967 ], [ -8235379.193399999290705, 4977283.483300000429153 ], [ -8235387.987600000575185, 4977295.240900002419949 ], [ -8235398.340500000864267, 4977306.704599998891354 ], [ -8235410.3629, 4977317.580399997532368 ], [ -8235424.055299999192357, 4977327.8684 ], [ -8235439.528599999845028, 4977337.862400002777576 ] ] ] } },
{ "type": "Feature", "properties": { "id": 2000284.0, "name": "E", "objectid": 999.0, "rt_symbol": "A", "url": "http://web.mta.info/nyct/service/", "Shape__Len": 187.733288899 }, "geometry": { "type": "MultiLineString", "coordinates": [ [ [ -8235048.240599999204278, 4977121.8175999969244 ], [ -8234884.267000000923872, 4977030.403999999165535 ] ] ] } },
{ "type": "Feature", "properties": { "id": 2000122.0, "name": "4-5-6", "objectid": 1000.0, "rt_symbol": "4", "url": "http://web.mta.info/nyct/service/", "Shape__Len": 909.89197464400002 }, "geometry": { "type": "MultiLineString", "coordinates": [ [ [ -8234516.467499999329448, 4976580.697599999606609 ], [ -8234076.421399999409914, 4977377.103799998760223 ] ] ] } },
{ "type": "Feature", "properties": { "id": 2000517.0, "name": "L", "objectid": 1001.0, "rt_symbol": "L", "url": "http://web.mta.info/nyct/service/", "Shape__Len": 899.46636262000004 }, "geometry": { "type": "MultiLineString", "coordinates": [ [ [ -8232106.957000000402331, 4970257.018299996852875 ], [ -8232195.2335, 4970257.311899997293949 ], [ -8232203.916200000792742, 4970257.312100000679493 ], [ -8232212.376599999144673, 4970257.752499997615814 ], [ -8232220.836899999529123, 4970258.6338 ], [ -8232229.185900000855327, 4970259.95549999922514 ], [ -8232237.42339999973774, 4970261.571199998259544 ], [ -8232245.549699999392033, 4970263.626999996602535 ], [ -8232253.564899999648333, 4970266.123800002038479 ], [ -8232261.579800000414252, 4970269.061200000345707 ], [ -8232269.372199999168515, 4970272.439000003039837 ], [ -8232277.05320000089705, 4970276.110500000417233 ], [ -8232284.734200000762939, 4970280.222900003194809 ], [ -8232292.303899999707937, 4970284.775700002908707 ], [ -8232299.651100000366569, 4970289.769199997186661 ], [ -8232306.998099999502301, 4970295.203100003302097 ], [ -8232314.233999999240041, 4970300.930799998342991 ], [ -8232841.331800000742078, 4970733.017700001597404 ] ] ] } },
{ "type": "Feature", "properties": { "id": 2000519.0, "name": "L", "objectid": 1002.0, "rt_symbol": "L", "url": "http://web.mta.info/nyct/service/", "Shape__Len": 648.58723116199997 }, "geometry": { "type": "MultiLineString", "coordinates": [ [ [ -8231037.73340000025928, 4969943.17400000244379 ], [ -8231175.212899999693036, 4970304.015000000596046 ], [ -8231177.773299999535084, 4970310.77080000191927 ], [ -8231180.667600000277162, 4970317.086099997162819 ], [ -8231183.895899999886751, 4970322.813699997961521 ], [ -8231187.458000000566244, 4970328.10080000013113 ], [ -8231191.3542, 4970332.800599999725819 ], [ -8231195.695800000801682, 4970336.912799999117851 ], [ -8231200.370999999344349, 4970340.584600001573563 ], [ -8231205.380599999800324, 4970343.668799996376038 ], [ -8231210.723899999633431, 4970346.312299996614456 ], [ -8231216.512599999085069, 4970348.368299998342991 ], [ -8231222.6349, 4970349.836999997496605 ], [ -8231229.091499999165535, 4970350.865000002086163 ], [ -8231235.881999999284744, 4970351.305600002408028 ], [ -8231243.11769999936223, 4970351.158900000154972 ], [ -8231250.798800000920892, 4970350.571400001645088 ], [ -8231414.327199999243021, 4970330.744400002062321 ] ] ] } },
{ "type": "Feature", "properties": { "id": 2000170.0, "name": "7", "objectid": 1003.0, "rt_symbol": "7", "url": "http://web.mta.info/nyct/service/", "Shape__Len": 1031.6401952000001 }, "geometry": { "type": "MultiLineString", "coordinates": [ [ [ -8231955.673800000920892, 4974392.568199999630451 ], [ -8231836.116699999198318, 4974429.887800000607967 ], [ -8231775.002399999648333, 4974453.983900003135204 ], [ -8231743.053600000217557, 4974467.795100003480911 ], [ -8231709.657800000160933, 4974484.104099996387959 ], [ -8231666.131799999624491, 4974507.171800002455711 ], [ -8231541.120100000873208, 4974574.318300001323223 ], [ -8231530.099500000476837, 4974581.370999999344349 ], [ -8231520.191999999806285, 4974588.717600002884865 ], [ -8231511.286499999463558, 4974596.357699997723103 ], [ -8231503.605499999597669, 4974604.585799999535084 ], [ -8231497.037599999457598, 4974612.960799999535084 ], [ -8231491.694299999624491, 4974621.92339999973774 ], [ -8231487.352900000289083, 4974631.180100001394749 ], [ -8231484.2357, 4974640.730499997735023 ], [ -8231482.23200000077486, 4974650.721699997782707 ], [ -8231481.230200000107288, 4974661.007100000977516 ], [ -8231481.230200000107288, 4974671.733000002801418 ], [ -8231482.232100000604987, 4974682.899700000882149 ], [ -8231484.681199999526143, 4974694.360299997031689 ], [ -8231488.800000000745058, 4974705.967699997127056 ], [ -8231494.2544, 4974718.457099996507168 ], [ -8231580.860999999567866, 4974884.784800000488758 ], [ -8231582.642200000584126, 4974889.339800000190735 ], [ -8231584.312100000679493, 4974893.89469999819994 ], [ -8231585.75929999910295, 4974898.596799999475479 ], [ -8231586.98369999974966, 4974903.298699997365475 ], [ -8231587.985500000417233, 4974908.000699996948242 ], [ -8231588.653599999845028, 4974912.849299997091293 ], [ -8231589.210100000724196, 4974917.845200002193451 ], [ -8231589.432800000533462, 4974922.840899996459484 ], [ -8231589.432700000703335, 4974927.98369999974966 ], [ -8231589.210100000724196, 4974933.126400001347065 ], [ -8231588.6535, 4974938.269000001251698 ], [ -8231587.985500000417233, 4974943.558799996972084 ], [ -8231586.98369999974966, 4974948.995300002396107 ], [ -8231585.759199999272823, 4974954.431900002062321 ], [ -8231584.200799999758601, 4974959.8684 ], [ -8231549.134999999776483, 4975098.870200000703335 ] ] ] } },
{ "type": "Feature", "properties": { "id": 2000174.0, "name": "7", "objectid": 1004.0, "rt_symbol": "7", "url": "http://web.mta.info/nyct/service/", "Shape__Len": 1266.3912509899999 }, "geometry": { "type": "MultiLineString", "coordinates": [ [ [ -8230871.199400000274181, 4975556.002499997615814 ], [ -8230855.169399999082088, 4975544.834899999201298 ], [ -8230839.473200000822544, 4975533.667000003159046 ], [ -8230824.334000000730157, 4975522.499399997293949 ], [ -8230809.639699999243021, 4975511.331699997186661 ], [ -8230795.390699999406934, 4975500.163900002837181 ], [ -8230781.698400000110269, 4975488.996399998664856 ], [ -8230768.451500000432134, 4975477.828599996864796 ], [ -8230755.649700000882149, 4975466.660999998450279 ], [ -8230743.404500000178814, 4975455.493299998342991 ], [ -8230731.604699999094009, 4975444.178800001740456 ], [ -8230720.250099999830127, 4975433.011200003325939 ], [ -8230709.340800000354648, 4975421.696599997580051 ], [ -8230698.988099999725819, 4975410.381999999284744 ], [ -8230689.080700000748038, 4975399.214500002563 ], [ -8230679.841099999845028, 4975388.046999998390675 ], [ -8230245.806399999186397, 4974833.945799998939037 ], [ -8230239.238600000739098, 4974826.746100001037121 ], [ -8230232.336799999698997, 4974819.987300001084805 ], [ -8230225.212400000542402, 4974813.522100001573563 ], [ -8230217.754000000655651, 4974807.497900001704693 ], [ -8230210.07289999909699, 4974801.767499998211861 ], [ -8230202.169199999421835, 4974796.477899998426437 ], [ -8230194.0428, 4974791.4824 ], [ -8230185.582699999213219, 4974786.927299998700619 ], [ -8230176.788499999791384, 4974782.666500002145767 ], [ -8230167.882799999788404, 4974778.846100002527237 ], [ -8230158.643200000748038, 4974775.466600000858307 ], [ -8230149.069900000467896, 4974772.381099998950958 ], [ -8230139.384999999776483, 4974769.589400000870228 ], [ -8230129.254899999126792, 4974767.238499999046326 ], [ -8230119.013399999588728, 4974765.328199997544289 ], [ -8229960.939999999478459, 4974740.9375 ] ] ] } },
{ "type": "Feature", "properties": { "id": 2000278.0, "name": "A", "objectid": 1005.0, "rt_symbol": "A", "url": "http://web.mta.info/nyct/service/", "Shape__Len": 956.49460862900003 }, "geometry": { "type": "MultiLineString", "coordinates": [ [ [ -8219340.504100000485778, 4950720.057899996638298 ], [ -8219162.170099999755621, 4950785.722599998116493 ], [ -8219159.943800000473857, 4950786.455200001597404 ], [ -8219157.82880000025034, 4950787.334799997508526 ], [ -8219155.602299999445677, 4950788.067699998617172 ], [ -8219153.375900000333786, 4950788.800300002098083 ], [ -8219151.149399999529123, 4950789.533399999141693 ], [ -8219148.811799999326468, 4950790.266099996864796 ], [ -8219146.5855, 4950790.998999997973442 ], [ -8219144.358999999240041, 4950791.731899999082088 ], [ -8219142.021299999207258, 4950792.464800000190735 ], [ -8219139.795, 4950793.197599999606609 ], [ -8219137.457399999722838, 4950793.930500000715256 ], [ -8219135.1195, 4950794.66330000013113 ], [ -8219132.7818, 4950795.396300002932549 ], [ -8219130.44400000013411, 4950795.982500001788139 ], [ -8219128.106200000271201, 4950796.715400002896786 ], [ -8219108.848099999129772, 4950802.138700000941753 ], [ -8219106.955600000917912, 4950802.7246999964118 ], [ -8219104.952099999412894, 4950803.164499998092651 ], [ -8219102.948100000619888, 4950803.750900000333786 ], [ -8219101.055800000205636, 4950804.337099999189377 ], [ -8219099.051999999210238, 4950804.923299998044968 ], [ -8219097.159399999305606, 4950805.656199999153614 ], [ -8219095.1557, 4950806.242499999701977 ], [ -8219093.152100000530481, 4950806.82880000025034 ], [ -8219091.148199999704957, 4950807.561899997293949 ], [ -8219089.255799999460578, 4950808.148100003600121 ], [ -8219087.252100000157952, 4950808.880999997258186 ], [ -8219085.248199999332428, 4950809.613899998366833 ], [ -8219083.244699999690056, 4950810.346600003540516 ], [ -8219081.240900000557303, 4950811.079499997198582 ], [ -8219079.237099999561906, 4950811.812399998307228 ], [ -8218782.570699999108911, 4950920.717000000178814 ], [ -8218776.7820999994874, 4950922.915399998426437 ], [ -8218771.104699999094009, 4950925.114 ], [ -8218765.316199999302626, 4950927.312799997627735 ], [ -8218759.63880000077188, 4950929.511200003325939 ], [ -8218753.961500000208616, 4950931.709899999201298 ], [ -8218748.172900000587106, 4950933.908500000834465 ], [ -8218742.495699999853969, 4950936.253700003027916 ], [ -8218736.92960000038147, 4950938.598999999463558 ], [ -8218731.252299999818206, 4950940.944200001657009 ], [ -8218725.575099999085069, 4950943.289399996399879 ], [ -8218720.00899999961257, 4950945.634499996900558 ], [ -8218714.331800000742078, 4950948.126400001347065 ], [ -8218708.765699999406934, 4950950.471600003540516 ], [ -8218703.199799999594688, 4950952.96339999884367 ], [ -8218697.6338, 4950955.454999998211861 ], [ -8218662.234300000593066, 4950972.018100000917912 ], [ -8218656.1118, 4950974.949500001966953 ], [ -8218650.10050000064075, 4950977.880999997258186 ], [ -8218644.089099999517202, 4950980.66610000282526 ], [ -8218638.189200000837445, 4950983.304399996995926 ], [ -8218632.2895, 4950986.089199997484684 ], [ -8218626.500800000503659, 4950988.58110000193119 ], [ -8218620.712200000882149, 4950991.219400003552437 ], [ -8218614.923499999567866, 4950993.5647 ], [ -8218609.357699999585748, 4950996.056599996984005 ], [ -8218603.680299999192357, 4950998.401699997484684 ], [ -8218598.114299999549985, 4951000.600400000810623 ], [ -8218592.659600000828505, 4951002.798900000751019 ], [ -8218587.205, 4951004.851000003516674 ], [ -8218581.861600000411272, 4951006.903099998831749 ], [ -8218576.629599999636412, 4951008.955200001597404 ], [ -8218446.274599999189377, 4951058.058200001716614 ] ] ] } },
{ "type": "Feature", "properties": { "id": 2000131.0, "name": "4-5-6", "objectid": 1006.0, "rt_symbol": "4", "url": "http://web.mta.info/nyct/service/", "Shape__Len": 1387.7325839800001 }, "geometry": { "type": "MultiLineString", "coordinates": [ [ [ -8230695.3147, 4983494.797899998724461 ], [ -8230692.642899999395013, 4983499.798000000417233 ], [ -8230371.48619999922812, 4984080.128600001335144 ], [ -8230368.925699999555945, 4984084.687799997627735 ], [ -8230366.365599999204278, 4984089.100100003182888 ], [ -8230363.80519999936223, 4984093.512199997901917 ], [ -8230361.133400000631809, 4984097.924400001764297 ], [ -8230358.573000000789762, 4984102.042400002479553 ], [ -8230356.013000000268221, 4984106.307599999010563 ], [ -8230353.45240000076592, 4984110.278499998152256 ], [ -8230351.003499999642372, 4984114.396600000560284 ], [ -8230348.443199999630451, 4984118.220499999821186 ], [ -8230345.8827, 4984122.044200003147125 ], [ -8230343.433800000697374, 4984125.868199996650219 ], [ -8230340.873299999162555, 4984129.545000001788139 ], [ -8230338.424200000241399, 4984133.222000002861023 ], [ -8230335.975199999287724, 4984136.751800000667572 ], [ -8230333.526200000196695, 4984140.134199999272823 ], [ -8229953.592700000852346, 4984664.758900001645088 ] ] ] } },
{ "type": "Feature", "properties": { "id": 2000148.0, "name": "6", "objectid": 1007.0, "rt_symbol": "4", "url": "http://web.mta.info/nyct/service/", "Shape__Len": 656.04501755700005 }, "geometry": { "type": "MultiLineString", "coordinates": [ [ [ -8229953.592700000852346, 4984664.758900001645088 ], [ -8229934.1119, 4984680.643799997866154 ], [ -8229916.523600000888109, 4984692.851400002837181 ], [ -8229899.04619999974966, 4984703.000200003385544 ], [ -8229881.56900000013411, 4984711.089800000190735 ], [ -8229864.203199999406934, 4984717.120099999010563 ], [ -8229846.837500000372529, 4984720.944200001657009 ], [ -8229829.582900000736117, 4984722.856299996376038 ], [ -8229812.2171, 4984722.561999998986721 ], [ -8229795.073899999260902, 4984720.355999998748302 ], [ -8229777.819399999454618, 4984715.943599998950958 ], [ -8229760.787399999797344, 4984709.471799999475479 ], [ -8229743.644200000911951, 4984700.9408999979496 ], [ -8229726.612500000745058, 4984690.351199999451637 ], [ -8229709.580600000917912, 4984677.702100001275539 ], [ -8229692.660000000149012, 4984662.699799999594688 ], [ -8229532.3597, 4984501.059000000357628 ], [ -8229528.908900000154972, 4984497.676299996674061 ], [ -8229525.346899999305606, 4984494.146200001239777 ], [ -8229521.561899999156594, 4984490.76349999755621 ], [ -8229517.665699999779463, 4984487.380599997937679 ], [ -8229513.546800000593066, 4984483.85080000013113 ], [ -8229509.205399999395013, 4984480.468099996447563 ], [ -8229504.864, 4984477.085299998521805 ], [ -8229500.1886, 4984473.849500000476837 ], [ -8229495.401900000870228, 4984470.466700002551079 ], [ -8229490.503699999302626, 4984467.083999998867512 ], [ -8229485.382999999448657, 4984463.848099999129772 ], [ -8229480.03969999961555, 4984460.465199999511242 ], [ -8229474.585100000724196, 4984457.229599997401237 ], [ -8229469.018999999389052, 4984453.846900001168251 ], [ -8229463.2303, 4984450.611100003123283 ], [ -8229420.038599999621511, 4984426.931599996984005 ] ] ] } },
{ "type": "Feature", "properties": { "id": 2000048.0, "name": "2", "objectid": 1008.0, "rt_symbol": "1", "url": "http://web.mta.info/nyct/service/", "Shape__Len": 1166.9413693 }, "geometry": { "type": "MultiLineString", "coordinates": [ [ [ -8230713.125600000843406, 4985588.178800001740456 ], [ -8230698.208799999207258, 4985606.124499998986721 ], [ -8230682.624099999666214, 4985622.893299996852875 ], [ -8230666.594100000336766, 4985638.33839999884367 ], [ -8230650.00760000012815, 4985652.459399998188019 ], [ -8230632.975600000470877, 4985665.404100000858307 ], [ -8230615.498299999162555, 4985677.024800002574921 ], [ -8230597.464700000360608, 4985687.468500003218651 ], [ -8230578.874399999156594, 4985696.588500000536442 ], [ -8230559.950099999085069, 4985704.38459999859333 ], [ -8230540.357799999415874, 4985711.004000000655651 ], [ -8230520.431700000539422, 4985716.299599997699261 ], [ -8230499.948999999091029, 4985720.418300002813339 ], [ -8230479.020999999716878, 4985723.212999999523163 ], [ -8230457.536100000143051, 4985724.684000000357628 ], [ -8230435.494899999350309, 4985724.684000000357628 ], [ -8230017.045, 4985729.979500003159046 ], [ -8229998.454600000753999, 4985729.244099996984005 ], [ -8229979.64159999974072, 4985728.067100003361702 ], [ -8229960.828600000590086, 4985726.449100002646446 ], [ -8229942.015599999576807, 4985724.537000000476837 ], [ -8229923.091299999505281, 4985722.33049999922514 ], [ -8229904.055600000545382, 4985719.535599999129772 ], [ -8229885.131300000473857, 4985716.446599997580051 ], [ -8229865.98450000025332, 4985713.063199996948242 ], [ -8229846.948799999430776, 4985709.239 ], [ -8229827.801699999719858, 4985704.972999997437 ], [ -8229808.543600000441074, 4985700.413099996745586 ], [ -8229789.285399999469519, 4985695.411799997091293 ], [ -8229770.027100000530481, 4985690.116400003433228 ], [ -8229750.657400000840425, 4985684.3794 ], [ -8229731.399000000208616, 4985678.348600000143051 ], [ -8229603.047700000926852, 4985634.366700001060963 ] ] ] } },
{ "type": "Feature", "properties": { "id": 2000047.0, "name": "3", "objectid": 1009.0, "rt_symbol": "1", "url": "http://web.mta.info/nyct/service/", "Shape__Len": 659.86729269299997 }, "geometry": { "type": "MultiLineString", "coordinates": [ [ [ -8230545.144500000402331, 4985889.728699997067451 ], [ -8230484.475600000470877, 4985997.994699999690056 ], [ -8230483.139699999243021, 4986000.495200000703335 ], [ -8230481.915200000628829, 4986002.848700001835823 ], [ -8230480.579299999400973, 4986005.055399999022484 ], [ -8230479.354800000786781, 4986007.262100003659725 ], [ -8230478.018999999389052, 4986009.3213 ], [ -8230476.6831, 4986011.380699999630451 ], [ -8230475.347300000488758, 4986013.440200001001358 ], [ -8230474.011399999260902, 4986015.499700002372265 ], [ -8230472.675599999725819, 4986017.411899998784065 ], [ -8230471.339700000360608, 4986019.177100002765656 ], [ -8230470.004100000485778, 4986021.089599996805191 ], [ -8230468.557, 4986022.854599997401237 ], [ -8230467.221000000834465, 4986024.472800001502037 ], [ -8230465.773700000718236, 4986026.090999998152256 ], [ -8230464.32660000026226, 4986027.561800003051758 ], [ -8230433.49129999987781, 4986067.426600001752377 ], [ -8230431.598799999803305, 4986069.780199997127056 ], [ -8230429.706199999898672, 4986071.986699998378754 ], [ -8230427.925200000405312, 4986074.193400003015995 ], [ -8230426.255400000140071, 4986076.546899996697903 ], [ -8230424.69679999910295, 4986078.900499999523163 ], [ -8230423.138499999418855, 4986081.401299998164177 ], [ -8230421.5801, 4986083.7550999969244 ], [ -8230420.244200000539422, 4986086.402900002896786 ], [ -8230418.908299999311566, 4986088.903499998152256 ], [ -8230417.5724, 4986091.551399998366833 ], [ -8230416.459300000220537, 4986094.199199996888638 ], [ -8230415.2347999997437, 4986096.994199998676777 ], [ -8230414.232799999415874, 4986099.789099998772144 ], [ -8230413.230900000780821, 4986102.584100000560284 ], [ -8230412.340399999171495, 4986105.526100002229214 ], [ -8230385.289799999445677, 4986194.671099998056889 ], [ -8230381.17090000025928, 4986205.556800000369549 ], [ -8230378.165400000289083, 4986216.295400001108646 ], [ -8230375.939099999144673, 4986226.445699997246265 ], [ -8230374.714500000700355, 4986236.301600001752377 ], [ -8230374.269200000911951, 4986245.569300003349781 ], [ -8230374.825799999758601, 4986254.542700000107288 ], [ -8230376.272900000214577, 4986263.074799999594688 ], [ -8230378.499299999326468, 4986271.165600001811981 ], [ -8230381.727399999275804, 4986278.815099999308586 ], [ -8230385.846400000154972, 4986286.023100003600121 ], [ -8230390.855799999088049, 4986292.937299996614456 ], [ -8230396.644300000742078, 4986299.262699998915195 ], [ -8230403.434900000691414, 4986305.294200003147125 ], [ -8230411.11600000038743, 4986310.737000003457069 ], [ -8230419.687599999830127, 4986315.885799996554852 ], [ -8230570.191500000655651, 4986398.55969999730587 ] ] ] } },
{ "type": "Feature", "properties": { "id": 2000136.0, "name": "4", "objectid": 1010.0, "rt_symbol": "4", "url": "http://web.mta.info/nyct/service/", "Shape__Len": 1480.2897368500001 }, "geometry": { "type": "MultiLineString", "coordinates": [ [ [ -8229555.06900000013411, 4985588.767200000584126 ], [ -8229456.88539999909699, 4985865.457099996507168 ], [ -8229448.981499999761581, 4985888.404600001871586 ], [ -8229442.636399999260902, 4985910.616599999368191 ], [ -8229437.07039999961853, 4985932.681599996984005 ], [ -8229432.617599999532104, 4985954.452600002288818 ], [ -8229428.94400000013411, 4985975.929499998688698 ], [ -8229426.272299999371171, 4985997.25900000333786 ], [ -8229424.602700000628829, 4986018.441600002348423 ], [ -8229423.712099999189377, 4986039.329999998211861 ], [ -8229423.934699999168515, 4986060.071400001645088 ], [ -8229424.936599999666214, 4986080.518799997866154 ], [ -8229426.940300000831485, 4986100.818999998271465 ], [ -8229429.834699999541044, 4986120.825000002980232 ], [ -8229433.730799999088049, 4986140.683799996972084 ], [ -8229438.5176, 4986160.24889999628067 ], [ -8229443.6382, 4986179.225100003182888 ], [ -8229518.8902000002563, 4986470.789800003170967 ], [ -8229523.78830000013113, 4986485.647699996829033 ], [ -8229527.795700000599027, 4986498.88740000128746 ], [ -8229530.690099999308586, 4986511.685900002717972 ], [ -8229534.363600000739098, 4986529.927500002086163 ], [ -8229537.257999999448657, 4986550.081500001251698 ], [ -8229539.372999999672174, 4986579.209299996495247 ], [ -8229539.150399999693036, 4986609.8081 ], [ -8229532.471200000494719, 4986655.1184 ], [ -8229524.2335, 4986687.924199998378754 ], [ -8229512.878799999132752, 4986719.847499996423721 ], [ -8229498.184900000691414, 4986753.094999998807907 ], [ -8229385.863399999216199, 4987003.778300002217293 ] ] ] } },
{ "type": "Feature", "properties": { "id": 2000045.0, "name": "2-3", "objectid": 1011.0, "rt_symbol": "1", "url": "http://web.mta.info/nyct/service/", "Shape__Len": 695.633197064 }, "geometry": { "type": "MultiLineString", "coordinates": [ [ [ -8231048.865199999883771, 4984978.929700002074242 ], [ -8230713.125600000843406, 4985588.178800001740456 ] ] ] } },
{ "type": "Feature", "properties": { "id": 2000046.0, "name": "3", "objectid": 1012.0, "rt_symbol": "1", "url": "http://web.mta.info/nyct/service/", "Shape__Len": 345.18110050299998 }, "geometry": { "type": "MultiLineString", "coordinates": [ [ [ -8230713.125600000843406, 4985588.178800001740456 ], [ -8230545.144500000402331, 4985889.728699997067451 ] ] ] } },
{ "type": "Feature", "properties": { "id": 2000133.0, "name": "4-5", "objectid": 1013.0, "rt_symbol": "4", "url": "http://web.mta.info/nyct/service/", "Shape__Len": 507.48859864000002 }, "geometry": { "type": "MultiLineString", "coordinates": [ [ [ -8229833.144999999552965, 4984831.109399996697903 ], [ -8229769.915699999779463, 4984927.74379999935627 ], [ -8229765.796800000593066, 4984935.097999997437 ], [ -8229761.900800000876188, 4984942.599500000476837 ], [ -8229758.0044, 4984950.10080000013113 ], [ -8229754.442299999296665, 4984957.749300003051758 ], [ -8229750.879899999126792, 4984965.397900000214577 ], [ -8229747.540500000119209, 4984973.046300001442432 ], [ -8229744.312300000339746, 4984980.84179999679327 ], [ -8229741.1952, 4984988.63740000128746 ], [ -8229738.301000000908971, 4984996.43299999833107 ], [ -8229735.51799999922514, 4985004.375500001013279 ], [ -8229732.957599999383092, 4985012.318199999630451 ], [ -8229730.508500000461936, 4985020.407999999821186 ], [ -8229728.17090000025928, 4985028.497699998319149 ], [ -8229725.944399999454618, 4985036.587600000202656 ], [ -8229723.9408, 4985044.824299998581409 ], [ -8229651.1404, 4985300.460799999535084 ] ] ] } },
{ "type": "Feature", "properties": { "id": 2000025.0, "name": "1", "objectid": 1014.0, "rt_symbol": "1", "url": "http://web.mta.info/nyct/service/", "Shape__Len": 696.03865228300003 }, "geometry": { "type": "MultiLineString", "coordinates": [ [ [ -8234122.285199999809265, 4982804.799800001084805 ], [ -8234103.471999999135733, 4982852.739100001752377 ], [ -8234089.223200000822544, 4982904.502400003373623 ], [ -8234077.868699999526143, 4982961.265500001609325 ], [ -8234072.191299999132752, 4983014.205899998545647 ], [ -8234061.393300000578165, 4983178.027900002896786 ], [ -8234056.606599999591708, 4983224.204499997198582 ], [ -8234048.814200000837445, 4983269.351899996399879 ], [ -8234041.021800000220537, 4983295.2346 ], [ -8234033.563500000163913, 4983316.999600000679493 ], [ -8234020.539100000634789, 4983345.235399998724461 ], [ -8234003.618599999696016, 4983375.089000001549721 ], [ -8233951.743699999526143, 4983469.649999998509884 ] ] ] } },
{ "type": "Feature", "properties": { "id": 2000126.0, "name": "4-5-6", "objectid": 1015.0, "rt_symbol": "4", "url": "http://web.mta.info/nyct/service/", "Shape__Len": 1038.5276881 }, "geometry": { "type": "MultiLineString", "coordinates": [ [ [ -8232698.5088, 4979870.940700002014637 ], [ -8232195.456000000238419, 4980779.498700000345707 ] ] ] } },
{ "type": "Feature", "properties": { "id": 2000127.0, "name": "4-5-6", "objectid": 1016.0, "rt_symbol": "4", "url": "http://web.mta.info/nyct/service/", "Shape__Len": 827.56721951999998 }, "geometry": { "type": "MultiLineString", "coordinates": [ [ [ -8232195.456000000238419, 4980779.498700000345707 ], [ -8231795.596400000154972, 4981504.053599998354912 ] ] ] } },
{ "type": "Feature", "properties": { "id": 2000128.0, "name": "4-5-6", "objectid": 1017.0, "rt_symbol": "4", "url": "http://web.mta.info/nyct/service/", "Shape__Len": 742.63579816799995 }, "geometry": { "type": "MultiLineString", "coordinates": [ [ [ -8231795.596400000154972, 4981504.053599998354912 ], [ -8231436.257200000807643, 4982153.963799998164177 ] ] ] } },
{ "type": "Feature", "properties": { "id": 2000209.0, "name": "A-C", "objectid": 1018.0, "rt_symbol": "A", "url": "http://web.mta.info/nyct/service/", "Shape__Len": 1135.9008116499999 }, "geometry": { "type": "MultiLineString", "coordinates": [ [ [ -8232337.16579999960959, 4984520.032200001180172 ], [ -8232332.378900000825524, 4984528.562799997627735 ], [ -8232327.480900000780821, 4984536.799099996685982 ], [ -8232322.360300000756979, 4984545.035499997437 ], [ -8232317.239399999380112, 4984553.271999999880791 ], [ -8232312.007400000467896, 4984561.361299999058247 ], [ -8232306.552699999883771, 4984569.450800001621246 ], [ -8232301.098300000652671, 4984577.540200002491474 ], [ -8232295.5320999994874, 4984585.482600003480911 ], [ -8232289.743599999696016, 4984593.424900002777576 ], [ -8232283.955, 4984601.220100000500679 ], [ -8232277.943800000473857, 4984609.015500001609325 ], [ -8232271.932600000873208, 4984616.810699999332428 ], [ -8232265.6985, 4984624.458999998867512 ], [ -8232259.464800000190735, 4984632.107100002467632 ], [ -8232252.8969, 4984639.755300000309944 ], [ -8232143.581299999728799, 4984784.336800001561642 ], [ -8232139.573599999770522, 4984789.043499998748302 ], [ -8232135.677500000223517, 4984793.897200003266335 ], [ -8232131.781400000676513, 4984798.750900000333786 ], [ -8232127.996200000867248, 4984803.751900002360344 ], [ -8232124.2116, 4984808.899800002574921 ], [ -8232120.538100000470877, 4984814.194799996912479 ], [ -8232116.753100000321865, 4984819.489699997007847 ], [ -8232113.191099999472499, 4984824.78490000218153 ], [ -8232109.517400000244379, 4984830.373999997973442 ], [ -8232105.955299999564886, 4984835.963100001215935 ], [ -8232102.393100000917912, 4984841.699500001966953 ], [ -8232098.942199999466538, 4984847.435599997639656 ], [ -8232095.4912, 4984853.466099999845028 ], [ -8232092.040200000628829, 4984859.349500000476837 ], [ -8232088.812000000849366, 4984865.674199998378754 ], [ -8231987.511199999600649, 4985048.79559999704361 ], [ -8231984.394300000742078, 4985054.237899996340275 ], [ -8231981.388599999248981, 4985059.680100001394749 ], [ -8231978.494300000369549, 4985065.122400000691414 ], [ -8231975.599999999627471, 4985070.71169999986887 ], [ -8231972.817099999636412, 4985076.448100000619888 ], [ -8231970.145400000736117, 4985082.037500001490116 ], [ -8231967.585100000724196, 4985087.773800000548363 ], [ -8231965.024700000882149, 4985093.657499998807907 ], [ -8231962.464199999347329, 4985099.540799997746944 ], [ -8231960.126599999144673, 4985105.424400001764297 ], [ -8231957.788799999281764, 4985111.4551 ], [ -8231955.45130000077188, 4985117.485600002110004 ], [ -8231953.336100000888109, 4985123.516199998557568 ], [ -8231951.1097, 4985129.693999998271465 ], [ -8231949.106000000610948, 4985136.01860000193119 ], [ -8231814.631899999454618, 4985518.014700002968311 ] ] ] } },
{ "type": "Feature", "properties": { "id": 2000130.0, "name": "4-5-6", "objectid": 1019.0, "rt_symbol": "4", "url": "http://web.mta.info/nyct/service/", "Shape__Len": 925.68112701799998 }, "geometry": { "type": "MultiLineString", "coordinates": [ [ [ -8231143.152899999171495, 4982684.658100001513958 ], [ -8230695.3147, 4983494.797899998724461 ] ] ] } },
{ "type": "Feature", "properties": { "id": 2000303.0, "name": "E", "objectid": 1020.0, "rt_symbol": "A", "url": "http://web.mta.info/nyct/service/", "Shape__Len": 1103.2860198799999 }, "geometry": { "type": "MultiLineString", "coordinates": [ [ [ -8222236.146600000560284, 4972575.254900000989437 ], [ -8221431.751900000497699, 4972188.917599998414516 ], [ -8221421.065199999138713, 4972183.482500001788139 ], [ -8221410.155999999493361, 4972178.04730000346899 ], [ -8221399.13539999909699, 4972172.318599998950958 ], [ -8221387.780799999833107, 4972166.296099998056889 ], [ -8221376.203500000759959, 4972160.273199997842312 ], [ -8221364.4035, 4972153.810099996626377 ], [ -8221352.381100000813603, 4972147.346799999475479 ], [ -8221340.024599999189377, 4972140.589699998497963 ], [ -8221327.556900000199676, 4972133.538900002837181 ], [ -8221314.755300000309944, 4972126.3412000015378 ], [ -8221301.730699999257922, 4972118.996500000357628 ], [ -8221288.483799999579787, 4972111.358000002801418 ], [ -8221274.902699999511242, 4972103.572899997234344 ], [ -8221261.210400000214577, 4972095.493600003421307 ], [ -8221247.07289999909699, 4972087.120899997651577 ] ] ] } },
{ "type": "Feature", "properties": { "id": 2000379.0, "name": "J-Z", "objectid": 1021.0, "rt_symbol": "J", "url": "http://web.mta.info/nyct/service/", "Shape__Len": 975.76697335899996 }, "geometry": { "type": "MultiLineString", "coordinates": [ [ [ -8222058.703299999237061, 4967081.14919999986887 ], [ -8222050.131699999794364, 4967082.470600001513958 ], [ -8222041.671399999409914, 4967083.791799999773502 ], [ -8222033.099700000137091, 4967084.966499999165535 ], [ -8222024.639499999582767, 4967086.287600003182888 ], [ -8222016.068, 4967087.462399996817112 ], [ -8222007.607799999415874, 4967088.490099996328354 ], [ -8221999.036000000312924, 4967089.664599999785423 ], [ -8221990.5757, 4967090.545400001108646 ], [ -8221982.004200000315905, 4967091.57320000231266 ], [ -8221973.5439, 4967092.454099997878075 ], [ -8221964.972300000488758, 4967093.188100002706051 ], [ -8221956.512000000104308, 4967094.068999998271465 ], [ -8221948.051699999719858, 4967094.656300000846386 ], [ -8221939.480100000277162, 4967095.3904 ], [ -8221930.908600000664592, 4967096.124399997293949 ], [ -8221568.5636, 4967123.138899996876717 ], [ -8221553.980799999088049, 4967124.166599996387959 ], [ -8221539.397700000554323, 4967125.634700000286102 ], [ -8221524.926400000229478, 4967127.396499998867512 ], [ -8221510.677400000393391, 4967129.451999999582767 ], [ -8221496.651200000196695, 4967131.801100000739098 ], [ -8221482.736099999397993, 4967134.590599998831749 ], [ -8221468.932700000703335, 4967137.673799999058247 ], [ -8221455.351600000634789, 4967141.050800003111362 ], [ -8221441.993300000205636, 4967144.720899999141693 ], [ -8221428.746400000527501, 4967148.831900000572205 ], [ -8221415.610600000247359, 4967153.23650000244379 ], [ -8221402.697499999776483, 4967157.934799998998642 ], [ -8221390.006999999284744, 4967162.9265 ], [ -8221377.427999999374151, 4967168.358599998056889 ], [ -8221364.848799999803305, 4967173.937799997627735 ], [ -8221119.834699999541044, 4967293.154799997806549 ] ] ] } },
{ "type": "Feature", "properties": { "id": 2000522.0, "name": "L", "objectid": 1046.0, "rt_symbol": "L", "url": "http://web.mta.info/nyct/service/", "Shape__Len": 1198.49389215 }, "geometry": { "type": "MultiLineString", "coordinates": [ [ [ -8229061.033099999651313, 4969162.057899996638298 ], [ -8229157.769899999722838, 4969241.796899996697903 ], [ -8229168.011199999600649, 4969249.13910000026226 ], [ -8229178.252699999138713, 4969255.894400000572205 ], [ -8229188.605200000107288, 4969261.915100000798702 ], [ -8229199.069299999624491, 4969267.348800003528595 ], [ -8229209.6447, 4969272.194799996912479 ], [ -8229220.219900000840425, 4969276.306500002741814 ], [ -8229230.9068, 4969279.831000000238419 ], [ -8229241.593399999663234, 4969282.621100001037121 ], [ -8229252.502599999308586, 4969284.82379999756813 ], [ -8229263.412100000306964, 4969286.292300000786781 ], [ -8229274.3213, 4969287.173299998044968 ], [ -8229285.453199999406934, 4969287.320299997925758 ], [ -8229296.58530000038445, 4969286.879799999296665 ], [ -8229307.828500000759959, 4969285.704999998211861 ], [ -8229318.960400000214577, 4969283.795800000429153 ], [ -8230200.276799999177456, 4969095.242399998009205 ] ] ] } },
{ "type": "Feature", "properties": { "id": 2000039.0, "name": "1", "objectid": 1376.0, "rt_symbol": "1", "url": "http://web.mta.info/nyct/service/", "Shape__Len": 963.02526493899995 }, "geometry": { "type": "MultiLineString", "coordinates": [ [ [ -8227048.488199999555945, 4994489.290200002491474 ], [ -8226757.832800000905991, 4995029.490199998021126 ], [ -8226721.7654, 4995097.66160000115633 ], [ -8226688.703600000590086, 4995168.189099997282028 ], [ -8226620.687400000169873, 4995314.546499997377396 ], [ -8226607.217599999159575, 4995344.878499999642372 ] ] ] } },
{ "type": "Feature", "properties": { "id": 2000382.0, "name": "J-Z", "objectid": 1022.0, "rt_symbol": "J", "url": "http://web.mta.info/nyct/service/", "Shape__Len": 1018.95974147 }, "geometry": { "type": "MultiLineString", "coordinates": [ [ [ -8219424.327600000426173, 4967812.764600001275539 ], [ -8219418.650100000202656, 4967817.463200002908707 ], [ -8219412.972899999469519, 4967822.014799997210503 ], [ -8219407.184399999678135, 4967826.713200002908707 ], [ -8219401.284399999305606, 4967831.411499999463558 ], [ -8219395.273199999704957, 4967836.110200002789497 ], [ -8219389.150499999523163, 4967840.808700002729893 ], [ -8219383.028000000864267, 4967845.654100000858307 ], [ -8219376.794099999591708, 4967850.352600000798702 ], [ -8219370.448899999260902, 4967855.197899997234344 ], [ -8219363.992499999701977, 4967860.043300002813339 ], [ -8219357.535700000822544, 4967864.888599999248981 ], [ -8219350.856499999761581, 4967869.733900003135204 ], [ -8219344.1776, 4967874.579499997198582 ], [ -8219337.498400000855327, 4967879.424699999392033 ], [ -8219330.596599999815226, 4967884.416799999773502 ], [ -8219023.800000000745058, 4968104.368900001049042 ], [ -8219016.4529, 4968109.0675999969244 ], [ -8219009.105900000780821, 4968113.472499996423721 ], [ -8219001.75870000012219, 4968117.877400003373623 ], [ -8218994.52309999987483, 4968121.988799996674061 ], [ -8218987.287000000476837, 4968126.100000001490116 ], [ -8218980.162799999117851, 4968129.91780000180006 ], [ -8218973.03830000013113, 4968133.735399998724461 ], [ -8218965.913899999111891, 4968137.259199999272823 ], [ -8218958.900800000876188, 4968140.636699996888638 ], [ -8218951.9989, 4968144.013700000941753 ], [ -8218944.98589999973774, 4968147.097099997103214 ], [ -8218938.19539999961853, 4968150.0337999984622 ], [ -8218931.293600000441074, 4968152.970399998128414 ], [ -8218924.503100000321865, 4968155.613499999046326 ], [ -8218917.712500000372529, 4968158.256399996578693 ], [ -8218782.793299999088049, 4968203.334299996495247 ], [ -8218776.559299999848008, 4968205.243100002408028 ], [ -8218770.102800000458956, 4968207.298699997365475 ], [ -8218763.64640000090003, 4968209.207500003278255 ], [ -8218756.967199999839067, 4968211.116599999368191 ], [ -8218750.28800000064075, 4968213.172200001776218 ], [ -8218743.386099999770522, 4968215.081000000238419 ], [ -8218736.484400000423193, 4968216.989799998700619 ], [ -8218729.36009999923408, 4968219.04559999704361 ], [ -8218722.124099999666214, 4968220.954199999570847 ], [ -8218714.888299999758601, 4968222.863300003111362 ], [ -8218707.429999999701977, 4968224.91889999806881 ], [ -8218699.860200000926852, 4968226.827600002288818 ], [ -8218692.179199999198318, 4968228.73650000244379 ], [ -8218684.387000000104308, 4968230.792199999094009 ], [ -8218676.483200000599027, 4968232.701099999248981 ], [ -8218528.094399999827147, 4968264.123499996960163 ] ] ] } },
{ "type": "Feature", "properties": { "id": 2000097.0, "name": "3", "objectid": 1023.0, "rt_symbol": "1", "url": "http://web.mta.info/nyct/service/", "Shape__Len": 623.80249010299997 }, "geometry": { "type": "MultiLineString", "coordinates": [ [ [ -8225329.826400000602007, 4963119.953400000929832 ], [ -8225942.083599999547005, 4963000.493500001728535 ] ] ] } },
{ "type": "Feature", "properties": { "id": 2000531.0, "name": "L", "objectid": 1024.0, "rt_symbol": "L", "url": "http://web.mta.info/nyct/service/", "Shape__Len": 797.54863395500001 }, "geometry": { "type": "MultiLineString", "coordinates": [ [ [ -8226573.9331, 4962912.880800001323223 ], [ -8226730.225600000470877, 4963694.965499997138977 ] ] ] } },
{ "type": "Feature", "properties": { "id": 2000250.0, "name": "A-C", "objectid": 1025.0, "rt_symbol": "A", "url": "http://web.mta.info/nyct/service/", "Shape__Len": 934.43671602699999 }, "geometry": { "type": "MultiLineString", "coordinates": [ [ [ -8225437.027200000360608, 4964185.616599999368191 ], [ -8225823.528400000184774, 4964110.175300002098083 ], [ -8225852.916799999773502, 4964104.744599997997284 ], [ -8225880.301300000399351, 4964101.956000000238419 ], [ -8225906.127499999478459, 4964101.662399999797344 ], [ -8225930.395099999383092, 4964104.010899998247623 ], [ -8225953.1042, 4964108.707500003278255 ], [ -8225974.255000000819564, 4964116.046099998056889 ], [ -8225993.847200000658631, 4964125.733300000429153 ], [ -8226011.880999999120831, 4964138.062100000679493 ], [ -8226028.467599999159575, 4964152.886100001633167 ], [ -8226043.384400000795722, 4964170.205399997532368 ], [ -8226056.74269999936223, 4964189.873000003397465 ], [ -8226068.653899999335408, 4964212.1824000030756 ], [ -8226078.895300000905991, 4964237.13400000333786 ], [ -8226087.578199999406934, 4964264.4341000020504 ], [ -8226094.480100000277162, 4964293.935900002717972 ], [ -8226126.094799999147654, 4964454.508900001645088 ] ] ] } },
{ "type": "Feature", "properties": { "id": 2000530.0, "name": "L", "objectid": 1026.0, "rt_symbol": "L", "url": "http://web.mta.info/nyct/service/", "Shape__Len": 895.55084733499996 }, "geometry": { "type": "MultiLineString", "coordinates": [ [ [ -8226730.225600000470877, 4963694.965499997138977 ], [ -8226767.517799999564886, 4963891.046899996697903 ], [ -8226767.962999999523163, 4963894.422499999403954 ], [ -8226768.519500000402331, 4963898.09179999679327 ], [ -8226769.298800000920892, 4963901.614100001752377 ], [ -8226770.0779, 4963905.283399999141693 ], [ -8226770.8574, 4963908.95269999653101 ], [ -8226771.859099999070168, 4963912.621799997985363 ], [ -8226772.860999999567866, 4963916.291199997067451 ], [ -8226773.974099999293685, 4963920.10700000077486 ], [ -8226775.198799999430776, 4963923.923199996352196 ], [ -8226776.4233, 4963927.592299997806549 ], [ -8226777.75899999961257, 4963931.555100001394749 ], [ -8226779.206199999898672, 4963935.371200002729893 ], [ -8226780.764799999073148, 4963939.187200002372265 ], [ -8226782.323200000450015, 4963943.149899996817112 ], [ -8226783.993000000715256, 4963947.11259999871254 ], [ -8226785.328700000420213, 4963950.194799996912479 ], [ -8226786.553300000727177, 4963953.277099996805191 ], [ -8226787.777799999341369, 4963956.505900003015995 ], [ -8226789.002299999818206, 4963959.734899997711182 ], [ -8226790.115599999204278, 4963963.110500000417233 ], [ -8226791.228800000622869, 4963966.633100003004074 ], [ -8226792.34180000051856, 4963970.1554000005126 ], [ -8226793.4551, 4963973.678000003099442 ], [ -8226794.457100000232458, 4963977.494099996984005 ], [ -8226795.45890000090003, 4963981.163099996745586 ], [ -8226796.34940000064671, 4963985.12610000371933 ], [ -8226797.240000000223517, 4963989.089000001549721 ], [ -8226798.130699999630451, 4963993.051700003445148 ], [ -8226799.021099999547005, 4963997.161300003528595 ], [ -8226799.689099999144673, 4964001.417599998414516 ], [ -8226874.829600000753999, 4964389.486900001764297 ], [ -8226875.831499999389052, 4964395.064300000667572 ], [ -8226876.6108, 4964400.64190000295639 ], [ -8226877.390100000426173, 4964406.072499997913837 ], [ -8226877.946699999272823, 4964411.503200002014637 ], [ -8226878.392100000753999, 4964416.9341000020504 ], [ -8226878.72580000013113, 4964422.364699997007847 ], [ -8226878.9485, 4964427.648900002241135 ], [ -8226878.9485, 4964432.932700000703335 ], [ -8226878.948400000110269, 4964438.216700002551079 ], [ -8226878.7259, 4964443.500600002706051 ], [ -8226878.392000000923872, 4964448.637800000607967 ], [ -8226877.946599999442697, 4964453.775100000202656 ], [ -8226877.390000000596046, 4964458.9121999964118 ], [ -8226876.6108, 4964464.049500003457069 ], [ -8226875.831499999389052, 4964469.039899997413158 ], [ -8226855.126000000163913, 4964572.371899999678135 ] ] ] } },
{ "type": "Feature", "properties": { "id": 2000197.0, "name": "A-C-E", "objectid": 1027.0, "rt_symbol": "A", "url": "http://web.mta.info/nyct/service/", "Shape__Len": 864.15726988400002 }, "geometry": { "type": "MultiLineString", "coordinates": [ [ [ -8236499.624199999496341, 4976610.236599996685982 ], [ -8236082.064799999818206, 4977366.815700002014637 ] ] ] } },
{ "type": "Feature", "properties": { "id": 2000207.0, "name": "A-C", "objectid": 1028.0, "rt_symbol": "A", "url": "http://web.mta.info/nyct/service/", "Shape__Len": 753.02952877200005 }, "geometry": { "type": "MultiLineString", "coordinates": [ [ [ -8232984.488600000739098, 4982975.23589999973774 ], [ -8232619.8059, 4983634.068199999630451 ] ] ] } },
{ "type": "Feature", "properties": { "id": 2000020.0, "name": "1-2-3", "objectid": 1029.0, "rt_symbol": "1", "url": "http://web.mta.info/nyct/service/", "Shape__Len": 842.61869250300003 }, "geometry": { "type": "MultiLineString", "coordinates": [ [ [ -8235635.228199999779463, 4979718.199500001966953 ], [ -8235628.104000000283122, 4979772.445000000298023 ], [ -8235611.517200000584126, 4979861.238099999725819 ], [ -8235562.2027000002563, 4980092.044799998402596 ], [ -8235518.78800000064075, 4980262.433600001037121 ], [ -8235510.216499999165535, 4980294.629799999296665 ], [ -8235499.195900000631809, 4980331.089800000190735 ], [ -8235489.845100000500679, 4980356.376500003039837 ], [ -8235479.603700000792742, 4980382.251400001347065 ], [ -8235468.583000000566244, 4980408.567500002682209 ], [ -8235457.228499999269843, 4980432.678400002419949 ], [ -8235406.689400000497699, 4980523.976499997079372 ] ] ] } },
{ "type": "Feature", "properties": { "id": 2000022.0, "name": "1-2-3", "objectid": 1030.0, "rt_symbol": "1", "url": "http://web.mta.info/nyct/service/", "Shape__Len": 888.76189571099997 }, "geometry": { "type": "MultiLineString", "coordinates": [ [ [ -8234994.918600000441074, 4981216.46000000089407 ], [ -8234964.194399999454618, 4981262.48030000180006 ], [ -8234561.32909999974072, 4981992.07039999961853 ] ] ] } },
{ "type": "Feature", "properties": { "id": 2000344.0, "name": "F", "objectid": 1031.0, "rt_symbol": "B", "url": "http://web.mta.info/nyct/service/", "Shape__Len": 957.452271763 }, "geometry": { "type": "MultiLineString", "coordinates": [ [ [ -8235132.064200000837445, 4977589.626800000667572 ], [ -8234930.242000000551343, 4977954.865699999034405 ], [ -8234907.644099999219179, 4977984.7029 ], [ -8234883.153899999335408, 4978010.277400001883507 ], [ -8234857.438999999314547, 4978032.030699998140335 ], [ -8234830.388499999418855, 4978050.2566 ], [ -8234802.224700000137091, 4978064.807800002396107 ], [ -8234772.724700000137091, 4978075.831299997866154 ], [ -8234741.889399999752641, 4978083.033399999141693 ], [ -8234709.940500000491738, 4978086.560999996960163 ], [ -8234676.656199999153614, 4978086.414099998772144 ], [ -8234642.147299999371171, 4978082.739500001072884 ], [ -8234606.302300000563264, 4978075.243299998342991 ], [ -8234569.232699999585748, 4978064.219700001180172 ], [ -8234530.939099999144673, 4978049.374499998986721 ], [ -8234491.4206000007689, 4978031.001900002360344 ], [ -8234450.788899999111891, 4978009.248800002038479 ] ] ] } },
{ "type": "Feature", "properties": { "id": 2000424.0, "name": "N-R-W", "objectid": 1032.0, "rt_symbol": "N", "url": "http://web.mta.info/nyct/service/", "Shape__Len": 778.39848995900002 }, "geometry": { "type": "MultiLineString", "coordinates": [ [ [ -8235360.157800000160933, 4977925.028999999165535 ], [ -8235353.367200000211596, 4977936.052299998700619 ], [ -8235346.3542, 4977945.900200001895428 ], [ -8235338.8958, 4977954.571999996900558 ], [ -8235331.214600000530481, 4977962.214900001883507 ], [ -8235323.088300000876188, 4977968.535099998116493 ], [ -8235314.739499999210238, 4977973.679200001060963 ], [ -8235305.9452, 4977977.647799998521805 ], [ -8235296.928400000557303, 4977980.587399996817112 ], [ -8235287.466199999675155, 4977982.204099997878075 ], [ -8235277.781300000846386, 4977982.645199999213219 ], [ -8235267.6513, 4977981.910300001502037 ], [ -8235257.29869999922812, 4977979.999399997293949 ], [ -8235246.500600000843406, 4977976.765900000929832 ], [ -8235235.480000000447035, 4977972.503499999642372 ], [ -8235224.014000000432134, 4977967.065200001001358 ], [ -8234772.168099999427795, 4977714.997100003063679 ], [ -8234769.496600000187755, 4977713.674099996685982 ], [ -8234766.936200000345707, 4977712.498499996960163 ], [ -8234764.264599999412894, 4977711.322700001299381 ], [ -8234761.481599999591708, 4977710.293799996376038 ], [ -8234758.810000000521541, 4977709.411899998784065 ], [ -8234756.138299999758601, 4977708.677100002765656 ], [ -8234753.355200000107288, 4977707.942199997603893 ], [ -8234750.683700000867248, 4977707.354299999773502 ], [ -8234747.900699999183416, 4977706.91330000013113 ], [ -8234745.117499999701977, 4977706.619499996304512 ], [ -8234742.334699999541044, 4977706.325499996542931 ], [ -8234739.551699999719858, 4977706.1787 ], [ -8234736.657400000840425, 4977706.178400002419949 ], [ -8234733.874399999156594, 4977706.325499996542931 ], [ -8234730.980100000277162, 4977706.47240000218153 ], [ -8234675.32039999961853, 4977712.939400002360344 ] ] ] } },
{ "type": "Feature", "properties": { "id": 2000200.0, "name": "A-C", "objectid": 1033.0, "rt_symbol": "A", "url": "http://web.mta.info/nyct/service/", "Shape__Len": 555.14411162099998 }, "geometry": { "type": "MultiLineString", "coordinates": [ [ [ -8235876.568800000473857, 4977738.660300001502037 ], [ -8235609.179400000721216, 4978225.16610000282526 ] ] ] } },
{ "type": "Feature", "properties": { "id": 2000018.0, "name": "1-2-3", "objectid": 1034.0, "rt_symbol": "1", "url": "http://web.mta.info/nyct/service/", "Shape__Len": 765.64337535300001 }, "geometry": { "type": "MultiLineString", "coordinates": [ [ [ -8235630.664200000464916, 4978217.963899999856949 ], [ -8235639.9035, 4978248.389600001275539 ], [ -8235644.467700000852346, 4978267.203699998557568 ], [ -8235647.250900000333786, 4978283.813000001013279 ], [ -8235648.364099999889731, 4978298.364699997007847 ], [ -8235649.47719999961555, 4978361.274499997496605 ], [ -8235661.833699999377131, 4978981.282600000500679 ] ] ] } },
{ "type": "Feature", "properties": { "id": 2000279.0, "name": "B-D", "objectid": 1035.0, "rt_symbol": "B", "url": "http://web.mta.info/nyct/service/", "Shape__Len": 210.53863151600001 }, "geometry": { "type": "MultiLineString", "coordinates": [ [ [ -8235827.588500000536442, 4977554.206200003623962 ], [ -8235839.944700000807643, 4977563.465300001204014 ], [ -8235851.188100000843406, 4977573.312700003385544 ], [ -8235861.095599999651313, 4977583.601000003516674 ], [ -8235869.778400000184774, 4977594.1831 ], [ -8235877.01410000026226, 4977605.206200003623962 ], [ -8235882.914200000464916, 4977616.817199997603893 ], [ -8235887.589500000700355, 4977628.575300000607967 ], [ -8235890.817700000479817, 4977640.921400003135204 ], [ -8235892.821599999442697, 4977653.707999996840954 ], [ -8235893.378200000151992, 4977666.788800001144409 ], [ -8235889.809000000357628, 4977679.809600003063679 ], [ -8235882.302699999883771, 4977692.363600000739098 ], [ -8235876.0471, 4977703.662100002169609 ], [ -8235869.791600000113249, 4977714.961000002920628 ], [ -8235857.281400000676513, 4977731.280799999833107 ] ] ] } },
{ "type": "Feature", "properties": { "id": 2000488.0, "name": "D", "objectid": 1036.0, "rt_symbol": "B", "url": "http://web.mta.info/nyct/service/", "Shape__Len": 712.11537222000004 }, "geometry": { "type": "MultiLineString", "coordinates": [ [ [ -8237125.23509999923408, 4958133.92849999666214 ], [ -8237123.565199999138713, 4958142.1426 ], [ -8237121.895300000905991, 4958150.503499999642372 ], [ -8237120.225600000470877, 4958158.864399999380112 ], [ -8237118.667199999094009, 4958167.372000001370907 ], [ -8237117.10869999974966, 4958175.879699997603893 ], [ -8237115.661599999293685, 4958184.387199997901917 ], [ -8237114.214299999177456, 4958193.041599996387959 ], [ -8237112.878499999642372, 4958201.842600002884865 ], [ -8237111.542600000277162, 4958210.643500000238419 ], [ -8237110.206700000911951, 4958219.444700002670288 ], [ -8237108.982200000435114, 4958228.392499998211861 ], [ -8237107.869000000879169, 4958237.4868 ], [ -8237106.755799999460578, 4958246.581200003623962 ], [ -8237105.642699999734759, 4958255.675800003111362 ], [ -8237104.7522, 4958264.91669999808073 ], [ -8237048.980100000277162, 4958841.697700001299381 ] ] ] } },
{ "type": "Feature", "properties": { "id": 2000458.0, "name": "B", "objectid": 1037.0, "rt_symbol": "B", "url": "http://web.mta.info/nyct/service/", "Shape__Len": 862.27681182799995 }, "geometry": { "type": "MultiLineString", "coordinates": [ [ [ -8233371.991699999198318, 4957811.857699997723103 ], [ -8233393.699100000783801, 4957927.000500001013279 ], [ -8233394.812300000339746, 4957932.574100002646446 ], [ -8233395.925499999895692, 4957938.294699996709824 ], [ -8233396.927300000563264, 4957944.308499999344349 ], [ -8233398.0406, 4957950.322599999606609 ], [ -8233399.153699999675155, 4957956.482900001108646 ], [ -8233400.155600000172853, 4957962.936999998986721 ], [ -8233401.157500000670552, 4957969.390799999237061 ], [ -8233402.270600000396371, 4957976.137999996542931 ], [ -8233403.272600000724196, 4957983.031999997794628 ], [ -8233404.27449999935925, 4957989.92620000243187 ], [ -8233405.2763, 4957997.113499999046326 ], [ -8233406.278100000694394, 4958004.447599999606609 ], [ -8233407.279999999329448, 4958011.928199999034405 ], [ -8233408.1706000007689, 4958019.555600002408028 ], [ -8233409.172399999573827, 4958027.329700000584126 ], [ -8233500.4543999992311, 4958664.38629999756813 ] ] ] } },
{ "type": "Feature", "properties": { "id": 2000068.0, "name": "2", "objectid": 1038.0, "rt_symbol": "1", "url": "http://web.mta.info/nyct/service/", "Shape__Len": 839.55712680299996 }, "geometry": { "type": "MultiLineString", "coordinates": [ [ [ -8221776.285800000652671, 4996600.348200000822544 ], [ -8221514.7961, 4997227.407399997115135 ], [ -8221494.313400000333786, 4997266.434199996292591 ], [ -8221476.9474, 4997293.5320999994874 ], [ -8221431.52930000051856, 4997364.0757 ] ] ] } },
{ "type": "Feature", "properties": { "id": 2000050.0, "name": "2", "objectid": 1039.0, "rt_symbol": "1", "url": "http://web.mta.info/nyct/service/", "Shape__Len": 1053.38950813 }, "geometry": { "type": "MultiLineString", "coordinates": [ [ [ -8229484.603700000792742, 4985593.915500000119209 ], [ -8228487.069700000807643, 4985255.455200001597404 ] ] ] } },
{ "type": "Feature", "properties": { "id": 2000137.0, "name": "4", "objectid": 1040.0, "rt_symbol": "4", "url": "http://web.mta.info/nyct/service/", "Shape__Len": 1214.4446841900001 }, "geometry": { "type": "MultiLineString", "coordinates": [ [ [ -8229385.863399999216199, 4987003.778300002217293 ], [ -8228892.606899999082088, 4988113.541299998760223 ] ] ] } },
{ "type": "Feature", "properties": { "id": 2000149.0, "name": "6", "objectid": 1041.0, "rt_symbol": "4", "url": "http://web.mta.info/nyct/service/", "Shape__Len": 879.09891533799998 }, "geometry": { "type": "MultiLineString", "coordinates": [ [ [ -8229420.038599999621511, 4984426.931599996984005 ], [ -8228652.1568, 4983998.945100001990795 ] ] ] } },
{ "type": "Feature", "properties": { "id": 2000222.0, "name": "B-D", "objectid": 1042.0, "rt_symbol": "B", "url": "http://web.mta.info/nyct/service/", "Shape__Len": 1405.7422657300001 }, "geometry": { "type": "MultiLineString", "coordinates": [ [ [ -8229365.825799999758601, 4986990.684900000691414 ], [ -8229248.606499999761581, 4986945.961599998176098 ], [ -8229215.21059999987483, 4986931.691500000655651 ], [ -8229183.4846, 4986920.657899998128414 ], [ -8229153.316999999806285, 4986913.154899999499321 ], [ -8229124.819399999454618, 4986908.741400003433228 ], [ -8229097.879799999296665, 4986907.858800001442432 ], [ -8229072.499099999666214, 4986910.212600000202656 ], [ -8229048.676599999889731, 4986915.950099997222424 ], [ -8229026.524000000208616, 4986925.0713 ], [ -8229006.041500000283122, 4986937.428900003433228 ], [ -8228987.005599999800324, 4986953.170299999415874 ], [ -8228969.639799999073148, 4986972.148299999535084 ], [ -8228953.943800000473857, 4986994.509999997913837 ], [ -8228939.694900000467896, 4987020.255400002002716 ], [ -8228927.227099999785423, 4987049.384400002658367 ], [ -8228916.206499999389052, 4987081.750299997627735 ], [ -8228794.979599999263883, 4987418.655699998140335 ], [ -8228781.287200000137091, 4987452.494099996984005 ], [ -8228767.372199999168515, 4987485.74379999935627 ], [ -8228753.2347, 4987518.258199997246265 ], [ -8228738.7632, 4987550.037100002169609 ], [ -8228724.06900000013411, 4987581.080399997532368 ], [ -8228709.040699999779463, 4987611.388300001621246 ], [ -8228693.790300000458956, 4987641.107600003480911 ], [ -8228678.316800000146031, 4987670.09179999679327 ], [ -8228662.620699999853969, 4987698.340000003576279 ], [ -8228646.590700000524521, 4987725.852799996733665 ], [ -8228630.226600000634789, 4987752.777199998497963 ], [ -8228613.75139999948442, 4987778.965999998152256 ], [ -8228596.942199999466538, 4987804.419100001454353 ], [ -8228579.910399999469519, 4987829.136799998581409 ], [ -8228562.2105, 4987853.413099996745586 ] ] ] } },
{ "type": "Feature", "properties": { "id": 2000246.0, "name": "A-C", "objectid": 1043.0, "rt_symbol": "A", "url": "http://web.mta.info/nyct/service/", "Shape__Len": 1109.7053891 }, "geometry": { "type": "MultiLineString", "coordinates": [ [ [ -8228824.25650000013411, 4965082.73650000244379 ], [ -8229931.106300000101328, 4965162.295100003480911 ] ] ] } },
{ "type": "Feature", "properties": { "id": 2000219.0, "name": "A", "objectid": 1047.0, "rt_symbol": "A", "url": "http://web.mta.info/nyct/service/", "Shape__Len": 904.98102822600003 }, "geometry": { "type": "MultiLineString", "coordinates": [ [ [ -8229546.163499999791384, 4992521.766699999570847 ], [ -8229539.150399999693036, 4992525.7412 ], [ -8229532.137299999594688, 4992529.715499997138977 ], [ -8229524.901599999517202, 4992533.690099999308586 ], [ -8229517.777200000360608, 4992537.664300002157688 ], [ -8229510.541300000622869, 4992541.491499997675419 ], [ -8229503.194199999794364, 4992545.465800002217293 ], [ -8229495.7357, 4992549.293099999427795 ], [ -8229488.277499999850988, 4992553.120200000703335 ], [ -8229480.818800000473857, 4992556.947400003671646 ], [ -8229473.249099999666214, 4992560.774800002574921 ], [ -8229465.568299999460578, 4992564.601999998092651 ], [ -8229457.887000000104308, 4992568.429099999368191 ], [ -8229450.094699999317527, 4992572.109099999070168 ], [ -8229442.302400000393391, 4992575.93639999628067 ], [ -8229434.398700000718236, 4992579.616400003433228 ], [ -8228890.380300000309944, 4992837.368199996650219 ], [ -8228885.148399999365211, 4992839.870700001716614 ], [ -8228879.916400000452995, 4992842.373099997639656 ], [ -8228874.795800000429153, 4992844.728500001132488 ], [ -8228869.5636, 4992847.083599999547005 ], [ -8228864.443, 4992849.438699997961521 ], [ -8228859.322200000286102, 4992851.646899998188019 ], [ -8228854.312899999320507, 4992853.855200000107288 ], [ -8228849.192299999296665, 4992856.063199996948242 ], [ -8228844.182800000533462, 4992858.271300002932549 ], [ -8228839.1733, 4992860.332099996507168 ], [ -8228834.164100000634789, 4992862.540299996733665 ], [ -8228829.266100000590086, 4992864.45380000025034 ], [ -8228824.2566, 4992866.514700002968311 ], [ -8228819.3585, 4992868.428199999034405 ], [ -8228814.46030000038445, 4992870.342000000178814 ], [ -8228725.516200000420213, 4992901.69650000333786 ] ] ] } },
{ "type": "Feature", "properties": { "id": 2000092.0, "name": "3", "objectid": 1048.0, "rt_symbol": "1", "url": "http://web.mta.info/nyct/service/", "Shape__Len": 1458.6921594600001 }, "geometry": { "type": "MultiLineString", "coordinates": [ [ [ -8229027.303400000557303, 4963012.527500003576279 ], [ -8229201.740900000557303, 4963219.015000000596046 ], [ -8229208.754100000485778, 4963227.967100001871586 ], [ -8229214.653899999335408, 4963237.35980000346899 ], [ -8229221.667199999094009, 4963249.981100000441074 ], [ -8229227.678400000557303, 4963262.749200001358986 ], [ -8229238.031199999153614, 4963290.780299998819828 ], [ -8229271.9835, 4963396.301299996674061 ], [ -8229277.883500000461936, 4963413.47240000218153 ], [ -8229283.8947, 4963428.588699996471405 ], [ -8229290.462600000202656, 4963442.82490000128746 ], [ -8229297.587099999189377, 4963455.446400001645088 ], [ -8229311.167999999597669, 4963477.020400002598763 ], [ -8229332.986500000581145, 4963507.106799997389317 ], [ -8229347.458100000396371, 4963525.598999999463558 ], [ -8229354.9167, 4963534.111299999058247 ], [ -8229362.931500000879169, 4963542.329999998211861 ], [ -8229371.9485, 4963549.081200003623962 ], [ -8229381.967299999669194, 4963555.245300002396107 ], [ -8229403.117799999192357, 4963563.757600001990795 ], [ -8229423.712099999189377, 4963568.894400000572205 ], [ -8229445.642000000923872, 4963573.003799997270107 ], [ -8229470.68889999948442, 4963575.645400002598763 ], [ -8230177.456299999728799, 4963625.985699996352196 ] ] ] } },
{ "type": "Feature", "properties": { "id": 2000293.0, "name": "E", "objectid": 1049.0, "rt_symbol": "A", "url": "http://web.mta.info/nyct/service/", "Shape__Len": 2164.93431027 }, "geometry": { "type": "MultiLineString", "coordinates": [ [ [ -8229289.794800000265241, 4975872.084499999880791 ], [ -8228595.829, 4976072.81870000064373 ], [ -8228571.004799999296665, 4976079.578500002622604 ], [ -8228546.180400000885129, 4976085.456399999558926 ], [ -8228521.244799999520183, 4976090.4529 ], [ -8228496.309299999848008, 4976094.567500002682209 ], [ -8228471.151200000196695, 4976097.800599999725819 ], [ -8228445.993100000545382, 4976100.151900000870228 ], [ -8228420.612199999392033, 4976101.621500000357628 ], [ -8228395.231300000101328, 4976102.355899997055531 ], [ -8228369.627800000831485, 4976102.062100000679493 ], [ -8228344.024299999698997, 4976101.033500000834465 ], [ -8228318.309499999508262, 4976099.123199999332428 ], [ -8228292.483300000429153, 4976096.331000000238419 ], [ -8228266.546, 4976092.657300002872944 ], [ -8228240.497099999338388, 4976088.101700000464916 ], [ -8228214.559800000861287, 4976082.81139999628067 ], [ -8227794.662599999457598, 4975988.762699998915195 ], [ -8227781.638299999758601, 4975986.852300003170967 ], [ -8227768.725199999287724, 4975985.088799998164177 ], [ -8227755.700799999758601, 4975983.619300000369549 ], [ -8227742.89919999986887, 4975982.296599999070168 ], [ -8227730.097300000488758, 4975981.121200002729893 ], [ -8227717.518300000578165, 4975980.38629999756813 ], [ -8227704.8277000002563, 4975979.651600003242493 ], [ -8227692.359999999403954, 4975979.357699997723103 ], [ -8227679.892200000584126, 4975979.210799999535084 ], [ -8227667.535800000652671, 4975979.210900001227856 ], [ -8227655.290500000119209, 4975979.651600003242493 ], [ -8227643.045399999246001, 4975980.092500001192093 ], [ -8227630.911699999123812, 4975980.974200002849102 ], [ -8227618.88910000026226, 4975982.00280000269413 ], [ -8227607.089199999347329, 4975983.17849999666214 ], [ -8227429.534800000488758, 4976007.719099998474121 ], [ -8227411.166899999603629, 4976009.482699997723103 ], [ -8227392.910499999299645, 4976010.36429999768734 ], [ -8227374.988199999555945, 4976010.658299997448921 ], [ -8227357.399599999189377, 4976010.217500001192093 ], [ -8227339.922499999403954, 4976009.18860000371933 ], [ -8227322.779400000348687, 4976007.278300002217293 ], [ -8227305.747400000691414, 4976004.780299998819828 ], [ -8227289.049599999561906, 4976001.6941 ], [ -8227272.574200000613928, 4975997.726499997079372 ], [ -8227256.432900000363588, 4975993.17119999974966 ], [ -8227240.402799999341369, 4975988.027800001204014 ], [ -8227224.706900000572205, 4975982.00280000269413 ], [ -8227209.23340000025928, 4975975.390000000596046 ], [ -8227193.982599999755621, 4975968.042499996721745 ], [ -8227178.954500000923872, 4975960.254199996590614 ] ] ] } },
{ "type": "Feature", "properties": { "id": 2000404.0, "name": "F", "objectid": 1050.0, "rt_symbol": "B", "url": "http://web.mta.info/nyct/service/", "Shape__Len": 943.03410643300003 }, "geometry": { "type": "MultiLineString", "coordinates": [ [ [ -8235078.74210000038147, 4957882.996500000357628 ], [ -8235212.436799999326468, 4958816.505500003695488 ] ] ] } },
{ "type": "Feature", "properties": { "id": 2000482.0, "name": "R", "objectid": 1051.0, "rt_symbol": "N", "url": "http://web.mta.info/nyct/service/", "Shape__Len": 802.36540111800002 }, "geometry": { "type": "MultiLineString", "coordinates": [ [ [ -8240482.0789, 4957881.089900001883507 ], [ -8240244.634400000795722, 4958647.51690000295639 ] ] ] } },
{ "type": "Feature", "properties": { "id": 2000500.0, "name": "N", "objectid": 1052.0, "rt_symbol": "N", "url": "http://web.mta.info/nyct/service/", "Shape__Len": 891.31958114600002 }, "geometry": { "type": "MultiLineString", "coordinates": [ [ [ -8238237.989399999380112, 4958122.232900001108646 ], [ -8238605.566199999302626, 4958416.188900001347065 ], [ -8238610.687100000679493, 4958420.29619999974966 ], [ -8238615.918999999761581, 4958424.403300002217293 ], [ -8238621.151000000536442, 4958428.510600000619888 ], [ -8238626.27140000090003, 4958432.617899999022484 ], [ -8238631.503699999302626, 4958436.724899999797344 ], [ -8238636.7358, 4958440.832400001585484 ], [ -8238641.967599999159575, 4958444.79280000180006 ], [ -8238647.31110000051558, 4958448.9003000035882 ], [ -8238652.542999999597669, 4958452.860600002110004 ], [ -8238657.7752, 4958456.968099996447563 ], [ -8238663.118599999696016, 4958460.928400002419949 ], [ -8238668.350600000470877, 4958464.889200001955032 ], [ -8238673.693900000303984, 4958468.849799998104572 ], [ -8238679.037000000476837, 4958472.810099996626377 ], [ -8238684.3805, 4958476.770900003612041 ], [ -8238856.480399999767542, 4958601.456200003623962 ], [ -8238863.382200000807643, 4958606.590199999511242 ], [ -8238870.172700000926852, 4958611.431100003421307 ], [ -8238876.85190000012517, 4958616.271899998188019 ], [ -8238883.419800000265241, 4958620.965999998152256 ], [ -8238889.76490000076592, 4958625.366599999368191 ], [ -8238896.11009999923408, 4958629.767399996519089 ], [ -8238902.232699999585748, 4958633.874600000679493 ], [ -8238908.24379999935627, 4958637.98200000077486 ], [ -8238914.143799999728799, 4958641.795999996364117 ], [ -8238919.932600000873208, 4958645.463200002908707 ], [ -8238925.498500000685453, 4958648.983800001442432 ], [ -8238931.064500000327826, 4958652.5044 ], [ -8238936.519200000911951, 4958655.731600001454353 ], [ -8238941.7511, 4958658.811899997293949 ], [ -8238946.871799999848008, 4958661.745800003409386 ] ] ] } },
{ "type": "Feature", "properties": { "id": 2000017.0, "name": "1-2-3", "objectid": 1053.0, "rt_symbol": "1", "url": "http://web.mta.info/nyct/service/", "Shape__Len": 1004.30662507 }, "geometry": { "type": "MultiLineString", "coordinates": [ [ [ -8235844.397600000724196, 4977259.8213 ], [ -8235789.739700000733137, 4977371.224799998104572 ], [ -8235754.117499999701977, 4977443.829099997878075 ], [ -8235726.8443, 4977507.32150000333786 ], [ -8235708.253900000825524, 4977551.707500003278255 ], [ -8235690.220100000500679, 4977598.0044 ], [ -8235674.190099999308586, 4977650.4746999964118 ], [ -8235655.933700000867248, 4977714.409199997782707 ], [ -8235645.5811, 4977759.09009999781847 ], [ -8235636.007400000467896, 4977808.474600002169609 ], [ -8235628.549100000411272, 4977859.476199999451637 ], [ -8235611.294600000604987, 4978006.456000000238419 ], [ -8235605.3947, 4978059.957299999892712 ], [ -8235603.947599999606609, 4978082.29839999973774 ], [ -8235604.504100000485778, 4978099.348499998450279 ], [ -8235604.83809999935329, 4978117.133100003004074 ], [ -8235607.175799999386072, 4978134.771200001239777 ], [ -8235610.18129999935627, 4978149.0287000015378 ], [ -8235614.18889999948442, 4978166.225599996745586 ], [ -8235630.664200000464916, 4978217.963899999856949 ] ] ] } },
{ "type": "Feature", "properties": { "id": 2000123.0, "name": "4-5-6", "objectid": 1054.0, "rt_symbol": "4", "url": "http://web.mta.info/nyct/service/", "Shape__Len": 942.91660213600005 }, "geometry": { "type": "MultiLineString", "coordinates": [ [ [ -8234076.421399999409914, 4977377.103799998760223 ], [ -8233620.345599999651313, 4978202.383500002324581 ] ] ] } },
{ "type": "Feature", "properties": { "id": 2000423.0, "name": "N-R-W", "objectid": 1055.0, "rt_symbol": "N", "url": "http://web.mta.info/nyct/service/", "Shape__Len": 761.71550512 }, "geometry": { "type": "MultiLineString", "coordinates": [ [ [ -8234675.32039999961853, 4977712.939400002360344 ], [ -8234605.300300000235438, 4977722.051899999380112 ], [ -8234602.628699999302626, 4977722.052100002765656 ], [ -8234599.957100000232458, 4977722.051899999380112 ], [ -8234597.39670000039041, 4977721.904899999499321 ], [ -8234594.725099999457598, 4977721.611100003123283 ], [ -8234592.053400000557303, 4977721.170199997723103 ], [ -8234589.3816, 4977720.72919999808073 ], [ -8234586.598600000143051, 4977719.994300000369549 ], [ -8234583.926999999210238, 4977719.259499996900558 ], [ -8234581.144099999219179, 4977718.524599999189377 ], [ -8234578.360999999567866, 4977717.495700001716614 ], [ -8234575.46680000051856, 4977716.467000000178814 ], [ -8234572.683800000697374, 4977715.29110000282526 ], [ -8234569.78940000012517, 4977714.11540000140667 ], [ -8234566.895199999213219, 4977712.645400002598763 ], [ -8234564.000800000503659, 4977711.175700001418591 ], [ -8233997.495899999514222, 4977396.798000000417233 ] ] ] } },
{ "type": "Feature", "properties": { "id": 2000346.0, "name": "F", "objectid": 1056.0, "rt_symbol": "B", "url": "http://web.mta.info/nyct/service/", "Shape__Len": 1641.8030505700001 }, "geometry": { "type": "MultiLineString", "coordinates": [ [ [ -8233869.701199999079108, 4977685.89580000191927 ], [ -8232934.283500000834465, 4977165.761 ], [ -8232929.719399999827147, 4977163.262500002980232 ], [ -8232925.155500000342727, 4977160.61710000038147 ], [ -8232920.7027000002563, 4977158.118699997663498 ], [ -8232916.249800000339746, 4977155.620099999010563 ], [ -8232911.908299999311566, 4977153.268799997866154 ], [ -8232907.67820000089705, 4977150.770300000905991 ], [ -8232903.559299999848008, 4977148.418799996376038 ], [ -8232899.440500000491738, 4977146.067199997603893 ], [ -8232895.321699999272823, 4977143.715899996459484 ], [ -8232891.425599999725819, 4977141.364500001072884 ], [ -8232887.529400000348687, 4977139.159800000488758 ], [ -8232883.7445, 4977136.955300003290176 ], [ -8232879.9594, 4977134.750900000333786 ], [ -8232876.286000000312924, 4977132.546099998056889 ], [ -8232872.723799999803305, 4977130.341600000858307 ], [ -8232439.245699999853969, 4976880.205700002610683 ] ] ] } },
{ "type": "Feature", "properties": { "id": 2000281.0, "name": "B-D", "objectid": 1057.0, "rt_symbol": "B", "url": "http://web.mta.info/nyct/service/", "Shape__Len": 262.58651692500001 }, "geometry": { "type": "MultiLineString", "coordinates": [ [ [ -8235598.158900000154972, 4977426.486400000751019 ], [ -8235601.05320000089705, 4977428.249899998307228 ], [ -8235827.588500000536442, 4977554.206200003623962 ] ] ] } },
{ "type": "Feature", "properties": { "id": 2000427.0, "name": "N-Q-R", "objectid": 1058.0, "rt_symbol": "N", "url": "http://web.mta.info/nyct/service/", "Shape__Len": 800.11900241499995 }, "geometry": { "type": "MultiLineString", "coordinates": [ [ [ -8235876.68019999936223, 4976991.311099998652935 ], [ -8235489.177300000563264, 4977691.33389999717474 ] ] ] } },
{ "type": "Feature", "properties": { "id": 2000199.0, "name": "A-C", "objectid": 1059.0, "rt_symbol": "A", "url": "http://web.mta.info/nyct/service/", "Shape__Len": 272.27451286399997 }, "geometry": { "type": "MultiLineString", "coordinates": [ [ [ -8236008.371200000867248, 4977500.413500003516674 ], [ -8235876.568800000473857, 4977738.660300001502037 ] ] ] } },
{ "type": "Feature", "properties": { "id": 2000280.0, "name": "E", "objectid": 1060.0, "rt_symbol": "A", "url": "http://web.mta.info/nyct/service/", "Shape__Len": 223.257724868 }, "geometry": { "type": "MultiLineString", "coordinates": [ [ [ -8236008.371200000867248, 4977500.413500003516674 ], [ -8235999.465600000694394, 4977513.641400001943111 ], [ -8235990.003499999642372, 4977525.399099998176098 ], [ -8235980.096000000834465, 4977535.834399998188019 ], [ -8235969.854699999094009, 4977544.946599997580051 ], [ -8235959.056700000539422, 4977552.589299999177456 ], [ -8235948.2676, 4977561.311099998652935 ], [ -8235938.606200000271201, 4977566.820799998939037 ], [ -8235926.097899999469519, 4977574.351599998772144 ], [ -8235912.339400000870228, 4977579.371299996972084 ], [ -8235898.581299999728799, 4977583.135399997234344 ], [ -8235886.073899999260902, 4977585.644000001251698 ], [ -8235874.817500000819564, 4977586.897600002586842 ], [ -8235859.809599999338388, 4977584.3838 ], [ -8235836.0471, 4977581.8684 ], [ -8235817.378399999812245, 4977577.415100000798702 ] ] ] } },
{ "type": "Feature", "properties": { "id": 2000015.0, "name": "1-2-3", "objectid": 1061.0, "rt_symbol": "1", "url": "http://web.mta.info/nyct/service/", "Shape__Len": 824.20393009899999 }, "geometry": { "type": "MultiLineString", "coordinates": [ [ [ -8236646.788699999451637, 4975591.12219999730587 ], [ -8236250.268500000238419, 4976313.675899997353554 ] ] ] } },
{ "type": "Feature", "properties": { "id": 2000384.0, "name": "M", "objectid": 1062.0, "rt_symbol": "B", "url": "http://web.mta.info/nyct/service/", "Shape__Len": 842.21417147700004 }, "geometry": { "type": "MultiLineString", "coordinates": [ [ [ -8230371.048900000751019, 4967713.517200000584126 ], [ -8230348.442500000819564, 4967707.300399996340275 ], [ -8230321.018899999558926, 4967706.132600001990795 ], [ -8230297.018200000748038, 4967711.850000001490116 ], [ -8230278.726600000634789, 4967723.3074000030756 ], [ -8230244.422399999573827, 4967754.253600001335144 ], [ -8230226.130699999630451, 4967765.710699997842312 ], [ -8230206.696100000292063, 4967777.167000003159046 ], [ -8230186.3618, 4967785.014200001955032 ], [ -8229560.189899999648333, 4967877.222199998795986 ] ] ] } },
{ "type": "Feature", "properties": { "id": 2000349.0, "name": "F", "objectid": 1063.0, "rt_symbol": "B", "url": "http://web.mta.info/nyct/service/", "Shape__Len": 312.68644599300001 }, "geometry": { "type": "MultiLineString", "coordinates": [ [ [ -8236522.221999999135733, 4971628.681699998676777 ], [ -8236812.988399999216199, 4971743.693499997258186 ] ] ] } },
{ "type": "Feature", "properties": { "id": 2000196.0, "name": "A-C-E", "objectid": 1064.0, "rt_symbol": "A", "url": "http://web.mta.info/nyct/service/", "Shape__Len": 842.65688044800004 }, "geometry": { "type": "MultiLineString", "coordinates": [ [ [ -8236906.6081000007689, 4975872.3783999979496 ], [ -8236499.624199999496341, 4976610.236599996685982 ] ] ] } },
{ "type": "Feature", "properties": { "id": 2000116.0, "name": "4-5-6", "objectid": 1065.0, "rt_symbol": "4", "url": "http://web.mta.info/nyct/service/", "Shape__Len": 705.21740576599996 }, "geometry": { "type": "MultiLineString", "coordinates": [ [ [ -8236648.2358, 4972605.810099996626377 ], [ -8236640.777200000360608, 4972612.273800000548363 ], [ -8236633.875399999320507, 4972619.031199999153614 ], [ -8236627.307600000873208, 4972626.376199997961521 ], [ -8236621.185000000521541, 4972634.015000000596046 ], [ -8236615.396500000730157, 4972641.947700001299381 ], [ -8236610.053099999204278, 4972650.467799998819828 ], [ -8236605.043800000101328, 4972659.4287 ], [ -8236600.479499999433756, 4972668.683499999344349 ], [ -8236596.249299999326468, 4972678.379100002348423 ], [ -8236592.464700000360608, 4972688.662000000476837 ], [ -8236589.013599999248981, 4972699.238899998366833 ], [ -8236586.007999999448657, 4972710.256399996578693 ], [ -8236583.447699999436736, 4972721.714900001883507 ], [ -8236581.221200000494719, 4972733.467000000178814 ], [ -8236579.5515, 4972745.953699998557568 ], [ -8236513.872999999672174, 4973108.51410000026226 ], [ -8236512.871300000697374, 4973118.35700000077486 ], [ -8236512.092000000178814, 4973128.493600003421307 ], [ -8236511.535399999469519, 4973138.776900000870228 ], [ -8236511.20130000077188, 4973149.501299999654293 ], [ -8236511.090099999681115, 4973160.372500002384186 ], [ -8236511.312699999660254, 4973171.537799999117851 ], [ -8236511.646600000560284, 4973182.996299996972084 ], [ -8236512.314600000157952, 4973194.748999997973442 ], [ -8236513.2051, 4973206.79559999704361 ], [ -8236514.318299999460578, 4973218.989100001752377 ], [ -8236515.7654, 4973231.623000003397465 ], [ -8236517.323899999260902, 4973244.404200002551079 ], [ -8236519.216299999505281, 4973257.47919999808073 ], [ -8236521.331399999558926, 4973270.701200000941753 ], [ -8236523.669199999421835, 4973284.36370000243187 ] ] ] } },
{ "type": "Feature", "properties": { "id": 2000079.0, "name": "2-3", "objectid": 1066.0, "rt_symbol": "1", "url": "http://web.mta.info/nyct/service/", "Shape__Len": 768.62897192399998 }, "geometry": { "type": "MultiLineString", "coordinates": [ [ [ -8236528.901200000196695, 4967196.254100002348423 ], [ -8236566.749800000339746, 4967296.972199998795986 ], [ -8236568.753599999472499, 4967302.258000001311302 ], [ -8236570.645999999716878, 4967307.543300002813339 ], [ -8236572.5384, 4967312.82880000025034 ], [ -8236574.430800000205636, 4967318.261200003325939 ], [ -8236576.21199999935925, 4967323.693499997258186 ], [ -8236577.993100000545382, 4967329.125900000333786 ], [ -8236579.662699999287724, 4967334.705200001597404 ], [ -8236581.443900000303984, 4967340.284199997782707 ], [ -8236583.002399999648333, 4967345.863399997353554 ], [ -8236584.6722, 4967351.589400000870228 ], [ -8236586.230799999088049, 4967357.315600000321865 ], [ -8236587.677899999544024, 4967363.041400000452995 ], [ -8236589.236400000751019, 4967368.767499998211861 ], [ -8236590.572300000116229, 4967374.640299998223782 ], [ -8236592.019400000572205, 4967380.513300001621246 ], [ -8236657.809100000187755, 4967658.8904 ], [ -8236660.146800000220537, 4967669.46169999986887 ], [ -8236662.707299999892712, 4967679.88629999756813 ], [ -8236665.490299999713898, 4967689.576800003647804 ], [ -8236668.829700000584126, 4967698.973800003528595 ], [ -8236672.503399999812245, 4967708.076999999582767 ], [ -8236677.067399999126792, 4967716.5929000005126 ], [ -8236682.0767, 4967724.668200001120567 ], [ -8236687.531500000506639, 4967732.303300000727177 ], [ -8236693.542600000277162, 4967739.350900001823902 ], [ -8236700.110600000247359, 4967746.105099998414516 ], [ -8236707.12360000051558, 4967752.418399997055531 ], [ -8236714.693299999460578, 4967758.144900001585484 ], [ -8236722.819700000807643, 4967763.577399998903275 ], [ -8236731.279999999329448, 4967768.422799997031689 ], [ -8236740.296900000423193, 4967773.120999999344349 ], [ -8236753.7665, 4967777.819700002670288 ], [ -8236872.655600000172853, 4967819.812399998307228 ] ] ] } },
{ "type": "Feature", "properties": { "id": 2000331.0, "name": "B-D", "objectid": 1067.0, "rt_symbol": "B", "url": "http://web.mta.info/nyct/service/", "Shape__Len": 3862.0340661099999 }, "geometry": { "type": "MultiLineString", "coordinates": [ [ [ -8235797.5320999994874, 4967285.813900001347065 ], [ -8235853.8597, 4967478.002899996936321 ], [ -8235999.465600000694394, 4967874.579300001263618 ], [ -8237053.772600000724196, 4970379.504000000655651 ], [ -8237059.561300000175834, 4970393.309600003063679 ], [ -8237064.570599999278784, 4970407.408600002527237 ], [ -8237068.689400000497699, 4970421.654700003564358 ], [ -8237072.028899999335408, 4970435.90089999884367 ], [ -8237074.589400000870228, 4970450.29389999806881 ], [ -8237076.259099999442697, 4970464.833700001239777 ], [ -8237077.149599999189377, 4970479.520499996840954 ], [ -8237077.149700000882149, 4970494.207299999892712 ], [ -8237076.370300000533462, 4970509.040899999439716 ], [ -8237074.700500000268221, 4970524.021499998867512 ], [ -8237072.251499999314547, 4970539.148999996483326 ], [ -8237068.912000000476837, 4970554.276500001549721 ], [ -8237064.793199999257922, 4970569.550899997353554 ], [ -8237059.783800000324845, 4970584.972099997103214 ], [ -8237053.8838, 4970600.393500000238419 ], [ -8236946.905799999833107, 4970874.45610000193119 ] ] ] } },
{ "type": "Feature", "properties": { "id": 2000228.0, "name": "B-D", "objectid": 1068.0, "rt_symbol": "B", "url": "http://web.mta.info/nyct/service/", "Shape__Len": 962.22997920399996 }, "geometry": { "type": "MultiLineString", "coordinates": [ [ [ -8226259.7895, 4991904.28320000320673 ], [ -8226213.925699999555945, 4992018.650799997150898 ], [ -8226208.916400000452995, 4992030.131800003349781 ], [ -8226203.907199999317527, 4992041.318400003015995 ], [ -8226198.897700000554323, 4992052.505199998617172 ], [ -8226193.888299999758601, 4992063.397299997508526 ], [ -8226188.7675, 4992074.142499998211861 ], [ -8226183.535700000822544, 4992084.593199998140335 ], [ -8226178.3037, 4992094.896600000560284 ], [ -8226173.071599999442697, 4992105.053000003099442 ], [ -8226167.839400000870228, 4992115.062299996614456 ], [ -8226162.496300000697374, 4992124.924199998378754 ], [ -8226157.153000000864267, 4992134.491700001060963 ], [ -8226151.809499999508262, 4992143.912299998104572 ], [ -8226146.354900000616908, 4992153.038199998438358 ], [ -8226140.900299999862909, 4992162.164399996399879 ], [ -8226135.33420000039041, 4992170.996100001037121 ], [ -8225860.709000000730157, 4992611.853299997746944 ], [ -8225787.794700000435114, 4992740.6554000005126 ] ] ] } },
{ "type": "Feature", "properties": { "id": 2000187.0, "name": "7", "objectid": 1069.0, "rt_symbol": "7", "url": "http://web.mta.info/nyct/service/", "Shape__Len": 1890.5706799300001 }, "geometry": { "type": "MultiLineString", "coordinates": [ [ [ -8220457.372500000521541, 4976215.509999997913837 ], [ -8220044.488500000908971, 4976378.042400002479553 ], [ -8220039.590399999171495, 4976379.9529 ], [ -8220034.580900000408292, 4976382.010399997234344 ], [ -8220029.571599999442697, 4976384.214699998497963 ], [ -8220024.339600000530481, 4976386.565999999642372 ], [ -8220018.996200000867248, 4976388.917499996721745 ], [ -8220013.541600000113249, 4976391.5625 ], [ -8220007.864199999719858, 4976394.207699999213219 ], [ -8220002.187000000849366, 4976396.999899998307228 ], [ -8219996.398399999365211, 4976399.792199999094009 ], [ -8219990.498500000685453, 4976402.878100000321865 ], [ -8219984.375900000333786, 4976405.964299999177456 ], [ -8219978.253399999812245, 4976409.197300001978874 ], [ -8219971.90819999948144, 4976412.577500000596046 ], [ -8219965.562999999150634, 4976416.104400001466274 ], [ -8219958.994999999180436, 4976419.63120000064373 ], [ -8219513.605699999257922, 4976655.940999999642372 ], [ -8219508.707900000736117, 4976658.292599998414516 ], [ -8219503.809800000861287, 4976660.643899999558926 ], [ -8219498.911599999293685, 4976662.848399996757507 ], [ -8219494.013499999418855, 4976664.905900001525879 ], [ -8219489.115499999374151, 4976667.110200002789497 ], [ -8219484.217399999499321, 4976669.020599998533726 ], [ -8219479.430800000205636, 4976671.078000001609325 ], [ -8219474.532700000330806, 4976672.84179999679327 ], [ -8219469.745799999684095, 4976674.752099998295307 ], [ -8219464.95920000039041, 4976676.368699997663498 ], [ -8219460.1722999997437, 4976678.132200002670288 ], [ -8219455.274299999698997, 4976679.601899996399879 ], [ -8219450.598899999633431, 4976681.218500003218651 ], [ -8219445.812100000679493, 4976682.688199996948242 ], [ -8219441.02559999935329, 4976684.01070000231266 ], [ -8219218.275100000202656, 4976734.27139999717474 ], [ -8219209.703600000590086, 4976736.475900001823902 ], [ -8219201.354499999433756, 4976738.680200003087521 ], [ -8219193.117200000211596, 4976740.884900003671646 ], [ -8219185.102, 4976743.236100003123283 ], [ -8219177.198300000280142, 4976745.587600000202656 ], [ -8219169.628499999642372, 4976747.939099997282028 ], [ -8219162.170099999755621, 4976750.437399998307228 ], [ -8219154.934299999848008, 4976752.935699999332428 ], [ -8219147.809800000861287, 4976755.4341000020504 ], [ -8219140.908099999651313, 4976758.07940000295639 ], [ -8219134.229000000283122, 4976760.724600002169609 ], [ -8219127.6612, 4976763.370099999010563 ], [ -8219121.427200000733137, 4976766.1621999964118 ], [ -8219115.193299999460578, 4976768.954599998891354 ], [ -8219109.293400000780821, 4976771.746799997985363 ], [ -8218787.3574, 4976919.004299998283386 ], [ -8218783.461300000548363, 4976920.767899997532368 ], [ -8218779.565099999308586, 4976922.531300000846386 ], [ -8218775.780300000682473, 4976924.295100003480911 ], [ -8218772.106499999761581, 4976925.91160000115633 ], [ -8218768.433000000193715, 4976927.528300002217293 ], [ -8218764.870999999344349, 4976929.144799999892712 ], [ -8218761.308800000697374, 4976930.614600002765656 ], [ -8218757.969000000506639, 4976932.084100000560284 ], [ -8218754.629599999636412, 4976933.553800001740456 ], [ -8218751.28999999910593, 4976934.876500003039837 ], [ -8218748.061599999666214, 4976936.199100002646446 ], [ -8218744.944499999284744, 4976937.374899998307228 ], [ -8218741.939099999144673, 4976938.697499997913837 ], [ -8218738.933399999514222, 4976939.726199999451637 ], [ -8218736.039000000804663, 4976940.902199998497963 ], [ -8218721.344799999147654, 4976947.074500001966953 ] ] ] } },
{ "type": "Feature", "properties": { "id": 2000186.0, "name": "7", "objectid": 1070.0, "rt_symbol": "7", "url": "http://web.mta.info/nyct/service/", "Shape__Len": 1161.3525798000001 }, "geometry": { "type": "MultiLineString", "coordinates": [ [ [ -8221538.1733, 4975790.528300002217293 ], [ -8220457.372500000521541, 4976215.509999997913837 ] ] ] } },
{ "type": "Feature", "properties": { "id": 2000310.0, "name": "F", "objectid": 1071.0, "rt_symbol": "B", "url": "http://web.mta.info/nyct/service/", "Shape__Len": 877.92440246599995 }, "geometry": { "type": "MultiLineString", "coordinates": [ [ [ -8216570.429700000211596, 4968993.624899998307228 ], [ -8215748.669299999251962, 4969302.592699997127056 ] ] ] } },
{ "type": "Feature", "properties": { "id": 2000315.0, "name": "E", "objectid": 1072.0, "rt_symbol": "A", "url": "http://web.mta.info/nyct/service/", "Shape__Len": 381.088128821 }, "geometry": { "type": "MultiLineString", "coordinates": [ [ [ -8216614.623500000685453, 4968112.297899998724461 ], [ -8216462.115900000557303, 4968169.122100003063679 ], [ -8216455.214199999347329, 4968171.765000000596046 ], [ -8216448.42369999922812, 4968174.408100001513958 ], [ -8216441.633300000801682, 4968177.051100000739098 ], [ -8216434.842700000852346, 4968179.98759999871254 ], [ -8216428.052200000733137, 4968182.924400001764297 ], [ -8216421.372999999672174, 4968185.861100003123283 ], [ -8216414.69370000064373, 4968188.944600000977516 ], [ -8216408.014599999412894, 4968192.174800001084805 ], [ -8216401.3355, 4968195.405299998819828 ], [ -8216394.7675, 4968198.782399997115135 ], [ -8216388.1996, 4968202.30629999935627 ], [ -8216381.631799999624491, 4968205.83049999922514 ], [ -8216375.064099999144673, 4968209.501299999654293 ], [ -8216368.607599999755621, 4968213.1721 ], [ -8216362.262299999594688, 4968216.989799998700619 ], [ -8216356.028400000184774, 4968220.8074000030756 ], [ -8216349.794600000604987, 4968224.478299997746944 ], [ -8216343.560699999332428, 4968228.002499997615814 ], [ -8216337.215500000864267, 4968231.3794 ], [ -8216330.870200000703335, 4968234.756899997591972 ], [ -8216324.525100000202656, 4968238.13400000333786 ], [ -8216318.17989999987185, 4968241.217500001192093 ], [ -8216311.723099999129772, 4968244.300700001418591 ], [ -8216305.266699999570847, 4968247.384400002658367 ], [ -8216298.698899999260902, 4968250.174400001764297 ], [ -8216292.2423, 4968252.964199997484684 ], [ -8216285.563100000843406, 4968255.754100002348423 ], [ -8216278.995300000533462, 4968258.396999999880791 ], [ -8216272.315999999642372, 4968260.893100000917912 ], [ -8216265.525699999183416, 4968263.242499999701977 ] ] ] } },
{ "type": "Feature", "properties": { "id": 2000309.0, "name": "F", "objectid": 1073.0, "rt_symbol": "B", "url": "http://web.mta.info/nyct/service/", "Shape__Len": 988.72944806199996 }, "geometry": { "type": "MultiLineString", "coordinates": [ [ [ -8217446.165300000458956, 4968998.165299996733665 ], [ -8217425.682499999180436, 4968963.069300003349781 ], [ -8217403.418400000780821, 4968931.64469999819994 ], [ -8217380.041400000452995, 4968903.597300000488758 ], [ -8217355.439600000157952, 4968878.927699998021126 ], [ -8217329.613500000908971, 4968857.635399997234344 ], [ -8217302.562899999320507, 4968839.72070000320673 ], [ -8217274.287699999287724, 4968825.183200001716614 ], [ -8217244.78800000064075, 4968814.023299999535084 ], [ -8217214.175300000235438, 4968806.093800000846386 ], [ -8217182.226600000634789, 4968801.54169999808073 ], [ -8217149.16469999961555, 4968800.513800002634525 ], [ -8217114.7668999992311, 4968802.716600000858307 ], [ -8217079.256300000473857, 4968808.296700000762939 ], [ -8217042.5208, 4968817.1074 ], [ -8217004.6722, 4968829.73589999973774 ], [ -8216570.538100000470877, 4968993.273599997162819 ] ] ] } },
{ "type": "Feature", "properties": { "id": 2000308.0, "name": "E", "objectid": 1074.0, "rt_symbol": "A", "url": "http://web.mta.info/nyct/service/", "Shape__Len": 584.94469621999997 }, "geometry": { "type": "MultiLineString", "coordinates": [ [ [ -8217668.707900000736117, 4969539.758500002324581 ], [ -8217546.813100000843406, 4969264.41160000115633 ], [ -8217424.472899999469519, 4969008.309299997985363 ] ] ] } },
{ "type": "Feature", "properties": { "id": 2000313.0, "name": "E", "objectid": 1075.0, "rt_symbol": "A", "url": "http://web.mta.info/nyct/service/", "Shape__Len": 471.72176577499999 }, "geometry": { "type": "MultiLineString", "coordinates": [ [ [ -8217424.472899999469519, 4969008.309299997985363 ], [ -8217416.791899999603629, 4968993.33110000193119 ], [ -8217409.667300000786781, 4968979.087099999189377 ], [ -8217402.876900000497699, 4968965.430600002408028 ], [ -8217396.531600000336766, 4968952.508199997246265 ], [ -8217390.743200000375509, 4968940.320000000298023 ], [ -8217385.288499999791384, 4968928.866099998354912 ], [ -8217380.278899999335408, 4968917.999499998986721 ], [ -8217375.714800000190735, 4968907.867600001394749 ], [ -8217371.596000000834465, 4968898.469499997794628 ], [ -8217367.922499999403954, 4968889.805500000715256 ], [ -8217364.694199999794364, 4968881.72919999808073 ], [ -8217361.911399999633431, 4968874.386900000274181 ], [ -8217359.573699999600649, 4968867.778899997472763 ], [ -8217357.569900000467896, 4968861.905299998819828 ], [ -8217356.011399999260902, 4968856.472099997103214 ], [ -8217255.155999999493361, 4968568.66330000013113 ] ] ] } },
{ "type": "Feature", "properties": { "id": 2000314.0, "name": "E", "objectid": 1076.0, "rt_symbol": "A", "url": "http://web.mta.info/nyct/service/", "Shape__Len": 878.54763974699995 }, "geometry": { "type": "MultiLineString", "coordinates": [ [ [ -8217255.155999999493361, 4968568.66330000013113 ], [ -8217180.349099999293685, 4968378.655100002884865 ], [ -8217173.892699999734759, 4968361.181800000369549 ], [ -8217166.434499999508262, 4968344.883000001311302 ], [ -8217158.530600000172853, 4968329.171499997377396 ], [ -8217149.959000000730157, 4968314.194300003349781 ], [ -8217140.830800000578165, 4968299.804399996995926 ], [ -8217131.257400000467896, 4968286.001999996602535 ], [ -8217121.127399999648333, 4968273.080600000917912 ], [ -8217110.329299999400973, 4968260.599500000476837 ], [ -8217099.086100000888109, 4968248.999700002372265 ], [ -8217087.2862, 4968237.840300001204014 ], [ -8217074.929700000211596, 4968227.561899997293949 ], [ -8217062.016699999570847, 4968217.870999999344349 ], [ -8217048.546900000423193, 4968208.767099998891354 ], [ -8217034.631999999284744, 4968200.397600002586842 ], [ -8217019.715299999341369, 4968192.321699999272823 ], [ -8216786.612099999561906, 4968109.067400000989437 ], [ -8216774.923599999397993, 4968106.277800001204014 ], [ -8216763.012499999254942, 4968103.634800001978874 ], [ -8216751.101199999451637, 4968101.432199999690056 ], [ -8216739.3015, 4968099.817100003361702 ], [ -8216727.6129, 4968098.4956 ], [ -8216716.035499999299645, 4968097.761399999260902 ], [ -8216704.4583, 4968097.614699997007847 ], [ -8216692.88120000064373, 4968097.761500000953674 ], [ -8216681.526499999687076, 4968098.4956 ], [ -8216670.1721, 4968099.670100003480911 ], [ -8216658.9287, 4968101.285499997437 ], [ -8216647.685399999842048, 4968103.487999998033047 ], [ -8216636.664899999275804, 4968106.131099998950958 ], [ -8216625.5329, 4968109.214400000870228 ], [ -8216614.623500000685453, 4968112.297899998724461 ] ] ] } },
{ "type": "Feature", "properties": { "id": 2000311.0, "name": "F", "objectid": 1077.0, "rt_symbol": "B", "url": "http://web.mta.info/nyct/service/", "Shape__Len": 1164.1651676399999 }, "geometry": { "type": "MultiLineString", "coordinates": [ [ [ -8215748.669299999251962, 4969302.592699997127056 ], [ -8214889.839500000700355, 4969624.346600003540516 ], [ -8214883.71680000051856, 4969626.549400001764297 ], [ -8214877.3717, 4969628.899099998176098 ], [ -8214871.137599999085069, 4969631.248800002038479 ], [ -8214864.792500000447035, 4969633.745300002396107 ], [ -8214858.447300000116229, 4969636.241800002753735 ], [ -8214852.102099999785423, 4969638.885300002992153 ], [ -8214845.756799999624491, 4969641.5287000015378 ], [ -8214839.300300000235438, 4969644.1721 ], [ -8214832.843800000846386, 4969646.962300002574921 ], [ -8214826.49860000051558, 4969649.899599999189377 ], [ -8214819.9309, 4969652.836400002241135 ], [ -8214813.474300000816584, 4969655.920500002801418 ], [ -8214807.017699999734759, 4969659.00450000166893 ], [ -8214800.449799999594688, 4969662.088299997150898 ], [ -8214793.882099999114871, 4969665.318999998271465 ], [ -8214666.421299999579787, 4969729.348499998450279 ] ] ] } },
{ "type": "Feature", "properties": { "id": 2000316.0, "name": "E", "objectid": 1078.0, "rt_symbol": "A", "url": "http://web.mta.info/nyct/service/", "Shape__Len": 801.789717989 }, "geometry": { "type": "MultiLineString", "coordinates": [ [ [ -8216265.525699999183416, 4968263.242499999701977 ], [ -8216119.140599999576807, 4968312.726000003516674 ], [ -8215828.040200000628829, 4968410.225000001490116 ], [ -8215822.474199999123812, 4968411.987099997699261 ], [ -8215816.90819999948144, 4968413.749099999666214 ], [ -8215811.564899999648333, 4968415.511100001633167 ], [ -8215806.332800000905991, 4968417.126199997961521 ], [ -8215801.212099999189377, 4968418.741599999368191 ], [ -8215796.091399999335408, 4968420.209799997508526 ], [ -8215791.193299999460578, 4968421.678400002419949 ], [ -8215786.295299999415874, 4968423.146799996495247 ], [ -8215781.619799999520183, 4968424.468199998140335 ], [ -8215777.055700000375509, 4968425.789700001478195 ], [ -8215772.491800000891089, 4968427.111299999058247 ], [ -8215768.1502, 4968428.285999998450279 ], [ -8215763.808700000867248, 4968429.460699997842312 ], [ -8215759.689799999818206, 4968430.635300002992153 ], [ -8215755.571000000461936, 4968431.663099996745586 ], [ -8215501.873999999836087, 4968507.137699998915195 ] ] ] } },
{ "type": "Feature", "properties": { "id": 2000258.0, "name": "A", "objectid": 1079.0, "rt_symbol": "A", "url": "http://web.mta.info/nyct/service/", "Shape__Len": 464.18373576099998 }, "geometry": { "type": "MultiLineString", "coordinates": [ [ [ -8219573.273, 4965506.812600001692772 ], [ -8219581.065400000661612, 4965503.142800003290176 ], [ -8219588.969100000336766, 4965499.619599997997284 ], [ -8219596.8728, 4965496.243600003421307 ], [ -8219604.887700000777841, 4965492.867200002074242 ], [ -8219613.014000000432134, 4965489.637699998915195 ], [ -8219621.1404, 4965486.408399999141693 ], [ -8219629.378100000321865, 4965483.325599998235703 ], [ -8219637.615800000727177, 4965480.389899998903275 ], [ -8219646.075899999588728, 4965477.454000003635883 ], [ -8219654.425000000745058, 4965474.66499999910593 ], [ -8219662.996600000187755, 4965472.022600002586842 ], [ -8219671.568199999630451, 4965469.380300000309944 ], [ -8219680.251000000163913, 4965466.884900003671646 ], [ -8219688.934000000357628, 4965464.389499999582767 ], [ -8219697.728199999779463, 4965462.040899999439716 ], [ -8220018.996200000867248, 4965379.396899998188019 ] ] ] } },
{ "type": "Feature", "properties": { "id": 2000256.0, "name": "A", "objectid": 1080.0, "rt_symbol": "A", "url": "http://web.mta.info/nyct/service/", "Shape__Len": 853.2054152 }, "geometry": { "type": "MultiLineString", "coordinates": [ [ [ -8220260.114099999889731, 4965318.625500001013279 ], [ -8220301.413799999281764, 4965308.056500002741814 ], [ -8220308.64949999935925, 4965306.295100003480911 ], [ -8220316.107899999246001, 4965304.533699996769428 ], [ -8220323.4551, 4965302.918999999761581 ], [ -8220331.024700000882149, 4965301.451099999248981 ], [ -8220338.483300000429153, 4965299.983199998736382 ], [ -8220346.164300000295043, 4965298.515299998223782 ], [ -8220353.845300000160933, 4965297.1941 ], [ -8220361.637499999254942, 4965296.019799999892712 ], [ -8220369.429999999701977, 4965294.845499999821186 ], [ -8220377.333699999377131, 4965293.67119999974966 ], [ -8220385.348600000143051, 4965292.64360000193119 ], [ -8220393.363600000739098, 4965291.762999996542931 ], [ -8220401.490000000223517, 4965290.882200002670288 ], [ -8220409.727600000798702, 4965290.001400001347065 ], [ -8220417.965199999511242, 4965289.2676 ], [ -8221108.034900000318885, 4965232.606899999082088 ] ] ] } },
{ "type": "Feature", "properties": { "id": 2000239.0, "name": "G", "objectid": 1081.0, "rt_symbol": "G", "url": "http://web.mta.info/nyct/service/", "Shape__Len": 983.06435073700004 }, "geometry": { "type": "MultiLineString", "coordinates": [ [ [ -8235983.645400000736117, 4966479.589100003242493 ], [ -8235877.637199999764562, 4966424.902999997138977 ], [ -8235869.197799999266863, 4966420.691500000655651 ], [ -8235860.69400000013411, 4966416.504699997603893 ], [ -8235852.301899999380112, 4966412.466700002551079 ], [ -8235843.9529, 4966408.502700001001358 ], [ -8235835.715199999511242, 4966404.538999997079372 ], [ -8235827.152499999850988, 4966400.473899997770786 ], [ -8235818.70160000026226, 4966396.609999999403954 ], [ -8235810.4638, 4966392.793099999427795 ], [ -8235801.8991, 4966388.877499997615814 ], [ -8235793.389000000432134, 4966385.136699996888638 ], [ -8235785.094799999147654, 4966381.490500003099442 ], [ -8235776.6941, 4966377.7478 ], [ -8235768.126000000163913, 4966374.131899997591972 ], [ -8235759.777100000530481, 4966370.608499996364117 ], [ -8235751.476800000295043, 4966367.105700001120567 ], [ -8235743.8531, 4966363.848800003528595 ], [ -8235736.060799999162555, 4966360.325300000607967 ], [ -8235728.156899999827147, 4966356.948899999260902 ], [ -8235720.763399999588728, 4966353.605999998748302 ], [ -8235712.971100000664592, 4966349.9358000010252 ], [ -8235705.17879999987781, 4966346.412399999797344 ], [ -8235697.386399999260902, 4966342.742399998009205 ], [ -8235689.824300000444055, 4966339.322899997234344 ], [ -8235682.310399999842048, 4966335.589100003242493 ], [ -8235674.350199999287724, 4966331.840000003576279 ], [ -8235666.896999999880791, 4966328.2787000015378 ], [ -8235659.382099999114871, 4966324.54450000077486 ], [ -8235651.8651, 4966320.808799996972084 ], [ -8235644.122899999842048, 4966316.813500002026558 ], [ -8235635.937999999150634, 4966312.804399996995926 ], [ -8235571.747899999842048, 4966282.581900000572205 ], [ -8235567.611600000411272, 4966280.536499999463558 ], [ -8235563.086400000378489, 4966278.2412 ], [ -8235558.448599999770522, 4966276.045800000429153 ], [ -8235553.80320000089705, 4966273.846500001847744 ], [ -8235549.260099999606609, 4966271.849500000476837 ], [ -8235544.815700000151992, 4966269.844300001859665 ], [ -8235540.261600000783801, 4966267.947800002992153 ], [ -8235535.699400000274181, 4966266.047799997031689 ], [ -8235531.233799999579787, 4966264.343099996447563 ], [ -8235526.865900000557303, 4966262.630500003695488 ], [ -8235522.031600000336766, 4966260.907399997115135 ], [ -8235517.54700000025332, 4966259.468900002539158 ], [ -8235513.520300000905991, 4966258.177299998700619 ], [ -8235509.223799999803305, 4966256.760799996554852 ], [ -8235505.80320000089705, 4966255.758199997246265 ], [ -8235461.822300000116229, 4966238.73309999704361 ], [ -8235449.785199999809265, 4966234.288400001823902 ], [ -8235437.354499999433756, 4966230.592000000178814 ], [ -8235424.8421, 4966227.260099999606609 ], [ -8235412.113299999386072, 4966224.567900002002716 ], [ -8235399.317099999636412, 4966222.224200002849102 ], [ -8235386.1744, 4966220.33330000191927 ], [ -8235372.828500000759959, 4966218.919100001454353 ], [ -8235359.144200000911951, 4966217.969300001859665 ], [ -8235345.288699999451637, 4966217.656999997794628 ], [ -8235331.490599999204278, 4966217.656999997794628 ], [ -8235317.37360000051558, 4966218.1184 ], [ -8235303.050100000575185, 4966218.892700001597404 ], [ -8235288.287799999117851, 4966220.29450000077486 ], [ -8235273.590700000524521, 4966222.1404 ], [ -8235258.791999999433756, 4966224.392200000584126 ], [ -8235059.178400000557303, 4966255.076999999582767 ] ] ] } },
{ "type": "Feature", "properties": { "id": 2000281.0, "name": "E", "objectid": 1082.0, "rt_symbol": "A", "url": "http://web.mta.info/nyct/service/", "Shape__Len": 263.54606566299998 }, "geometry": { "type": "MultiLineString", "coordinates": [ [ [ -8235585.647900000214577, 4977447.176899999380112 ], [ -8235588.9518, 4977449.190200001001358 ], [ -8235815.906400000676513, 4977575.379699997603893 ] ] ] } },
{ "type": "Feature", "properties": { "id": 2000286.0, "name": "M", "objectid": 1084.0, "rt_symbol": "B", "url": "http://web.mta.info/nyct/service/", "Shape__Len": 2991.625324 }, "geometry": { "type": "MultiLineString", "coordinates": [ [ [ -8234209.235999999567866, 4976624.9331 ], [ -8233502.54590000025928, 4976231.193199999630451 ], [ -8233494.784700000658631, 4976226.685000002384186 ], [ -8233486.8904, 4976221.682800002396107 ], [ -8233478.841499999165535, 4976216.513800002634525 ], [ -8233470.857200000435114, 4976211.243600003421307 ], [ -8233463.15819999948144, 4976206.020499996840954 ], [ -8233455.507799999788404, 4976200.615500003099442 ], [ -8233448.020999999716878, 4976195.250100001692772 ], [ -8233440.481200000271201, 4976189.5625 ], [ -8233433.230799999088049, 4976184.073299996554852 ], [ -8233426.136600000783801, 4976178.342200003564358 ], [ -8233418.968599999323487, 4976172.464000001549721 ], [ -8233411.871400000527501, 4976166.501900002360344 ], [ -8233404.991800000891089, 4976160.542099997401237 ], [ -8233398.366699999198318, 4976154.665899999439716 ], [ -8233391.878499999642372, 4976148.385099999606609 ], [ -8232899.316600000485778, 4975691.703400000929832 ], [ -8232861.2331000007689, 4975660.640100002288818 ], [ -8232823.736999999731779, 4975631.35869999974966 ], [ -8232786.336799999698997, 4975603.551100000739098 ], [ -8232749.048900000751019, 4975577.081900000572205 ], [ -8232711.819599999114871, 4975551.914399996399879 ], [ -8232674.674000000581145, 4975528.217699997127056 ], [ -8232637.596599999815226, 4975505.835400000214577 ], [ -8232600.502499999478459, 4975484.935999996960163 ], [ -8232563.613500000908971, 4975465.368699997663498 ], [ -8232526.814400000497699, 4975447.283900000154972 ], [ -8232489.947300000116229, 4975430.363300003111362 ], [ -8232453.185900000855327, 4975415.087099999189377 ], [ -8232416.601700000464916, 4975400.989500001072884 ], [ -8232380.059100000187755, 4975388.556000001728535 ], [ -8232343.880999999120831, 4975377.106700003147125 ], [ -8231637.017400000244379, 4975196.350699998438358 ] ] ] } },
{ "type": "Feature", "properties": { "id": 2000285.0, "name": "M", "objectid": 1085.0, "rt_symbol": "B", "url": "http://web.mta.info/nyct/service/", "Shape__Len": 786.94903022000005 }, "geometry": { "type": "MultiLineString", "coordinates": [ [ [ -8234896.005699999630451, 4977009.263700000941753 ], [ -8234209.276900000870228, 4976624.95610000193119 ] ] ] } },
{ "type": "Feature", "properties": { "id": 2000284.0, "name": "M", "objectid": 1086.0, "rt_symbol": "B", "url": "http://web.mta.info/nyct/service/", "Shape__Len": 187.73287075 }, "geometry": { "type": "MultiLineString", "coordinates": [ [ [ -8235059.945900000631809, 4977100.658100001513958 ], [ -8234895.972500000149012, 4977009.244999997317791 ] ] ] } },
{ "type": "Feature", "properties": { "id": 2000287.0, "name": "M", "objectid": 1087.0, "rt_symbol": "B", "url": "http://web.mta.info/nyct/service/", "Shape__Len": 523.13090645199998 }, "geometry": { "type": "MultiLineString", "coordinates": [ [ [ -8231637.023199999704957, 4975196.352099999785423 ], [ -8231356.453700000420213, 4975124.516699999570847 ], [ -8231340.343299999833107, 4975120.29389999806881 ], [ -8231324.001599999144673, 4975116.724500000476837 ], [ -8231307.917199999094009, 4975113.758500002324581 ], [ -8231291.667500000447035, 4975111.550399996340275 ], [ -8231275.848799999803305, 4975110.137500002980232 ], [ -8231260.319399999454618, 4975109.355200000107288 ], [ -8231244.624600000679493, 4975109.195900000631809 ], [ -8231229.126599999144673, 4975109.9949000030756 ], [ -8231214.072200000286102, 4975111.414200000464916 ], [ -8231199.098600000143051, 4975113.486400000751019 ], [ -8231184.2171, 4975116.384400002658367 ], [ -8231169.709599999710917, 4975120.054899998009205 ], [ -8231155.294600000604987, 4975124.371899999678135 ], [ -8231141.242200000211596, 4975129.488899998366833 ], [ -8231127.966600000858307, 4975134.974399998784065 ] ] ] } },
{ "type": "Feature", "properties": { "id": 2000301.0, "name": "R", "objectid": 1088.0, "rt_symbol": "N", "url": "http://web.mta.info/nyct/service/", "Shape__Len": 1083.80613296 }, "geometry": { "type": "MultiLineString", "coordinates": [ [ [ -8223952.616499999538064, 4973637.782600000500679 ], [ -8223933.85359999909997, 4973592.826800003647804 ], [ -8223922.490299999713898, 4973564.563699997961521 ], [ -8223910.076400000602007, 4973538.378499999642372 ], [ -8223896.410000000149012, 4973513.351199999451637 ], [ -8223881.3158, 4973489.390600003302097 ], [ -8223864.705800000578165, 4973466.492399998009205 ], [ -8223846.829299999400973, 4973444.575499996542931 ], [ -8223827.566500000655651, 4973423.902500003576279 ], [ -8223806.922499999403954, 4973404.062899999320507 ], [ -8223784.769799999892712, 4973385.458400003612041 ], [ -8223761.260099999606609, 4973367.769100002944469 ], [ -8223736.20240000076592, 4973351.164300002157688 ], [ -8223709.836100000888109, 4973335.527000002563 ], [ -8223681.875099999830127, 4973321.106100000441074 ], [ -8223652.448000000789762, 4973307.499499998986721 ], [ -8223621.301699999719858, 4973295.139499999582767 ], [ -8223264.906500000506639, 4973156.373000003397465 ], [ -8223251.718100000172853, 4973151.35809999704361 ], [ -8223238.552799999713898, 4973146.160599999129772 ], [ -8223225.528300000354648, 4973141.018700003623962 ], [ -8223212.327600000426173, 4973135.807499997317791 ], [ -8223199.350700000301003, 4973130.446400001645088 ], [ -8223186.479599999263883, 4973125.129100002348423 ], [ -8223173.831399999558926, 4973119.81139999628067 ], [ -8223161.142799999564886, 4973114.476599998772144 ], [ -8223148.492799999192357, 4973109.010499998927116 ], [ -8223136.064200000837445, 4973103.6908999979496 ], [ -8223123.523399999365211, 4973098.174199998378754 ], [ -8223111.315400000661612, 4973092.705600000917912 ], [ -8223099.181800000369549, 4973087.270099997520447 ], [ -8223086.859999999403954, 4973081.750399999320507 ], [ -8223074.762499999254942, 4973076.080399997532368 ] ] ] } },
{ "type": "Feature", "properties": { "id": 2000299.0, "name": "R", "objectid": 1089.0, "rt_symbol": "N", "url": "http://web.mta.info/nyct/service/", "Shape__Len": 1210.9878471899999 }, "geometry": { "type": "MultiLineString", "coordinates": [ [ [ -8225534.336300000548363, 4975064.290700003504753 ], [ -8224845.421800000593066, 4974676.702399998903275 ], [ -8224840.222799999639392, 4974673.805200003087521 ], [ -8224835.113600000739098, 4974670.80799999833107 ], [ -8224830.112400000914931, 4974667.957500003278255 ], [ -8224825.111700000241399, 4974664.957299999892712 ], [ -8224820.45380000025034, 4974662.24099999666214 ], [ -8224815.560000000521541, 4974659.386799998581409 ], [ -8224810.541999999433756, 4974656.3904 ], [ -8224805.7577, 4974653.383500002324581 ], [ -8224801.318800000473857, 4974650.668499998748302 ], [ -8224796.641000000759959, 4974647.807199999690056 ], [ -8224792.0756, 4974644.944799996912479 ], [ -8224787.505899999290705, 4974642.079800002276897 ], [ -8224783.0483, 4974639.213600002229214 ], [ -8224778.586400000378489, 4974636.344499997794628 ], [ -8224774.341299999505281, 4974633.54280000180006 ], [ -8224595.497099999338388, 4974518.161300003528595 ], [ -8224587.554700000211596, 4974512.845799997448921 ], [ -8224579.6491, 4974507.701899997889996 ], [ -8224571.6996, 4974502.379900000989437 ], [ -8224564.237199999392033, 4974497.234700001776218 ], [ -8224557.062300000339746, 4974492.426600001752377 ], [ -8224549.718399999663234, 4974487.4287 ], [ -8224542.660800000652671, 4974482.470600001513958 ], [ -8224535.962099999189377, 4974477.755400002002716 ], [ -8224529.41469999961555, 4974473.13629999756813 ], [ -8224522.97550000064075, 4974468.514300003647804 ], [ -8224516.666600000113249, 4974463.972199998795986 ], [ -8224510.574999999254942, 4974459.420999996364117 ], [ -8224504.947200000286102, 4974455.197499997913837 ], [ -8224499.163100000470877, 4974450.922200001776218 ], [ -8224493.648199999704957, 4974446.585799999535084 ] ] ] } },
{ "type": "Feature", "properties": { "id": 2000300.0, "name": "R", "objectid": 1090.0, "rt_symbol": "N", "url": "http://web.mta.info/nyct/service/", "Shape__Len": 997.45756477700002 }, "geometry": { "type": "MultiLineString", "coordinates": [ [ [ -8224494.528899999335408, 4974447.246399998664856 ], [ -8224486.448999999091029, 4974441.469700001180172 ], [ -8224478.480499999597669, 4974435.6925999969244 ], [ -8224470.343100000172853, 4974429.793099999427795 ], [ -8224462.258400000631809, 4974423.630999997258186 ], [ -8224454.400100000202656, 4974417.704099997878075 ], [ -8224446.315600000321865, 4974411.454300001263618 ], [ -8224438.524800000712276, 4974405.195000000298023 ], [ -8224430.623500000685453, 4974398.937899999320507 ], [ -8224422.703099999576807, 4974392.423100002110004 ], [ -8224415.028699999675155, 4974386.017899997532368 ], [ -8224407.243000000715256, 4974379.465300001204014 ], [ -8224399.53999999910593, 4974372.886699996888638 ], [ -8224391.9803, 4974366.334100000560284 ], [ -8224384.210100000724196, 4974359.547399997711182 ], [ -8224376.229499999433756, 4974352.315399996936321 ], [ -8224202.5537, 4974181.759499996900558 ], [ -8224194.7369, 4974173.664899997413158 ], [ -8224187.216299999505281, 4974165.17960000038147 ], [ -8224180.137000000104308, 4974156.614699997007847 ], [ -8224173.016200000420213, 4974147.686300002038479 ], [ -8224166.0428, 4974138.165500000119209 ], [ -8224159.3293999992311, 4974128.372000001370907 ], [ -8224152.746600000187755, 4974118.287900000810623 ], [ -8224146.3728, 4974107.850000001490116 ], [ -8224140.186300000175834, 4974097.066100001335144 ], [ -8224134.135800000280142, 4974086.008500002324581 ], [ -8224128.2171, 4974074.52139999717474 ], [ -8224122.41440000012517, 4974062.726599998772144 ], [ -8224116.8301, 4974050.596400000154972 ], [ -8224111.450899999588728, 4974038.210199996829033 ], [ -8224106.063400000333786, 4974025.502499997615814 ], [ -8223952.447200000286102, 4973637.366400003433228 ] ] ] } },
{ "type": "Feature", "properties": { "id": 2000304.0, "name": "R", "objectid": 1091.0, "rt_symbol": "N", "url": "http://web.mta.info/nyct/service/", "Shape__Len": 1165.3612893 }, "geometry": { "type": "MultiLineString", "coordinates": [ [ [ -8221234.967299999669194, 4972108.037900000810623 ], [ -8221214.488299999386072, 4972096.093900002539158 ], [ -8221193.998700000345707, 4972083.255000002682209 ], [ -8221174.1261, 4972070.14360000193119 ], [ -8221154.776900000870228, 4972056.626500003039837 ], [ -8221135.792199999094009, 4972042.893700003623962 ], [ -8221117.398199999704957, 4972028.571900002658367 ], [ -8221099.385099999606609, 4972014.129900000989437 ], [ -8221081.85840000025928, 4971999.165200002491474 ], [ -8221064.855000000447035, 4971983.956399999558926 ], [ -8221048.259099999442697, 4971968.400600001215935 ], [ -8221032.117200000211596, 4971952.387699998915195 ], [ -8221016.436000000685453, 4971936.07599999755621 ], [ -8221001.315500000491738, 4971919.449199996888638 ], [ -8220986.633099999278784, 4971902.47860000282526 ], [ -8220972.3388, 4971885.412900000810623 ], [ -8220953.811000000685453, 4971862.437899999320507 ], [ -8220935.36739999987185, 4971840.128899998962879 ], [ -8220916.557199999690056, 4971818.339100003242493 ], [ -8220897.338700000196695, 4971797.014300003647804 ], [ -8220877.686200000345707, 4971776.269000001251698 ], [ -8220857.568499999120831, 4971755.926899999380112 ], [ -8220836.99070000089705, 4971735.995899997651577 ], [ -8220816.140799999237061, 4971716.550399996340275 ], [ -8220794.710999999195337, 4971697.651199996471405 ], [ -8220772.950799999758601, 4971679.038599997758865 ], [ -8220750.67879999987781, 4971661.031199999153614 ], [ -8220728.077600000426173, 4971643.454899996519089 ], [ -8220704.888900000602007, 4971626.424599997699261 ], [ -8220681.387199999764562, 4971609.693199999630451 ], [ -8220657.915999999269843, 4971593.995999999344349 ], [ -8220322.369899999350309, 4971398.279500000178814 ] ] ] } },
{ "type": "Feature", "properties": { "id": 2000290.0, "name": "M", "objectid": 1092.0, "rt_symbol": "B", "url": "http://web.mta.info/nyct/service/", "Shape__Len": 448.77618329400002 }, "geometry": { "type": "MultiLineString", "coordinates": [ [ [ -8230646.017899999395013, 4975363.487199999392033 ], [ -8230637.773900000378489, 4975367.362800002098083 ], [ -8230629.143799999728799, 4975371.534599997103214 ], [ -8230620.738099999725819, 4975376.197800002992153 ], [ -8230612.772700000554323, 4975380.748700000345707 ], [ -8230604.693099999800324, 4975385.758299998939037 ], [ -8230596.963500000536442, 4975390.940700002014637 ], [ -8230589.421700000762939, 4975396.399800002574921 ], [ -8230582.089099999517202, 4975402.046099998056889 ], [ -8230575.178400000557303, 4975407.807300001382828 ], [ -8230568.422399999573827, 4975413.699699997901917 ], [ -8230561.631400000303984, 4975420.056000001728535 ], [ -8230555.227700000628829, 4975426.558300003409386 ], [ -8230549.040100000798702, 4975433.255800001323223 ], [ -8230543.1853, 4975440.178900003433228 ], [ -8230537.814400000497699, 4975446.815999999642372 ], [ -8230398.407600000500679, 4975617.911100000143051 ], [ -8230378.696000000461936, 4975641.774999998509884 ], [ -8230358.736600000411272, 4975663.612999998033047 ], [ -8230337.61629999987781, 4975684.307199999690056 ] ] ] } },
{ "type": "Feature", "properties": { "id": 2000300.0, "name": "F-M", "objectid": 1093.0, "rt_symbol": "B", "url": "http://web.mta.info/nyct/service/", "Shape__Len": 969.73117856600004 }, "geometry": { "type": "MultiLineString", "coordinates": [ [ [ -8224522.493599999696016, 4974407.827600002288818 ], [ -8224514.543600000441074, 4974402.143899999558926 ], [ -8224506.704600000753999, 4974396.460600003600121 ], [ -8224499.034700000658631, 4974390.899999998509884 ], [ -8224491.312000000849366, 4974385.013999998569489 ], [ -8224483.585699999704957, 4974379.186599999666214 ], [ -8224476.085200000554323, 4974373.388599999248981 ], [ -8224468.51410000026226, 4974367.3059 ], [ -8224460.830700000748038, 4974361.221400000154972 ], [ -8224453.38910000026226, 4974355.100400000810623 ], [ -8224445.924100000411272, 4974348.869800001382828 ], [ -8224438.3476, 4974342.493100002408028 ], [ -8224430.911000000312924, 4974336.142300002276897 ], [ -8224423.553999999538064, 4974329.7654 ], [ -8224416.184800000861287, 4974323.328900001943111 ], [ -8224409.248500000685453, 4974317.043399997055531 ], [ -8224236.720799999311566, 4974147.6162 ], [ -8224230.065899999812245, 4974140.724600002169609 ], [ -8224223.782999999821186, 4974133.635899998247623 ], [ -8224217.503900000825524, 4974126.039399996399879 ], [ -8224211.26630000025034, 4974118.218599997460842 ], [ -8224205.32660000026226, 4974110.108999997377396 ], [ -8224199.349600000306964, 4974101.389799997210503 ], [ -8224193.464600000530481, 4974092.374399997293949 ], [ -8224187.816099999472499, 4974083.124700002372265 ], [ -8224182.202600000426173, 4974073.339199997484684 ], [ -8224176.676100000739098, 4974063.239900000393391 ], [ -8224171.240000000223517, 4974052.689099997282028 ], [ -8224165.911000000312924, 4974041.857900001108646 ], [ -8224160.808399999514222, 4974030.774300001561642 ], [ -8224155.723500000312924, 4974019.065700002014637 ], [ -8224150.646800000220537, 4974007.090800002217293 ], [ -8223997.244000000879169, 4973619.499499998986721 ] ] ] } },
{ "type": "Feature", "properties": { "id": 2000290.0, "name": "R", "objectid": 1094.0, "rt_symbol": "N", "url": "http://web.mta.info/nyct/service/", "Shape__Len": 432.589374835 }, "geometry": { "type": "MultiLineString", "coordinates": [ [ [ -8230666.465199999511242, 4975407.3169 ], [ -8230658.456299999728799, 4975411.082099996507168 ], [ -8230651.279200000688434, 4975414.551399998366833 ], [ -8230644.322699999436736, 4975418.410700000822544 ], [ -8230637.371300000697374, 4975422.382500000298023 ], [ -8230630.756799999624491, 4975426.483400002121925 ], [ -8230624.460200000554323, 4975430.704999998211861 ], [ -8230618.1985, 4975435.237999998033047 ], [ -8230612.17259999923408, 4975439.877700001001358 ], [ -8230606.392899999395013, 4975444.6963 ], [ -8230600.68099999986589, 4975449.67790000140667 ], [ -8230595.22690000012517, 4975454.782999999821186 ], [ -8230590.05350000038743, 4975460.036100000143051 ], [ -8230585.108999999240041, 4975465.387800000607967 ], [ -8230580.277100000530481, 4975471.101800002157688 ], [ -8230575.184000000357628, 4975477.395499996840954 ], [ -8230435.624199999496341, 4975648.679899998009205 ], [ -8230415.03830000013113, 4975673.601899996399879 ], [ -8230393.364, 4975697.31700000166893 ], [ -8230371.292500000447035, 4975718.943300001323223 ] ] ] } },
{ "type": "Feature", "properties": { "id": 2000488.0, "name": "D", "objectid": 1095.0, "rt_symbol": "B", "url": "http://web.mta.info/nyct/service/", "Shape__Len": 712.11537222000004 }, "geometry": { "type": "MultiLineString", "coordinates": [ [ [ -8237125.23509999923408, 4958133.92849999666214 ], [ -8237123.565199999138713, 4958142.1426 ], [ -8237121.895300000905991, 4958150.503499999642372 ], [ -8237120.225600000470877, 4958158.864399999380112 ], [ -8237118.667199999094009, 4958167.372000001370907 ], [ -8237117.10869999974966, 4958175.879699997603893 ], [ -8237115.661599999293685, 4958184.387199997901917 ], [ -8237114.214299999177456, 4958193.041599996387959 ], [ -8237112.878499999642372, 4958201.842600002884865 ], [ -8237111.542600000277162, 4958210.643500000238419 ], [ -8237110.206700000911951, 4958219.444700002670288 ], [ -8237108.982200000435114, 4958228.392499998211861 ], [ -8237107.869000000879169, 4958237.4868 ], [ -8237106.755799999460578, 4958246.581200003623962 ], [ -8237105.642699999734759, 4958255.675800003111362 ], [ -8237104.7522, 4958264.91669999808073 ], [ -8237048.980100000277162, 4958841.697700001299381 ] ] ] } },
{ "type": "Feature", "properties": { "id": 2000427.0, "name": "N-Q-R-W", "objectid": 1096.0, "rt_symbol": "N", "url": "http://web.mta.info/nyct/service/", "Shape__Len": 800.11900241499995 }, "geometry": { "type": "MultiLineString", "coordinates": [ [ [ -8235876.68019999936223, 4976991.311099998652935 ], [ -8235489.177300000563264, 4977691.33389999717474 ] ] ] } },
{ "type": "Feature", "properties": { "id": 2000502.0, "name": "N", "objectid": 1097.0, "rt_symbol": "N", "url": "http://web.mta.info/nyct/service/", "Shape__Len": 910.30514792899999 }, "geometry": { "type": "MultiLineString", "coordinates": [ [ [ -8236575.210100000724196, 4956550.656199999153614 ], [ -8237102.419099999591708, 4956970.10980000346899 ], [ -8237109.989, 4956976.26969999819994 ], [ -8237117.335799999535084, 4956982.576200000941753 ], [ -8237124.683000000193715, 4956989.17620000243187 ], [ -8237131.807499999180436, 4956996.2162000015378 ], [ -8237138.820599999278784, 4957003.549400001764297 ], [ -8237145.833699999377131, 4957011.322700001299381 ], [ -8237152.624199999496341, 4957019.389399997889996 ], [ -8237159.303300000727177, 4957027.749499998986721 ], [ -8237165.871300000697374, 4957036.549199998378754 ], [ -8237172.3278, 4957045.642700001597404 ], [ -8237178.673000000417233, 4957055.029200002551079 ], [ -8237184.795499999076128, 4957064.855800002813339 ], [ -8237190.918199999257922, 4957074.975699998438358 ], [ -8237196.929300000891089, 4957085.389300003647804 ], [ -8237202.829500000923872, 4957096.242600001394749 ], [ -8237236.3366, 4957162.389700002968311 ] ] ] } },
{ "type": "Feature", "properties": { "id": 2000110.0, "name": "4-5", "objectid": 1098.0, "rt_symbol": "4", "url": "http://web.mta.info/nyct/service/", "Shape__Len": 488.89399902600002 }, "geometry": { "type": "MultiLineString", "coordinates": [ [ [ -8238962.790400000289083, 4969301.5647 ], [ -8238700.855699999257922, 4969714.369199998676777 ] ] ] } },
{ "type": "Feature", "properties": { "id": 2000006.0, "name": "1-2-3", "objectid": 1099.0, "rt_symbol": "1", "url": "http://web.mta.info/nyct/service/", "Shape__Len": 631.42278389600006 }, "geometry": { "type": "MultiLineString", "coordinates": [ [ [ -8238673.80519999936223, 4970464.833599999547005 ], [ -8238449.273600000888109, 4970839.9408999979496 ], [ -8238446.8246, 4970844.493699997663498 ], [ -8238444.4869, 4970849.193800002336502 ], [ -8238442.260800000280142, 4970853.893700003623962 ], [ -8238440.145500000566244, 4970858.740599997341633 ], [ -8238438.253000000491738, 4970863.587399996817112 ], [ -8238436.3607, 4970868.727899998426437 ], [ -8238434.579600000753999, 4970873.721500001847744 ], [ -8238433.021099999547005, 4970879.00900000333786 ], [ -8238431.4627, 4970884.296499997377396 ], [ -8238430.126700000837445, 4970889.58389999717474 ], [ -8238428.902100000530481, 4970895.165100000798702 ], [ -8238427.6776, 4970900.746500000357628 ], [ -8238426.675699999555945, 4970906.32769999653101 ], [ -8238425.785299999639392, 4970912.055600002408028 ], [ -8238425.005999999120831, 4970917.9309 ], [ -8238408.864700000733137, 4971028.821599997580051 ] ] ] } },
{ "type": "Feature", "properties": { "id": 2000007.0, "name": "1-2-3", "objectid": 1100.0, "rt_symbol": "1", "url": "http://web.mta.info/nyct/service/", "Shape__Len": 523.77328571700002 }, "geometry": { "type": "MultiLineString", "coordinates": [ [ [ -8238408.864700000733137, 4971028.821599997580051 ], [ -8238341.07120000012219, 4971548.189000003039837 ] ] ] } },
{ "type": "Feature", "properties": { "id": 2000514.0, "name": "L", "objectid": 1101.0, "rt_symbol": "L", "url": "http://web.mta.info/nyct/service/", "Shape__Len": 586.81703995299995 }, "geometry": { "type": "MultiLineString", "coordinates": [ [ [ -8236097.426699999719858, 4973016.403599999845028 ], [ -8236610.387000000104308, 4973301.405299998819828 ] ] ] } },
{ "type": "Feature", "properties": { "id": 2000065.0, "name": "2", "objectid": 1438.0, "rt_symbol": "1", "url": "http://web.mta.info/nyct/service/", "Shape__Len": 977.34559201000002 }, "geometry": { "type": "MultiLineString", "coordinates": [ [ [ -8222754.004899999126792, 4994341.17849999666214 ], [ -8222485.7248, 4994910.228399999439716 ], [ -8222350.694399999454618, 4995231.207900002598763 ] ] ] } },
{ "type": "Feature", "properties": { "id": 2000504.0, "name": "N", "objectid": 1102.0, "rt_symbol": "N", "url": "http://web.mta.info/nyct/service/", "Shape__Len": 922.316873235 }, "geometry": { "type": "MultiLineString", "coordinates": [ [ [ -8235621.647399999201298, 4955251.930600002408028 ], [ -8235660.275100000202656, 4955500.634400002658367 ], [ -8235664.728000000119209, 4955523.803999997675419 ], [ -8235669.180800000205636, 4955546.5337999984622 ], [ -8235673.744899999350309, 4955568.5304000005126 ], [ -8235678.531500000506639, 4955589.940499998629093 ], [ -8235683.540999999269843, 4955610.763999998569489 ], [ -8235688.661699999123812, 4955631.001199997961521 ], [ -8235694.005000000819564, 4955650.651500001549721 ], [ -8235699.459699999541044, 4955669.56870000064373 ], [ -8235705.02559999935329, 4955688.04619999974966 ], [ -8235710.814300000667572, 4955705.790399998426437 ], [ -8235716.825500000268221, 4955722.947999998927116 ], [ -8235722.948000000789762, 4955739.519199997186661 ], [ -8235729.182, 4955755.503499999642372 ], [ -8235735.638599999248981, 4955770.901500001549721 ], [ -8235742.428899999707937, 4955785.712899997830391 ], [ -8235751.557199999690056, 4955804.630500003695488 ], [ -8235761.130699999630451, 4955823.108000002801418 ], [ -8235771.14949999935925, 4955841.145900003612041 ], [ -8235781.613399999216199, 4955858.8904 ], [ -8235792.522700000554323, 4955876.488099999725819 ], [ -8235803.877299999818206, 4955893.645999997854233 ], [ -8235815.788499999791384, 4955910.364200003445148 ], [ -8235828.144899999722838, 4955926.935500003397465 ], [ -8235840.94679999910295, 4955943.213600002229214 ], [ -8235854.19370000064373, 4955959.051700003445148 ], [ -8235867.997400000691414, 4955974.596600003540516 ], [ -8235882.246099999174476, 4955989.848399996757507 ], [ -8235896.829, 4956004.806800000369549 ], [ -8235912.079800000414252, 4956019.471799999475479 ], [ -8235927.66469999961555, 4956033.69709999859333 ], [ -8235975.4206000007689, 4956072.413000002503395 ] ] ] } },
{ "type": "Feature", "properties": { "id": 2000112.0, "name": "4-5-6", "objectid": 1103.0, "rt_symbol": "4", "url": "http://web.mta.info/nyct/service/", "Shape__Len": 968.73186569500001 }, "geometry": { "type": "MultiLineString", "coordinates": [ [ [ -8238102.179400000721216, 4970110.448600001633167 ], [ -8238024.923900000751019, 4970225.736199997365475 ], [ -8238021.027499999850988, 4970231.463899999856949 ], [ -8238017.354100000113249, 4970237.485299997031689 ], [ -8238014.014499999582767, 4970243.506700001657009 ], [ -8238010.897600000724196, 4970249.821900002658367 ], [ -8238008.114499999210238, 4970256.137100003659725 ], [ -8238005.554199999198318, 4970262.745899997651577 ], [ -8238003.216600000858307, 4970269.648599997162819 ], [ -8238001.212600000202656, 4970276.551299996674061 ], [ -8237999.5428, 4970283.600699998438358 ], [ -8237997.984300000593066, 4970290.944200001657009 ], [ -8237996.759999999776483, 4970298.434199996292591 ], [ -8237995.8695, 4970305.9243 ], [ -8237995.201400000602007, 4970313.707999996840954 ], [ -8237994.75620000064373, 4970321.785700000822544 ], [ -8237994.644899999722838, 4970329.863300003111362 ], [ -8237983.290400000289083, 4970449.118900001049042 ], [ -8237982.845000000670552, 4970454.112300001084805 ], [ -8237982.28830000013113, 4970458.958999998867512 ], [ -8237981.620500000193715, 4970463.805600002408028 ], [ -8237980.730000000447035, 4970468.505300000309944 ], [ -8237979.7281, 4970473.2051 ], [ -8237978.503699999302626, 4970477.758299998939037 ], [ -8237977.167700000107288, 4970482.310999996960163 ], [ -8237975.609300000593066, 4970486.717100001871586 ], [ -8237973.939600000157952, 4970491.123099997639656 ], [ -8237972.158399999141693, 4970495.529200002551079 ], [ -8237970.1546, 4970499.78830000013113 ], [ -8237967.928300000727177, 4970503.900600001215935 ], [ -8237965.7018, 4970508.012900002300739 ], [ -8237963.252699999138713, 4970512.125200003385544 ], [ -8237960.5811, 4970516.090499997138977 ], [ -8237663.803300000727177, 4970953.180799998342991 ] ] ] } },
{ "type": "Feature", "properties": { "id": 2000474.0, "name": "D", "objectid": 1104.0, "rt_symbol": "B", "url": "http://web.mta.info/nyct/service/", "Shape__Len": 937.87041237999995 }, "geometry": { "type": "MultiLineString", "coordinates": [ [ [ -8237421.757799999788404, 4962369.325099997222424 ], [ -8236840.781500000506639, 4963105.577399998903275 ] ] ] } },
{ "type": "Feature", "properties": { "id": 2000499.0, "name": "N", "objectid": 1105.0, "rt_symbol": "N", "url": "http://web.mta.info/nyct/service/", "Shape__Len": 1216.97622559 }, "geometry": { "type": "MultiLineString", "coordinates": [ [ [ -8238946.871799999848008, 4958661.745800003409386 ], [ -8238956.445299999788404, 4958667.026699997484684 ], [ -8238966.018799999728799, 4958672.160899996757507 ], [ -8238975.926200000569224, 4958677.2949 ], [ -8238985.833599999547005, 4958682.282499998807907 ], [ -8238996.074999999254942, 4958687.123099997639656 ], [ -8239006.427799999713898, 4958691.964100003242493 ], [ -8239016.891799999400973, 4958696.65820000320673 ], [ -8239027.578400000929832, 4958701.352300003170967 ], [ -8239038.487800000235438, 4958705.899800002574921 ], [ -8239049.508500000461936, 4958710.300300002098083 ], [ -8239060.751499999314547, 4958714.701300002634525 ], [ -8239072.217700000852346, 4958718.955200001597404 ], [ -8239083.794800000265241, 4958723.062700003385544 ], [ -8239095.5945999994874, 4958727.170100003480911 ], [ -8239107.394500000402331, 4958731.277400001883507 ], [ -8239444.581299999728799, 4958845.844300001859665 ], [ -8239449.924599999561906, 4958847.604599997401237 ], [ -8239455.156700000166893, 4958849.364900000393391 ], [ -8239460.388499999418855, 4958850.978399999439716 ], [ -8239465.6206, 4958852.738799996674061 ], [ -8239470.7412, 4958854.499099999666214 ], [ -8239475.8619, 4958856.406099997460842 ], [ -8239480.871300000697374, 4958858.166500002145767 ], [ -8239485.880799999460578, 4958859.926700003445148 ], [ -8239490.8902000002563, 4958861.833800002932549 ], [ -8239495.788200000301003, 4958863.594099998474121 ], [ -8239500.686200000345707, 4958865.501199997961521 ], [ -8239505.473099999129772, 4958867.261600002646446 ], [ -8239510.259600000455976, 4958869.168499998748302 ], [ -8239514.935200000181794, 4958871.075400002300739 ], [ -8239519.610600000247359, 4958872.982600003480911 ], [ -8239811.601600000634789, 4958984.61710000038147 ], [ -8239824.626000000163913, 4958989.898100003600121 ], [ -8239837.093800000846386, 4958995.472599998116493 ], [ -8239849.22749999910593, 4959001.19370000064373 ], [ -8239860.80489999987185, 4959007.06139999628067 ], [ -8239871.936699999496341, 4959013.076099999248981 ], [ -8239882.512199999764562, 4959019.383900001645088 ], [ -8239892.753499999642372, 4959025.838500000536442 ], [ -8239902.438400000333786, 4959032.439900003373623 ], [ -8239911.677799999713898, 4959039.188000001013279 ], [ -8239920.472200000658631, 4959046.082500003278255 ], [ -8239928.709799999371171, 4959053.27080000191927 ], [ -8239936.613299999386072, 4959060.605700001120567 ], [ -8239943.9605, 4959068.086999997496605 ], [ -8239950.751000000163913, 4959075.715199999511242 ], [ -8239957.207599999383092, 4959083.637100003659725 ], [ -8239961.882799999788404, 4959089.211400002241135 ], [ -8239965.779200000688434, 4959095.079300001263618 ], [ -8239968.895999999716878, 4959101.093900002539158 ], [ -8239971.233799999579787, 4959107.255199998617172 ], [ -8239972.903699999675155, 4959113.710100002586842 ], [ -8239973.682800000533462, 4959120.164499998092651 ], [ -8239973.794099999591708, 4959126.912600003182888 ], [ -8239973.126199999824166, 4959133.954099997878075 ], [ -8239971.679099999368191, 4959140.995700001716614 ], [ -8239969.4527000002563, 4959148.330600000917912 ], [ -8239966.558399999514222, 4959155.958800002932549 ], [ -8239962.773399999365211, 4959163.587099999189377 ], [ -8239958.320800000801682, 4959171.508699998259544 ], [ -8239953.088700000196695, 4959179.577100001275539 ], [ -8239947.077299999073148, 4959187.792199999094009 ] ] ] } },
{ "type": "Feature", "properties": { "id": 2000237.0, "name": "A-C", "objectid": 1106.0, "rt_symbol": "A", "url": "http://web.mta.info/nyct/service/", "Shape__Len": 215.08710106300001 }, "geometry": { "type": "MultiLineString", "coordinates": [ [ [ -8236215.830399999395013, 4966625.491300001740456 ], [ -8236228.0756, 4966634.74040000140667 ], [ -8236239.207499999552965, 4966644.723499998450279 ], [ -8236248.780799999833107, 4966655.000299997627735 ], [ -8236257.129899999126792, 4966665.864399999380112 ], [ -8236264.031600000336766, 4966677.168700002133846 ], [ -8236269.48619999922812, 4966688.913599997758865 ], [ -8236273.605000000447035, 4966701.098800003528595 ], [ -8236276.387900000438094, 4966713.871299996972084 ], [ -8236277.7237, 4966726.937700003385544 ], [ -8236277.612500000745058, 4966740.444499999284744 ], [ -8236276.165200000628829, 4966754.53830000013113 ], [ -8236273.2708, 4966769.072700001299381 ], [ -8236269.0406, 4966784.047399997711182 ], [ -8236263.363500000908971, 4966799.4628000035882 ], [ -8236256.127699999138713, 4966815.171800002455711 ] ] ] } },
{ "type": "Feature", "properties": { "id": 2000456.0, "name": "B", "objectid": 1107.0, "rt_symbol": "B", "url": "http://web.mta.info/nyct/service/", "Shape__Len": 460.26660014300001 }, "geometry": { "type": "MultiLineString", "coordinates": [ [ [ -8233622.683199999853969, 4959521.830399997532368 ], [ -8233689.586400000378489, 4959977.208599999547005 ] ] ] } },
{ "type": "Feature", "properties": { "id": 2000319.0, "name": "G", "objectid": 1108.0, "rt_symbol": "G", "url": "http://web.mta.info/nyct/service/", "Shape__Len": 960.83426661600004 }, "geometry": { "type": "MultiLineString", "coordinates": [ [ [ -8234901.07630000077188, 4966300.702200002968311 ], [ -8233950.8531, 4966443.104299999773502 ] ] ] } },
{ "type": "Feature", "properties": { "id": 2000402.0, "name": "F", "objectid": 1109.0, "rt_symbol": "B", "url": "http://web.mta.info/nyct/service/", "Shape__Len": 1193.4887735299999 }, "geometry": { "type": "MultiLineString", "coordinates": [ [ [ -8235391.316600000485778, 4959964.586800001561642 ], [ -8235419.480699999257922, 4960163.527800001204014 ], [ -8235423.376900000497699, 4960195.217699997127056 ], [ -8235425.492000000551343, 4960225.881099998950958 ], [ -8235425.603399999439716, 4960255.223800003528595 ], [ -8235423.710799999535084, 4960283.539800003170967 ], [ -8235420.037499999627471, 4960310.681999996304512 ], [ -8235414.471300000324845, 4960336.650700002908707 ], [ -8235406.901699999347329, 4960361.445699997246265 ], [ -8235397.439799999818206, 4960385.0669 ], [ -8235386.196399999782443, 4960407.514700002968311 ], [ -8235372.949500000104308, 4960428.788500003516674 ], [ -8235357.698899999260902, 4960448.888899996876717 ], [ -8235340.666799999773502, 4960467.81530000269413 ], [ -8235321.631300000473857, 4960485.715000003576279 ], [ -8235300.814600000157952, 4960502.294100001454353 ], [ -8235277.994300000369549, 4960517.992899999022484 ], [ -8235127.267899999395013, 4960596.63459999859333 ], [ -8235105.783399999141693, 4960609.545900002121925 ], [ -8235085.745799999684095, 4960624.0713 ], [ -8235067.2668999992311, 4960640.210600003600121 ], [ -8235050.12360000051558, 4960657.8169 ], [ -8235034.539000000804663, 4960677.037399999797344 ], [ -8235020.290200000628829, 4960697.725000001490116 ], [ -8235007.599899999797344, 4960720.026799999177456 ], [ -8234996.245300000533462, 4960743.79559999704361 ], [ -8234986.337899999693036, 4960769.17849999666214 ], [ -8234977.877399999648333, 4960796.028599999845028 ], [ -8234970.864499999210238, 4960824.492899999022484 ], [ -8234965.298599999397993, 4960854.424400001764297 ], [ -8234961.17960000038147, 4960885.823299996554852 ], [ -8234958.396999999880791, 4960918.982699997723103 ], [ -8234956.9496, 4960953.610100001096725 ] ] ] } },
{ "type": "Feature", "properties": { "id": 2000434.0, "name": "N-Q-R-W", "objectid": 1110.0, "rt_symbol": "N", "url": "http://web.mta.info/nyct/service/", "Shape__Len": 1046.63950645 }, "geometry": { "type": "MultiLineString", "coordinates": [ [ [ -8237386.5066, 4971764.844999998807907 ], [ -8236821.782800000160933, 4972646.0608000010252 ] ] ] } },
{ "type": "Feature", "properties": { "id": 2000453.0, "name": "B", "objectid": 1111.0, "rt_symbol": "B", "url": "http://web.mta.info/nyct/service/", "Shape__Len": 935.30807375899997 }, "geometry": { "type": "MultiLineString", "coordinates": [ [ [ -8233355.96169999986887, 4961629.452100001275539 ], [ -8233352.9561, 4961646.179999999701977 ], [ -8233350.3958, 4961662.760899998247623 ], [ -8233348.169399999082088, 4961679.048699997365475 ], [ -8233346.276900000870228, 4961695.336300000548363 ], [ -8233344.607100000604987, 4961711.477399997413158 ], [ -8233343.38260000012815, 4961727.325000002980232 ], [ -8233342.380599999800324, 4961743.172600001096725 ], [ -8233341.824100000783801, 4961758.873400002717972 ], [ -8233341.490299999713898, 4961774.574000000953674 ], [ -8233341.490299999713898, 4961789.981499999761581 ], [ -8233341.824100000783801, 4961805.242299996316433 ], [ -8233342.49210000038147, 4961820.502899996936321 ], [ -8233343.494000000879169, 4961835.470200002193451 ], [ -8233344.718399999663234, 4961850.437399998307228 ], [ -8233346.499500000849366, 4961865.404899999499321 ], [ -8233405.164899999275804, 4962340.995999999344349 ], [ -8233405.610200000926852, 4962344.371299996972084 ], [ -8233406.1667, 4962347.893100000917912 ], [ -8233406.723400000482798, 4962351.41499999910593 ], [ -8233407.279899999499321, 4962355.083599999547005 ], [ -8233407.83669999986887, 4962358.752300001680851 ], [ -8233408.393300000578165, 4962362.567900002002716 ], [ -8233409.061200000345707, 4962366.383199997246265 ], [ -8233409.729000000283122, 4962370.198600001633167 ], [ -8233410.3969, 4962374.160499997437 ], [ -8233411.176100000739098, 4962378.269500002264977 ], [ -8233411.844200000166893, 4962382.3783999979496 ], [ -8233412.623400000855327, 4962386.634199999272823 ], [ -8233413.402599999681115, 4962390.889600001275539 ], [ -8233414.181900000199676, 4962395.145300000905991 ], [ -8233415.072300000116229, 4962399.547899998724461 ], [ -8233424.089299999177456, 4962441.3706 ], [ -8233424.534600000828505, 4962443.1316 ], [ -8233424.868300000205636, 4962444.8926 ], [ -8233425.313799999654293, 4962446.653599999845028 ], [ -8233425.647700000554323, 4962448.414599999785423 ], [ -8233425.981699999421835, 4962450.175399996340275 ], [ -8233426.426899999380112, 4962452.083200000226498 ], [ -8233426.760900000110269, 4962453.844200000166893 ], [ -8233426.9836, 4962455.605099998414516 ], [ -8233427.317600000649691, 4962457.512900002300739 ], [ -8233427.651599999517202, 4962459.273800000548363 ], [ -8233427.874099999666214, 4962461.034800000488758 ], [ -8233428.208000000566244, 4962462.942500002682209 ], [ -8233428.430700000375509, 4962464.850299999117851 ], [ -8233428.6535, 4962466.611199997365475 ], [ -8233428.876000000163913, 4962468.518899999558926 ], [ -8233439.5625, 4962557.154899999499321 ] ] ] } },
{ "type": "Feature", "properties": { "id": 2000200.0, "name": "A-C", "objectid": 1112.0, "rt_symbol": "A", "url": "http://web.mta.info/nyct/service/", "Shape__Len": 555.14411162099998 }, "geometry": { "type": "MultiLineString", "coordinates": [ [ [ -8235876.568800000473857, 4977738.660300001502037 ], [ -8235609.179400000721216, 4978225.16610000282526 ] ] ] } },
{ "type": "Feature", "properties": { "id": 2000426.0, "name": "N-Q-R-W", "objectid": 1113.0, "rt_symbol": "N", "url": "http://web.mta.info/nyct/service/", "Shape__Len": 266.94462187 }, "geometry": { "type": "MultiLineString", "coordinates": [ [ [ -8235489.177300000563264, 4977691.33389999717474 ], [ -8235360.157800000160933, 4977925.028999999165535 ] ] ] } },
{ "type": "Feature", "properties": { "id": 2000458.0, "name": "Q", "objectid": 1114.0, "rt_symbol": "N", "url": "http://web.mta.info/nyct/service/", "Shape__Len": 861.20977278600003 }, "geometry": { "type": "MultiLineString", "coordinates": [ [ [ -8233348.348799999803305, 4957816.349500000476837 ], [ -8233370.0801, 4957931.620800003409386 ], [ -8233371.207100000232458, 4957937.264300003647804 ], [ -8233372.246200000867248, 4957942.60360000282526 ], [ -8233373.229699999094009, 4957948.507799997925758 ], [ -8233374.372999999672174, 4957954.684799998998642 ], [ -8233375.42369999922812, 4957960.499300003051758 ], [ -8233376.379699999466538, 4957966.656400002539158 ], [ -8233377.3991, 4957973.224299997091293 ], [ -8233378.493000000715256, 4957979.855700001120567 ], [ -8233379.461500000208616, 4957986.519299998879433 ], [ -8233380.453299999237061, 4957993.343699999153614 ], [ -8233381.440899999812245, 4958000.428199999034405 ], [ -8233382.433900000527501, 4958007.697899997234344 ], [ -8233383.404200000688434, 4958014.943899996578693 ], [ -8233384.287900000810623, 4958022.511500000953674 ], [ -8233385.330299999564886, 4958030.59910000115633 ], [ -8233476.634999999776483, 4958667.825900003314018 ] ] ] } },
{ "type": "Feature", "properties": { "id": 2000146.0, "name": "4", "objectid": 1115.0, "rt_symbol": "4", "url": "http://web.mta.info/nyct/service/", "Shape__Len": 1128.13251672 }, "geometry": { "type": "MultiLineString", "coordinates": [ [ [ -8225404.299200000241399, 4993687.805799998342991 ], [ -8225323.147199999541044, 4993775.106200002133846 ], [ -8225318.583200000226498, 4993780.406099997460842 ], [ -8225314.019099999219179, 4993785.853200003504753 ], [ -8225309.677699999883771, 4993791.300200000405312 ], [ -8225305.336300000548363, 4993797.04169999808073 ], [ -8225301.217499999329448, 4993802.783399999141693 ], [ -8225297.209699999541044, 4993808.671999998390675 ], [ -8225293.20240000076592, 4993814.5608000010252 ], [ -8225289.417500000447035, 4993820.744000002741814 ], [ -8225285.744100000709295, 4993826.927299998700619 ], [ -8225282.0702, 4993833.257799997925758 ], [ -8225278.619599999859929, 4993839.735399998724461 ], [ -8225275.279899999499321, 4993846.360200002789497 ], [ -8225271.940300000831485, 4993853.132399998605251 ], [ -8225268.823400000110269, 4993859.904399998486042 ], [ -8225265.817800000309944, 4993866.82379999756813 ], [ -8225158.617200000211596, 4994181.29110000282526 ], [ -8225155.277599999681115, 4994189.388400003314018 ], [ -8225151.82660000026226, 4994197.338600002229214 ], [ -8225148.264499999582767, 4994205.141599997878075 ], [ -8225144.479399999603629, 4994212.79730000346899 ], [ -8225140.583399999886751, 4994220.305799998342991 ], [ -8225136.575899999588728, 4994227.814300000667572 ], [ -8225132.34569999948144, 4994235.028399996459484 ], [ -8225127.892899999395013, 4994242.242399998009205 ], [ -8225123.32880000025034, 4994249.309199996292591 ], [ -8225118.653400000184774, 4994256.228799998760223 ], [ -8225113.755300000309944, 4994263.148400001227856 ], [ -8225108.745899999514222, 4994269.773599997162819 ], [ -8225103.62529999949038, 4994276.251500003039837 ], [ -8225098.281899999827147, 4994282.729599997401237 ], [ -8225092.827099999412894, 4994289.060199998319149 ], [ -8224802.1721, 4994620.914399996399879 ] ] ] } },
{ "type": "Feature", "properties": { "id": 2000147.0, "name": "4", "objectid": 1116.0, "rt_symbol": "4", "url": "http://web.mta.info/nyct/service/", "Shape__Len": 1140.71390167 }, "geometry": { "type": "MultiLineString", "coordinates": [ [ [ -8224802.1721, 4994620.914399996399879 ], [ -8224472.332399999722838, 4994997.834299996495247 ], [ -8224465.319399999454618, 4995006.37389999628067 ], [ -8224458.417600000277162, 4995014.913699999451637 ], [ -8224451.627000000327826, 4995023.306199997663498 ], [ -8224445.0592, 4995031.846000000834465 ], [ -8224438.602600000798702, 4995040.385799996554852 ], [ -8224432.257400000467896, 4995048.778399996459484 ], [ -8224426.023600000888109, 4995057.318199999630451 ], [ -8224420.012199999764562, 4995065.858000002801418 ], [ -8224414.112500000745058, 4995074.250699996948242 ], [ -8224408.435000000521541, 4995082.790500000119209 ], [ -8224402.757799999788404, 4995091.33049999922514 ], [ -8224397.303099999204278, 4995099.722900003194809 ], [ -8224392.071000000461936, 4995108.262599997222424 ], [ -8224386.839099999517202, 4995116.6554000005126 ], [ -8224381.829700000584126, 4995125.195200003683567 ], [ -8224144.9419, 4995546.602700002491474 ] ] ] } },
{ "type": "Feature", "properties": { "id": 2000063.0, "name": "2", "objectid": 1117.0, "rt_symbol": "1", "url": "http://web.mta.info/nyct/service/", "Shape__Len": 867.88606311900003 }, "geometry": { "type": "MultiLineString", "coordinates": [ [ [ -8222876.010900000110269, 4992517.497900001704693 ], [ -8222855.082900000736117, 4993385.1316 ] ] ] } },
{ "type": "Feature", "properties": { "id": 2000064.0, "name": "2", "objectid": 1118.0, "rt_symbol": "1", "url": "http://web.mta.info/nyct/service/", "Shape__Len": 1141.78829941 }, "geometry": { "type": "MultiLineString", "coordinates": [ [ [ -8222855.082900000736117, 4993385.1316 ], [ -8222839.60950000025332, 4994043.342299997806549 ], [ -8222838.607599999755621, 4994096.784299999475479 ], [ -8222836.492599999532104, 4994122.842799998819828 ], [ -8222833.4869, 4994145.809900000691414 ], [ -8222828.811599999666214, 4994170.838200002908707 ], [ -8222821.1305, 4994195.571800000965595 ], [ -8222813.115299999713898, 4994214.269599996507168 ], [ -8222769.255400000140071, 4994307.905299998819828 ], [ -8222805.879699999466538, 4994231.789300002157688 ], [ -8222754.004899999126792, 4994341.17849999666214 ] ] ] } },
{ "type": "Feature", "properties": { "id": 2000066.0, "name": "2", "objectid": 1119.0, "rt_symbol": "1", "url": "http://web.mta.info/nyct/service/", "Shape__Len": 659.07148870200001 }, "geometry": { "type": "MultiLineString", "coordinates": [ [ [ -8222350.694399999454618, 4995231.207900002598763 ], [ -8222095.550000000745058, 4995838.889200001955032 ] ] ] } },
{ "type": "Feature", "properties": { "id": 2000176.0, "name": "7", "objectid": 1439.0, "rt_symbol": "7", "url": "http://web.mta.info/nyct/service/", "Shape__Len": 628.54953821799995 }, "geometry": { "type": "MultiLineString", "coordinates": [ [ [ -8229183.818499999120831, 4974622.511399999260902 ], [ -8228562.544399999082088, 4974527.154100000858307 ] ] ] } },
{ "type": "Feature", "properties": { "id": 2000163.0, "name": "6", "objectid": 1120.0, "rt_symbol": "4", "url": "http://web.mta.info/nyct/service/", "Shape__Len": 945.642324304 }, "geometry": { "type": "MultiLineString", "coordinates": [ [ [ -8220159.815400000661612, 4988754.327600002288818 ], [ -8220079.331399999558926, 4988843.349399998784065 ], [ -8220075.323999999091029, 4988847.175200000405312 ], [ -8220071.316400000825524, 4988851.001000002026558 ], [ -8220067.309100000187755, 4988854.679499998688698 ], [ -8220063.412799999117851, 4988858.211099997162819 ], [ -8220059.516699999570847, 4988861.742399998009205 ], [ -8220055.620300000533462, 4988865.1266999989748 ], [ -8220051.83559999987483, 4988868.364 ], [ -8220048.050599999725819, 4988871.601199999451637 ], [ -8220044.377100000157952, 4988874.691200003027916 ], [ -8220040.592299999669194, 4988877.634099997580051 ], [ -8220037.029999999329448, 4988880.429799996316433 ], [ -8220033.3564, 4988883.225500002503395 ], [ -8220029.794299999251962, 4988886.021600000560284 ], [ -8220026.232100000604987, 4988888.522699996829033 ], [ -8220022.781099999323487, 4988891.02419999986887 ], [ -8219545.109200000762939, 4989218.280199997127056 ], [ -8219541.546900000423193, 4989220.928800001740456 ], [ -8219538.096000000834465, 4989223.577600002288818 ], [ -8219534.533800000324845, 4989226.3733000010252 ], [ -8219531.194299999624491, 4989229.169299997389317 ], [ -8219527.7434, 4989231.965199999511242 ], [ -8219524.403799999505281, 4989234.761 ], [ -8219521.064099999144673, 4989237.556999996304512 ], [ -8219517.724500000476837, 4989240.499899998307228 ], [ -8219514.496300000697374, 4989243.442900002002716 ], [ -8219511.26799999922514, 4989246.385899998247623 ], [ -8219508.039799999445677, 4989249.32880000025034 ], [ -8219504.922800000756979, 4989252.419200003147125 ], [ -8219501.80599999986589, 4989255.509099997580051 ], [ -8219498.68889999948442, 4989258.599299997091293 ], [ -8219495.683299999684095, 4989261.689499996602535 ], [ -8219421.767100000753999, 4989338.649599999189377 ] ] ] } },
{ "type": "Feature", "properties": { "id": 2000164.0, "name": "6", "objectid": 1121.0, "rt_symbol": "4", "url": "http://web.mta.info/nyct/service/", "Shape__Len": 602.16926658 }, "geometry": { "type": "MultiLineString", "coordinates": [ [ [ -8219421.767100000753999, 4989338.649599999189377 ], [ -8219003.98509999923408, 4989772.315399996936321 ] ] ] } },
{ "type": "Feature", "properties": { "id": 2000161.0, "name": "6", "objectid": 1122.0, "rt_symbol": "4", "url": "http://web.mta.info/nyct/service/", "Shape__Len": 595.79800608599999 }, "geometry": { "type": "MultiLineString", "coordinates": [ [ [ -8221080.427500000223517, 4987924.918300002813339 ], [ -8220950.517699999734759, 4987943.162399999797344 ], [ -8220942.280099999159575, 4987944.6338 ], [ -8220934.042500000447035, 4987946.546300001442432 ], [ -8220926.027499999850988, 4987948.7533999979496 ], [ -8220918.012399999424815, 4987951.401699997484684 ], [ -8220910.220100000500679, 4987954.491599999368191 ], [ -8220902.427899999544024, 4987958.022600002586842 ], [ -8220894.8581000007689, 4987961.995099999010563 ], [ -8220887.2884, 4987966.261900000274181 ], [ -8220879.941199999302626, 4987970.970100000500679 ], [ -8220872.594000000506639, 4987976.119800001382828 ], [ -8220865.4695999994874, 4987981.563500002026558 ], [ -8220858.345200000330806, 4987987.596000000834465 ], [ -8220851.332100000232458, 4987993.922700002789497 ], [ -8220844.541500000283122, 4988000.543499998748302 ], [ -8220837.7511, 4988007.753200002014637 ], [ -8220614.444199999794364, 4988253.465999998152256 ] ] ] } },
{ "type": "Feature", "properties": { "id": 2000162.0, "name": "6", "objectid": 1123.0, "rt_symbol": "4", "url": "http://web.mta.info/nyct/service/", "Shape__Len": 676.42419246199995 }, "geometry": { "type": "MultiLineString", "coordinates": [ [ [ -8220614.444199999794364, 4988253.465999998152256 ], [ -8220159.815400000661612, 4988754.327600002288818 ] ] ] } },
{ "type": "Feature", "properties": { "id": 2000073.0, "name": "5", "objectid": 1124.0, "rt_symbol": "4", "url": "http://web.mta.info/nyct/service/", "Shape__Len": 1600.6178441500001 }, "geometry": { "type": "MultiLineString", "coordinates": [ [ [ -8220541.863900000229478, 4993115.73589999973774 ], [ -8219674.351199999451637, 4994460.875 ] ] ] } },
{ "type": "Feature", "properties": { "id": 2000229.0, "name": "B-D", "objectid": 1125.0, "rt_symbol": "B", "url": "http://web.mta.info/nyct/service/", "Shape__Len": 1181.9084665600001 }, "geometry": { "type": "MultiLineString", "coordinates": [ [ [ -8225787.794700000435114, 4992740.6554000005126 ], [ -8225619.591, 4993030.796800002455711 ], [ -8225607.679999999701977, 4993049.197599999606609 ], [ -8225595.434699999168515, 4993067.009800001978874 ], [ -8225583.189500000327826, 4993084.233300000429153 ], [ -8225570.833200000226498, 4993100.720600001513958 ], [ -8225558.365499999374151, 4993116.76630000025034 ], [ -8225545.897600000724196, 4993132.3706 ], [ -8225533.318499999120831, 4993147.238600000739098 ], [ -8225520.628000000491738, 4993161.517899997532368 ], [ -8225507.937599999830127, 4993175.355499997735023 ], [ -8225495.136, 4993188.45719999819994 ], [ -8225482.334100000560284, 4993201.117299996316433 ], [ -8225469.4211, 4993213.18860000371933 ], [ -8225456.396800000220537, 4993224.670999996364117 ], [ -8225443.372300000861287, 4993235.711599998176098 ], [ -8225430.2368, 4993246.016599997878075 ], [ -8225340.958499999716878, 4993318.149999998509884 ], [ -8225329.937699999660254, 4993325.657899998128414 ], [ -8225319.139799999073148, 4993333.607299998402596 ], [ -8225308.675899999216199, 4993341.703900001943111 ], [ -8225292.161100000143051, 4993353.269900001585484 ], [ -8225276.067399999126792, 4993365.418999999761581 ], [ -8225260.414899999275804, 4993378.135899998247623 ], [ -8225245.2237, 4993391.404700003564358 ], [ -8225230.513000000268221, 4993405.20830000191927 ], [ -8225216.3015, 4993419.529399998486042 ], [ -8225202.6075, 4993434.349399998784065 ], [ -8225189.44789999909699, 4993449.649999998509884 ], [ -8225176.839400000870228, 4993465.411399997770786 ], [ -8225164.798800000920892, 4993481.614 ], [ -8225153.340500000864267, 4993498.236699998378754 ], [ -8225142.479399999603629, 4993515.258699998259544 ], [ -8225132.2292, 4993532.658600002527237 ], [ -8225122.60329999960959, 4993550.413900002837181 ], [ -8225113.613500000908971, 4993568.502300001680851 ], [ -8225105.271299999207258, 4993586.900399997830391 ], [ -8225097.587200000882149, 4993605.585400000214577 ], [ -8225090.5713, 4993624.5337999984622 ], [ -8225078.578199999406934, 4993663.12219999730587 ] ] ] } },
{ "type": "Feature", "properties": { "id": 2000141.0, "name": "4", "objectid": 1126.0, "rt_symbol": "4", "url": "http://web.mta.info/nyct/service/", "Shape__Len": 864.26919064399999 }, "geometry": { "type": "MultiLineString", "coordinates": [ [ [ -8227823.27170000039041, 4990018.072899997234344 ], [ -8227693.807199999690056, 4990257.214000001549721 ], [ -8227688.130000000819564, 4990268.545699998736382 ], [ -8227682.230000000447035, 4990279.58330000191927 ], [ -8227676.1074, 4990290.6206 ], [ -8227669.9847999997437, 4990301.657999999821186 ], [ -8227663.639699999243021, 4990312.695600003004074 ], [ -8227657.1831, 4990323.585900001227856 ], [ -8227650.615199999883771, 4990334.623400002717972 ], [ -8227643.93610000051558, 4990345.513700000941753 ], [ -8227637.034199999645352, 4990356.403999999165535 ], [ -8227630.020999999716878, 4990367.294399999082088 ], [ -8227623.008099999278784, 4990378.18469999730587 ], [ -8227615.660800000652671, 4990388.928099997341633 ], [ -8227608.313799999654293, 4990399.818400003015995 ], [ -8227600.855499999597669, 4990410.561700001358986 ], [ -8227593.1744, 4990421.304899998009205 ], [ -8227365.7489, 4990749.936700001358986 ] ] ] } },
{ "type": "Feature", "properties": { "id": 2000224.0, "name": "B-D", "objectid": 1127.0, "rt_symbol": "B", "url": "http://web.mta.info/nyct/service/", "Shape__Len": 1048.91577975 }, "geometry": { "type": "MultiLineString", "coordinates": [ [ [ -8228002.050799999386072, 4988668.102300003170967 ], [ -8227997.820699999108911, 4988677.519400000572205 ], [ -8227993.813200000673532, 4988687.230800002813339 ], [ -8227989.694199999794364, 4988697.089199997484684 ], [ -8227985.687100000679493, 4988707.241999998688698 ], [ -8227981.567900000140071, 4988717.836300000548363 ], [ -8227977.560499999672174, 4988728.577500000596046 ], [ -8227973.441800000146031, 4988739.760499998927116 ], [ -8227969.434399999678135, 4988751.090400002896786 ], [ -8227965.315400000661612, 4988762.714800000190735 ], [ -8227961.308000000193715, 4988774.7804000005126 ], [ -8227957.189200000837445, 4988787.140600003302097 ], [ -8227953.181800000369549, 4988799.647699996829033 ], [ -8227949.06279999949038, 4988812.596500001847744 ], [ -8227945.05519999936223, 4988825.692100003361702 ], [ -8227940.825200000777841, 4988839.229400001466274 ], [ -8227806.128399999812245, 4989366.902800001204014 ], [ -8227798.892699999734759, 4989388.387100003659725 ], [ -8227791.100299999117851, 4989409.282600000500679 ], [ -8227782.75139999948442, 4989429.737099997699261 ], [ -8227773.9572, 4989449.749799996614456 ], [ -8227764.494999999180436, 4989469.3213 ], [ -8227754.476199999451637, 4989488.304099999368191 ], [ -8227743.789599999785423, 4989506.845399998128414 ], [ -8227732.657700000330806, 4989524.945500001311302 ], [ -8227720.969100000336766, 4989542.604099996387959 ], [ -8227708.724099999293685, 4989559.674199998378754 ], [ -8227695.9222999997437, 4989576.302500002086163 ], [ -8227682.452600000426173, 4989592.489600002765656 ], [ -8227668.537499999627471, 4989608.235200002789497 ], [ -8227653.954800000414252, 4989623.539599999785423 ], [ -8227638.70409999974072, 4989638.402199998497963 ] ] ] } },
{ "type": "Feature", "properties": { "id": 2000140.0, "name": "4", "objectid": 1128.0, "rt_symbol": "4", "url": "http://web.mta.info/nyct/service/", "Shape__Len": 676.80972899000005 }, "geometry": { "type": "MultiLineString", "coordinates": [ [ [ -8228145.0965, 4989422.673699997365475 ], [ -8227823.27170000039041, 4990018.072899997234344 ] ] ] } },
{ "type": "Feature", "properties": { "id": 2000225.0, "name": "B-D", "objectid": 1129.0, "rt_symbol": "B", "url": "http://web.mta.info/nyct/service/", "Shape__Len": 865.27743651699996 }, "geometry": { "type": "MultiLineString", "coordinates": [ [ [ -8227638.70409999974072, 4989638.402199998497963 ], [ -8227484.971799999475479, 4989780.850599996745586 ], [ -8227460.481499999761581, 4989804.395999997854233 ], [ -8227436.993100000545382, 4989827.794200003147125 ], [ -8227414.395199999213219, 4989850.751000002026558 ], [ -8227392.68779999949038, 4989873.413599997758865 ], [ -8227371.871099999174476, 4989895.781999997794628 ], [ -8227351.944900000467896, 4989917.855999998748302 ], [ -8227332.909399999305606, 4989939.63570000231266 ], [ -8227314.875700000673532, 4989961.121399998664856 ], [ -8227297.621200000867248, 4989982.165299996733665 ], [ -8227281.257200000807643, 4990003.062200002372265 ], [ -8227265.895099999383092, 4990023.664899997413158 ], [ -8227251.312300000339746, 4990043.973499998450279 ], [ -8227237.731200000271201, 4990063.840300001204014 ], [ -8227224.929500000551343, 4990083.560099996626377 ], [ -8227212.906899999827147, 4990103.132700003683567 ], [ -8227092.236700000241399, 4990302.0996999964118 ] ] ] } },
{ "type": "Feature", "properties": { "id": 2000138.0, "name": "4", "objectid": 1130.0, "rt_symbol": "4", "url": "http://web.mta.info/nyct/service/", "Shape__Len": 787.39754342499998 }, "geometry": { "type": "MultiLineString", "coordinates": [ [ [ -8228892.606899999082088, 4988113.541299998760223 ], [ -8228789.747600000351667, 4988344.248800002038479 ], [ -8228771.157299999147654, 4988381.915899999439716 ], [ -8228751.231000000610948, 4988410.607799999415874 ], [ -8228730.970899999141693, 4988432.384099997580051 ], [ -8228686.999800000339746, 4988471.081699997186661 ], [ -8228660.171700000762939, 4988495.065200001001358 ], [ -8228638.1305, 4988518.901699997484684 ], [ -8228619.985200000926852, 4988544.062700003385544 ], [ -8228600.2818, 4988578.787699997425079 ], [ -8228490.854900000616908, 4988781.254799999296665 ] ] ] } },
{ "type": "Feature", "properties": { "id": 2000139.0, "name": "4", "objectid": 1131.0, "rt_symbol": "4", "url": "http://web.mta.info/nyct/service/", "Shape__Len": 728.67487705099995 }, "geometry": { "type": "MultiLineString", "coordinates": [ [ [ -8228490.854900000616908, 4988781.254799999296665 ], [ -8228145.0965, 4989422.673699997365475 ] ] ] } },
{ "type": "Feature", "properties": { "id": 2000223.0, "name": "B-D", "objectid": 1132.0, "rt_symbol": "B", "url": "http://web.mta.info/nyct/service/", "Shape__Len": 990.65043371700006 }, "geometry": { "type": "MultiLineString", "coordinates": [ [ [ -8228562.2105, 4987853.413099996745586 ], [ -8228135.9682, 4988430.471400000154972 ], [ -8228124.836200000718236, 4988446.656599998474121 ], [ -8228113.926799999549985, 4988462.989 ], [ -8228103.351500000804663, 4988479.3213 ], [ -8228093.11009999923408, 4988495.506700001657009 ], [ -8228083.2027000002563, 4988511.5449 ], [ -8228073.629300000146031, 4988527.582800000905991 ], [ -8228064.389799999073148, 4988543.47410000115633 ], [ -8228055.372899999842048, 4988559.365099996328354 ], [ -8228046.801300000399351, 4988575.108999997377396 ], [ -8228038.563799999654293, 4988590.853100001811981 ], [ -8228030.548599999397993, 4988606.44990000128746 ], [ -8228022.978900000452995, 4988621.899800002574921 ], [ -8228015.631899999454618, 4988637.349799998104572 ], [ -8228008.730100000277162, 4988652.799500003457069 ], [ -8228002.050799999386072, 4988668.102300003170967 ] ] ] } },
{ "type": "Feature", "properties": { "id": 2000226.0, "name": "B-D", "objectid": 1133.0, "rt_symbol": "B", "url": "http://web.mta.info/nyct/service/", "Shape__Len": 974.40679918499995 }, "geometry": { "type": "MultiLineString", "coordinates": [ [ [ -8227092.236700000241399, 4990302.0996999964118 ], [ -8226680.9112, 4990977.027400001883507 ], [ -8226674.677200000733137, 4990987.035400003194809 ], [ -8226668.443399999290705, 4990997.190600000321865 ], [ -8226662.320699999108911, 4991007.493000000715256 ], [ -8226656.198100000619888, 4991017.795400001108646 ], [ -8226650.187100000679493, 4991028.244999997317791 ], [ -8226644.175699999555945, 4991038.841499999165535 ], [ -8226638.16440000012517, 4991049.43860000371933 ], [ -8226632.375900000333786, 4991060.329499997198582 ], [ -8226626.4759, 4991071.220799997448921 ], [ -8226620.798599999397993, 4991082.111900001764297 ], [ -8226615.010099999606609, 4991093.297600001096725 ], [ -8226609.4441, 4991104.483000002801418 ], [ -8226603.878000000491738, 4991115.668499998748302 ], [ -8226598.311899999156594, 4991127.148599997162819 ], [ -8226592.8574, 4991138.48139999806881 ] ] ] } },
{ "type": "Feature", "properties": { "id": 2000227.0, "name": "B-D", "objectid": 1134.0, "rt_symbol": "B", "url": "http://web.mta.info/nyct/service/", "Shape__Len": 835.22436918699998 }, "geometry": { "type": "MultiLineString", "coordinates": [ [ [ -8226592.8574, 4991138.48139999806881 ], [ -8226407.733200000599027, 4991548.824799999594688 ], [ -8226403.1689, 4991558.686200000345707 ], [ -8226398.716199999675155, 4991568.400499999523163 ], [ -8226394.263499999418855, 4991578.261900000274181 ], [ -8226389.9221, 4991587.976000003516674 ], [ -8226385.691800000146031, 4991597.690499998629093 ], [ -8226381.461799999698997, 4991607.551700003445148 ], [ -8226377.231599999591708, 4991617.266199998557568 ], [ -8226373.223999999463558, 4991626.98030000180006 ], [ -8226369.105100000277162, 4991636.694700002670288 ], [ -8226365.097699999809265, 4991646.409100003540516 ], [ -8226361.20160000026226, 4991656.123099997639656 ], [ -8226357.305500000715256, 4991665.837600000202656 ], [ -8226353.520400000736117, 4991675.552000001072884 ], [ -8226349.735600000247359, 4991685.119000002741814 ], [ -8226345.9507, 4991694.833400003612041 ], [ -8226259.7895, 4991904.28320000320673 ] ] ] } },
{ "type": "Feature", "properties": { "id": 2000172.0, "name": "N-W", "objectid": 1135.0, "rt_symbol": "N", "url": "http://web.mta.info/nyct/service/", "Shape__Len": 113.314718356 }, "geometry": { "type": "MultiLineString", "coordinates": [ [ [ -8231076.779200000688434, 4975694.404600001871586 ], [ -8230978.261499999091029, 4975638.418099999427795 ] ] ] } },
{ "type": "Feature", "properties": { "id": 2000206.0, "name": "B-D", "objectid": 1137.0, "rt_symbol": "B", "url": "http://web.mta.info/nyct/service/", "Shape__Len": 758.31327353100005 }, "geometry": { "type": "MultiLineString", "coordinates": [ [ [ -8233330.305500000715256, 4982299.844700001180172 ], [ -8232963.395300000905991, 4982963.48309999704361 ] ] ] } },
{ "type": "Feature", "properties": { "id": 2000207.0, "name": "B-D", "objectid": 1138.0, "rt_symbol": "B", "url": "http://web.mta.info/nyct/service/", "Shape__Len": 753.02851634399997 }, "geometry": { "type": "MultiLineString", "coordinates": [ [ [ -8232963.400699999183416, 4982963.473300002515316 ], [ -8232598.717199999839067, 4983622.303999997675419 ] ] ] } },
{ "type": "Feature", "properties": { "id": 2000202.0, "name": "B-D", "objectid": 1139.0, "rt_symbol": "B", "url": "http://web.mta.info/nyct/service/", "Shape__Len": 981.03382730600003 }, "geometry": { "type": "MultiLineString", "coordinates": [ [ [ -8234995.2105, 4979286.160800002515316 ], [ -8234520.209000000730157, 4980144.531900003552437 ] ] ] } },
{ "type": "Feature", "properties": { "id": 2000200.0, "name": "B-D", "objectid": 1140.0, "rt_symbol": "B", "url": "http://web.mta.info/nyct/service/", "Shape__Len": 552.516588533 }, "geometry": { "type": "MultiLineString", "coordinates": [ [ [ -8235857.51410000026226, 4977731.110299997031689 ], [ -8235588.067299999296665, 4978213.472199998795986 ] ] ] } },
{ "type": "Feature", "properties": { "id": 2000201.0, "name": "B-D", "objectid": 1141.0, "rt_symbol": "B", "url": "http://web.mta.info/nyct/service/", "Shape__Len": 1225.6855776899999 }, "geometry": { "type": "MultiLineString", "coordinates": [ [ [ -8235588.094200000166893, 4978213.423299998044968 ], [ -8234995.204900000244379, 4979286.170900002121925 ] ] ] } },
{ "type": "Feature", "properties": { "id": 2000204.0, "name": "B-D", "objectid": 1142.0, "rt_symbol": "B", "url": "http://web.mta.info/nyct/service/", "Shape__Len": 970.607361008 }, "geometry": { "type": "MultiLineString", "coordinates": [ [ [ -8234160.971999999135733, 4980796.570799998939037 ], [ -8233691.536399999633431, 4981646.10530000180006 ] ] ] } },
{ "type": "Feature", "properties": { "id": 2000203.0, "name": "B-D", "objectid": 1143.0, "rt_symbol": "B", "url": "http://web.mta.info/nyct/service/", "Shape__Len": 744.43344157700005 }, "geometry": { "type": "MultiLineString", "coordinates": [ [ [ -8234520.186599999666214, 4980144.572300001978874 ], [ -8234160.957800000905991, 4980796.596699997782707 ] ] ] } },
{ "type": "Feature", "properties": { "id": 2000205.0, "name": "B-D", "objectid": 1144.0, "rt_symbol": "B", "url": "http://web.mta.info/nyct/service/", "Shape__Len": 746.90560722700002 }, "geometry": { "type": "MultiLineString", "coordinates": [ [ [ -8233691.535599999129772, 4981646.106700003147125 ], [ -8233330.302999999374151, 4982299.848999999463558 ] ] ] } },
{ "type": "Feature", "properties": { "id": 2000038.0, "name": "1", "objectid": 1371.0, "rt_symbol": "1", "url": "http://web.mta.info/nyct/service/", "Shape__Len": 854.11565120299997 }, "geometry": { "type": "MultiLineString", "coordinates": [ [ [ -8227604.751599999144673, 4993856.960199996829033 ], [ -8227584.602700000628829, 4993875.362700000405312 ], [ -8227498.664200000464916, 4993962.222800001502037 ], [ -8227429.980100000277162, 4994034.950599998235703 ], [ -8227395.35950000025332, 4994069.10639999806881 ], [ -8227358.958200000226498, 4994100.170500002801418 ], [ -8227322.556500000879169, 4994125.93469999730587 ], [ -8227276.581700000911951, 4994156.70440000295639 ], [ -8227243.408399999141693, 4994181.438299998641014 ], [ -8227212.239, 4994209.705600000917912 ], [ -8227185.077199999243021, 4994241.948100000619888 ], [ -8227149.788799999281764, 4994302.016099996864796 ], [ -8227048.488199999555945, 4994489.290200002491474 ] ] ] } },
{ "type": "Feature", "properties": { "id": 2000209.0, "name": "B-D", "objectid": 1145.0, "rt_symbol": "B", "url": "http://web.mta.info/nyct/service/", "Shape__Len": 1140.09640098 }, "geometry": { "type": "MultiLineString", "coordinates": [ [ [ -8232316.143300000578165, 4984508.144599996507168 ], [ -8232311.505799999460578, 4984516.409299999475479 ], [ -8232306.885800000280142, 4984524.178000003099442 ], [ -8232301.891200000420213, 4984532.211400002241135 ], [ -8232296.884999999776483, 4984540.263999998569489 ], [ -8232291.89670000039041, 4984547.976300001144409 ], [ -8232286.571599999442697, 4984555.873499996960163 ], [ -8232281.238900000229478, 4984563.781999997794628 ], [ -8232275.926899999380112, 4984571.3618 ], [ -8232270.33420000039041, 4984579.035400003194809 ], [ -8232264.74129999987781, 4984586.567400000989437 ], [ -8232258.864, 4984594.188400000333786 ], [ -8232253.052200000733137, 4984601.725000001490116 ], [ -8232247.02449999935925, 4984609.120399996638298 ], [ -8232240.9869, 4984616.527699999511242 ], [ -8232234.131400000303984, 4984624.510799996554852 ], [ -8232124.784600000828505, 4984769.132799997925758 ], [ -8232121.004699999466538, 4984773.571999996900558 ], [ -8232116.8893, 4984778.699000000953674 ], [ -8232112.777000000700355, 4984783.821800000965595 ], [ -8232108.682199999690056, 4984789.232299998402596 ], [ -8232104.6009, 4984794.783500000834465 ], [ -8232100.834699999541044, 4984800.21169999986887 ], [ -8232096.949100000783801, 4984805.647900000214577 ], [ -8232093.122300000861287, 4984811.336300000548363 ], [ -8232089.283900000154972, 4984817.176399998366833 ], [ -8232085.55379999987781, 4984823.028599999845028 ], [ -8232081.826500000432134, 4984829.030799999833107 ], [ -8232078.150900000706315, 4984835.140299998223782 ], [ -8232074.632999999448657, 4984841.288000002503395 ], [ -8232070.888900000602007, 4984847.671300001442432 ], [ -8232067.52140000090003, 4984854.268200002610683 ], [ -8231966.5033, 4985036.8783999979496 ], [ -8231963.382099999114871, 4985042.328000001609325 ], [ -8231960.192800000309944, 4985048.102799996733665 ], [ -8231957.145999999716878, 4985053.832000002264977 ], [ -8231954.044600000604987, 4985059.820600003004074 ], [ -8231951.092499999329448, 4985065.9054000005126 ], [ -8231948.254000000655651, 4985071.843800000846386 ], [ -8231945.518500000238419, 4985077.973099999129772 ], [ -8231942.912900000810623, 4985083.960500001907349 ], [ -8231940.1963, 4985090.203000001609325 ], [ -8231937.676400000229478, 4985096.545000001788139 ], [ -8231935.301699999719858, 4985102.67059999704361 ], [ -8231932.821399999782443, 4985109.0691 ], [ -8231930.610400000587106, 4985115.373499996960163 ], [ -8231928.258199999108911, 4985121.899800002574921 ], [ -8231926.22719999961555, 4985128.310699999332428 ], [ -8231791.880200000479817, 4985509.943099997937679 ] ] ] } },
{ "type": "Feature", "properties": { "id": 2000208.0, "name": "B-D", "objectid": 1146.0, "rt_symbol": "B", "url": "http://web.mta.info/nyct/service/", "Shape__Len": 957.29372496600001 }, "geometry": { "type": "MultiLineString", "coordinates": [ [ [ -8232598.7116, 4983622.314000003039837 ], [ -8232421.580600000917912, 4983942.650200001895428 ], [ -8232415.83420000039041, 4983951.848099999129772 ], [ -8232410.172800000756979, 4983961.929399996995926 ], [ -8232405.009099999442697, 4983972.162399999797344 ], [ -8232400.406600000336766, 4983982.403399996459484 ], [ -8232396.13230000063777, 4983992.729000002145767 ], [ -8232392.454299999400973, 4984003.095799997448921 ], [ -8232389.141799999400973, 4984013.469300001859665 ], [ -8232386.29839999973774, 4984024.249300003051758 ], [ -8232383.953500000759959, 4984034.847499996423721 ], [ -8232382.089600000530481, 4984045.681599996984005 ], [ -8232380.744799999520183, 4984056.503100000321865 ], [ -8232379.756100000813603, 4984067.443800002336502 ], [ -8232379.384999999776483, 4984078.39299999922514 ], [ -8232379.3849, 4984089.076300002634525 ], [ -8232379.6206, 4984099.664700001478195 ], [ -8232389.536399999633431, 4984304.720600001513958 ], [ -8232389.854299999773502, 4984313.263700000941753 ], [ -8232389.957599999383092, 4984321.183200001716614 ], [ -8232389.854699999094009, 4984329.070900000631809 ], [ -8232389.547700000926852, 4984336.778399996459484 ], [ -8232389.051100000739098, 4984343.996100001037121 ], [ -8232388.255999999120831, 4984351.085799999535084 ], [ -8232387.246099999174476, 4984358.290600001811981 ], [ -8232386.077199999243021, 4984364.983199998736382 ], [ -8232384.61570000089705, 4984371.547600001096725 ], [ -8232382.967399999499321, 4984377.953100003302097 ], [ -8232380.98450000025332, 4984384.371799997985363 ], [ -8232378.910700000822544, 4984390.634199999272823 ], [ -8232376.643899999558926, 4984396.499300003051758 ], [ -8232374.228499999269843, 4984402.02250000089407 ], [ -8232371.382999999448657, 4984407.661799997091293 ], [ -8232316.04109999909997, 4984508.328900001943111 ] ] ] } },
{ "type": "Feature", "properties": { "id": 2000051.0, "name": "5", "objectid": 1147.0, "rt_symbol": "4", "url": "http://web.mta.info/nyct/service/", "Shape__Len": 1182.5196438299999 }, "geometry": { "type": "MultiLineString", "coordinates": [ [ [ -8228495.988700000569224, 4985232.947400003671646 ], [ -8228375.167099999263883, 4985184.699699997901917 ], [ -8228352.55519999936223, 4985176.536399997770786 ], [ -8228325.337400000542402, 4985171.518200002610683 ], [ -8228284.030300000682473, 4985168.653999999165535 ], [ -8228251.905300000682473, 4985171.160800002515316 ], [ -8228224.910800000652671, 4985178.091700002551079 ], [ -8228193.033700000494719, 4985190.759199999272823 ], [ -8228163.659099999815226, 4985205.083400003612041 ], [ -8228150.2804000005126, 4985212.398100003600121 ], [ -8228138.836200000718236, 4985218.616499997675419 ], [ -8228109.112800000235438, 4985233.203900001943111 ], [ -8228088.146600000560284, 4985241.192800000309944 ], [ -8228069.0537, 4985244.921099998056889 ], [ -8228046.177300000563264, 4985246.4712999984622 ], [ -8228023.624800000339746, 4985244.860399998724461 ], [ -8227996.98369999974966, 4985241.855200000107288 ], [ -8227923.800499999895692, 4985232.024099998176098 ], [ -8227831.4583, 4985220.221199996769428 ], [ -8227752.308399999514222, 4985211.480999998748302 ], [ -8227706.135700000450015, 4985207.761100001633167 ], [ -8227664.873700000345707, 4985205.049999997019768 ], [ -8227632.9825, 4985205.049999997019768 ], [ -8227602.096400000154972, 4985204.305399999022484 ], [ -8227554.329900000244379, 4985205.833499997854233 ], [ -8227520.126000000163913, 4985210.130000002682209 ], [ -8227494.912699999287724, 4985216.536899998784065 ], [ -8227467.725999999791384, 4985224.989399999380112 ], [ -8227429.977600000798702, 4985244.322899997234344 ], [ -8227365.184499999508262, 4985291.9529 ] ] ] } },
{ "type": "Feature", "properties": { "id": 2000053.0, "name": "5", "objectid": 1148.0, "rt_symbol": "4", "url": "http://web.mta.info/nyct/service/", "Shape__Len": 678.12523430700003 }, "geometry": { "type": "MultiLineString", "coordinates": [ [ [ -8226693.851299999281764, 4985746.71169999986887 ], [ -8226133.469499999657273, 4986128.583499997854233 ] ] ] } },
{ "type": "Feature", "properties": { "id": 2000054.0, "name": "5", "objectid": 1149.0, "rt_symbol": "4", "url": "http://web.mta.info/nyct/service/", "Shape__Len": 494.52212779199999 }, "geometry": { "type": "MultiLineString", "coordinates": [ [ [ -8226133.476199999451637, 4986128.579000003635883 ], [ -8225724.7116, 4986406.901900000870228 ] ] ] } },
{ "type": "Feature", "properties": { "id": 2000056.0, "name": "5", "objectid": 1150.0, "rt_symbol": "4", "url": "http://web.mta.info/nyct/service/", "Shape__Len": 1158.68288396 }, "geometry": { "type": "MultiLineString", "coordinates": [ [ [ -8225580.773299999535084, 4987295.427400000393391 ], [ -8225579.022600000724196, 4987312.780500002205372 ], [ -8225577.005599999800324, 4987328.773299999535084 ], [ -8225573.121200000867248, 4987352.08330000191927 ], [ -8225563.631799999624491, 4987390.411200001835823 ], [ -8225553.804500000551343, 4987421.2753000035882 ], [ -8225538.618100000545382, 4987458.730700001120567 ], [ -8225524.464400000870228, 4987488.457400001585484 ], [ -8225174.277799999341369, 4988262.694600000977516 ], [ -8225160.247999999672174, 4988293.5033999979496 ], [ -8225146.369300000369549, 4988322.512599997222424 ], [ -8225131.939799999818206, 4988347.759099997580051 ], [ -8225125.299799999222159, 4988357.067500002682209 ] ] ] } },
{ "type": "Feature", "properties": { "id": 2000062.0, "name": "5", "objectid": 1151.0, "rt_symbol": "4", "url": "http://web.mta.info/nyct/service/", "Shape__Len": 1217.61760319 }, "geometry": { "type": "MultiLineString", "coordinates": [ [ [ -8222881.150100000202656, 4991299.647299997508526 ], [ -8222851.869899999350309, 4992516.912799999117851 ] ] ] } },
{ "type": "Feature", "properties": { "id": 2000059.0, "name": "5", "objectid": 1152.0, "rt_symbol": "4", "url": "http://web.mta.info/nyct/service/", "Shape__Len": 741.79131681800004 }, "geometry": { "type": "MultiLineString", "coordinates": [ [ [ -8223541.574500000104308, 4989032.213100001215935 ], [ -8223352.596200000494719, 4989231.702100001275539 ], [ -8223307.237500000745058, 4989279.100599996745586 ], [ -8223265.782299999147654, 4989331.166599996387959 ], [ -8223245.602, 4989360.962899997830391 ], [ -8223228.898700000718236, 4989391.243699997663498 ], [ -8223214.7862, 4989424.201399996876717 ], [ -8223200.510900000110269, 4989463.7533999979496 ], [ -8223163.768699999898672, 4989575.6554000005126 ], [ -8223142.499199999496341, 4989640.868299998342991 ] ] ] } },
{ "type": "Feature", "properties": { "id": 2000058.0, "name": "5", "objectid": 1153.0, "rt_symbol": "4", "url": "http://web.mta.info/nyct/service/", "Shape__Len": 861.41109527599997 }, "geometry": { "type": "MultiLineString", "coordinates": [ [ [ -8224271.927899999544024, 4988796.942900002002716 ], [ -8224254.243599999696016, 4988815.643100000917912 ], [ -8224234.95409999974072, 4988841.603799998760223 ], [ -8224185.07740000076592, 4988910.016999997198582 ], [ -8224175.48619999922812, 4988921.755800001323223 ], [ -8224168.771500000730157, 4988926.597000002861023 ], [ -8224160.455700000748038, 4988930.594099998474121 ], [ -8224149.9232, 4988933.439599998295307 ], [ -8224140.990299999713898, 4988933.826700001955032 ], [ -8224132.67879999987781, 4988932.809399999678135 ], [ -8224127.429500000551343, 4988931.373800002038479 ], [ -8224119.871400000527501, 4988927.220399998128414 ], [ -8224097.228399999439716, 4988915.1897 ], [ -8224076.0965, 4988903.405500002205372 ], [ -8224048.170499999076128, 4988887.736599996685982 ], [ -8224031.206900000572205, 4988879.612000003457069 ], [ -8224010.183000000193715, 4988871.601999998092651 ], [ -8223992.035000000149012, 4988866.770999997854233 ], [ -8223972.234400000423193, 4988863.1266999989748 ], [ -8223952.204, 4988861.655799999833107 ], [ -8223931.2675, 4988861.328299999237061 ], [ -8223904.612299999222159, 4988864.088600002229214 ], [ -8223868.54450000077486, 4988871.14019999653101 ], [ -8223691.46000000089407, 4988911.809900000691414 ], [ -8223667.554999999701977, 4988919.832500003278255 ], [ -8223653.02309999987483, 4988926.632100000977516 ], [ -8223639.046499999240041, 4988934.314599998295307 ], [ -8223623.857200000435114, 4988946.995399996638298 ], [ -8223611.07880000025034, 4988959.424199998378754 ], [ -8223541.641000000759959, 4989032.143200002610683 ] ] ] } },
{ "type": "Feature", "properties": { "id": 2000233.0, "name": "A-C", "objectid": 1154.0, "rt_symbol": "A", "url": "http://web.mta.info/nyct/service/", "Shape__Len": 2616.0352576199998 }, "geometry": { "type": "MultiLineString", "coordinates": [ [ [ -8236588.234400000423193, 4968094.531199999153614 ], [ -8236674.3958, 4968099.082900002598763 ], [ -8236687.531400000676513, 4968100.110799998044968 ], [ -8236700.444499999284744, 4968101.138700000941753 ], [ -8236713.246200000867248, 4968102.46000000089407 ], [ -8236725.936699999496341, 4968104.075300000607967 ], [ -8236738.404400000348687, 4968105.837200000882149 ], [ -8236750.760900000110269, 4968107.892700001597404 ], [ -8236763.005999999120831, 4968110.241999998688698 ], [ -8236775.028400000184774, 4968112.738399997353554 ], [ -8236786.9397, 4968115.528099998831749 ], [ -8236798.739700000733137, 4968118.464900001883507 ], [ -8236810.428099999204278, 4968121.841899998486042 ], [ -8236821.893999999389052, 4968125.219099998474121 ], [ -8236833.248700000345707, 4968129.036799997091293 ], [ -8236844.492000000551343, 4968133.001000002026558 ], [ -8236855.401100000366569, 4968137.406199999153614 ], [ -8237219.972500000149012, 4968271.024899996817112 ], [ -8237266.392799999564886, 4968291.141199998557568 ], [ -8237311.699699999764562, 4968312.726000003516674 ], [ -8237355.337099999189377, 4968335.485500000417233 ], [ -8237397.415899999439716, 4968359.419600002467632 ], [ -8237437.713500000536442, 4968384.5287000015378 ], [ -8237476.341199999675155, 4968410.812399998307228 ], [ -8237513.2993, 4968438.41780000180006 ], [ -8237548.698999999091029, 4968467.197800002992153 ], [ -8237582.317600000649691, 4968497.152800001204014 ], [ -8237614.377599999308586, 4968528.282300002872944 ], [ -8237644.656400000676513, 4968560.586999997496605 ], [ -8237673.376800000667572, 4968594.213299997150898 ], [ -8237700.427500000223517, 4968628.867499999701977 ], [ -8237725.697000000625849, 4968664.843299999833107 ], [ -8237749.853199999779463, 4968701.846900001168251 ], [ -8238181.661599999293685, 4969434.318099997937679 ], [ -8238187.11629999987781, 4969443.716600000858307 ], [ -8238193.01630000025034, 4969453.115000002086163 ], [ -8238199.13880000077188, 4969462.219999998807907 ], [ -8238205.706499999389052, 4969471.178000003099442 ], [ -8238212.496999999508262, 4969479.842399999499321 ], [ -8238219.732899999246001, 4969488.5066 ], [ -8238227.191400000825524, 4969496.730400003492832 ], [ -8238235.094900000840425, 4969504.807300001382828 ], [ -8238243.221300000324845, 4969512.737400002777576 ], [ -8238251.792999999597669, 4969520.52080000191927 ], [ -8238260.587200000882149, 4969528.010200001299381 ], [ -8238269.8267, 4969535.206200003623962 ], [ -8238279.288799999281764, 4969542.401799999177456 ], [ -8238289.1963, 4969549.304099999368191 ], [ -8238299.10359999909997, 4969555.61879999935627 ], [ -8238498.477, 4969689.256700001657009 ] ] ] } },
{ "type": "Feature", "properties": { "id": 2000452.0, "name": "B", "objectid": 1155.0, "rt_symbol": "B", "url": "http://web.mta.info/nyct/service/", "Shape__Len": 2472.8178324400001 }, "geometry": { "type": "MultiLineString", "coordinates": [ [ [ -8233439.5625, 4962557.154899999499321 ], [ -8233455.815300000831485, 4962694.659699998795986 ], [ -8233457.596400000154972, 4962708.013999998569489 ], [ -8233459.71169999986887, 4962721.368299998342991 ], [ -8233462.271800000220537, 4962734.575900003314018 ], [ -8233465.05489999987185, 4962747.783699996769428 ], [ -8233468.060399999842048, 4962760.9912 ], [ -8233471.511299999430776, 4962774.052299998700619 ], [ -8233475.184900000691414, 4962787.113200001418591 ], [ -8233479.0811, 4962800.027300000190735 ], [ -8233483.42259999923408, 4962812.941500000655651 ], [ -8233487.986500000581145, 4962825.855999998748302 ], [ -8233492.773499999195337, 4962838.623499996960163 ], [ -8233498.0055, 4962851.390900000929832 ], [ -8233503.459899999201298, 4962864.011600002646446 ], [ -8233509.248700000345707, 4962876.632600001990795 ], [ -8233515.371300000697374, 4962889.106700003147125 ], [ -8234581.343299999833107, 4964733.196999996900558 ] ] ] } },
{ "type": "Feature", "properties": { "id": 2000100.0, "name": "2", "objectid": 1156.0, "rt_symbol": "1", "url": "http://web.mta.info/nyct/service/", "Shape__Len": 756.24906304499996 }, "geometry": { "type": "MultiLineString", "coordinates": [ [ [ -8232170.965700000524521, 4962722.6891999989748 ], [ -8232183.9901, 4962896.590999998152256 ], [ -8232184.769500000402331, 4962905.689900003373623 ], [ -8232185.437300000339746, 4962915.082099996507168 ], [ -8232185.994000000879169, 4962924.914499998092651 ], [ -8232186.438999999314547, 4962935.040700003504753 ], [ -8232186.661699999123812, 4962945.460500001907349 ], [ -8232186.773, 4962956.173500001430511 ], [ -8232186.773199999704957, 4962967.32660000026226 ], [ -8232186.550499999895692, 4962978.773800000548363 ], [ -8232186.216499999165535, 4962990.660700000822544 ], [ -8232185.771199999377131, 4963002.694899998605251 ], [ -8232185.214600000530481, 4963015.168999999761581 ], [ -8232184.435399999842048, 4963028.083599999547005 ], [ -8232183.545, 4963041.144799999892712 ], [ -8232182.542999999597669, 4963054.646499998867512 ], [ -8232181.2072, 4963068.441600002348423 ], [ -8232152.375399999320507, 4963477.167099997401237 ] ] ] } },
{ "type": "Feature", "properties": { "id": 2000088.0, "name": "2-3", "objectid": 1157.0, "rt_symbol": "1", "url": "http://web.mta.info/nyct/service/", "Shape__Len": 726.94009578600003 }, "geometry": { "type": "MultiLineString", "coordinates": [ [ [ -8232266.255200000479817, 4963776.420900002121925 ], [ -8232600.993000000715256, 4963800.050399996340275 ], [ -8232631.049200000241399, 4963801.958599999547005 ], [ -8232661.662100000306964, 4963805.187299996614456 ], [ -8232693.276900000870228, 4963810.911300003528595 ], [ -8232724.557600000873208, 4963818.396499998867512 ], [ -8232981.482899999246001, 4963887.964800000190735 ] ] ] } },
{ "type": "Feature", "properties": { "id": 2000455.0, "name": "B", "objectid": 1158.0, "rt_symbol": "B", "url": "http://web.mta.info/nyct/service/", "Shape__Len": 973.03531444800001 }, "geometry": { "type": "MultiLineString", "coordinates": [ [ [ -8233689.586400000378489, 4959977.208599999547005 ], [ -8233691.812599999830127, 4959995.693899996578693 ], [ -8233693.816400000825524, 4960014.032600000500679 ], [ -8233695.374900000169873, 4960032.3716000020504 ], [ -8233696.487999999895692, 4960050.563699997961521 ], [ -8233697.267400000244379, 4960068.609399996697903 ], [ -8233697.601399999111891, 4960086.654700003564358 ], [ -8233697.489900000393391, 4960104.700599998235703 ], [ -8233696.933299999684095, 4960122.599399998784065 ], [ -8233696.042700000107288, 4960140.4983000010252 ], [ -8233694.707000000402331, 4960158.250500001013279 ], [ -8233692.925699999555945, 4960176.002700001001358 ], [ -8233690.699300000444055, 4960193.608599998056889 ], [ -8233688.13910000026226, 4960211.214100003242493 ], [ -8233685.133400000631809, 4960228.819799996912479 ], [ -8233681.682600000873208, 4960246.425200000405312 ], [ -8233521.49379999935627, 4960930.284599997103214 ] ] ] } },
{ "type": "Feature", "properties": { "id": 2000403.0, "name": "F", "objectid": 1159.0, "rt_symbol": "B", "url": "http://web.mta.info/nyct/service/", "Shape__Len": 1162.82992924 }, "geometry": { "type": "MultiLineString", "coordinates": [ [ [ -8235212.436799999326468, 4958816.505500003695488 ], [ -8235221.008500000461936, 4958876.209799997508526 ], [ -8235222.455600000917912, 4958886.478200003504753 ], [ -8235224.125499999150634, 4958897.186999998986721 ], [ -8235226.017799999564886, 4958908.335600003600121 ], [ -8235228.021600000560284, 4958919.924800001084805 ], [ -8235230.136600000783801, 4958931.953699998557568 ], [ -8235232.363199999555945, 4958944.422799997031689 ], [ -8235234.812000000849366, 4958957.331699997186661 ], [ -8235237.372600000351667, 4958970.681100003421307 ], [ -8235240.044199999421835, 4958984.470299996435642 ], [ -8235242.827099999412894, 4958998.69990000128746 ], [ -8235245.721200000494719, 4959013.516199998557568 ], [ -8235248.838400000706315, 4959028.625900000333786 ], [ -8235252.066500000655651, 4959044.175499998033047 ], [ -8235255.406199999153614, 4959060.312299996614456 ], [ -8235259.079700000584126, 4959076.595399998128414 ], [ -8235260.6382, 4959084.37049999833107 ], [ -8235262.196699999272823, 4959091.998700000345707 ], [ -8235263.643799999728799, 4959099.773599997162819 ], [ -8235265.091, 4959107.255199998617172 ], [ -8235266.426699999719858, 4959114.883299998939037 ], [ -8235267.8739, 4959122.218400001525879 ], [ -8235269.098500000312924, 4959129.69990000128746 ], [ -8235270.434299999848008, 4959137.034699998795986 ], [ -8235271.658800000324845, 4959144.369699999690056 ], [ -8235272.771999999880791, 4959151.557800002396107 ], [ -8235273.885299999266863, 4959158.746100001037121 ], [ -8235274.998400000855327, 4959165.787600003182888 ], [ -8235276.00029999949038, 4959172.829099997878075 ], [ -8235277.002299999818206, 4959179.87049999833107 ], [ -8235278.004000000655651, 4959186.7654 ], [ -8235310.843100000172853, 4959413.123700000345707 ], [ -8235311.733999999240041, 4959418.551700003445148 ], [ -8235312.624500000849366, 4959424.126299999654293 ], [ -8235313.403699999675155, 4959429.701099999248981 ], [ -8235314.182900000363588, 4959435.5691 ], [ -8235314.96199999935925, 4959441.437100000679493 ], [ -8235315.74129999987781, 4959447.451999999582767 ], [ -8235316.409399999305606, 4959453.46679999679327 ], [ -8235317.077099999412894, 4959459.628300003707409 ], [ -8235317.744999999180436, 4959465.93639999628067 ], [ -8235318.301699999719858, 4959472.391400001943111 ], [ -8235318.9695999994874, 4959478.8462999984622 ], [ -8235319.526200000196695, 4959485.447999998927116 ], [ -8235319.9715, 4959492.1963 ], [ -8235320.528100000694394, 4959499.091399997472763 ], [ -8235320.973400000482798, 4959505.986299999058247 ], [ -8235327.318600000813603, 4959586.67339999973774 ], [ -8235327.76380000077188, 4959593.568499997258186 ], [ -8235328.32039999961853, 4959600.463799998164177 ], [ -8235328.877000000327826, 4959607.358800001442432 ], [ -8235329.5449, 4959614.400600001215935 ], [ -8235330.212899999693036, 4959621.589199997484684 ], [ -8235330.880799999460578, 4959628.777800001204014 ], [ -8235331.6601, 4959635.966300003230572 ], [ -8235332.550499999895692, 4959643.3015 ], [ -8235333.441099999472499, 4959650.783500000834465 ], [ -8235334.331700000911951, 4959658.265600003302097 ], [ -8235335.333599999547005, 4959665.747500002384186 ], [ -8235336.3355, 4959673.376199997961521 ], [ -8235337.337300000712276, 4959681.151500001549721 ], [ -8235338.450500000268221, 4959688.927100002765656 ], [ -8235339.563799999654293, 4959696.848999999463558 ], [ -8235391.316600000485778, 4959964.586800001561642 ] ] ] } },
{ "type": "Feature", "properties": { "id": 0.0, "name": "Q", "objectid": 1666.0, "rt_symbol": "N", "url": "http://web.mta.info/nyct/service/", "Shape__Len": 819.32985581499997 }, "geometry": { "type": "MultiLineString", "coordinates": [ [ [ -8234423.213400000706315, 4978021.579999998211861 ], [ -8234244.779400000348687, 4977922.292700000107288 ], [ -8234077.159099999815226, 4977829.015600003302097 ], [ -8234052.917600000277162, 4977815.528599999845028 ], [ -8233885.70299999974668, 4977722.486100003123283 ], [ -8233707.236400000751019, 4977623.235500000417233 ] ] ] } },
{ "type": "Feature", "properties": { "id": 2000190.0, "name": "A-C-E", "objectid": 1160.0, "rt_symbol": "A", "url": "http://web.mta.info/nyct/service/", "Shape__Len": 472.703310413 }, "geometry": { "type": "MultiLineString", "coordinates": [ [ [ -8238058.542400000616908, 4972043.640799999237061 ], [ -8237945.107699999585748, 4972389.722999997437 ], [ -8237943.437899999320507, 4972395.305200003087521 ], [ -8237941.656600000336766, 4972401.1809 ], [ -8237939.875700000673532, 4972407.203699998557568 ], [ -8237937.871999999508262, 4972413.3733000010252 ], [ -8237935.868300000205636, 4972419.689999997615814 ], [ -8237933.641799999400973, 4972426.153499998152256 ], [ -8237931.415400000289083, 4972432.763800002634525 ], [ -8237928.966299999505281, 4972439.521099999547005 ], [ -8237926.406099999323487, 4972446.57209999859333 ], [ -8237923.84569999948144, 4972453.770099997520447 ], [ -8237921.06279999949038, 4972460.968199998140335 ], [ -8237918.168500000610948, 4972468.459799997508526 ], [ -8237915.2741, 4972476.098499998450279 ], [ -8237912.1570999994874, 4972484.031000003218651 ], [ -8237908.928899999707937, 4972491.963500000536442 ] ] ] } },
{ "type": "Feature", "properties": { "id": 2000008.0, "name": "1-2-3", "objectid": 1161.0, "rt_symbol": "1", "url": "http://web.mta.info/nyct/service/", "Shape__Len": 799.21057477 }, "geometry": { "type": "MultiLineString", "coordinates": [ [ [ -8238341.07120000012219, 4971548.189000003039837 ], [ -8238239.770500000566244, 4972340.953599996864796 ] ] ] } },
{ "type": "Feature", "properties": { "id": 2000434.0, "name": "N-Q-R-W", "objectid": 1162.0, "rt_symbol": "N", "url": "http://web.mta.info/nyct/service/", "Shape__Len": 1046.63950645 }, "geometry": { "type": "MultiLineString", "coordinates": [ [ [ -8237386.5066, 4971764.844999998807907 ], [ -8236821.782800000160933, 4972646.0608000010252 ] ] ] } },
{ "type": "Feature", "properties": { "id": 2000115.0, "name": "4-5-6", "objectid": 1163.0, "rt_symbol": "4", "url": "http://web.mta.info/nyct/service/", "Shape__Len": 730.332417502 }, "geometry": { "type": "MultiLineString", "coordinates": [ [ [ -8237047.761399999260902, 4971997.810999996960163 ], [ -8237015.879499999806285, 4972054.32379999756813 ], [ -8236932.323000000789762, 4972202.431800000369549 ], [ -8236722.81980000063777, 4972526.4846 ], [ -8236718.923599999397993, 4972532.507600001990795 ], [ -8236714.915899999439716, 4972538.383400000631809 ], [ -8236710.686000000685453, 4972544.11259999871254 ], [ -8236706.3445999994874, 4972549.841600000858307 ], [ -8236701.780300000682473, 4972555.423799999058247 ], [ -8236697.104800000786781, 4972560.858900003135204 ], [ -8236692.318199999630451, 4972566.294200003147125 ], [ -8236687.420199999585748, 4972571.582500003278255 ], [ -8236682.2994, 4972576.72410000115633 ], [ -8236676.956199999898672, 4972581.865699999034405 ], [ -8236671.612800000235438, 4972586.860200002789497 ], [ -8236665.935399999842048, 4972591.707900002598763 ], [ -8236660.258300000801682, 4972596.555500000715256 ], [ -8236654.358200000599027, 4972601.25620000064373 ], [ -8236648.2358, 4972605.810099996626377 ] ] ] } },
{ "type": "Feature", "properties": { "id": 2000333.0, "name": "B-D-F-M", "objectid": 1164.0, "rt_symbol": "B", "url": "http://web.mta.info/nyct/service/", "Shape__Len": 438.33169800500002 }, "geometry": { "type": "MultiLineString", "coordinates": [ [ [ -8236812.988399999216199, 4971743.693499997258186 ], [ -8237219.749900000169873, 4971907.032899998128414 ] ] ] } },
{ "type": "Feature", "properties": { "id": 2000013.0, "name": "1-2-3", "objectid": 1165.0, "rt_symbol": "1", "url": "http://web.mta.info/nyct/service/", "Shape__Len": 526.45153584399998 }, "geometry": { "type": "MultiLineString", "coordinates": [ [ [ -8237158.858200000599027, 4974666.590300001204014 ], [ -8236903.713899999856949, 4975127.082000002264977 ] ] ] } },
{ "type": "Feature", "properties": { "id": 2000193.0, "name": "A-C-E", "objectid": 1166.0, "rt_symbol": "A", "url": "http://web.mta.info/nyct/service/", "Shape__Len": 1207.61367262 }, "geometry": { "type": "MultiLineString", "coordinates": [ [ [ -8237617.494599999859929, 4973086.184199996292591 ], [ -8237612.930299999192357, 4973096.026900000870228 ], [ -8237609.145500000566244, 4973106.016800001263618 ], [ -8237606.0285, 4973116.006300002336502 ], [ -8237603.579600000753999, 4973126.14299999922514 ], [ -8237601.798499999567866, 4973136.426399998366833 ], [ -8237600.685100000351667, 4973146.710100002586842 ], [ -8237600.128599999472499, 4973157.140500001609325 ], [ -8237600.240000000223517, 4973167.570900000631809 ], [ -8237601.019300000742078, 4973178.001500003039837 ], [ -8237602.466099999845028, 4973188.578900001943111 ], [ -8237604.470000000670552, 4973199.303300000727177 ], [ -8237607.253100000321865, 4973210.027500003576279 ], [ -8237610.592599999159575, 4973220.751900002360344 ], [ -8237614.488900000229478, 4973231.623199999332428 ], [ -8237619.164300000295043, 4973242.64130000025034 ], [ -8237913.159, 4973891.708499997854233 ], [ -8237918.057099999859929, 4973903.168099999427795 ], [ -8237922.175899999216199, 4973914.774599999189377 ], [ -8237925.51549999974668, 4973926.38120000064373 ], [ -8237928.075799999758601, 4973937.840999998152256 ], [ -8237929.856899999082088, 4973949.447599999606609 ], [ -8237930.858899999409914, 4973960.907399997115135 ], [ -8237931.081499999389052, 4973972.367200002074242 ], [ -8237930.636199999600649, 4973983.826999999582767 ], [ -8237929.3004, 4973995.286799997091293 ], [ -8237927.296700000762939, 4974006.599799998104572 ], [ -8237924.513599999248981, 4974017.912600003182888 ], [ -8237920.840199999511242, 4974029.372400000691414 ], [ -8237916.49860000051558, 4974040.685500003397465 ], [ -8237911.377900000661612, 4974051.851499997079372 ], [ -8237905.366699999198318, 4974063.164300002157688 ], [ -8237830.448599999770522, 4974198.186499997973442 ] ] ] } },
{ "type": "Feature", "properties": { "id": 2000011.0, "name": "1-2-3", "objectid": 1167.0, "rt_symbol": "1", "url": "http://web.mta.info/nyct/service/", "Shape__Len": 538.74864344399998 }, "geometry": { "type": "MultiLineString", "coordinates": [ [ [ -8237664.69400000013411, 4973747.581900000572205 ], [ -8237405.319399999454618, 4974219.784100003540516 ] ] ] } },
{ "type": "Feature", "properties": { "id": 2000113.0, "name": "4-5-6", "objectid": 1168.0, "rt_symbol": "4", "url": "http://web.mta.info/nyct/service/", "Shape__Len": 616.13519310499998 }, "geometry": { "type": "MultiLineString", "coordinates": [ [ [ -8237663.803300000727177, 4970953.180799998342991 ], [ -8237536.45380000025034, 4971137.069899998605251 ], [ -8237339.084499999880791, 4971441.111299999058247 ], [ -8237337.748500000685453, 4971443.020900003612041 ], [ -8237336.524000000208616, 4971444.930200003087521 ], [ -8237335.188200000673532, 4971446.692800000309944 ], [ -8237334.075099999085069, 4971448.602300003170967 ], [ -8237332.85050000064075, 4971450.364900000393391 ], [ -8237331.737299999222159, 4971452.274499997496605 ], [ -8237330.735400000587106, 4971454.037000000476837 ], [ -8237329.622300000861287, 4971455.799599997699261 ], [ -8237328.731699999421835, 4971457.562200002372265 ], [ -8237327.729699999094009, 4971459.324799999594688 ], [ -8237326.839299999177456, 4971461.087300002574921 ], [ -8237325.948599999770522, 4971462.850000001490116 ], [ -8237325.16950000077486, 4971464.612499997019768 ], [ -8237324.05629999935627, 4971466.9628000035882 ] ] ] } },
{ "type": "Feature", "properties": { "id": 2000332.0, "name": "B-D", "objectid": 1169.0, "rt_symbol": "B", "url": "http://web.mta.info/nyct/service/", "Shape__Len": 947.80952628600005 }, "geometry": { "type": "MultiLineString", "coordinates": [ [ [ -8236946.905799999833107, 4970874.45610000193119 ], [ -8236754.545800000429153, 4971372.076899997889996 ], [ -8236752.875800000503659, 4971376.336499996483326 ], [ -8236751.206299999728799, 4971380.596100002527237 ], [ -8236749.64780000038445, 4971384.855599999427795 ], [ -8236748.089299999177456, 4971388.968400001525879 ], [ -8236746.642100000753999, 4971393.227700002491474 ], [ -8236745.30629999935627, 4971397.340599998831749 ], [ -8236744.081800000742078, 4971401.600100003182888 ], [ -8236742.857200000435114, 4971405.712700001895428 ], [ -8236741.6327, 4971409.825599998235703 ], [ -8236740.630899999290705, 4971414.085100002586842 ], [ -8236739.629000000655651, 4971418.197700001299381 ], [ -8236738.738299999386072, 4971422.310500003397465 ], [ -8236737.847799999639392, 4971426.276299998164177 ], [ -8236737.068499999120831, 4971430.388999998569489 ], [ -8236736.2895, 4971434.5016999989748 ], [ -8236719.368699999526143, 4971557.589699998497963 ], [ -8236717.587600000202656, 4971574.922200001776218 ], [ -8236716.9199, 4971591.226199999451637 ], [ -8236717.3651, 4971606.795999996364117 ], [ -8236719.035000000149012, 4971621.778300002217293 ], [ -8236721.817900000140071, 4971636.172899998724461 ], [ -8236725.825300000607967, 4971649.833400003612041 ], [ -8236730.834899999201298, 4971662.906099997460842 ], [ -8236737.068600000813603, 4971675.39130000025034 ], [ -8236744.527000000700355, 4971687.142200000584126 ], [ -8236752.987400000914931, 4971698.158699996769428 ], [ -8236762.67200000025332, 4971708.587600000202656 ], [ -8236773.581299999728799, 4971718.428900003433228 ], [ -8236785.603900000452995, 4971727.535899996757507 ], [ -8236798.73960000090301, 4971736.055500000715256 ], [ -8236812.988399999216199, 4971743.693499997258186 ] ] ] } },
{ "type": "Feature", "properties": { "id": 2000435.0, "name": "N-Q-R-W", "objectid": 1170.0, "rt_symbol": "N", "url": "http://web.mta.info/nyct/service/", "Shape__Len": 767.86855164500003 }, "geometry": { "type": "MultiLineString", "coordinates": [ [ [ -8237801.394300000742078, 4971118.710100002586842 ], [ -8237386.5066, 4971764.844999998807907 ] ] ] } },
{ "type": "Feature", "properties": { "id": 2000334.0, "name": "B-D-F-M", "objectid": 1171.0, "rt_symbol": "B", "url": "http://web.mta.info/nyct/service/", "Shape__Len": 967.8452243 }, "geometry": { "type": "MultiLineString", "coordinates": [ [ [ -8237219.749900000169873, 4971907.032899998128414 ], [ -8237268.396600000560284, 4971927.59740000218153 ], [ -8237280.530300000682473, 4971933.179399996995926 ], [ -8237292.552799999713898, 4971938.761200003325939 ], [ -8237304.352900000289083, 4971944.489699997007847 ], [ -8237316.041400000452995, 4971950.218500003218651 ], [ -8237327.507099999114871, 4971956.094200000166893 ], [ -8237338.750399999320507, 4971961.822999998927116 ], [ -8237349.882500000298023, 4971967.845299996435642 ], [ -8237360.7917, 4971973.720899999141693 ], [ -8237371.589800000190735, 4971979.743500001728535 ], [ -8237382.16499999910593, 4971985.912799999117851 ], [ -8237392.517699999734759, 4971992.08219999819994 ], [ -8237402.75929999910295, 4971998.251800000667572 ], [ -8237412.778100000694394, 4972004.567900002002716 ], [ -8237422.6853, 4972010.884199999272823 ], [ -8237432.370100000873208, 4972017.2007 ], [ -8237853.937000000849366, 4972291.302799999713898 ], [ -8237867.072799999266863, 4972299.675899997353554 ], [ -8237878.983899999409914, 4972308.783299997448921 ], [ -8237889.448100000619888, 4972318.625399999320507 ], [ -8237898.4649, 4972329.054999999701977 ], [ -8237906.257200000807643, 4972340.365900002419949 ], [ -8237912.602399999275804, 4972352.264399997889996 ], [ -8237917.6119, 4972364.897600002586842 ], [ -8237921.285399999469519, 4972378.265100002288818 ], [ -8237922.333799999207258, 4972389.67790000140667 ], [ -8237919.10190000012517, 4972403.156499996781349 ], [ -8237913.880899999290705, 4972416.884700000286102 ], [ -8237909.1570999994874, 4972428.865500003099442 ], [ -8237903.190199999138713, 4972443.592299997806549 ], [ -8237894.985500000417233, 4972462.811800003051758 ], [ -8237886.780999999493361, 4972483.27929999679327 ] ] ] } },
{ "type": "Feature", "properties": { "id": 2000189.0, "name": "A-C-E", "objectid": 1172.0, "rt_symbol": "A", "url": "http://web.mta.info/nyct/service/", "Shape__Len": 819.26222601799998 }, "geometry": { "type": "MultiLineString", "coordinates": [ [ [ -8238224.408299999311566, 4971250.019299998879433 ], [ -8238231.644099999219179, 4971387.205799996852875 ], [ -8238232.2007, 4971396.899800002574921 ], [ -8238232.534700000658631, 4971406.447300001978874 ], [ -8238232.75730000063777, 4971415.847800001502037 ], [ -8238232.757200000807643, 4971425.101099997758865 ], [ -8238232.534700000658631, 4971434.207800000905991 ], [ -8238232.2007, 4971443.3147 ], [ -8238231.5329, 4971452.274400003254414 ], [ -8238230.753599999472499, 4971461.087300002574921 ], [ -8238229.863099999725819, 4971469.7533999979496 ], [ -8238228.638599999248981, 4971478.41950000077486 ], [ -8238227.3026, 4971486.791900001466274 ], [ -8238225.744200000539422, 4971495.164300002157688 ], [ -8238223.962899999693036, 4971503.389700002968311 ], [ -8238222.070699999108911, 4971511.615299999713898 ], [ -8238219.955399999395013, 4971519.546800002455711 ], [ -8238058.542400000616908, 4972043.640799999237061 ] ] ] } },
{ "type": "Feature", "properties": { "id": 2000239.0, "name": "A-C", "objectid": 1173.0, "rt_symbol": "A", "url": "http://web.mta.info/nyct/service/", "Shape__Len": 967.96898030800003 }, "geometry": { "type": "MultiLineString", "coordinates": [ [ [ -8235972.637700000777841, 4966501.093299999833107 ], [ -8235866.772900000214577, 4966446.480700001120567 ], [ -8235858.535299999639392, 4966442.370200000703335 ], [ -8235850.18610000051558, 4966438.259499996900558 ], [ -8235841.948599999770522, 4966434.295800000429153 ], [ -8235833.599700000137091, 4966430.331900000572205 ], [ -8235825.361999999731779, 4966426.368299998342991 ], [ -8235817.013000000268221, 4966422.40429999679327 ], [ -8235808.664000000804663, 4966418.587399996817112 ], [ -8235800.426300000399351, 4966414.770400002598763 ], [ -8235792.077500000596046, 4966410.953500002622604 ], [ -8235783.728499999269843, 4966407.283299997448921 ], [ -8235775.379599999636412, 4966403.613200001418591 ], [ -8235767.141799999400973, 4966399.942900002002716 ], [ -8235758.792899999767542, 4966396.419600002467632 ], [ -8235750.44400000013411, 4966392.896300002932549 ], [ -8235742.094900000840425, 4966389.372900001704693 ], [ -8235734.191299999132752, 4966385.996299996972084 ], [ -8235726.399000000208616, 4966382.472900003194809 ], [ -8235718.495300000533462, 4966379.096500001847744 ], [ -8235710.70299999974668, 4966375.573100000619888 ], [ -8235702.910599999129772, 4966371.902999997138977 ], [ -8235695.118100000545382, 4966368.379799999296665 ], [ -8235687.325799999758601, 4966364.709499999880791 ], [ -8235679.533500000834465, 4966361.186200000345707 ], [ -8235671.85219999961555, 4966357.369199998676777 ], [ -8235664.060100000351667, 4966353.699100002646446 ], [ -8235656.379000000655651, 4966350.0287000015378 ], [ -8235648.698000000789762, 4966346.211900003254414 ], [ -8235641.017000000923872, 4966342.394900001585484 ], [ -8235633.335899999365211, 4966338.431199997663498 ], [ -8235625.543299999088049, 4966334.614200003445148 ], [ -8235561.312100000679493, 4966304.372400000691414 ], [ -8235556.859400000423193, 4966302.170299999415874 ], [ -8235552.51799999922514, 4966299.968099996447563 ], [ -8235548.1765, 4966297.912900000810623 ], [ -8235543.83500000089407, 4966295.857500001788139 ], [ -8235539.49349999986589, 4966293.949299998581409 ], [ -8235535.263499999418855, 4966292.040799997746944 ], [ -8235531.03319999948144, 4966290.279100000858307 ], [ -8235526.803099999204278, 4966288.517399996519089 ], [ -8235522.573000000789762, 4966286.90259999781847 ], [ -8235518.454, 4966285.287799999117851 ], [ -8235514.335200000554323, 4966283.819499999284744 ], [ -8235510.216499999165535, 4966282.4983000010252 ], [ -8235506.0976, 4966281.177199997007847 ], [ -8235502.089999999850988, 4966279.855899997055531 ], [ -8235498.082599999383092, 4966278.681500002741814 ], [ -8235453.3322, 4966261.358599998056889 ], [ -8235442.200300000607967, 4966257.248099997639656 ], [ -8235430.845799999311566, 4966253.8716000020504 ], [ -8235419.268400000408292, 4966250.788699999451637 ], [ -8235407.468599999323487, 4966248.292999997735023 ], [ -8235395.446000000461936, 4966246.090899996459484 ], [ -8235383.200999999418855, 4966244.329099997878075 ], [ -8235370.733200000599027, 4966243.008100003004074 ], [ -8235358.0428, 4966242.1272 ], [ -8235345.018300000578165, 4966241.833599999547005 ], [ -8235331.88260000012815, 4966241.833499997854233 ], [ -8235318.41300000064075, 4966242.273900002241135 ], [ -8235304.832100000232458, 4966243.008000001311302 ], [ -8235290.917199999094009, 4966244.329300001263618 ], [ -8235276.890799999237061, 4966246.090899996459484 ], [ -8235262.419199999421835, 4966248.292999997735023 ], [ -8235062.823599999770522, 4966278.975000001490116 ] ] ] } },
{ "type": "Feature", "properties": { "id": 2000448.0, "name": "B-D", "objectid": 1174.0, "rt_symbol": "B", "url": "http://web.mta.info/nyct/service/", "Shape__Len": 527.36801449500001 }, "geometry": { "type": "MultiLineString", "coordinates": [ [ [ -8235672.409099999815226, 4966952.538599997758865 ], [ -8235598.160199999809265, 4966742.318400003015995 ], [ -8235570.118200000375509, 4966691.4243 ], [ -8235537.647099999710917, 4966640.035199999809265 ], [ -8235503.207000000402331, 4966593.586499996483326 ], [ -8235459.9079, 4966548.618000000715256 ], [ -8235410.023800000548363, 4966506.518500000238419 ] ] ] } },
{ "type": "Feature", "properties": { "id": 2000391.0, "name": "F", "objectid": 1175.0, "rt_symbol": "B", "url": "http://web.mta.info/nyct/service/", "Shape__Len": 292.39057831700001 }, "geometry": { "type": "MultiLineString", "coordinates": [ [ [ -8236410.79109999909997, 4966566.423100002110004 ], [ -8236277.319199999794364, 4966826.57209999859333 ] ] ] } },
{ "type": "Feature", "properties": { "id": 2000082.0, "name": "2-3", "objectid": 1176.0, "rt_symbol": "1", "url": "http://web.mta.info/nyct/service/", "Shape__Len": 623.06589365800005 }, "geometry": { "type": "MultiLineString", "coordinates": [ [ [ -8235470.698000000789762, 4966466.152800001204014 ], [ -8235488.731699999421835, 4966499.771899998188019 ], [ -8235493.518500000238419, 4966508.286700002849102 ], [ -8235498.305400000885129, 4966517.095399998128414 ], [ -8235503.3147, 4966525.316600002348423 ], [ -8235508.657999999821186, 4966533.537900000810623 ], [ -8235514.335400000214577, 4966541.171999998390675 ], [ -8235520.680600000545382, 4966548.659199997782707 ], [ -8235527.3597, 4966555.706000000238419 ], [ -8235534.484099999070168, 4966562.459399998188019 ], [ -8235542.053899999707937, 4966568.771999999880791 ], [ -8235550.06900000013411, 4966574.937899999320507 ], [ -8235558.417899999767542, 4966580.810400001704693 ], [ -8235567.323400000110269, 4966585.948700003325939 ], [ -8235576.674100000411272, 4966590.940200001001358 ], [ -8235586.136399999260902, 4966595.931699998676777 ], [ -8235595.82120000012219, 4966600.923199996352196 ], [ -8235979.7621, 4966803.669399999082088 ] ] ] } },
{ "type": "Feature", "properties": { "id": 2000238.0, "name": "A-C", "objectid": 1177.0, "rt_symbol": "A", "url": "http://web.mta.info/nyct/service/", "Shape__Len": 272.61783105299997 }, "geometry": { "type": "MultiLineString", "coordinates": [ [ [ -8235972.637700000777841, 4966501.093299999833107 ], [ -8236215.112700000405312, 4966625.698100000619888 ] ] ] } },
{ "type": "Feature", "properties": { "id": 2000317.0, "name": "G", "objectid": 1178.0, "rt_symbol": "G", "url": "http://web.mta.info/nyct/service/", "Shape__Len": 210.06155405499999 }, "geometry": { "type": "MultiLineString", "coordinates": [ [ [ -8236400.198899999260902, 4966535.269599996507168 ], [ -8236391.738600000739098, 4966550.097300000488758 ], [ -8236382.721799999475479, 4966563.309900000691414 ], [ -8236373.370899999514222, 4966575.201399996876717 ], [ -8236363.463500000536442, 4966585.625 ], [ -8236353.1108, 4966594.580399997532368 ], [ -8236342.4243, 4966602.067699998617172 ], [ -8236331.292300000786781, 4966608.233599998056889 ], [ -8236319.603700000792742, 4966612.931500002741814 ], [ -8236307.581299999728799, 4966616.161499999463558 ], [ -8236295.113500000908971, 4966617.923100002110004 ], [ -8236282.2006, 4966618.363600000739098 ], [ -8236268.842299999669194, 4966617.335699997842312 ], [ -8236255.038599999621511, 4966614.839800000190735 ], [ -8236240.901200000196695, 4966610.87610000371933 ], [ -8236226.429500000551343, 4966605.737800002098083 ] ] ] } },
{ "type": "Feature", "properties": { "id": 2000347.0, "name": "F", "objectid": 1218.0, "rt_symbol": "B", "url": "http://web.mta.info/nyct/service/", "Shape__Len": 1369.6778490500001 }, "geometry": { "type": "MultiLineString", "coordinates": [ [ [ -8232439.245699999853969, 4976880.205700002610683 ], [ -8231829.6601, 4976524.265299998223782 ], [ -8231824.5395, 4976521.326300002634525 ], [ -8231819.307600000873208, 4976518.240000002086163 ], [ -8231814.186799999326468, 4976515.153999999165535 ], [ -8231809.177500000223517, 4976512.067800000309944 ], [ -8231804.056700000539422, 4976508.834899999201298 ], [ -8231799.047399999573827, 4976505.748499996960163 ], [ -8231794.037900000810623, 4976502.515500001609325 ], [ -8231789.028699999675155, 4976499.282399997115135 ], [ -8231784.019200000911951, 4976496.0493 ], [ -8231779.009700000286102, 4976492.669399999082088 ], [ -8231774.1119, 4976489.289300002157688 ], [ -8231769.102399999275804, 4976485.909400001168251 ], [ -8231764.204299999400973, 4976482.529200002551079 ], [ -8231759.417700000107288, 4976479.148999996483326 ], [ -8231754.519500000402331, 4976475.62219999730587 ], [ -8231278.851299999281764, 4976153.93639999628067 ] ] ] } },
{ "type": "Feature", "properties": { "id": 2000235.0, "name": "F", "objectid": 1179.0, "rt_symbol": "B", "url": "http://web.mta.info/nyct/service/", "Shape__Len": 743.39769277000005 }, "geometry": { "type": "MultiLineString", "coordinates": [ [ [ -8236233.236600000411272, 4967066.907899998128414 ], [ -8236233.347999999299645, 4967068.082500003278255 ], [ -8236226.000800000503659, 4967264.231499999761581 ], [ -8236225.889499999582767, 4967269.076499998569489 ], [ -8236225.555600000545382, 4967273.921499997377396 ], [ -8236225.333000000566244, 4967278.913400001823902 ], [ -8236224.998999999836087, 4967283.9054000005126 ], [ -8236224.665100000798702, 4967288.897100001573563 ], [ -8236224.3311, 4967293.88910000026226 ], [ -8236223.997099999338388, 4967299.027800001204014 ], [ -8236223.551899999380112, 4967304.019599996507168 ], [ -8236223.217700000852346, 4967309.158299997448921 ], [ -8236222.77250000089407, 4967314.443899996578693 ], [ -8236222.327199999243021, 4967319.582500003278255 ], [ -8236221.881999999284744, 4967324.868000000715256 ], [ -8236221.325400000438094, 4967330.1537000015378 ], [ -8236220.880200000479817, 4967335.4391999989748 ], [ -8236220.323599999770522, 4967340.871500000357628 ], [ -8236218.653699999675155, 4967359.958200000226498 ], [ -8236218.097200000658631, 4967364.362800002098083 ], [ -8236217.652000000700355, 4967368.767499998211861 ], [ -8236217.206599999219179, 4967373.171999998390675 ], [ -8236216.761299999430776, 4967377.723700001835823 ], [ -8236216.427400000393391, 4967382.421899996697903 ], [ -8236215.982100000604987, 4967387.119999997317791 ], [ -8236215.648, 4967391.818400003015995 ], [ -8236215.4254, 4967396.810400001704693 ], [ -8236215.091499999165535, 4967401.655500002205372 ], [ -8236214.868899999186397, 4967406.647299997508526 ], [ -8236214.646299999207258, 4967411.786100000143051 ], [ -8236214.423800000920892, 4967416.924900002777576 ], [ -8236214.31220000050962, 4967422.210600003600121 ], [ -8236214.200799999758601, 4967427.495999999344349 ], [ -8236214.089600000530481, 4967433.075400002300739 ], [ -8236199.172700000926852, 4967809.387599997222424 ] ] ] } },
{ "type": "Feature", "properties": { "id": 2000447.0, "name": "B-D", "objectid": 1180.0, "rt_symbol": "B", "url": "http://web.mta.info/nyct/service/", "Shape__Len": 355.989031743 }, "geometry": { "type": "MultiLineString", "coordinates": [ [ [ -8235672.409099999815226, 4966952.538599997758865 ], [ -8235797.5320999994874, 4967285.813900001347065 ] ] ] } },
{ "type": "Feature", "properties": { "id": 2000236.0, "name": "F", "objectid": 1181.0, "rt_symbol": "B", "url": "http://web.mta.info/nyct/service/", "Shape__Len": 247.49606744100001 }, "geometry": { "type": "MultiLineString", "coordinates": [ [ [ -8236277.319199999794364, 4966826.57209999859333 ], [ -8236259.953199999406934, 4966862.394599996507168 ], [ -8236257.059000000357628, 4966869.441600002348423 ], [ -8236254.387399999424815, 4966876.48870000243187 ], [ -8236251.826999999582767, 4966883.535899996757507 ], [ -8236249.489199999719858, 4966890.729500003159046 ], [ -8236247.374099999666214, 4966897.923600003123283 ], [ -8236245.481699999421835, 4966905.117499999701977 ], [ -8236243.812000000849366, 4966912.458099998533726 ], [ -8236242.2533, 4966919.798799999058247 ], [ -8236241.028999999165535, 4966927.139499999582767 ], [ -8236239.91579999960959, 4966934.627300001680851 ], [ -8236239.0252, 4966942.114600002765656 ], [ -8236238.245899999514222, 4966949.602300003170967 ], [ -8236237.800699999555945, 4966957.236599996685982 ], [ -8236237.46680000051856, 4966964.871100001037121 ], [ -8236237.3553, 4966972.505300000309944 ], [ -8236233.347899999469519, 4967066.027199998497963 ], [ -8236233.236600000411272, 4967066.907899998128414 ] ] ] } },
{ "type": "Feature", "properties": { "id": 2000400.0, "name": "F", "objectid": 1182.0, "rt_symbol": "B", "url": "http://web.mta.info/nyct/service/", "Shape__Len": 975.05659453500004 }, "geometry": { "type": "MultiLineString", "coordinates": [ [ [ -8235030.977800000458956, 4961557.108000002801418 ], [ -8235033.538100000470877, 4961573.689000003039837 ], [ -8235036.543700000271201, 4961589.6831 ], [ -8235040.328500000759959, 4961605.09009999781847 ], [ -8235044.781600000336766, 4961620.056999996304512 ], [ -8235049.902100000530481, 4961634.437100000679493 ], [ -8235055.801999999210238, 4961648.376900002360344 ], [ -8235062.258600000292063, 4961661.876500003039837 ], [ -8235069.4945, 4961674.642399996519089 ], [ -8235077.39809999987483, 4961687.115000002086163 ], [ -8235085.969699999317527, 4961699.000799998641014 ], [ -8235095.209100000560284, 4961710.299199998378754 ], [ -8235105.228000000119209, 4961721.157700002193451 ], [ -8235115.803300000727177, 4961731.57599999755621 ], [ -8235127.1579, 4961741.407600000500679 ], [ -8235139.2917, 4961750.798500001430511 ], [ -8235387.979299999773502, 4961942.731899999082088 ], [ -8235403.341499999165535, 4961955.204899996519089 ], [ -8235417.36769999936223, 4961967.9712999984622 ], [ -8235429.83530000038445, 4961981.031099997460842 ], [ -8235440.744699999690056, 4961994.531099997460842 ], [ -8235450.318199999630451, 4962008.324699997901917 ], [ -8235458.444599999114871, 4962022.411899998784065 ], [ -8235465.012199999764562, 4962036.939300000667572 ], [ -8235470.133199999108911, 4962051.759999997913837 ], [ -8235473.917899999767542, 4962066.874399997293949 ], [ -8235476.144300000742078, 4962082.429099999368191 ], [ -8235476.812400000169873, 4962098.277199998497963 ], [ -8235476.144500000402331, 4962114.41889999806881 ], [ -8235473.918099999427795, 4962131.000799998641014 ], [ -8235470.355900000780821, 4962147.876000002026558 ], [ -8235465.235200000926852, 4962165.191600002348423 ], [ -8235396.607100000604987, 4962329.5996999964118 ] ] ] } },
{ "type": "Feature", "properties": { "id": 2000401.0, "name": "F", "objectid": 1183.0, "rt_symbol": "B", "url": "http://web.mta.info/nyct/service/", "Shape__Len": 608.31954336599995 }, "geometry": { "type": "MultiLineString", "coordinates": [ [ [ -8234956.9496, 4960953.610100001096725 ], [ -8234957.395099999383092, 4960965.788000002503395 ], [ -8234957.951500000432134, 4960978.259800001978874 ], [ -8234958.508300000801682, 4960991.171700000762939 ], [ -8234959.287499999627471, 4961004.376900002360344 ], [ -8234960.289300000295043, 4961018.022399999201298 ], [ -8234961.291300000622869, 4961032.10809999704361 ], [ -8234962.404500000178814, 4961046.487400002777576 ], [ -8234963.740299999713898, 4961061.306500002741814 ], [ -8234965.1875, 4961076.419399999082088 ], [ -8234966.634600000455976, 4961091.825599998235703 ], [ -8234968.304400000721216, 4961107.819200001657009 ], [ -8234970.085799999535084, 4961123.958999998867512 ], [ -8234971.9781, 4961140.6858000010252 ], [ -8234974.093100000172853, 4961157.706500001251698 ], [ -8234976.4309, 4961175.167199999094009 ], [ -8235030.977800000458956, 4961557.108000002801418 ] ] ] } },
{ "type": "Feature", "properties": { "id": 2000457.0, "name": "B", "objectid": 1184.0, "rt_symbol": "B", "url": "http://web.mta.info/nyct/service/", "Shape__Len": 866.11215450099996 }, "geometry": { "type": "MultiLineString", "coordinates": [ [ [ -8233500.4543999992311, 4958664.38629999756813 ], [ -8233622.683199999853969, 4959521.830399997532368 ] ] ] } },
{ "type": "Feature", "properties": { "id": 2000453.0, "name": "B", "objectid": 1185.0, "rt_symbol": "B", "url": "http://web.mta.info/nyct/service/", "Shape__Len": 935.30807375899997 }, "geometry": { "type": "MultiLineString", "coordinates": [ [ [ -8233355.96169999986887, 4961629.452100001275539 ], [ -8233352.9561, 4961646.179999999701977 ], [ -8233350.3958, 4961662.760899998247623 ], [ -8233348.169399999082088, 4961679.048699997365475 ], [ -8233346.276900000870228, 4961695.336300000548363 ], [ -8233344.607100000604987, 4961711.477399997413158 ], [ -8233343.38260000012815, 4961727.325000002980232 ], [ -8233342.380599999800324, 4961743.172600001096725 ], [ -8233341.824100000783801, 4961758.873400002717972 ], [ -8233341.490299999713898, 4961774.574000000953674 ], [ -8233341.490299999713898, 4961789.981499999761581 ], [ -8233341.824100000783801, 4961805.242299996316433 ], [ -8233342.49210000038147, 4961820.502899996936321 ], [ -8233343.494000000879169, 4961835.470200002193451 ], [ -8233344.718399999663234, 4961850.437399998307228 ], [ -8233346.499500000849366, 4961865.404899999499321 ], [ -8233405.164899999275804, 4962340.995999999344349 ], [ -8233405.610200000926852, 4962344.371299996972084 ], [ -8233406.1667, 4962347.893100000917912 ], [ -8233406.723400000482798, 4962351.41499999910593 ], [ -8233407.279899999499321, 4962355.083599999547005 ], [ -8233407.83669999986887, 4962358.752300001680851 ], [ -8233408.393300000578165, 4962362.567900002002716 ], [ -8233409.061200000345707, 4962366.383199997246265 ], [ -8233409.729000000283122, 4962370.198600001633167 ], [ -8233410.3969, 4962374.160499997437 ], [ -8233411.176100000739098, 4962378.269500002264977 ], [ -8233411.844200000166893, 4962382.3783999979496 ], [ -8233412.623400000855327, 4962386.634199999272823 ], [ -8233413.402599999681115, 4962390.889600001275539 ], [ -8233414.181900000199676, 4962395.145300000905991 ], [ -8233415.072300000116229, 4962399.547899998724461 ], [ -8233424.089299999177456, 4962441.3706 ], [ -8233424.534600000828505, 4962443.1316 ], [ -8233424.868300000205636, 4962444.8926 ], [ -8233425.313799999654293, 4962446.653599999845028 ], [ -8233425.647700000554323, 4962448.414599999785423 ], [ -8233425.981699999421835, 4962450.175399996340275 ], [ -8233426.426899999380112, 4962452.083200000226498 ], [ -8233426.760900000110269, 4962453.844200000166893 ], [ -8233426.9836, 4962455.605099998414516 ], [ -8233427.317600000649691, 4962457.512900002300739 ], [ -8233427.651599999517202, 4962459.273800000548363 ], [ -8233427.874099999666214, 4962461.034800000488758 ], [ -8233428.208000000566244, 4962462.942500002682209 ], [ -8233428.430700000375509, 4962464.850299999117851 ], [ -8233428.6535, 4962466.611199997365475 ], [ -8233428.876000000163913, 4962468.518899999558926 ], [ -8233439.5625, 4962557.154899999499321 ] ] ] } },
{ "type": "Feature", "properties": { "id": 2000454.0, "name": "B", "objectid": 1186.0, "rt_symbol": "B", "url": "http://web.mta.info/nyct/service/", "Shape__Len": 718.50722242100005 }, "geometry": { "type": "MultiLineString", "coordinates": [ [ [ -8233521.49379999935627, 4960930.284599997103214 ], [ -8233513.478800000622869, 4960965.645499996840954 ], [ -8233505.574999999254942, 4961000.712700001895428 ], [ -8233497.560100000351667, 4961035.486599996685982 ], [ -8233489.656400000676513, 4961069.820600003004074 ], [ -8233481.864199999719858, 4961103.714599996805191 ], [ -8233474.07179999910295, 4961137.315200001001358 ], [ -8233466.279500000178814, 4961170.622500002384186 ], [ -8233458.4869, 4961203.489699997007847 ], [ -8233450.80599999986589, 4961235.916799999773502 ], [ -8233443.124800000339746, 4961268.050499998033047 ], [ -8233435.555099999532104, 4961299.890900000929832 ], [ -8233427.985400000587106, 4961331.291000001132488 ], [ -8233420.415699999779463, 4961362.397900000214577 ], [ -8233412.846000000834465, 4961393.064800001680851 ], [ -8233405.276100000366569, 4961423.438299998641014 ], [ -8233355.96169999986887, 4961629.452100001275539 ] ] ] } },
{ "type": "Feature", "properties": { "id": 2000085.0, "name": "2-3", "objectid": 1187.0, "rt_symbol": "1", "url": "http://web.mta.info/nyct/service/", "Shape__Len": 936.85203846100001 }, "geometry": { "type": "MultiLineString", "coordinates": [ [ [ -8234419.174200000241399, 4964556.226300001144409 ], [ -8234870.240800000727177, 4965377.34179999679327 ] ] ] } },
{ "type": "Feature", "properties": { "id": 2000084.0, "name": "2-3", "objectid": 1188.0, "rt_symbol": "1", "url": "http://web.mta.info/nyct/service/", "Shape__Len": 591.80934583400006 }, "geometry": { "type": "MultiLineString", "coordinates": [ [ [ -8234870.240800000727177, 4965377.34179999679327 ], [ -8235156.109200000762939, 4965895.528599999845028 ] ] ] } },
{ "type": "Feature", "properties": { "id": 2000471.0, "name": "D", "objectid": 1189.0, "rt_symbol": "B", "url": "http://web.mta.info/nyct/service/", "Shape__Len": 1047.8423115600001 }, "geometry": { "type": "MultiLineString", "coordinates": [ [ [ -8235754.08, 4964852.435999996960163 ], [ -8235275.405999999493361, 4965784.554399996995926 ] ] ] } },
{ "type": "Feature", "properties": { "id": 2000451.0, "name": "B", "objectid": 1190.0, "rt_symbol": "B", "url": "http://web.mta.info/nyct/service/", "Shape__Len": 1302.2647000500001 }, "geometry": { "type": "MultiLineString", "coordinates": [ [ [ -8234581.158399999141693, 4964732.873199999332428 ], [ -8235029.88429999910295, 4965548.718299999833107 ], [ -8235033.557900000363588, 4965556.645400002598763 ], [ -8235036.897600000724196, 4965564.57209999859333 ], [ -8235040.125800000503659, 4965572.352300003170967 ], [ -8235043.131300000473857, 4965580.279200002551079 ], [ -8235046.025699999183416, 4965588.205899998545647 ], [ -8235048.585999999195337, 4965596.279799997806549 ], [ -8235051.14640000090003, 4965604.353399999439716 ], [ -8235053.372700000181794, 4965612.280299998819828 ], [ -8235055.4879, 4965620.500699996948242 ], [ -8235057.380300000309944, 4965628.574600003659725 ], [ -8235059.161299999803305, 4965636.795100003480911 ], [ -8235060.719699999317527, 4965645.015600003302097 ], [ -8235062.055700000375509, 4965653.236100003123283 ], [ -8235063.280099999159575, 4965661.456600002944469 ], [ -8235064.393300000578165, 4965669.824000000953674 ], [ -8235070.6722, 4965914.410999998450279 ] ] ] } },
{ "type": "Feature", "properties": { "id": 2000241.0, "name": "A-C", "objectid": 1191.0, "rt_symbol": "A", "url": "http://web.mta.info/nyct/service/", "Shape__Len": 998.719936942 }, "geometry": { "type": "MultiLineString", "coordinates": [ [ [ -8233839.4221, 4965734.6382 ], [ -8234016.642899999395013, 4965783.374799996614456 ], [ -8234024.323799999430776, 4965785.283100001513958 ], [ -8234031.782400000840425, 4965787.631999999284744 ], [ -8234039.35190000012517, 4965789.980700001120567 ], [ -8234046.810499999672174, 4965792.476199999451637 ], [ -8234054.380300000309944, 4965795.118600003421307 ], [ -8234061.949899999424815, 4965797.907600000500679 ], [ -8234069.408500000834465, 4965800.990500003099442 ], [ -8234076.9781, 4965804.073399998247623 ], [ -8234084.4364, 4965807.30290000140667 ], [ -8234092.006300000473857, 4965810.679099999368191 ], [ -8234099.575999999418855, 4965814.202399998903275 ], [ -8234107.034499999135733, 4965817.872100003063679 ], [ -8234114.604100000113249, 4965821.689000003039837 ], [ -8234122.062400000169873, 4965825.65259999781847 ], [ -8234129.632200000807643, 4965829.762999996542931 ], [ -8234742.000600000843406, 4966153.017499998211861 ] ] ] } },
{ "type": "Feature", "properties": { "id": 2000472.0, "name": "D", "objectid": 1192.0, "rt_symbol": "B", "url": "http://web.mta.info/nyct/service/", "Shape__Len": 1112.22421338 }, "geometry": { "type": "MultiLineString", "coordinates": [ [ [ -8236332.051100000739098, 4963902.941200003027916 ], [ -8235874.6393, 4964626.24549999833107 ], [ -8235869.518699999898672, 4964634.465300001204014 ], [ -8235864.509199999272823, 4964642.68469999730587 ], [ -8235859.722400000318885, 4964650.75789999961853 ], [ -8235854.935699999332428, 4964658.830799996852875 ], [ -8235850.371500000357628, 4964666.610200002789497 ], [ -8235845.807499999180436, 4964674.536100000143051 ], [ -8235841.466099999845028, 4964682.16889999806881 ], [ -8235837.23589999973774, 4964689.801600001752377 ], [ -8235833.117000000551343, 4964697.287399999797344 ], [ -8235829.220899999141693, 4964704.626500003039837 ], [ -8235825.324699999764562, 4964711.965499997138977 ], [ -8235821.651100000366569, 4964719.157600000500679 ], [ -8235817.977700000628829, 4964726.350000001490116 ], [ -8235814.526499999687076, 4964733.395499996840954 ], [ -8235811.18720000050962, 4964740.294200003147125 ], [ -8235754.08, 4964852.435999996960163 ] ] ] } },
{ "type": "Feature", "properties": { "id": 2000397.0, "name": "F", "objectid": 1193.0, "rt_symbol": "B", "url": "http://web.mta.info/nyct/service/", "Shape__Len": 311.91721397499998 }, "geometry": { "type": "MultiLineString", "coordinates": [ [ [ -8235197.958499999716878, 4963059.0449 ], [ -8235461.117599999532104, 4963226.495300002396107 ] ] ] } },
{ "type": "Feature", "properties": { "id": 2000083.0, "name": "2-3", "objectid": 1194.0, "rt_symbol": "1", "url": "http://web.mta.info/nyct/service/", "Shape__Len": 651.59866688800003 }, "geometry": { "type": "MultiLineString", "coordinates": [ [ [ -8235156.109200000762939, 4965895.528599999845028 ], [ -8235272.1042, 4966104.279200002551079 ], [ -8235470.698000000789762, 4966466.152800001204014 ] ] ] } },
{ "type": "Feature", "properties": { "id": 2000240.0, "name": "A-C", "objectid": 1195.0, "rt_symbol": "A", "url": "http://web.mta.info/nyct/service/", "Shape__Len": 349.30325017899997 }, "geometry": { "type": "MultiLineString", "coordinates": [ [ [ -8234742.000600000843406, 4966153.017499998211861 ], [ -8234908.089400000870228, 4966242.1272 ], [ -8234918.330700000748038, 4966247.1184 ], [ -8234928.460999999195337, 4966251.816399998962879 ], [ -8234938.479599999263883, 4966256.073600001633167 ], [ -8234948.721000000834465, 4966260.037399999797344 ], [ -8234958.850999999791384, 4966263.560699999332428 ], [ -8234969.092499999329448, 4966266.790200002491474 ], [ -8234979.333799999207258, 4966269.579599998891354 ], [ -8234989.575200000777841, 4966272.075300000607967 ], [ -8234999.928099999204278, 4966274.130500003695488 ], [ -8235010.280799999833107, 4966275.892399996519089 ], [ -8235020.633400000631809, 4966277.360200002789497 ], [ -8235031.097400000318885, 4966278.241099998354912 ], [ -8235041.5614, 4966278.975000001490116 ], [ -8235052.025499999523163, 4966279.268799997866154 ], [ -8235062.823599999770522, 4966278.975000001490116 ] ] ] } },
{ "type": "Feature", "properties": { "id": 2000111.0, "name": "4-5", "objectid": 1196.0, "rt_symbol": "4", "url": "http://web.mta.info/nyct/service/", "Shape__Len": 750.31086666700003 }, "geometry": { "type": "MultiLineString", "coordinates": [ [ [ -8238700.855699999257922, 4969714.369199998676777 ], [ -8238618.590800000354648, 4969839.197700001299381 ], [ -8238616.14159999974072, 4969842.134900003671646 ], [ -8238613.581199999898672, 4969845.072200000286102 ], [ -8238610.798100000247359, 4969848.009199999272823 ], [ -8238608.0153, 4969850.65259999781847 ], [ -8238605.120899999514222, 4969853.29619999974966 ], [ -8238602.115299999713898, 4969855.9397 ], [ -8238598.998500000685453, 4969858.289399996399879 ], [ -8238595.770099999383092, 4969860.63910000026226 ], [ -8238592.541899999603629, 4969862.842100001871586 ], [ -8238589.091, 4969864.898000001907349 ], [ -8238585.528699999675155, 4969866.806999996304512 ], [ -8238581.966700000688434, 4969868.716300003230572 ], [ -8238578.181600000709295, 4969870.478500001132488 ], [ -8238574.285499999299645, 4969872.093900002539158 ], [ -8238570.500600000843406, 4969873.415700003504753 ], [ -8238231.198899999260902, 4969985.469700001180172 ], [ -8238224.85359999909997, 4969987.525700002908707 ], [ -8238218.619799999520183, 4969989.728699997067451 ], [ -8238212.719699999317527, 4969992.225199997425079 ], [ -8238207.042500000447035, 4969994.868699997663498 ], [ -8238201.476500000804663, 4969997.659199997782707 ], [ -8238196.2445, 4970000.743100002408028 ], [ -8238191.12360000051558, 4970003.97410000115633 ], [ -8238186.225700000301003, 4970007.351700000464916 ], [ -8238181.661699999123812, 4970010.876400001347065 ], [ -8238177.20890000090003, 4970014.694700002670288 ], [ -8238172.97859999909997, 4970018.660300001502037 ], [ -8238168.971300000324845, 4970022.919200003147125 ], [ -8238165.186300000175834, 4970027.178199999034405 ], [ -8238161.624199999496341, 4970031.877599999308586 ], [ -8238157.839299999177456, 4970036.870999999344349 ], [ -8238102.179400000721216, 4970110.448600001633167 ] ] ] } },
{ "type": "Feature", "properties": { "id": 2000189.0, "name": "A-C-E", "objectid": 1197.0, "rt_symbol": "A", "url": "http://web.mta.info/nyct/service/", "Shape__Len": 819.26222601799998 }, "geometry": { "type": "MultiLineString", "coordinates": [ [ [ -8238224.408299999311566, 4971250.019299998879433 ], [ -8238231.644099999219179, 4971387.205799996852875 ], [ -8238232.2007, 4971396.899800002574921 ], [ -8238232.534700000658631, 4971406.447300001978874 ], [ -8238232.75730000063777, 4971415.847800001502037 ], [ -8238232.757200000807643, 4971425.101099997758865 ], [ -8238232.534700000658631, 4971434.207800000905991 ], [ -8238232.2007, 4971443.3147 ], [ -8238231.5329, 4971452.274400003254414 ], [ -8238230.753599999472499, 4971461.087300002574921 ], [ -8238229.863099999725819, 4971469.7533999979496 ], [ -8238228.638599999248981, 4971478.41950000077486 ], [ -8238227.3026, 4971486.791900001466274 ], [ -8238225.744200000539422, 4971495.164300002157688 ], [ -8238223.962899999693036, 4971503.389700002968311 ], [ -8238222.070699999108911, 4971511.615299999713898 ], [ -8238219.955399999395013, 4971519.546800002455711 ], [ -8238058.542400000616908, 4972043.640799999237061 ] ] ] } },
{ "type": "Feature", "properties": { "id": 2000358.0, "name": "J-Z", "objectid": 1198.0, "rt_symbol": "J", "url": "http://web.mta.info/nyct/service/", "Shape__Len": 943.29400178599997 }, "geometry": { "type": "MultiLineString", "coordinates": [ [ [ -8237630.2961, 4970848.753100000321865 ], [ -8237554.153699999675155, 4970974.624399997293949 ], [ -8237552.149900000542402, 4970977.855700001120567 ], [ -8237550.257500000298023, 4970981.086800001561642 ], [ -8237548.253699999302626, 4970984.171300001442432 ], [ -8237546.25, 4970987.402500003576279 ], [ -8237544.3575, 4970990.6338 ], [ -8237542.353900000452995, 4970993.865000002086163 ], [ -8237540.349899999797344, 4970996.949400000274181 ], [ -8237538.346400000154972, 4971000.180699996650219 ], [ -8237536.342599999159575, 4971003.265299998223782 ], [ -8237534.338899999856949, 4971006.496500000357628 ], [ -8237532.33500000089407, 4971009.580899998545647 ], [ -8237530.331299999728799, 4971012.812100000679493 ], [ -8237528.327500000596046, 4971015.896499998867512 ], [ -8237526.323899999260902, 4971019.127599999308586 ], [ -8237524.319900000467896, 4971022.212200000882149 ], [ -8237367.8048, 4971267.204300001263618 ], [ -8237362.9068, 4971274.842100001871586 ], [ -8237357.785900000482798, 4971281.892399996519089 ], [ -8237352.442700000479817, 4971288.061300002038479 ], [ -8237346.876800000667572, 4971293.495700001716614 ], [ -8237341.088199999183416, 4971298.342799998819828 ], [ -8237335.076899999752641, 4971302.308499999344349 ], [ -8237328.731799999251962, 4971305.53999999910593 ], [ -8237322.163799999281764, 4971308.037000000476837 ], [ -8237315.4847999997437, 4971309.799500003457069 ], [ -8237308.4715, 4971310.82769999653101 ], [ -8237301.23589999973774, 4971310.974399998784065 ], [ -8237293.777300000190735, 4971310.533900000154972 ], [ -8237286.096300000324845, 4971309.358800001442432 ], [ -8237278.081299999728799, 4971307.302500002086163 ], [ -8237269.954900000244379, 4971304.658699996769428 ], [ -8236964.939600000157952, 4971170.117499999701977 ] ] ] } },
{ "type": "Feature", "properties": { "id": 2000114.0, "name": "4-5-6", "objectid": 1199.0, "rt_symbol": "4", "url": "http://web.mta.info/nyct/service/", "Shape__Len": 602.32053135900003 }, "geometry": { "type": "MultiLineString", "coordinates": [ [ [ -8237324.05629999935627, 4971466.9628000035882 ], [ -8237322.608999999240041, 4971470.04730000346899 ], [ -8237321.718499999493361, 4971472.103500001132488 ], [ -8237320.82799999974668, 4971474.159800000488758 ], [ -8237319.9375, 4971476.216399997472763 ], [ -8237319.04700000025332, 4971478.41950000077486 ], [ -8237318.156500000506639, 4971480.47580000013113 ], [ -8237317.3772, 4971482.532300002872944 ], [ -8237316.486700000241399, 4971484.588600002229214 ], [ -8237315.707399999722838, 4971486.645000003278255 ], [ -8237315.03940000012517, 4971488.848300002515316 ], [ -8237314.260099999606609, 4971490.904600001871586 ], [ -8237313.592199999839067, 4971492.960900001227856 ], [ -8237312.9243, 4971495.017399996519089 ], [ -8237312.256400000303984, 4971497.220600001513958 ], [ -8237311.588500000536442, 4971499.276900000870228 ], [ -8237278.971899999305606, 4971612.083700001239777 ], [ -8237277.8586, 4971615.755900003015995 ], [ -8237276.522900000214577, 4971619.575099997222424 ], [ -8237275.187100000679493, 4971623.247000001370907 ], [ -8237273.851299999281764, 4971626.919100001454353 ], [ -8237272.2928, 4971630.591300003230572 ], [ -8237270.734300000593066, 4971634.116599999368191 ], [ -8237269.064600000157952, 4971637.788699999451637 ], [ -8237267.283399999141693, 4971641.313900001347065 ], [ -8237265.390900000929832, 4971644.839299999177456 ], [ -8237263.49860000051558, 4971648.364600002765656 ], [ -8237261.494699999690056, 4971651.889700002968311 ], [ -8237259.379699999466538, 4971655.41499999910593 ], [ -8237257.153300000354648, 4971658.793399997055531 ], [ -8237254.815500000491738, 4971662.318499997258186 ], [ -8237252.477800000458956, 4971665.696800000965595 ], [ -8237081.564400000497699, 4971942.972999997437 ], [ -8237047.761399999260902, 4971997.810999996960163 ] ] ] } },
{ "type": "Feature", "properties": { "id": 2000445.0, "name": "N-Q", "objectid": 1200.0, "rt_symbol": "N", "url": "http://web.mta.info/nyct/service/", "Shape__Len": 282.83296466299998 }, "geometry": { "type": "MultiLineString", "coordinates": [ [ [ -8237693.525800000876188, 4970891.493500001728535 ], [ -8237789.928300000727177, 4970982.702500000596046 ], [ -8237797.386600000783801, 4970990.193099997937679 ], [ -8237803.954700000584126, 4970997.97749999910593 ], [ -8237809.520600000396371, 4971005.909000001847744 ], [ -8237814.196000000461936, 4971014.1338 ], [ -8237817.869400000199676, 4971022.505900003015995 ], [ -8237820.541200000792742, 4971031.171499997377396 ], [ -8237822.211100000888109, 4971039.984099999070168 ], [ -8237822.990199999883771, 4971049.090400002896786 ], [ -8237822.878799999132752, 4971058.343699999153614 ], [ -8237821.654500000178814, 4971067.890699997544289 ], [ -8237819.539300000295043, 4971077.584399998188019 ], [ -8237816.422399999573827, 4971087.57209999859333 ], [ -8237812.41499999910593, 4971097.706600002944469 ], [ -8237807.405500000342727, 4971108.134900003671646 ], [ -8237801.394300000742078, 4971118.710100002586842 ] ] ] } },
{ "type": "Feature", "properties": { "id": 2000190.0, "name": "A-C-E", "objectid": 1201.0, "rt_symbol": "A", "url": "http://web.mta.info/nyct/service/", "Shape__Len": 472.703310413 }, "geometry": { "type": "MultiLineString", "coordinates": [ [ [ -8238058.542400000616908, 4972043.640799999237061 ], [ -8237945.107699999585748, 4972389.722999997437 ], [ -8237943.437899999320507, 4972395.305200003087521 ], [ -8237941.656600000336766, 4972401.1809 ], [ -8237939.875700000673532, 4972407.203699998557568 ], [ -8237937.871999999508262, 4972413.3733000010252 ], [ -8237935.868300000205636, 4972419.689999997615814 ], [ -8237933.641799999400973, 4972426.153499998152256 ], [ -8237931.415400000289083, 4972432.763800002634525 ], [ -8237928.966299999505281, 4972439.521099999547005 ], [ -8237926.406099999323487, 4972446.57209999859333 ], [ -8237923.84569999948144, 4972453.770099997520447 ], [ -8237921.06279999949038, 4972460.968199998140335 ], [ -8237918.168500000610948, 4972468.459799997508526 ], [ -8237915.2741, 4972476.098499998450279 ], [ -8237912.1570999994874, 4972484.031000003218651 ], [ -8237908.928899999707937, 4972491.963500000536442 ] ] ] } },
{ "type": "Feature", "properties": { "id": 2000011.0, "name": "1-2-3", "objectid": 1202.0, "rt_symbol": "1", "url": "http://web.mta.info/nyct/service/", "Shape__Len": 538.74864344399998 }, "geometry": { "type": "MultiLineString", "coordinates": [ [ [ -8237664.69400000013411, 4973747.581900000572205 ], [ -8237405.319399999454618, 4974219.784100003540516 ] ] ] } },
{ "type": "Feature", "properties": { "id": 2000336.0, "name": "B-D-F-M", "objectid": 1203.0, "rt_symbol": "B", "url": "http://web.mta.info/nyct/service/", "Shape__Len": 780.38037855699997 }, "geometry": { "type": "MultiLineString", "coordinates": [ [ [ -8237220.306500000879169, 4973806.642499998211861 ], [ -8236843.155999999493361, 4974489.834299996495247 ] ] ] } },
{ "type": "Feature", "properties": { "id": 2000512.0, "name": "L", "objectid": 1204.0, "rt_symbol": "L", "url": "http://web.mta.info/nyct/service/", "Shape__Len": 737.86063113700004 }, "geometry": { "type": "MultiLineString", "coordinates": [ [ [ -8237284.537900000810623, 4973675.445900000631809 ], [ -8237929.300499999895692, 4974034.220899999141693 ] ] ] } },
{ "type": "Feature", "properties": { "id": 2000335.0, "name": "B-D-F-M", "objectid": 1205.0, "rt_symbol": "B", "url": "http://web.mta.info/nyct/service/", "Shape__Len": 759.81987258599997 }, "geometry": { "type": "MultiLineString", "coordinates": [ [ [ -8237587.166300000622869, 4973141.255300000309944 ], [ -8237220.306500000879169, 4973806.642499998211861 ] ] ] } },
{ "type": "Feature", "properties": { "id": 2000010.0, "name": "1-2-3", "objectid": 1206.0, "rt_symbol": "1", "url": "http://web.mta.info/nyct/service/", "Shape__Len": 714.22414407300005 }, "geometry": { "type": "MultiLineString", "coordinates": [ [ [ -8237965.813300000503659, 4973100.58110000193119 ], [ -8237803.954600000753999, 4973475.348499998450279 ], [ -8237792.043500000610948, 4973503.114900000393391 ], [ -8237779.130300000309944, 4973531.910199999809265 ], [ -8237763.5456000007689, 4973565.25959999859333 ], [ -8237750.63260000012815, 4973591.116300001740456 ], [ -8237664.69400000013411, 4973747.581900000572205 ] ] ] } },
{ "type": "Feature", "properties": { "id": 2000192.0, "name": "A-C-E", "objectid": 1207.0, "rt_symbol": "A", "url": "http://web.mta.info/nyct/service/", "Shape__Len": 165.438210529 }, "geometry": { "type": "MultiLineString", "coordinates": [ [ [ -8237697.421900000423193, 4972941.334899999201298 ], [ -8237695.418199999257922, 4972944.860699996352196 ], [ -8237617.494599999859929, 4973086.184199996292591 ] ] ] } },
{ "type": "Feature", "properties": { "id": 2000513.0, "name": "L", "objectid": 1208.0, "rt_symbol": "L", "url": "http://web.mta.info/nyct/service/", "Shape__Len": 770.96420566799998 }, "geometry": { "type": "MultiLineString", "coordinates": [ [ [ -8236610.387000000104308, 4973301.405299998819828 ], [ -8237284.537900000810623, 4973675.445900000631809 ] ] ] } },
{ "type": "Feature", "properties": { "id": 2000014.0, "name": "1-2-3", "objectid": 1209.0, "rt_symbol": "1", "url": "http://web.mta.info/nyct/service/", "Shape__Len": 530.41857585000002 }, "geometry": { "type": "MultiLineString", "coordinates": [ [ [ -8236903.713899999856949, 4975127.082000002264977 ], [ -8236646.788699999451637, 4975591.12219999730587 ] ] ] } },
{ "type": "Feature", "properties": { "id": 2000511.0, "name": "S", "objectid": 1210.0, "rt_symbol": "L", "url": "http://web.mta.info/nyct/service/", "Shape__Len": 880.83494410900005 }, "geometry": { "type": "MultiLineString", "coordinates": [ [ [ -8232925.043999999761581, 4964488.267899997532368 ], [ -8232737.91579999960959, 4965172.570200003683567 ], [ -8232736.691600000485778, 4965177.854599997401237 ], [ -8232735.578199999406934, 4965183.285700000822544 ], [ -8232734.57630000077188, 4965188.570200003683567 ], [ -8232733.5746, 4965194.001199997961521 ], [ -8232732.684000000357628, 4965199.432499997317791 ], [ -8232731.793500000610948, 4965204.863799996674061 ], [ -8232731.0142, 4965210.2949 ], [ -8232730.346300000324845, 4965215.726000003516674 ], [ -8232729.678099999204278, 4965221.157200001180172 ], [ -8232729.1217, 4965226.588600002229214 ], [ -8232728.676300000399351, 4965232.01969999819994 ], [ -8232728.231200000271201, 4965237.4507 ], [ -8232727.897199999541044, 4965243.0287000015378 ], [ -8232727.674599999561906, 4965248.459899999201298 ], [ -8232727.4518, 4965254.038000002503395 ], [ -8232725.003000000491738, 4965343.139499999582767 ] ] ] } },
{ "type": "Feature", "properties": { "id": 2000509.0, "name": "S", "objectid": 1211.0, "rt_symbol": "L", "url": "http://web.mta.info/nyct/service/", "Shape__Len": 1319.0052991299999 }, "geometry": { "type": "MultiLineString", "coordinates": [ [ [ -8233105.492799999192357, 4963838.210100002586842 ], [ -8233316.443199999630451, 4963074.898900002241135 ], [ -8233357.520300000905991, 4962925.795100003480911 ], [ -8233388.912399999797344, 4962831.726000003516674 ], [ -8233394.498299999162555, 4962793.090999998152256 ], [ -8233398.562000000849366, 4962754.264899998903275 ], [ -8233401.097200000658631, 4962715.308499999344349 ], [ -8233402.099999999627471, 4962676.281999997794628 ], [ -8233401.568499999120831, 4962637.246200002729893 ], [ -8233395.909299999475479, 4962559.390500001609325 ] ] ] } },
{ "type": "Feature", "properties": { "id": 2000321.0, "name": "G", "objectid": 1212.0, "rt_symbol": "G", "url": "http://web.mta.info/nyct/service/", "Shape__Len": 737.27711019900005 }, "geometry": { "type": "MultiLineString", "coordinates": [ [ [ -8233197.331399999558926, 4966558.201700001955032 ], [ -8232468.411499999463558, 4966668.89639999717474 ] ] ] } },
{ "type": "Feature", "properties": { "id": 2000399.0, "name": "F", "objectid": 1213.0, "rt_symbol": "B", "url": "http://web.mta.info/nyct/service/", "Shape__Len": 500.61433204299999 }, "geometry": { "type": "MultiLineString", "coordinates": [ [ [ -8235129.830600000917912, 4962753.209200002253056 ], [ -8235396.607100000604987, 4962329.5996999964118 ] ] ] } },
{ "type": "Feature", "properties": { "id": 2000421.0, "name": "R", "objectid": 1214.0, "rt_symbol": "N", "url": "http://web.mta.info/nyct/service/", "Shape__Len": 932.64794581599995 }, "geometry": { "type": "MultiLineString", "coordinates": [ [ [ -8231425.347799999639392, 4975911.466700002551079 ], [ -8231390.393500000238419, 4975888.54280000180006 ], [ -8231379.038899999111891, 4975878.550300002098083 ], [ -8231368.68610000051558, 4975868.116999998688698 ], [ -8231359.112600000575185, 4975857.242499999701977 ], [ -8231350.54109999909997, 4975845.927500002086163 ], [ -8231342.748800000175834, 4975834.31870000064373 ], [ -8231335.846999999135733, 4975822.122000001370907 ], [ -8231329.835699999704957, 4975809.631499998271465 ], [ -8231324.714999999850988, 4975796.700000002980232 ], [ -8231320.373500000685453, 4975783.1809 ], [ -8231317.034, 4975769.367799997329712 ], [ -8231314.473600000143051, 4975755.113799996674061 ], [ -8231312.915100000798702, 4975740.419100001454353 ], [ -8231312.135900000110269, 4975725.430500000715256 ], [ -8231312.136, 4975709.5603 ], [ -8231315.920700000599027, 4975590.240800000727177 ], [ -8231316.254599999636412, 4975582.011900000274181 ], [ -8231316.477399999275804, 4975573.782899998128414 ], [ -8231316.254599999636412, 4975565.700800001621246 ], [ -8231315.698000000789762, 4975557.766000002622604 ], [ -8231314.6963, 4975549.83110000193119 ], [ -8231313.360400000587106, 4975542.043099999427795 ], [ -8231311.801899999380112, 4975534.401900000870228 ], [ -8231309.7983, 4975526.76070000231266 ], [ -8231307.349199999123812, 4975519.266500003635883 ], [ -8231304.6776, 4975511.91950000077486 ], [ -8231301.560499999672174, 4975504.719200000166893 ], [ -8231298.1096, 4975497.519000001251698 ], [ -8231294.324899999424815, 4975490.465599998831749 ], [ -8231290.205800000578165, 4975483.559399999678135 ], [ -8231285.6418999992311, 4975476.800200000405312 ], [ -8231175.65819999948144, 4975325.597000002861023 ], [ -8231163.07909999974072, 4975309.580399997532368 ], [ -8231150.277200000360608, 4975295.327200002968311 ], [ -8231136.919099999591708, 4975282.543399997055531 ], [ -8231123.115499999374151, 4975271.375900000333786 ], [ -8231108.866599999368191, 4975261.82490000128746 ], [ -8231094.061000000685453, 4975253.743199996650219 ], [ -8231078.698899999260902, 4975247.277800001204014 ], [ -8231060.586400000378489, 4975244.245999999344349 ], [ -8231042.002800000831485, 4975243.456299997866154 ], [ -8231021.869899999350309, 4975243.442699998617172 ], [ -8231004.830700000748038, 4975248.872400000691414 ], [ -8230993.212300000712276, 4975253.528300002217293 ], [ -8230975.395899999886751, 4975262.844300001859665 ], [ -8230960.679099999368191, 4975269.05290000140667 ], [ -8230949.835100000724196, 4975273.709600001573563 ] ] ] } },
{ "type": "Feature", "properties": { "id": 2000348.0, "name": "F", "objectid": 1215.0, "rt_symbol": "B", "url": "http://web.mta.info/nyct/service/", "Shape__Len": 1120.99768391 }, "geometry": { "type": "MultiLineString", "coordinates": [ [ [ -8231278.851299999281764, 4976153.93639999628067 ], [ -8231166.196000000461936, 4976077.227399997413158 ], [ -8231159.962099999189377, 4976073.112499997019768 ], [ -8231153.72829999960959, 4976068.850900001823902 ], [ -8231147.494400000199676, 4976064.442400000989437 ], [ -8231141.260500000789762, 4976060.180799998342991 ], [ -8231135.026499999687076, 4976055.772399999201298 ], [ -8231128.792600000277162, 4976051.510799996554852 ], [ -8231122.558800000697374, 4976047.102200001478195 ], [ -8231116.324899999424815, 4976042.693599998950958 ], [ -8231110.091, 4976038.284999996423721 ], [ -8231103.968399999663234, 4976033.876500003039837 ], [ -8231097.7346, 4976029.321099996566772 ], [ -8231091.611999999731779, 4976024.912600003182888 ], [ -8231085.489299999549985, 4976020.357199996709824 ], [ -8231079.255400000140071, 4976015.948399998247623 ], [ -8231073.13289999961853, 4976011.53999999910593 ], [ -8230594.681800000369549, 4975675.321999996900558 ], [ -8230585.245100000873208, 4975671.404899999499321 ], [ -8230575.6765, 4975667.82490000128746 ], [ -8230565.988099999725819, 4975664.585900001227856 ], [ -8230556.191800000146031, 4975661.692400000989437 ], [ -8230546.299900000914931, 4975659.147600002586842 ], [ -8230536.3246, 4975656.954899996519089 ], [ -8230526.278599999845028, 4975655.11710000038147 ], [ -8230516.1743, 4975653.636200003325939 ], [ -8230506.024000000208616, 4975652.514399997889996 ], [ -8230495.840600000694394, 4975651.752899996936321 ], [ -8230485.636900000274181, 4975651.352600000798702 ], [ -8230475.4254, 4975651.3141999989748 ], [ -8230465.218800000846386, 4975651.637599997222424 ], [ -8230455.030200000852346, 4975652.322400003671646 ], [ -8230444.871799999848008, 4975653.367799997329712 ], [ -8230434.7566, 4975654.77250000089407 ], [ -8230424.697000000625849, 4975656.534599997103214 ], [ -8230414.705800000578165, 4975658.652000002563 ], [ -8230404.795, 4975661.122100003063679 ], [ -8230394.977399999275804, 4975663.941799998283386 ], [ -8230385.26490000076592, 4975667.107600003480911 ], [ -8230375.670099999755621, 4975670.615699999034405 ], [ -8230366.2043999992311, 4975674.461300000548363 ], [ -8230356.879599999636412, 4975678.640100002288818 ], [ -8230347.707800000905991, 4975683.146600000560284 ], [ -8230338.699999999254942, 4975687.975299999117851 ], [ -8230321.2215, 4975698.574699997901917 ] ] ] } },
{ "type": "Feature", "properties": { "id": 2000169.0, "name": "7", "objectid": 1216.0, "rt_symbol": "7", "url": "http://web.mta.info/nyct/service/", "Shape__Len": 536.642716845 }, "geometry": { "type": "MultiLineString", "coordinates": [ [ [ -8232474.979399999603629, 4974452.808499999344349 ], [ -8232112.411699999123812, 4974359.0691 ], [ -8232108.626900000497699, 4974358.481499999761581 ], [ -8232104.842000000178814, 4974357.893700003623962 ], [ -8232101.057099999859929, 4974357.4529 ], [ -8232097.383500000461936, 4974357.012100003659725 ], [ -8232093.71000000089407, 4974356.718400001525879 ], [ -8232090.036399999633431, 4974356.57150000333786 ], [ -8232086.474300000816584, 4974356.57150000333786 ], [ -8232082.912100000306964, 4974356.57150000333786 ], [ -8232079.460999999195337, 4974356.865199998021126 ], [ -8232076.010199999436736, 4974357.159100003540516 ], [ -8232072.5592, 4974357.453100003302097 ], [ -8232069.2195999994874, 4974358.040700003504753 ], [ -8232065.880100000649691, 4974358.628499999642372 ], [ -8232062.651900000870228, 4974359.363099999725819 ], [ -8232059.535000000149012, 4974360.391599997878075 ], [ -8231955.673800000920892, 4974392.568199999630451 ] ] ] } },
{ "type": "Feature", "properties": { "id": 2000328.0, "name": "G", "objectid": 1217.0, "rt_symbol": "G", "url": "http://web.mta.info/nyct/service/", "Shape__Len": 2161.2322526500002 }, "geometry": { "type": "MultiLineString", "coordinates": [ [ [ -8232571.604599999263883, 4972796.487899996340275 ], [ -8232674.0186, 4973620.499600000679493 ], [ -8232675.799699999392033, 4973635.925700001418591 ], [ -8232677.580900000408292, 4973651.498599998652935 ], [ -8232679.1393, 4973667.218500003218651 ], [ -8232680.475099999457598, 4973682.79169999808073 ], [ -8232681.588199999183416, 4973698.511900000274181 ], [ -8232682.478700000792742, 4973714.084799997508526 ], [ -8232683.035299999639392, 4973729.804999999701977 ], [ -8232683.369599999859929, 4973745.378100000321865 ], [ -8232683.480699999257922, 4973761.098200000822544 ], [ -8232683.3695, 4973776.671400003135204 ], [ -8232683.035399999469519, 4973792.391500003635883 ], [ -8232682.478900000452995, 4973807.965000003576279 ], [ -8232681.588199999183416, 4973823.538099996745586 ], [ -8232680.475099999457598, 4973839.258400000631809 ], [ -8232679.1392, 4973854.831799998879433 ], [ -8232664.11119999922812, 4974042.889300003647804 ], [ -8232658.656500000506639, 4974072.420400001108646 ], [ -8232651.977299999445677, 4974101.070200003683567 ], [ -8232643.850999999791384, 4974128.691699996590614 ], [ -8232634.500199999660254, 4974155.431699998676777 ], [ -8232623.813400000333786, 4974181.290200002491474 ], [ -8232611.790899999439716, 4974206.267200000584126 ], [ -8232598.432499999180436, 4974230.215800002217293 ], [ -8232583.849600000306964, 4974253.282999999821186 ], [ -8232567.819700000807643, 4974275.321599997580051 ], [ -8232550.565199999138713, 4974296.625799998641014 ], [ -8232531.9748, 4974316.901399999856949 ], [ -8232512.04869999922812, 4974336.148599997162819 ], [ -8232490.897900000214577, 4974354.661200001835823 ], [ -8232468.300100000575185, 4974372.145599998533726 ], [ -8232444.811699999496341, 4974389.336000002920628 ], [ -8232045.620100000873208, 4974664.239600002765656 ] ] ] } },
{ "type": "Feature", "properties": { "id": 2000277.0, "name": "A", "objectid": 1219.0, "rt_symbol": "A", "url": "http://web.mta.info/nyct/service/", "Shape__Len": 838.47435553800005 }, "geometry": { "type": "MultiLineString", "coordinates": [ [ [ -8218446.274599999189377, 4951058.058200001716614 ], [ -8217915.169199999421835, 4951253.153899997472763 ], [ -8217903.14670000039041, 4951257.844400003552437 ], [ -8217891.346799999475479, 4951262.534999996423721 ], [ -8217879.658399999141693, 4951267.079099997878075 ], [ -8217868.192500000819564, 4951271.76969999819994 ], [ -8217856.949100000783801, 4951276.460100002586842 ], [ -8217845.705800000578165, 4951281.150700002908707 ], [ -8217834.796700000762939, 4951285.694700002670288 ], [ -8217823.99860000051558, 4951290.385300002992153 ], [ -8217813.311799999326468, 4951294.929099999368191 ], [ -8217802.847799999639392, 4951299.619599997997284 ], [ -8217792.495100000873208, 4951304.163800001144409 ], [ -8217782.3651, 4951308.854400001466274 ], [ -8217772.457499999552965, 4951313.398299999535084 ], [ -8217762.661599999293685, 4951318.088799998164177 ], [ -8217752.865299999713898, 4951322.632799997925758 ], [ -8217666.926699999719858, 4951365.581200003623962 ] ] ] } },
{ "type": "Feature", "properties": { "id": 2000265.0, "name": "S", "objectid": 1220.0, "rt_symbol": "L", "url": "http://web.mta.info/nyct/service/", "Shape__Len": 2350.9477095299999 }, "geometry": { "type": "MultiLineString", "coordinates": [ [ [ -8216427.161699999123812, 4952511.914700001478195 ], [ -8217120.9046, 4954645.155100002884865 ], [ -8217121.795199999585748, 4954648.234200000762939 ], [ -8217122.7971, 4954651.31360000371933 ], [ -8217123.687699999660254, 4954654.392800003290176 ], [ -8217124.689300000667572, 4954657.325300000607967 ], [ -8217125.691299999132752, 4954660.404600001871586 ], [ -8217126.582000000402331, 4954663.337300002574921 ], [ -8217127.583799999207258, 4954666.416599996387959 ], [ -8217128.474300000816584, 4954669.34910000115633 ], [ -8217129.476399999111891, 4954672.281800001859665 ], [ -8217130.367000000551343, 4954675.361000001430511 ], [ -8217131.257400000467896, 4954678.293700002133846 ], [ -8217132.147900000214577, 4954681.226199999451637 ], [ -8217133.038499999791384, 4954684.012199997901917 ], [ -8217133.928999999538064, 4954686.944799996912479 ], [ -8217134.819499999284744, 4954689.877300001680851 ], [ -8217138.159099999815226, 4954701.3147 ], [ -8217141.4989, 4954713.045199997723103 ], [ -8217144.727099999785423, 4954724.775700002908707 ], [ -8217147.955199999734759, 4954736.506300002336502 ], [ -8217151.183399999514222, 4954748.530100002884865 ] ] ] } },
{ "type": "Feature", "properties": { "id": 2000376.0, "name": "J-Z", "objectid": 1221.0, "rt_symbol": "J", "url": "http://web.mta.info/nyct/service/", "Shape__Len": 1194.60354897 }, "geometry": { "type": "MultiLineString", "coordinates": [ [ [ -8223592.129200000315905, 4965724.509499996900558 ], [ -8223473.6853, 4965768.988799996674061 ], [ -8223466.560699999332428, 4965772.365099996328354 ], [ -8223459.993100000545382, 4965776.181800000369549 ], [ -8223453.981799999251962, 4965780.292099997401237 ], [ -8223448.638599999248981, 4965784.842699997127056 ], [ -8223443.962899999693036, 4965789.686999998986721 ], [ -8223439.844100000336766, 4965794.971799999475479 ], [ -8223436.281999999657273, 4965800.549999997019768 ], [ -8223433.387599999085069, 4965806.56870000064373 ], [ -8223431.050100000575185, 4965812.88120000064373 ], [ -8223429.268899999558926, 4965819.487000003457069 ], [ -8223428.1557, 4965826.679999999701977 ], [ -8223427.598999999463558, 4965834.020000003278255 ], [ -8223427.7105, 4965841.800399996340275 ], [ -8223428.378399999812245, 4965850.021099999547005 ], [ -8223429.714199999347329, 4965858.535400003194809 ], [ -8223514.0943, 4966209.0962999984622 ], [ -8223516.098099999129772, 4966217.464100003242493 ], [ -8223518.101700000464916, 4966225.685099996626377 ], [ -8223520.105499999597669, 4966233.759099997580051 ], [ -8223521.997899999842048, 4966241.539899997413158 ], [ -8223523.8904, 4966249.320600003004074 ], [ -8223525.782800000160933, 4966256.954499997198582 ], [ -8223527.675300000235438, 4966264.294699996709824 ], [ -8223529.456399999558926, 4966271.634800001978874 ], [ -8223531.237400000914931, 4966278.681500002741814 ], [ -8223533.018500000238419, 4966285.581299997866154 ], [ -8223534.799699999392033, 4966292.334499999880791 ], [ -8223536.4695999994874, 4966298.940600000321865 ], [ -8223538.139399999752641, 4966305.399899996817112 ], [ -8223539.809100000187755, 4966311.712700001895428 ], [ -8223541.478800000622869, 4966317.8783999979496 ], [ -8223601.146199999377131, 4966545.135600000619888 ], [ -8223603.706499999389052, 4966554.384800001978874 ], [ -8223605.598799999803305, 4966563.193400003015995 ], [ -8223606.823400000110269, 4966571.854999996721745 ], [ -8223607.380100000649691, 4966580.076300002634525 ], [ -8223607.268699999898672, 4966588.004000000655651 ], [ -8223606.48960000090301, 4966595.6382 ], [ -8223605.042300000786781, 4966602.97860000282526 ], [ -8223602.92710000090301, 4966610.0253000035882 ], [ -8223600.0329, 4966616.631999999284744 ], [ -8223596.582100000232458, 4966623.091399997472763 ], [ -8223592.35190000012517, 4966629.110600002110004 ], [ -8223587.565099999308586, 4966634.836199998855591 ], [ -8223581.999199999496341, 4966640.268200002610683 ], [ -8223575.876599999144673, 4966645.406700000166893 ], [ -8223569.085999999195337, 4966650.398299999535084 ], [ -8223454.649700000882149, 4966714.994999997317791 ] ] ] } },
{ "type": "Feature", "properties": { "id": 2000378.0, "name": "J-Z", "objectid": 1222.0, "rt_symbol": "J", "url": "http://web.mta.info/nyct/service/", "Shape__Len": 810.35732761199995 }, "geometry": { "type": "MultiLineString", "coordinates": [ [ [ -8222852.299799999222159, 4966918.037000000476837 ], [ -8222778.6064, 4966933.159000001847744 ], [ -8222772.372500000521541, 4966934.333499997854233 ], [ -8222766.138499999418855, 4966935.654700003564358 ], [ -8222760.016000000759959, 4966936.829300001263618 ], [ -8222753.893500000238419, 4966938.150600001215935 ], [ -8222747.99349999986589, 4966939.471799999475479 ], [ -8222741.982200000435114, 4966940.646499998867512 ], [ -8222736.193600000813603, 4966941.9679000005126 ], [ -8222730.405099999159575, 4966943.142399996519089 ], [ -8222724.727700000628829, 4966944.463600002229214 ], [ -8222719.16190000064671, 4966945.784999996423721 ], [ -8222713.595799999311566, 4966946.959499999880791 ], [ -8222708.141200000420213, 4966948.280900001525879 ], [ -8222702.686499999836087, 4966949.602300003170967 ], [ -8222697.343100000172853, 4966950.776699997484684 ], [ -8222692.11119999922812, 4966952.098099999129772 ], [ -8222371.399700000882149, 4967023.450199998915195 ], [ -8222365.165699999779463, 4967024.918600000441074 ], [ -8222358.820599999278784, 4967026.239900000393391 ], [ -8222352.58669999986887, 4967027.708099998533726 ], [ -8222346.352700000628829, 4967029.029399998486042 ], [ -8222340.00760000012815, 4967030.497599996626377 ], [ -8222333.773800000548363, 4967031.818899996578693 ], [ -8222327.42850000038743, 4967033.140299998223782 ], [ -8222321.194700000807643, 4967034.314599998295307 ], [ -8222314.849300000816584, 4967035.636100001633167 ], [ -8222308.504200000315905, 4967036.957299999892712 ], [ -8222302.270500000566244, 4967038.131999999284744 ], [ -8222295.925100000575185, 4967039.306599996984005 ], [ -8222289.579900000244379, 4967040.481200002133846 ], [ -8222283.2347, 4967041.655500002205372 ], [ -8222276.889499999582767, 4967042.829899996519089 ], [ -8222058.703299999237061, 4967081.14919999986887 ] ] ] } },
{ "type": "Feature", "properties": { "id": 2000095.0, "name": "3", "objectid": 1223.0, "rt_symbol": "1", "url": "http://web.mta.info/nyct/service/", "Shape__Len": 737.22356853600002 }, "geometry": { "type": "MultiLineString", "coordinates": [ [ [ -8226782.7686, 4962836.128499999642372 ], [ -8227506.233899999409914, 4962694.3662 ] ] ] } },
{ "type": "Feature", "properties": { "id": 2000534.0, "name": "L", "objectid": 1224.0, "rt_symbol": "L", "url": "http://web.mta.info/nyct/service/", "Shape__Len": 632.40252911699997 }, "geometry": { "type": "MultiLineString", "coordinates": [ [ [ -8226716.310699999332428, 4960362.037100002169609 ], [ -8226453.040100000798702, 4960937.034100003540516 ] ] ] } },
{ "type": "Feature", "properties": { "id": 2000093.0, "name": "3", "objectid": 1225.0, "rt_symbol": "1", "url": "http://web.mta.info/nyct/service/", "Shape__Len": 934.962415115 }, "geometry": { "type": "MultiLineString", "coordinates": [ [ [ -8228327.88289999961853, 4962533.528399996459484 ], [ -8228473.26630000025034, 4962504.765699997544289 ], [ -8228518.127900000661612, 4962496.547700002789497 ], [ -8228541.393799999728799, 4962496.107600003480911 ], [ -8228562.878399999812245, 4962499.6294 ], [ -8228582.470599999651313, 4962506.67339999973774 ], [ -8228601.95160000026226, 4962517.679399996995926 ], [ -8228620.764699999243021, 4962533.087999999523163 ], [ -8228635.904100000858307, 4962551.138300001621246 ], [ -8229027.303400000557303, 4963012.527500003576279 ] ] ] } },
{ "type": "Feature", "properties": { "id": 2000094.0, "name": "3", "objectid": 1226.0, "rt_symbol": "1", "url": "http://web.mta.info/nyct/service/", "Shape__Len": 837.24302153600001 }, "geometry": { "type": "MultiLineString", "coordinates": [ [ [ -8227506.233899999409914, 4962694.3662 ], [ -8228327.88289999961853, 4962533.528399996459484 ] ] ] } },
{ "type": "Feature", "properties": { "id": 2000096.0, "name": "3", "objectid": 1227.0, "rt_symbol": "1", "url": "http://web.mta.info/nyct/service/", "Shape__Len": 856.60207941099998 }, "geometry": { "type": "MultiLineString", "coordinates": [ [ [ -8225942.083599999547005, 4963000.493500001728535 ], [ -8226782.7686, 4962836.128499999642372 ] ] ] } },
{ "type": "Feature", "properties": { "id": 2000532.0, "name": "L", "objectid": 1228.0, "rt_symbol": "L", "url": "http://web.mta.info/nyct/service/", "Shape__Len": 792.64166079300003 }, "geometry": { "type": "MultiLineString", "coordinates": [ [ [ -8226424.876299999654293, 4962134.380400002002716 ], [ -8226573.9331, 4962912.880800001323223 ] ] ] } },
{ "type": "Feature", "properties": { "id": 2000533.0, "name": "L", "objectid": 1229.0, "rt_symbol": "L", "url": "http://web.mta.info/nyct/service/", "Shape__Len": 1244.15847964 }, "geometry": { "type": "MultiLineString", "coordinates": [ [ [ -8226453.040100000798702, 4960937.034100003540516 ], [ -8226318.677500000223517, 4961229.754100002348423 ], [ -8226312.443600000813603, 4961245.454099997878075 ], [ -8226306.877499999478459, 4961261.007399998605251 ], [ -8226301.979699999094009, 4961276.854099996387959 ], [ -8226297.8608, 4961292.700900003314018 ], [ -8226294.298499999567866, 4961308.694499999284744 ], [ -8226291.40430000051856, 4961324.981700003147125 ], [ -8226289.289100000634789, 4961341.26860000193119 ], [ -8226287.730900000780821, 4961357.702600002288818 ], [ -8226286.840199999511242, 4961374.283299997448921 ], [ -8226286.728800000622869, 4961391.157499998807907 ], [ -8226287.174100000411272, 4961408.031499996781349 ], [ -8226288.398600000888109, 4961425.052400000393391 ], [ -8226290.29109999909997, 4961442.219999998807907 ], [ -8226292.7401, 4961459.534500002861023 ], [ -8226295.968399999663234, 4961476.848899997770786 ], [ -8226424.876299999654293, 4962134.380400002002716 ] ] ] } },
{ "type": "Feature", "properties": { "id": 2000248.0, "name": "A-C", "objectid": 1230.0, "rt_symbol": "A", "url": "http://web.mta.info/nyct/service/", "Shape__Len": 739.17042801599996 }, "geometry": { "type": "MultiLineString", "coordinates": [ [ [ -8227102.144099999219179, 4965011.104500003159046 ], [ -8227400.591700000688434, 4964995.398500002920628 ], [ -8227415.731100000441074, 4964994.517899997532368 ], [ -8227430.981899999082088, 4964993.930699996650219 ], [ -8227446.009999999776483, 4964993.343599997460842 ], [ -8227460.926799999549985, 4964993.049999997019768 ], [ -8227475.843699999153614, 4964992.756300002336502 ], [ -8227490.537900000810623, 4964992.462899997830391 ], [ -8227505.1206, 4964992.462899997830391 ], [ -8227519.592199999839067, 4964992.4628000035882 ], [ -8227533.95240000076592, 4964992.609700001776218 ], [ -8227548.20130000077188, 4964992.903300002217293 ], [ -8227562.22749999910593, 4964993.343599997460842 ], [ -8227576.253799999132752, 4964993.784100003540516 ], [ -8227590.1689, 4964994.371100001037121 ], [ -8227603.861099999397993, 4964995.105099998414516 ], [ -8227617.55320000089705, 4964995.985799998044968 ], [ -8227840.192399999126792, 4965011.985399998724461 ] ] ] } },
{ "type": "Feature", "properties": { "id": 2000528.0, "name": "L", "objectid": 1231.0, "rt_symbol": "L", "url": "http://web.mta.info/nyct/service/", "Shape__Len": 630.43511994599999 }, "geometry": { "type": "MultiLineString", "coordinates": [ [ [ -8226871.0449, 4965087.727099999785423 ], [ -8226938.504499999806285, 4965367.800599999725819 ], [ -8226942.400399999693036, 4965379.250100001692772 ], [ -8226946.519300000742078, 4965390.553099997341633 ], [ -8226950.860999999567866, 4965401.709299996495247 ], [ -8226955.424900000914931, 4965412.718599997460842 ], [ -8226960.100299999117851, 4965423.58110000193119 ], [ -8226964.998400000855327, 4965434.150200001895428 ], [ -8226970.119100000709295, 4965444.719200000166893 ], [ -8226975.462400000542402, 4965454.994800001382828 ], [ -8226981.0285, 4965465.123400002717972 ], [ -8226986.705900000408292, 4965475.105400003492832 ], [ -8226992.717000000178814, 4965484.940499998629093 ], [ -8226998.839700000360608, 4965494.48200000077486 ], [ -8227005.184900000691414, 4965504.023400001227856 ], [ -8227011.64130000025034, 4965513.27139999717474 ], [ -8227018.431900000199676, 4965522.372699998319149 ], [ -8227022.995899999514222, 4965528.391199998557568 ], [ -8227027.671299999579787, 4965534.703299999237061 ], [ -8227032.458100000396371, 4965541.749499998986721 ], [ -8227037.244799999520183, 4965549.235799998044968 ], [ -8227042.14299999922514, 4965557.456399999558926 ], [ -8227047.04079999960959, 4965566.117200002074242 ], [ -8227052.050300000235438, 4965575.512100003659725 ], [ -8227057.171, 4965585.34740000218153 ], [ -8227062.2917, 4965595.916500002145767 ], [ -8227067.523700000718236, 4965606.92620000243187 ], [ -8227072.86710000038147, 4965618.522900000214577 ], [ -8227078.210400000214577, 4965630.706900000572205 ], [ -8227083.665200000628829, 4965643.624799996614456 ], [ -8227089.119799999520183, 4965656.98309999704361 ], [ -8227094.685599999502301, 4965670.928800001740456 ] ] ] } },
{ "type": "Feature", "properties": { "id": 2000370.0, "name": "J-Z", "objectid": 1232.0, "rt_symbol": "J", "url": "http://web.mta.info/nyct/service/", "Shape__Len": 828.36367780800003 }, "geometry": { "type": "MultiLineString", "coordinates": [ [ [ -8227674.326400000602007, 4965680.323700003325939 ], [ -8227012.643100000917912, 4965181.964800000190735 ] ] ] } },
{ "type": "Feature", "properties": { "id": 2000247.0, "name": "A-C", "objectid": 1233.0, "rt_symbol": "A", "url": "http://web.mta.info/nyct/service/", "Shape__Len": 986.60421196300001 }, "geometry": { "type": "MultiLineString", "coordinates": [ [ [ -8227840.192399999126792, 4965011.985399998724461 ], [ -8228824.25650000013411, 4965082.73650000244379 ] ] ] } },
{ "type": "Feature", "properties": { "id": 2000369.0, "name": "J-Z", "objectid": 1234.0, "rt_symbol": "J", "url": "http://web.mta.info/nyct/service/", "Shape__Len": 849.75977505799995 }, "geometry": { "type": "MultiLineString", "coordinates": [ [ [ -8228353.709100000560284, 4966190.745899997651577 ], [ -8227674.326400000602007, 4965680.323700003325939 ] ] ] } },
{ "type": "Feature", "properties": { "id": 2000368.0, "name": "J-Z", "objectid": 1235.0, "rt_symbol": "J", "url": "http://web.mta.info/nyct/service/", "Shape__Len": 795.75229656299996 }, "geometry": { "type": "MultiLineString", "coordinates": [ [ [ -8228989.454700000584126, 4966669.336800001561642 ], [ -8228353.709100000560284, 4966190.745899997651577 ] ] ] } },
{ "type": "Feature", "properties": { "id": 2000371.0, "name": "J-Z", "objectid": 1236.0, "rt_symbol": "J", "url": "http://web.mta.info/nyct/service/", "Shape__Len": 785.10094415900005 }, "geometry": { "type": "MultiLineString", "coordinates": [ [ [ -8227012.643100000917912, 4965181.964800000190735 ], [ -8226541.761700000613928, 4964815.881399996578693 ], [ -8226536.641000000759959, 4964812.064999997615814 ], [ -8226531.409, 4964808.542300000786781 ], [ -8226526.17710000090301, 4964805.46000000089407 ], [ -8226520.944900000467896, 4964802.67119999974966 ], [ -8226515.601600000634789, 4964800.175899997353554 ], [ -8226510.258400000631809, 4964798.120800003409386 ], [ -8226504.91499999910593, 4964796.359300002455711 ], [ -8226499.571699999272823, 4964794.891599997878075 ], [ -8226494.117000000551343, 4964793.864100001752377 ], [ -8226488.773600000888109, 4964793.130199998617172 ], [ -8226483.31900000013411, 4964792.83669999986887 ], [ -8226477.864499999210238, 4964792.83669999986887 ], [ -8226472.298499999567866, 4964793.130199998617172 ], [ -8226466.843800000846386, 4964793.717500001192093 ], [ -8226461.277799999341369, 4964794.745099999010563 ], [ -8226360.533700000494719, 4964814.120200000703335 ] ] ] } },
{ "type": "Feature", "properties": { "id": 2000275.0, "name": "A", "objectid": 1237.0, "rt_symbol": "A", "url": "http://web.mta.info/nyct/service/", "Shape__Len": 976.38102302699997 }, "geometry": { "type": "MultiLineString", "coordinates": [ [ [ -8216896.92989999987185, 4951765.316799998283386 ], [ -8216730.1733, 4951852.243500001728535 ], [ -8216715.033700000494719, 4951860.74549999833107 ], [ -8216700.228399999439716, 4951869.54110000282526 ], [ -8216685.756699999794364, 4951878.629299998283386 ], [ -8216671.619100000709295, 4951888.011200003325939 ], [ -8216657.704199999570847, 4951897.832599997520447 ], [ -8216644.23450000025332, 4951908.093999996781349 ], [ -8216630.987500000745058, 4951918.501599997282028 ], [ -8216617.963199999183416, 4951929.349500000476837 ], [ -8216605.27280000038445, 4951940.636799998581409 ], [ -8216592.916400000452995, 4951952.217600002884865 ], [ -8216580.893799999728799, 4951964.091099999845028 ], [ -8216569.205199999734759, 4951976.404600001871586 ], [ -8216557.739399999380112, 4951989.011600002646446 ], [ -8216546.496099999174476, 4952002.0581 ], [ -8216535.58669999986887, 4952015.544600002467632 ], [ -8216521.390900000929832, 4952035.122299998998642 ], [ -8216507.893999999389052, 4952055.192400000989437 ], [ -8216495.113399999216199, 4952075.729400001466274 ], [ -8216483.064899999648333, 4952096.707900002598763 ], [ -8216471.763699999079108, 4952118.101300001144409 ], [ -8216461.224099999293685, 4952139.883000001311302 ], [ -8216451.45890000090003, 4952162.025799997150898 ], [ -8216442.480699999257922, 4952184.501500003039837 ], [ -8216434.300599999725819, 4952207.282300002872944 ], [ -8216426.92879999987781, 4952230.339699998497963 ], [ -8216420.374900000169873, 4952253.644500002264977 ], [ -8216414.646800000220537, 4952277.16780000180006 ], [ -8216409.751499999314547, 4952300.880000002682209 ], [ -8216405.695499999448657, 4952324.751199997961521 ], [ -8216402.483799999579787, 4952348.7516999989748 ], [ -8216400.1206, 4952372.851499997079372 ], [ -8216398.60840000025928, 4952397.020099997520447 ], [ -8216397.949699999764562, 4952421.227300003170967 ], [ -8216398.144899999722838, 4952445.442900002002716 ], [ -8216399.193900000303984, 4952469.63629999756813 ], [ -8216403.846599999815226, 4952517.836000002920628 ] ] ] } },
{ "type": "Feature", "properties": { "id": 2000267.0, "name": "A", "objectid": 1238.0, "rt_symbol": "A", "url": "http://web.mta.info/nyct/service/", "Shape__Len": 1561.6393213900001 }, "geometry": { "type": "MultiLineString", "coordinates": [ [ [ -8215036.001900000497699, 4952189.403099998831749 ], [ -8215682.6568, 4952084.882299996912479 ], [ -8215696.57179999910295, 4952082.683499999344349 ], [ -8215710.932099999859929, 4952081.217600002884865 ], [ -8215725.514799999073148, 4952080.191399998962879 ], [ -8215740.431500000879169, 4952079.751599997282028 ], [ -8215755.571100000292063, 4952079.751800000667572 ], [ -8215770.9331, 4952080.191600002348423 ], [ -8215786.629200000315905, 4952081.217600002884865 ], [ -8215802.547800000756979, 4952082.829899996519089 ], [ -8215818.689200000837445, 4952084.735699996352196 ], [ -8215835.1645, 4952087.227799996733665 ], [ -8215851.973799999803305, 4952090.306199997663498 ], [ -8215868.894300000742078, 4952093.824500001966953 ], [ -8215886.259999999776483, 4952097.782499998807907 ], [ -8215903.737400000914931, 4952102.326700001955032 ], [ -8215921.325899999588728, 4952107.310900002717972 ], [ -8216083.2956000007689, 4952158.031999997794628 ], [ -8216102.584300000220537, 4952167.523699998855591 ], [ -8216121.529899999499321, 4952177.687600001692772 ], [ -8216140.109300000593066, 4952188.511399999260902 ], [ -8216158.299699999392033, 4952199.98200000077486 ], [ -8216176.078700000420213, 4952212.08500000089407 ], [ -8216193.424699999392033, 4952224.805600002408028 ], [ -8216210.316199999302626, 4952238.128700003027916 ], [ -8216226.732799999415874, 4952252.0371999964118 ], [ -8216242.653599999845028, 4952266.514399997889996 ], [ -8216258.060000000521541, 4952281.542499996721745 ], [ -8216272.932499999180436, 4952297.103100001811981 ], [ -8216287.253000000491738, 4952313.177199997007847 ], [ -8216301.004100000485778, 4952329.744800001382828 ], [ -8216314.168800000101328, 4952346.785899996757507 ], [ -8216326.730599999427795, 4952364.279500000178814 ], [ -8216338.674799999222159, 4952382.203900001943111 ], [ -8216349.985999999567866, 4952400.537600003182888 ], [ -8216360.65059999935329, 4952419.257399998605251 ], [ -8216370.655799999833107, 4952438.340999998152256 ], [ -8216379.988900000229478, 4952457.764700002968311 ], [ -8216388.63880000077188, 4952477.5044 ], [ -8216403.846599999815226, 4952517.836000002920628 ] ] ] } },
{ "type": "Feature", "properties": { "id": 2000271.0, "name": "A", "objectid": 1239.0, "rt_symbol": "A", "url": "http://web.mta.info/nyct/service/", "Shape__Len": 1029.4769543899999 }, "geometry": { "type": "MultiLineString", "coordinates": [ [ [ -8211076.256300000473857, 4953529.214400000870228 ], [ -8211153.957299999892712, 4953410.604599997401237 ], [ -8211159.523199999704957, 4953402.834200002253056 ], [ -8211165.311799999326468, 4953394.917199999094009 ], [ -8211171.211799999698997, 4953387.146899998188019 ], [ -8211177.445800000801682, 4953379.522900000214577 ], [ -8211183.790899999439716, 4953372.045800000429153 ], [ -8211190.247400000691414, 4953364.568800002336502 ], [ -8211197.03800000064075, 4953357.237999998033047 ], [ -8211203.9397, 4953349.907399997115135 ], [ -8211211.064200000837445, 4953342.870200000703335 ], [ -8211218.411299999803305, 4953335.832699999213219 ], [ -8211225.980900000780821, 4953328.79559999704361 ], [ -8211233.662000000476837, 4953322.051299996674061 ], [ -8211241.565899999812245, 4953315.307499997317791 ], [ -8211249.692099999636412, 4953308.709799997508526 ], [ -8211258.152300000190735, 4953302.259099997580051 ], [ -8211835.677899999544024, 4952844.845499999821186 ] ] ] } },
{ "type": "Feature", "properties": { "id": 2000269.0, "name": "A", "objectid": 1240.0, "rt_symbol": "A", "url": "http://web.mta.info/nyct/service/", "Shape__Len": 1401.4728162599999 }, "geometry": { "type": "MultiLineString", "coordinates": [ [ [ -8212708.199999999254942, 4952484.940399996936321 ], [ -8213503.68889999948442, 4952379.243699997663498 ], [ -8213522.724700000137091, 4952376.898199997842312 ], [ -8213541.6491, 4952374.845899999141693 ], [ -8213560.35080000013113, 4952372.940099999308586 ], [ -8213579.052400000393391, 4952371.474200002849102 ], [ -8213597.754100000485778, 4952370.301299996674061 ], [ -8213616.2331000007689, 4952369.421800002455711 ], [ -8213634.712200000882149, 4952368.689000003039837 ], [ -8213653.191199999302626, 4952368.395499996840954 ], [ -8213671.447599999606609, 4952368.395599998533726 ], [ -8213689.70409999974072, 4952368.542199999094009 ], [ -8213707.849199999123812, 4952369.128600001335144 ], [ -8213725.994100000709295, 4952369.86150000244379 ], [ -8213743.916600000113249, 4952371.034299999475479 ], [ -8213761.950200000777841, 4952372.500200003385544 ], [ -8213779.6502, 4952374.112899996340275 ], [ -8213963.216099999845028, 4952393.610100001096725 ], [ -8213971.564899999648333, 4952394.490000002086163 ], [ -8213980.136499999091029, 4952395.222699999809265 ], [ -8213988.819299999624491, 4952396.10249999910593 ], [ -8213997.613700000569224, 4952396.688699997961521 ], [ -8214006.519300000742078, 4952397.421899996697903 ], [ -8214015.424799999222159, 4952398.008199997246265 ], [ -8214024.552999999374151, 4952398.5945999994874 ], [ -8214033.681099999696016, 4952399.1809 ], [ -8214043.0320999994874, 4952399.620800003409386 ], [ -8214052.382799999788404, 4952400.060400001704693 ], [ -8214061.845100000500679, 4952400.500299997627735 ], [ -8214071.418400000780821, 4952400.793600000441074 ], [ -8214081.103199999779463, 4952401.08669999986887 ], [ -8214090.899399999529123, 4952401.379900000989437 ], [ -8214100.695599999278784, 4952401.526399999856949 ] ] ] } },
{ "type": "Feature", "properties": { "id": 2000270.0, "name": "A", "objectid": 1241.0, "rt_symbol": "A", "url": "http://web.mta.info/nyct/service/", "Shape__Len": 971.55072767900003 }, "geometry": { "type": "MultiLineString", "coordinates": [ [ [ -8211835.677899999544024, 4952844.845499999821186 ], [ -8212083.920299999415874, 4952647.665799997746944 ], [ -8212098.948699999600649, 4952636.084299996495247 ], [ -8212114.421800000593066, 4952624.9425999969244 ], [ -8212130.229299999773502, 4952614.38740000128746 ], [ -8212146.3706, 4952604.418700002133846 ], [ -8212162.957000000402331, 4952595.036300003528595 ], [ -8212179.989199999719858, 4952586.240299999713898 ], [ -8212197.354900000616908, 4952578.030799999833107 ], [ -8212215.054700000211596, 4952570.260799996554852 ], [ -8212233.199699999764562, 4952563.224200002849102 ], [ -8212251.78999999910593, 4952556.627300001680851 ], [ -8212270.603000000119209, 4952550.763300001621246 ], [ -8212289.972799999639392, 4952545.339000001549721 ], [ -8212309.676300000399351, 4952540.501400001347065 ], [ -8212329.713700000196695, 4952536.249899998307228 ], [ -8212350.08530000038445, 4952532.731499999761581 ], [ -8212708.199999999254942, 4952484.940399996936321 ] ] ] } },
{ "type": "Feature", "properties": { "id": 2000312.0, "name": "F", "objectid": 1242.0, "rt_symbol": "B", "url": "http://web.mta.info/nyct/service/", "Shape__Len": 1147.0483761600001 }, "geometry": { "type": "MultiLineString", "coordinates": [ [ [ -8214666.421299999579787, 4969729.348499998450279 ], [ -8214357.39809999987483, 4969879.58389999717474 ], [ -8214338.808000000193715, 4969888.689099997282028 ], [ -8214319.883600000292063, 4969897.206900000572205 ], [ -8214300.51410000026226, 4969904.99040000140667 ], [ -8214280.810399999842048, 4969912.33330000191927 ], [ -8214260.884400000795722, 4969919.089000001549721 ], [ -8214240.513000000268221, 4969925.110299997031689 ], [ -8214219.696100000292063, 4969930.690800003707409 ], [ -8214198.6568, 4969935.537100002169609 ], [ -8214177.1722, 4969939.943000003695488 ], [ -8214155.464800000190735, 4969943.614399999380112 ], [ -8214133.31220000050962, 4969946.698600001633167 ], [ -8214110.714299999177456, 4969949.195299997925758 ], [ -8214087.893899999558926, 4969951.104299999773502 ], [ -8214064.739499999210238, 4969952.425999999046326 ], [ -8214041.473500000312924, 4969953.160400003194809 ], [ -8213877.277300000190735, 4969969.021300002932549 ], [ -8213867.7039, 4969970.196099996566772 ], [ -8213858.130300000309944, 4969971.517899997532368 ], [ -8213848.556900000199676, 4969973.133400000631809 ], [ -8213839.094799999147654, 4969974.748800002038479 ], [ -8213829.63260000012815, 4969976.364500001072884 ], [ -8213820.281700000166893, 4969978.126599997282028 ], [ -8213810.93099999986589, 4969980.035899996757507 ], [ -8213801.5801, 4969982.092000000178814 ], [ -8213792.451999999582767, 4969984.147900000214577 ], [ -8213783.212300000712276, 4969986.35080000013113 ], [ -8213774.08420000039041, 4969988.700499996542931 ], [ -8213765.067199999466538, 4969991.050300002098083 ], [ -8213756.050499999895692, 4969993.546999998390675 ], [ -8213747.144799999892712, 4969996.190499998629093 ], [ -8213738.350600000470877, 4969998.833999998867512 ], [ -8213576.937400000169873, 4970048.913500003516674 ] ] ] } },
{ "type": "Feature", "properties": { "id": 2000254.0, "name": "A", "objectid": 1243.0, "rt_symbol": "A", "url": "http://web.mta.info/nyct/service/", "Shape__Len": 781.29676980399995 }, "geometry": { "type": "MultiLineString", "coordinates": [ [ [ -8221945.380100000649691, 4965163.322700001299381 ], [ -8222095.661399999633431, 4965150.992600001394749 ], [ -8222099.001000000163913, 4965150.69879999756813 ], [ -8222102.340500000864267, 4965150.4054000005126 ], [ -8222105.68019999936223, 4965150.1118 ], [ -8222109.0197, 4965149.671400003135204 ], [ -8222112.359200000762939, 4965149.230899997055531 ], [ -8222115.698799999430776, 4965148.643700003623962 ], [ -8222119.03830000013113, 4965148.056699998676777 ], [ -8222122.377900000661612, 4965147.469400003552437 ], [ -8222125.717700000852346, 4965146.735500000417233 ], [ -8222129.057199999690056, 4965146.001500003039837 ], [ -8222132.508099999278784, 4965145.267700001597404 ], [ -8222135.847699999809265, 4965144.386900000274181 ], [ -8222139.187300000339746, 4965143.506300002336502 ], [ -8222142.638299999758601, 4965142.625399999320507 ], [ -8222145.977700000628829, 4965141.597999997437 ], [ -8222265.86879999935627, 4965099.32320000231266 ], [ -8222274.32909999974072, 4965095.947300001978874 ], [ -8222282.7895, 4965092.4243 ], [ -8222291.027200000360608, 4965088.607699997723103 ], [ -8222299.264599999412894, 4965084.791500002145767 ], [ -8222307.391100000590086, 4965080.681400001049042 ], [ -8222315.294600000604987, 4965076.424400001764297 ], [ -8222323.198400000110269, 4965072.020999997854233 ], [ -8222330.99070000089705, 4965067.470600001513958 ], [ -8222338.671800000593066, 4965062.773400001227856 ], [ -8222346.130300000309944, 4965057.929300002753735 ], [ -8222353.588600000366569, 4965052.791799999773502 ], [ -8222360.935699999332428, 4965047.65429999679327 ], [ -8222368.171399999409914, 4965042.223300002515316 ], [ -8222375.296, 4965036.645400002598763 ], [ -8222382.309000000357628, 4965030.920699998736382 ], [ -8222619.753499999642372, 4964821.752899996936321 ] ] ] } },
{ "type": "Feature", "properties": { "id": 2000185.0, "name": "7", "objectid": 1244.0, "rt_symbol": "7", "url": "http://web.mta.info/nyct/service/", "Shape__Len": 868.03261827100005 }, "geometry": { "type": "MultiLineString", "coordinates": [ [ [ -8222358.152799999341369, 4975516.474899999797344 ], [ -8222237.371099999174476, 4975533.520199999213219 ], [ -8222226.9070999994874, 4975535.136500000953674 ], [ -8222216.554400000721216, 4975536.899800002574921 ], [ -8222206.535499999299645, 4975538.810099996626377 ], [ -8222196.628100000321865, 4975540.720200002193451 ], [ -8222186.943299999460578, 4975542.924500003457069 ], [ -8222177.592499999329448, 4975544.981799997389317 ], [ -8222168.353000000119209, 4975547.332999996840954 ], [ -8222159.336100000888109, 4975549.6841000020504 ], [ -8222150.541899999603629, 4975552.182099997997284 ], [ -8222141.970300000160933, 4975554.827100001275539 ], [ -8222133.510099999606609, 4975557.472099997103214 ], [ -8222125.383600000292063, 4975560.264200001955032 ], [ -8222117.479900000616908, 4975563.202799998223782 ], [ -8222109.687599999830127, 4975566.288800001144409 ], [ -8222102.2292, 4975569.374600000679493 ], [ -8221538.1733, 4975790.528300002217293 ] ] ] } },
{ "type": "Feature", "properties": { "id": 2000289.0, "name": "G", "objectid": 1245.0, "rt_symbol": "G", "url": "http://web.mta.info/nyct/service/", "Shape__Len": 737.18189406800002 }, "geometry": { "type": "MultiLineString", "coordinates": [ [ [ -8232045.620100000873208, 4974664.239600002765656 ], [ -8232031.816400000825524, 4974673.64299999922514 ], [ -8232018.124199999496341, 4974683.193599998950958 ], [ -8232004.431800000369549, 4974692.303300000727177 ], [ -8231990.8509, 4974701.413099996745586 ], [ -8231977.269799999892712, 4974710.229000002145767 ], [ -8231963.911399999633431, 4974719.0449 ], [ -8231950.55320000089705, 4974727.566799998283386 ], [ -8231937.194900000467896, 4974735.7949 ], [ -8231924.059100000187755, 4974744.023199997842312 ], [ -8231910.92339999973774, 4974751.957400001585484 ], [ -8231897.787599999457598, 4974759.744800001382828 ], [ -8231884.874800000339746, 4974767.238499999046326 ], [ -8231871.96169999986887, 4974774.731899999082088 ], [ -8231859.159700000658631, 4974781.931800000369549 ], [ -8231846.358200000599027, 4974788.984300002455711 ], [ -8231387.899399999529123, 4974993.423600003123283 ] ] ] } },
{ "type": "Feature", "properties": { "id": 2000535.0, "name": "A", "objectid": 1246.0, "rt_symbol": "A", "url": "http://web.mta.info/nyct/service/", "Shape__Len": 496.76743313399999 }, "geometry": { "type": "MultiLineString", "coordinates": [ [ [ -8216083.2956000007689, 4952158.031999997794628 ], [ -8216102.651399999856949, 4952167.548500001430511 ], [ -8216121.661599999293685, 4952177.742700003087521 ], [ -8216140.302500000223517, 4952188.602099999785423 ], [ -8216158.5515, 4952200.113200001418591 ], [ -8216176.385600000619888, 4952212.262000001966953 ], [ -8216193.7829, 4952225.03320000320673 ], [ -8216210.721799999475479, 4952238.411100000143051 ], [ -8216227.181500000879169, 4952252.379000000655651 ], [ -8216243.141200000420213, 4952266.919600002467632 ], [ -8216258.581199999898672, 4952282.015100002288818 ], [ -8216273.482899999246001, 4952297.646799996495247 ], [ -8216287.827500000596046, 4952313.795100003480911 ], [ -8216301.596999999135733, 4952330.440099999308586 ], [ -8216314.774599999189377, 4952347.56139999628067 ], [ -8216327.344000000506639, 4952365.137500002980232 ], [ -8216339.2895, 4952383.146799996495247 ], [ -8216350.596400000154972, 4952401.567100003361702 ], [ -8216361.250700000673532, 4952420.375100001692772 ], [ -8216371.239, 4952439.548199996352196 ], [ -8216380.549000000581145, 4952459.061999998986721 ], [ -8216389.169399999082088, 4952478.892899997532368 ], [ -8216404.299200000241399, 4952519.406300000846386 ] ] ] } },
{ "type": "Feature", "properties": { "id": 2000275.0, "name": "S", "objectid": 1247.0, "rt_symbol": "L", "url": "http://web.mta.info/nyct/service/", "Shape__Len": 938.77489979200004 }, "geometry": { "type": "MultiLineString", "coordinates": [ [ [ -8216900.469200000166893, 4951783.784400001168251 ], [ -8216733.380400000140071, 4951870.884300000965595 ], [ -8216713.6996, 4951883.554300002753735 ], [ -8216694.481899999082088, 4951896.921099998056889 ], [ -8216675.751800000667572, 4951910.968400001525879 ], [ -8216657.533099999651313, 4951925.67790000140667 ], [ -8216639.848899999633431, 4951941.030699998140335 ], [ -8216622.721799999475479, 4951957.007799997925758 ], [ -8216606.174000000581145, 4951973.588299997150898 ], [ -8216590.225999999791384, 4951990.751299999654293 ], [ -8216574.898600000888109, 4952008.474799998104572 ], [ -8216560.211100000888109, 4952026.736100003123283 ], [ -8216546.182099999859929, 4952045.512699998915195 ], [ -8216532.83, 4952064.779700003564358 ], [ -8216520.171299999579787, 4952084.512900002300739 ], [ -8216508.222300000488758, 4952104.687399998307228 ], [ -8216496.998299999162555, 4952125.277099996805191 ], [ -8216486.513599999248981, 4952146.255999997258186 ], [ -8216476.781500000506639, 4952167.59740000218153 ], [ -8216467.814600000157952, 4952189.273800000548363 ], [ -8216459.624099999666214, 4952211.258000001311302 ], [ -8216452.2204, 4952233.521700002253056 ], [ -8216445.613199999555945, 4952256.036399997770786 ], [ -8216439.810799999162555, 4952278.773800000548363 ], [ -8216434.82039999961853, 4952301.704599998891354 ], [ -8216430.6491, 4952324.799599997699261 ], [ -8216427.301100000739098, 4952348.029500000178814 ], [ -8216424.781600000336766, 4952371.364600002765656 ], [ -8216423.093399999663234, 4952394.7753000035882 ], [ -8216422.238800000399351, 4952418.231499999761581 ], [ -8216422.218800000846386, 4952441.703500002622604 ], [ -8216423.033299999311566, 4952465.161200001835823 ], [ -8216427.161699999123812, 4952511.914700001478195 ] ] ] } },
{ "type": "Feature", "properties": { "id": 2000536.0, "name": "E", "objectid": 1248.0, "rt_symbol": "A", "url": "http://web.mta.info/nyct/service/", "Shape__Len": 1033.6020809 }, "geometry": { "type": "MultiLineString", "coordinates": [ [ [ -8227994.4737, 4976469.938500002026558 ], [ -8228447.603499999269843, 4976753.095200002193451 ], [ -8228453.690600000321865, 4976757.0608000010252 ], [ -8228459.914000000804663, 4976760.807499997317791 ], [ -8228466.266100000590086, 4976764.330399997532368 ], [ -8228472.738500000908971, 4976767.624499998986721 ], [ -8228479.323100000619888, 4976770.686300002038479 ], [ -8228486.0121, 4976773.511699996888638 ], [ -8228492.796299999579787, 4976776.096900001168251 ], [ -8228499.6678, 4976778.439300000667572 ], [ -8228506.61769999936223, 4976780.535199999809265 ], [ -8228513.637199999764562, 4976782.382299996912479 ], [ -8228520.717800000682473, 4976783.978399999439716 ], [ -8228527.849999999627471, 4976785.32150000333786 ], [ -8228535.025399999693036, 4976786.40990000218153 ], [ -8228542.2347999997437, 4976787.241599999368191 ], [ -8228549.468900000676513, 4976787.816600002348423 ], [ -8228556.718900000676513, 4976788.133400000631809 ], [ -8228563.975400000810623, 4976788.19200000166893 ], [ -8228571.229499999433756, 4976787.991899996995926 ], [ -8228578.471999999135733, 4976787.5337999984622 ], [ -8228585.693399999290705, 4976786.818000003695488 ], [ -8228592.88539999909699, 4976785.845799997448921 ], [ -8228600.03830000013113, 4976784.617700003087521 ], [ -8228607.143400000408292, 4976783.136 ], [ -8228614.191700000315905, 4976781.402199998497963 ], [ -8228621.174200000241399, 4976779.418200001120567 ], [ -8228628.082299999892712, 4976777.187100000679493 ], [ -8228634.906999999657273, 4976774.711499996483326 ], [ -8228641.640100000426173, 4976771.994400002062321 ], [ -8228648.272900000214577, 4976769.039099998772144 ], [ -8228654.7972, 4976765.849799998104572 ], [ -8228661.204600000753999, 4976762.429799996316433 ], [ -8228667.487099999561906, 4976758.784000001847744 ], [ -8228673.637000000104308, 4976754.91669999808073 ], [ -8228679.646299999207258, 4976750.832900002598763 ], [ -8228685.507500000298023, 4976746.537799999117851 ], [ -8228691.213199999183416, 4976742.036399997770786 ], [ -8228696.756400000303984, 4976737.334899999201298 ], [ -8228702.129899999126792, 4976732.439099997282028 ], [ -8228707.326899999752641, 4976727.354900002479553 ], [ -8228712.341199999675155, 4976722.088899999856949 ], [ -8228721.795800000429153, 4976711.037799999117851 ], [ -8228824.48200000077486, 4976546.1118 ] ] ] } },
{ "type": "Feature", "properties": { "id": 2000537.0, "name": "R", "objectid": 1249.0, "rt_symbol": "N", "url": "http://web.mta.info/nyct/service/", "Shape__Len": 833.47015803399995 }, "geometry": { "type": "MultiLineString", "coordinates": [ [ [ -8228837.649399999529123, 4976577.470799997448921 ], [ -8229210.715500000864267, 4975961.554799996316433 ], [ -8229212.317600000649691, 4975957.981100000441074 ], [ -8229214.044099999591708, 4975954.466300003230572 ], [ -8229215.892400000244379, 4975951.014600001275539 ], [ -8229217.8608, 4975947.630500003695488 ], [ -8229219.946699999272823, 4975944.318000003695488 ], [ -8229222.147399999201298, 4975941.081000000238419 ], [ -8229224.46000000089407, 4975937.923900000751019 ], [ -8229226.881999999284744, 4975934.850599996745586 ], [ -8229229.410599999129772, 4975931.864900000393391 ], [ -8229232.041999999433756, 4975928.970100000500679 ], [ -8229234.773299999535084, 4975926.170000001788139 ], [ -8229237.6009, 4975923.468500003218651 ], [ -8229240.52170000039041, 4975920.8684 ], [ -8229243.531999999657273, 4975918.373199999332428 ], [ -8229246.627499999478459, 4975915.985799998044968 ], [ -8229249.80519999936223, 4975913.709299996495247 ], [ -8229253.060599999502301, 4975911.546599999070168 ], [ -8229256.389699999243021, 4975909.500299997627735 ], [ -8229259.788699999451637, 4975907.572800002992153 ], [ -8229263.253000000491738, 4975905.766400001943111 ], [ -8229266.7785, 4975904.083599999547005 ], [ -8229270.36089999973774, 4975902.526600003242493 ], [ -8229273.995799999684095, 4975901.097099997103214 ], [ -8229277.67820000089705, 4975899.796899996697903 ], [ -8229281.404100000858307, 4975898.627499997615814 ], [ -8229285.168800000101328, 4975897.590499997138977 ], [ -8229288.967399999499321, 4975896.6875 ], [ -8229296.64780000038445, 4975895.286200001835823 ] ] ] } },
{ "type": "Feature", "properties": { "id": 2000538.0, "name": "E", "objectid": 1250.0, "rt_symbol": "A", "url": "http://web.mta.info/nyct/service/", "Shape__Len": 789.11730478799996 }, "geometry": { "type": "MultiLineString", "coordinates": [ [ [ -8228824.48200000077486, 4976546.1118 ], [ -8229196.098200000822544, 4975927.233499996364117 ], [ -8229197.228800000622869, 4975924.788599997758865 ], [ -8229198.446100000292063, 4975922.386 ], [ -8229199.748099999502301, 4975920.028499998152256 ], [ -8229201.132999999448657, 4975917.719499997794628 ], [ -8229202.599600000306964, 4975915.461499996483326 ], [ -8229204.145500000566244, 4975913.257600001990795 ], [ -8229205.769099999219179, 4975911.110699996352196 ], [ -8229207.468100000172853, 4975909.023299999535084 ], [ -8229209.240299999713898, 4975906.998400002717972 ], [ -8229211.083499999716878, 4975905.038500003516674 ], [ -8229212.995400000363588, 4975903.145599998533726 ], [ -8229214.973500000312924, 4975901.322899997234344 ], [ -8229217.0153, 4975899.572400003671646 ], [ -8229219.117900000885129, 4975897.896300002932549 ], [ -8229221.27930000051856, 4975896.296700000762939 ], [ -8229223.495899999514222, 4975894.775600001215935 ], [ -8229225.76549999974668, 4975893.335199996829033 ], [ -8229228.084899999201298, 4975891.977200001478195 ], [ -8229230.451099999248981, 4975890.703400000929832 ], [ -8229232.861300000920892, 4975889.51519999653101 ], [ -8229235.312300000339746, 4975888.414200000464916 ], [ -8229237.800799999386072, 4975887.402199998497963 ], [ -8229240.323799999430776, 4975886.479999996721745 ], [ -8229245.4605, 4975884.910400003194809 ] ] ] } },
{ "type": "Feature", "properties": { "id": 2000539.0, "name": "E", "objectid": 1251.0, "rt_symbol": "A", "url": "http://web.mta.info/nyct/service/", "Shape__Len": 961.69103730799998 }, "geometry": { "type": "MultiLineString", "coordinates": [ [ [ -8227178.954500000923872, 4975960.254199996590614 ], [ -8227994.4737, 4976469.938500002026558 ] ] ] } },
{ "type": "Feature", "properties": { "id": 2000230.0, "name": "D", "objectid": 1252.0, "rt_symbol": "B", "url": "http://web.mta.info/nyct/service/", "Shape__Len": 1361.92694332 }, "geometry": { "type": "MultiLineString", "coordinates": [ [ [ -8224156.518899999558926, 4993893.765100002288818 ], [ -8224621.166600000113249, 4994171.721400000154972 ], [ -8224628.013599999248981, 4994175.954499997198582 ], [ -8224635.004300000146031, 4994179.943999998271465 ], [ -8224642.129699999466538, 4994183.685599997639656 ], [ -8224649.38120000064373, 4994187.174099996685982 ], [ -8224656.750099999830127, 4994190.405599996447563 ], [ -8224664.227299999445677, 4994193.37610000371933 ], [ -8224671.803400000557303, 4994196.081699997186661 ], [ -8224679.469499999657273, 4994198.519299998879433 ], [ -8224687.215800000354648, 4994200.6858000010252 ], [ -8224695.0329, 4994202.578699998557568 ], [ -8224702.911100000143051, 4994204.19539999961853 ], [ -8224710.841199999675155, 4994205.534199997782707 ], [ -8224718.812999999150634, 4994206.593400001525879 ], [ -8224726.8169, 4994207.3716000020504 ], [ -8224734.843100000172853, 4994207.867799997329712 ], [ -8224742.8816, 4994208.081600002944469 ], [ -8224750.92259999923408, 4994208.012699998915195 ], [ -8224758.956399999558926, 4994207.660800002515316 ], [ -8224766.972999999299645, 4994207.026900000870228 ], [ -8224774.962500000372529, 4994206.111400000751019 ], [ -8224782.914899999275804, 4994204.915700003504753 ], [ -8224790.821100000292063, 4994203.4408999979496 ], [ -8224798.670700000599027, 4994201.689000003039837 ], [ -8224806.4543999992311, 4994199.662399999797344 ], [ -8224814.162599999457598, 4994197.363200001418591 ], [ -8224821.786299999803305, 4994194.794299997389317 ], [ -8224829.315199999138713, 4994191.958999998867512 ], [ -8224836.740499999374151, 4994188.860799998044968 ], [ -8224844.053300000727177, 4994185.503200002014637 ], [ -8224851.2445, 4994181.890600003302097 ], [ -8224858.305099999532104, 4994178.027500003576279 ], [ -8224865.226700000464916, 4994173.918399997055531 ], [ -8224872.000499999150634, 4994169.568400003015995 ], [ -8224878.618599999696016, 4994164.98309999704361 ], [ -8224885.072499999776483, 4994160.167700000107288 ], [ -8224891.354299999773502, 4994155.1283999979496 ], [ -8224897.456599999219179, 4994149.871200002729893 ], [ -8224903.371600000187755, 4994144.402900002896786 ], [ -8224909.092299999669194, 4994138.729999996721745 ], [ -8224914.611500000581145, 4994132.858999997377396 ], [ -8224925.0186, 4994120.5537 ], [ -8225078.578199999406934, 4993663.12219999730587 ] ] ] } },
{ "type": "Feature", "properties": { "id": 2000133.0, "name": "4-5", "objectid": 1253.0, "rt_symbol": "4", "url": "http://web.mta.info/nyct/service/", "Shape__Len": 304.02852934600003 }, "geometry": { "type": "MultiLineString", "coordinates": [ [ [ -8229651.1404, 4985300.460799999535084 ], [ -8229642.6776, 4985330.177299998700619 ], [ -8229640.451199999079108, 4985338.708599999547005 ], [ -8229638.113199999555945, 4985347.092799998819828 ], [ -8229635.775699999183416, 4985355.624099999666214 ], [ -8229633.32660000026226, 4985364.008500002324581 ], [ -8229630.7664, 4985372.539599999785423 ], [ -8229628.205900000408292, 4985380.923900000751019 ], [ -8229625.645600000396371, 4985389.3081 ], [ -8229622.974099999293685, 4985397.839500002563 ], [ -8229620.190999999642372, 4985406.223700001835823 ], [ -8229617.407999999821186, 4985414.608000002801418 ], [ -8229614.513599999248981, 4985422.845100000500679 ], [ -8229611.619400000199676, 4985431.229599997401237 ], [ -8229608.613900000229478, 4985439.614 ], [ -8229605.608200000599027, 4985447.851000003516674 ], [ -8229602.60249999910593, 4985456.235299997031689 ], [ -8229555.06900000013411, 4985588.767200000584126 ] ] ] } },
{ "type": "Feature", "properties": { "id": 2000449.0, "name": "N-Q-R", "objectid": 1254.0, "rt_symbol": "N", "url": "http://web.mta.info/nyct/service/", "Shape__Len": 140.10463917000001 }, "geometry": { "type": "MultiLineString", "coordinates": [ [ [ -8235271.772700000554323, 4966461.462099999189377 ], [ -8235395.918099999427795, 4966526.402300000190735 ] ] ] } },
{ "type": "Feature", "properties": { "id": 2000449.0, "name": "B-D", "objectid": 1255.0, "rt_symbol": "B", "url": "http://web.mta.info/nyct/service/", "Shape__Len": 143.46346397100001 }, "geometry": { "type": "MultiLineString", "coordinates": [ [ [ -8235282.902200000360608, 4966440.021200001239777 ], [ -8235410.023800000548363, 4966506.518299996852875 ] ] ] } },
{ "type": "Feature", "properties": { "id": 2000542.0, "name": "E", "objectid": 1256.0, "rt_symbol": "A", "url": "http://web.mta.info/nyct/service/", "Shape__Len": 1352.4490420899999 }, "geometry": { "type": "MultiLineString", "coordinates": [ [ [ -8238224.408600000664592, 4971250.068400003015995 ], [ -8238217.845000000670552, 4971210.794799998402596 ], [ -8238210.269200000911951, 4970987.46339999884367 ], [ -8238210.427400000393391, 4970976.245399996638298 ], [ -8238210.992599999532104, 4970965.040600001811981 ], [ -8238211.9638, 4970953.864100001752377 ], [ -8238213.339999999850988, 4970942.730499997735023 ], [ -8238215.119100000709295, 4970931.654399998486042 ], [ -8238217.298800000920892, 4970920.651000000536442 ], [ -8238219.87639999948442, 4970909.734200000762939 ], [ -8238222.848200000822544, 4970898.919299997389317 ], [ -8238226.210400000214577, 4970888.220200002193451 ], [ -8238229.958599999547005, 4970877.65089999884367 ], [ -8238234.0877, 4970867.225699998438358 ], [ -8238238.592399999499321, 4970856.958499997854233 ], [ -8238248.703400000929832, 4970836.951999999582767 ], [ -8238727.084300000220537, 4970036.909100003540516 ] ] ] } },
{ "type": "Feature", "properties": { "id": 0.0, "name": "A-C-E", "objectid": 1257.0, "rt_symbol": "A", "url": "http://web.mta.info/nyct/service/", "Shape__Len": 1071.0309614099999 }, "geometry": { "type": "MultiLineString", "coordinates": [ [ [ -8237424.243699999526143, 4974934.742700003087521 ], [ -8236906.6081000007689, 4975872.3783999979496 ] ] ] } },
{ "type": "Feature", "properties": { "id": 0.0, "name": "4-5", "objectid": 1258.0, "rt_symbol": "4", "url": "http://web.mta.info/nyct/service/", "Shape__Len": 634.10819589499999 }, "geometry": { "type": "MultiLineString", "coordinates": [ [ [ -8236545.933199999853969, 4967076.597800001502037 ], [ -8236485.130999999120831, 4967066.4463 ], [ -8236454.636299999430776, 4967059.59179999679327 ], [ -8236428.299200000241399, 4967052.708400003612041 ], [ -8236384.9695999994874, 4967039.377700001001358 ], [ -8236351.256999999284744, 4967027.209499999880791 ], [ -8236321.251599999144673, 4967011.3618 ], [ -8236265.911100000143051, 4966982.132399998605251 ], [ -8236227.947699999436736, 4966962.080899998545647 ], [ -8236193.266799999400973, 4966943.763099998235703 ], [ -8236150.801100000739098, 4966921.33330000191927 ], [ -8236089.852900000289083, 4966889.140699997544289 ], [ -8235968.549900000914931, 4966825.067699998617172 ] ] ] } },
{ "type": "Feature", "properties": { "id": 0.0, "name": "2-3", "objectid": 1259.0, "rt_symbol": "1", "url": "http://web.mta.info/nyct/service/", "Shape__Len": 696.57355380399997 }, "geometry": { "type": "MultiLineString", "coordinates": [ [ [ -8236528.901200000196695, 4967196.254100002348423 ], [ -8236521.556600000709295, 4967172.798199996352196 ], [ -8236516.679500000551343, 4967159.94370000064373 ], [ -8236509.52140000090003, 4967143.560500003397465 ], [ -8236502.94649999961257, 4967130.382100000977516 ], [ -8236496.582000000402331, 4967118.901799999177456 ], [ -8236489.371999999508262, 4967107.096500001847744 ], [ -8236480.550799999386072, 4967094.048199996352196 ], [ -8236471.307900000363588, 4967081.71509999781847 ], [ -8236459.000600000843406, 4967067.019400000572205 ], [ -8236454.636299999430776, 4967059.59179999679327 ], [ -8236443.715600000694394, 4967050.995800003409386 ], [ -8236422.571000000461936, 4967037.554099999368191 ], [ -8236410.174100000411272, 4967031.006700001657009 ], [ -8236392.833399999886751, 4967021.847900003194809 ], [ -8236364.830700000748038, 4967007.057700000703335 ], [ -8236345.018100000917912, 4966996.593599997460842 ], [ -8236326.903300000354648, 4966987.026000000536442 ], [ -8236302.110300000756979, 4966973.931100003421307 ], [ -8236271.376000000163913, 4966957.69820000231266 ], [ -8236244.703099999576807, 4966943.609999999403954 ], [ -8236225.591600000858307, 4966933.515799999237061 ], [ -8236204.745699999853969, 4966922.505500003695488 ], [ -8236178.514399999752641, 4966908.6503000035882 ], [ -8236157.632200000807643, 4966897.620700001716614 ], [ -8236135.01549999974668, 4966885.674599997699261 ], [ -8236108.7116, 4966871.781199999153614 ], [ -8236091.371400000527501, 4966862.622100003063679 ], [ -8236039.20549999922514, 4966835.068000003695488 ], [ -8235979.7621, 4966803.669399999082088 ] ] ] } },
{ "type": "Feature", "properties": { "id": 2000395.0, "name": "F", "objectid": 1260.0, "rt_symbol": "B", "url": "http://web.mta.info/nyct/service/", "Shape__Len": 843.60596509599998 }, "geometry": { "type": "MultiLineString", "coordinates": [ [ [ -8236515.75760000012815, 4963813.694200001657009 ], [ -8236811.509400000795722, 4964001.77080000191927 ], [ -8237014.846000000834465, 4964147.91330000013113 ], [ -8237192.476700000464916, 4964313.310199998319149 ] ] ] } },
{ "type": "Feature", "properties": { "id": 2000399.0, "name": "F", "objectid": 1261.0, "rt_symbol": "B", "url": "http://web.mta.info/nyct/service/", "Shape__Len": 358.00646686599998 }, "geometry": { "type": "MultiLineString", "coordinates": [ [ [ -8235129.830600000917912, 4962753.209200002253056 ], [ -8235115.136499999091029, 4962776.542999997735023 ], [ -8235103.6706000007689, 4962799.876599997282028 ], [ -8235094.87639999948442, 4962822.6233000010252 ], [ -8235088.642699999734759, 4962844.929700002074242 ], [ -8235085.191600000485778, 4962866.795900002121925 ], [ -8235084.412499999627471, 4962888.222099997103214 ], [ -8235086.304999999701977, 4962909.060999996960163 ], [ -8235090.75789999961853, 4962929.46000000089407 ], [ -8235097.993699999526143, 4962949.418499998748302 ], [ -8235107.901000000536442, 4962968.790200002491474 ], [ -8235120.480100000277162, 4962987.868600003421307 ], [ -8235135.730900000780821, 4963006.3596 ], [ -8235153.764699999243021, 4963024.263800002634525 ], [ -8235174.358799999579787, 4963041.874399997293949 ], [ -8235197.958499999716878, 4963059.0449 ] ] ] } },
{ "type": "Feature", "properties": { "id": 2000394.0, "name": "G", "objectid": 1262.0, "rt_symbol": "G", "url": "http://web.mta.info/nyct/service/", "Shape__Len": 1063.3117648800001 }, "geometry": { "type": "MultiLineString", "coordinates": [ [ [ -8237070.854800000786781, 4965286.984999999403954 ], [ -8237079.673599999397993, 4965273.321400001645088 ], [ -8237088.455700000748038, 4965259.310500003397465 ], [ -8237097.121500000357628, 4965244.74099999666214 ], [ -8237105.950999999418855, 4965229.361299999058247 ], [ -8237114.788799999281764, 4965213.391199998557568 ], [ -8237123.592800000682473, 4965196.909299999475479 ], [ -8237132.340199999511242, 4965179.607500001788139 ], [ -8237141.357100000604987, 4965161.482799999415874 ], [ -8237150.2072, 4965143.04110000282526 ], [ -8237159.093299999833107, 4965123.6570999994874 ], [ -8237168.025900000706315, 4965103.735799998044968 ], [ -8237177.041200000792742, 4965083.149899996817112 ], [ -8237185.954299999400973, 4965061.965999998152256 ], [ -8237194.946399999782443, 4965040.1316 ], [ -8237203.6732, 4965017.548500001430511 ], [ -8237310.595200000330806, 4964724.430500000715256 ], [ -8237313.003699999302626, 4964717.934500001370907 ], [ -8237315.253499999642372, 4964711.5779 ], [ -8237317.471200000494719, 4964705.172600001096725 ], [ -8237319.499900000169873, 4964698.8378000035882 ], [ -8237321.558199999853969, 4964692.40990000218153 ], [ -8237323.39809999987483, 4964686.344200000166893 ], [ -8237325.06389999948442, 4964680.167700000107288 ], [ -8237326.746899999678135, 4964673.787100002169609 ], [ -8237328.2324, 4964667.491499997675419 ], [ -8237329.701400000602007, 4964661.265799999237061 ], [ -8237330.959799999371171, 4964655.042900003492832 ], [ -8237332.208699999377131, 4964648.867899999022484 ], [ -8237333.2577, 4964642.505900003015995 ], [ -8237334.278300000354648, 4964636.450800001621246 ], [ -8237334.886800000444055, 4964631.292900003492832 ], [ -8237335.496899999678135, 4964618.287500001490116 ], [ -8237335.706000000238419, 4964605.055699996650219 ], [ -8237335.395600000396371, 4964592.093599997460842 ], [ -8237334.571399999782443, 4964579.46000000089407 ], [ -8237333.2489, 4964567.253700003027916 ], [ -8237331.303999999538064, 4964555.241400003433228 ], [ -8237328.955700000748038, 4964543.394000001251698 ], [ -8237326.034399999305606, 4964531.9712999984622 ], [ -8237322.590399999171495, 4964520.7522 ], [ -8237318.631100000813603, 4964509.776000000536442 ], [ -8237314.200799999758601, 4964499.022200003266335 ], [ -8237309.148700000718236, 4964488.497000001370907 ], [ -8237303.693399999290705, 4964478.240500003099442 ], [ -8237297.629200000315905, 4964468.24549999833107 ], [ -8237291.197799999266863, 4964458.572899997234344 ], [ -8237284.289799999445677, 4964449.464800000190735 ], [ -8237276.660399999469519, 4964439.980200000107288 ], [ -8237269.092499999329448, 4964430.435599997639656 ], [ -8237261.5304000005126, 4964421.3191 ], [ -8237253.914100000634789, 4964412.281400002539158 ], [ -8237246.192399999126792, 4964403.390699997544289 ], [ -8237238.418800000101328, 4964394.584600001573563 ], [ -8237230.717399999499321, 4964386.003300003707409 ], [ -8237223.023700000718236, 4964377.716399997472763 ], [ -8237215.323000000789762, 4964369.565099999308586 ], [ -8237207.517200000584126, 4964361.560199998319149 ], [ -8237199.715299999341369, 4964353.702100001275539 ], [ -8237191.7489, 4964345.932300001382828 ], [ -8237183.921299999579787, 4964338.33500000089407 ], [ -8237176.0757, 4964331.007700003683567 ] ] ] } },
{ "type": "Feature", "properties": { "id": 2000394.0, "name": "G", "objectid": 1263.0, "rt_symbol": "G", "url": "http://web.mta.info/nyct/service/", "Shape__Len": 833.98122714 }, "geometry": { "type": "MultiLineString", "coordinates": [ [ [ -8237176.0757, 4964331.007700003683567 ], [ -8236999.8882, 4964168.932599999010563 ], [ -8236794.997099999338388, 4964020.274700000882149 ], [ -8236505.61460000090301, 4963839.047899998724461 ] ] ] } },
{ "type": "Feature", "properties": { "id": 2000394.0, "name": "G", "objectid": 1264.0, "rt_symbol": "G", "url": "http://web.mta.info/nyct/service/", "Shape__Len": 1230.9728386300001 }, "geometry": { "type": "MultiLineString", "coordinates": [ [ [ -8236505.61460000090301, 4963839.047899998724461 ], [ -8236365.7873, 4963751.476400002837181 ], [ -8236288.022600000724196, 4963709.427000001072884 ], [ -8236208.760600000619888, 4963683.892499998211861 ], [ -8236116.037799999117851, 4963665.8618 ], [ -8236032.291300000622869, 4963632.818199999630451 ], [ -8235435.424200000241399, 4963248.64130000025034 ] ] ] } },
{ "type": "Feature", "properties": { "id": 2000394.0, "name": "G", "objectid": 1265.0, "rt_symbol": "G", "url": "http://web.mta.info/nyct/service/", "Shape__Len": 1208.57855941 }, "geometry": { "type": "MultiLineString", "coordinates": [ [ [ -8235435.424200000241399, 4963248.64130000025034 ], [ -8235162.012900000438094, 4963072.641199998557568 ], [ -8235114.16950000077486, 4963026.089199997484684 ], [ -8235079.786800000816584, 4962975.037000000476837 ], [ -8235061.851700000464916, 4962935.999499998986721 ], [ -8235054.388499999418855, 4962881.952299997210503 ], [ -8235063.3761, 4962824.907200001180172 ], [ -8235078.3429000005126, 4962778.372699998319149 ], [ -8235355.102299999445677, 4962335.587300002574921 ], [ -8235368.666200000792742, 4962310.183700002729893 ] ] ] } },
{ "type": "Feature", "properties": { "id": 2000394.0, "name": "G", "objectid": 1266.0, "rt_symbol": "G", "url": "http://web.mta.info/nyct/service/", "Shape__Len": 1149.71059659 }, "geometry": { "type": "MultiLineString", "coordinates": [ [ [ -8234932.746600000187755, 4960960.005599997937679 ], [ -8234932.300499999895692, 4960934.987400002777576 ], [ -8234942.792999999597669, 4960838.929499998688698 ], [ -8234959.261499999091029, 4960759.38459999859333 ], [ -8234996.660599999129772, 4960681.346900001168251 ], [ -8235037.043199999257922, 4960627.32490000128746 ], [ -8235087.887700000777841, 4960585.312799997627735 ], [ -8235271.808499999344349, 4960489.302400000393391 ], [ -8235313.680099999532104, 4960451.790299996733665 ], [ -8235349.572000000625849, 4960409.774400003254414 ], [ -8235382.477299999445677, 4960349.747100003063679 ], [ -8235398.938200000673532, 4960283.713200002908707 ], [ -8235400.448000000789762, 4960219.176700003445148 ], [ -8235381.047800000756979, 4960066.087200000882149 ], [ -8235372.976199999451637, 4960014.14919999986887 ] ] ] } },
{ "type": "Feature", "properties": { "id": 2000299.0, "name": "F-M", "objectid": 1267.0, "rt_symbol": "B", "url": "http://web.mta.info/nyct/service/", "Shape__Len": 1203.5702909300001 }, "geometry": { "type": "MultiLineString", "coordinates": [ [ [ -8225557.904200000688434, 4975022.071400001645088 ], [ -8224868.906099999323487, 4974634.438500002026558 ], [ -8224864.086100000888109, 4974631.752599999308586 ], [ -8224859.176699999719858, 4974628.872500002384186 ], [ -8224854.381799999624491, 4974626.139600001275539 ], [ -8224849.586500000208616, 4974623.262599997222424 ], [ -8224844.670700000599027, 4974620.395700000226498 ], [ -8224839.9912, 4974617.666599996387959 ], [ -8224835.658299999311566, 4974615.079599998891354 ], [ -8224831.09180000051856, 4974612.209299996495247 ], [ -8224826.402499999850988, 4974609.340999998152256 ], [ -8224821.951999999582767, 4974606.61879999935627 ], [ -8224817.611999999731779, 4974603.897900000214577 ], [ -8224813.276200000196695, 4974601.179499998688698 ], [ -8224809.050799999386072, 4974598.462499998509884 ], [ -8224804.829600000753999, 4974595.7483000010252 ], [ -8224800.614399999380112, 4974592.966600000858307 ], [ -8224621.900499999523163, 4974477.66950000077486 ], [ -8224614.035499999299645, 4974472.406099997460842 ], [ -8224606.1338, 4974467.264700002968311 ], [ -8224598.721100000664592, 4974462.302100002765656 ], [ -8224591.266699999570847, 4974457.162299998104572 ], [ -8224583.970100000500679, 4974452.272900000214577 ], [ -8224577.065199999138713, 4974447.57379999756813 ], [ -8224570.319299999624491, 4974442.834600001573563 ], [ -8224563.659499999135733, 4974438.146499998867512 ], [ -8224557.293700000271201, 4974433.655900001525879 ], [ -8224551.042600000277162, 4974429.168700002133846 ], [ -8224545.1064, 4974424.895199999213219 ], [ -8224539.398299999535084, 4974420.630400002002716 ], [ -8224533.67119999974966, 4974416.332400001585484 ], [ -8224528.323599999770522, 4974412.379799999296665 ], [ -8224523.374199999496341, 4974408.488099999725819 ] ] ] } },
{ "type": "Feature", "properties": { "id": 2000462.0, "name": "Q", "objectid": 1268.0, "rt_symbol": "N", "url": "http://web.mta.info/nyct/service/", "Shape__Len": 1388.4710922300001 }, "geometry": { "type": "MultiLineString", "coordinates": [ [ [ -8232712.55320000089705, 4953420.364200003445148 ], [ -8232887.687400000169873, 4954636.219499997794628 ], [ -8232888.080299999564886, 4954638.635300002992153 ], [ -8232888.41440000012517, 4954640.541599996387959 ], [ -8232888.6371, 4954641.910499997437 ], [ -8232888.8596, 4954643.816799998283386 ], [ -8232889.30489999987185, 4954646.553300000727177 ], [ -8232890.0822, 4954650.99040000140667 ], [ -8232890.5274, 4954653.042999997735023 ], [ -8232892.268999999389052, 4954662.983300000429153 ], [ -8232892.714199999347329, 4954664.743000000715256 ], [ -8232892.997999999672174, 4954666.363399997353554 ], [ -8232895.794199999421835, 4954678.6404 ], [ -8232896.308199999853969, 4954680.942800000309944 ], [ -8232896.935399999842048, 4954683.91610000282526 ], [ -8232897.482200000435114, 4954686.076800003647804 ], [ -8232897.825300000607967, 4954688.110500000417233 ], [ -8232898.478499999269843, 4954691.3800999969244 ], [ -8232899.0351, 4954694.019599996507168 ], [ -8232899.455900000408292, 4954696.126400001347065 ], [ -8232899.9013, 4954699.058899998664856 ], [ -8232900.457900000736117, 4954701.844899997115135 ], [ -8232901.251000000163913, 4954707.068099997937679 ], [ -8232903.011199999600649, 4954719.241999998688698 ], [ -8232913.4671, 4954794.112800002098083 ] ] ] } },
{ "type": "Feature", "properties": { "id": 2000457.0, "name": "Q", "objectid": 1269.0, "rt_symbol": "N", "url": "http://web.mta.info/nyct/service/", "Shape__Len": 866.11215514699995 }, "geometry": { "type": "MultiLineString", "coordinates": [ [ [ -8233476.632500000298023, 4958667.808399997651577 ], [ -8233598.859200000762939, 4959525.25280000269413 ] ] ] } },
{ "type": "Feature", "properties": { "id": 2000456.0, "name": "Q", "objectid": 1270.0, "rt_symbol": "N", "url": "http://web.mta.info/nyct/service/", "Shape__Len": 460.266623595 }, "geometry": { "type": "MultiLineString", "coordinates": [ [ [ -8233598.8739, 4959525.355499997735023 ], [ -8233665.775900000706315, 4959980.733900003135204 ] ] ] } },
{ "type": "Feature", "properties": { "id": 2000453.0, "name": "Q", "objectid": 1271.0, "rt_symbol": "N", "url": "http://web.mta.info/nyct/service/", "Shape__Len": 942.53023824000002 }, "geometry": { "type": "MultiLineString", "coordinates": [ [ [ -8233332.272099999710917, 4961625.162500001490116 ], [ -8233329.213600000366569, 4961642.183499999344349 ], [ -8233326.5756, 4961659.267200000584126 ], [ -8233324.287599999457598, 4961676.005699999630451 ], [ -8233322.34940000064671, 4961692.688199996948242 ], [ -8233320.631400000303984, 4961709.294299997389317 ], [ -8233319.369400000199676, 4961725.625 ], [ -8233318.335699999704957, 4961741.977099999785423 ], [ -8233317.760900000110269, 4961758.185400001704693 ], [ -8233317.418099999427795, 4961774.316200003027916 ], [ -8233317.417899999767542, 4961790.247000001370907 ], [ -8233317.763299999758601, 4961806.038099996745586 ], [ -8233318.455199999734759, 4961821.843699999153614 ], [ -8233319.487800000235438, 4961837.269500002264977 ], [ -8233320.7632, 4961852.860699996352196 ], [ -8233322.603199999779463, 4961868.322999998927116 ], [ -8233381.286299999803305, 4962344.0675999969244 ], [ -8233381.785499999299645, 4962347.851800002157688 ], [ -8233382.935399999842048, 4962355.127899996936321 ], [ -8233384.027000000700355, 4962362.322599999606609 ], [ -8233384.623199999332428, 4962366.410999998450279 ], [ -8233386.005400000140071, 4962374.306199997663498 ], [ -8233386.7017, 4962378.437200002372265 ], [ -8233387.467700000852346, 4962382.476199999451637 ], [ -8233388.123299999162555, 4962386.50959999859333 ], [ -8233390.545099999755621, 4962399.735200002789497 ], [ -8233391.510700000450015, 4962404.508900001645088 ], [ -8233400.6502, 4962446.901600003242493 ], [ -8233401.021500000730157, 4962448.369400002062321 ], [ -8233401.355399999767542, 4962450.130300000309944 ], [ -8233401.800799999386072, 4962451.891199998557568 ], [ -8233402.42710000090301, 4962455.1941 ], [ -8233402.872300000861287, 4962457.101999998092651 ], [ -8233402.972200000658631, 4962457.629100002348423 ], [ -8233403.17339999973774, 4962459.220100000500679 ], [ -8233403.636399999260902, 4962461.86429999768734 ], [ -8233403.862800000235438, 4962463.058799996972084 ], [ -8233404.064099999144673, 4962464.649899996817112 ], [ -8233404.377900000661612, 4962466.443000003695488 ], [ -8233404.533700000494719, 4962467.777900002896786 ], [ -8233404.756400000303984, 4962469.538800001144409 ], [ -8233404.970899999141693, 4962471.376900002360344 ], [ -8233415.662799999117851, 4962560.058799996972084 ] ] ] } },
{ "type": "Feature", "properties": { "id": 2000037.0, "name": "1", "objectid": 1372.0, "rt_symbol": "1", "url": "http://web.mta.info/nyct/service/", "Shape__Len": 973.75094031399999 }, "geometry": { "type": "MultiLineString", "coordinates": [ [ [ -8228211.220100000500679, 4993103.664899997413158 ], [ -8228142.9814, 4993226.14299999922514 ], [ -8228084.538699999451637, 4993330.662900000810623 ], [ -8228046.912599999457598, 4993388.075900003314018 ], [ -8228003.720599999651313, 4993444.311300002038479 ], [ -8227957.523, 4993496.277900002896786 ], [ -8227868.57880000025034, 4993592.703900001943111 ], [ -8227651.28319999948144, 4993815.296899996697903 ], [ -8227604.751599999144673, 4993856.960199996829033 ] ] ] } },
{ "type": "Feature", "properties": { "id": 2000454.0, "name": "Q", "objectid": 1272.0, "rt_symbol": "N", "url": "http://web.mta.info/nyct/service/", "Shape__Len": 718.21500140399996 }, "geometry": { "type": "MultiLineString", "coordinates": [ [ [ -8233498.023600000888109, 4960924.923199996352196 ], [ -8233490.005200000479817, 4960960.298500001430511 ], [ -8233482.110999999567866, 4960995.322800002992153 ], [ -8233474.10840000025928, 4961030.042700000107288 ], [ -8233466.203199999406934, 4961064.383299998939037 ], [ -8233458.415100000798702, 4961098.258000001311302 ], [ -8233450.633199999108911, 4961131.813199996948242 ], [ -8233442.854499999433756, 4961165.0625 ], [ -8233435.069599999114871, 4961197.896999999880791 ], [ -8233427.393699999898672, 4961230.302299998700619 ], [ -8233419.714800000190735, 4961262.42620000243187 ], [ -8233412.150499999523163, 4961294.244000002741814 ], [ -8233404.59569999948144, 4961325.581799998879433 ], [ -8233397.041400000452995, 4961356.624600000679493 ], [ -8233389.487700000405312, 4961387.226300001144409 ], [ -8233381.897299999371171, 4961417.682599999010563 ], [ -8233332.556099999696016, 4961623.805699996650219 ] ] ] } },
{ "type": "Feature", "properties": { "id": 2000451.0, "name": "Q", "objectid": 1273.0, "rt_symbol": "N", "url": "http://web.mta.info/nyct/service/", "Shape__Len": 1292.4160263599999 }, "geometry": { "type": "MultiLineString", "coordinates": [ [ [ -8234560.078500000759959, 4964744.556999996304512 ], [ -8235008.401000000536442, 4965559.672899998724461 ], [ -8235011.544099999591708, 4965566.455300003290176 ], [ -8235014.692399999126792, 4965573.928400002419949 ], [ -8235017.752100000157952, 4965581.302299998700619 ], [ -8235020.572100000455976, 4965588.739399999380112 ], [ -8235023.236300000920892, 4965596.036300003528595 ], [ -8235025.6392, 4965603.613200001418591 ], [ -8235028.077500000596046, 4965611.302299998700619 ], [ -8235030.122600000351667, 4965618.584100000560284 ], [ -8235032.106000000610948, 4965626.292900003492832 ], [ -8235033.892000000923872, 4965633.912500001490116 ], [ -8235035.56279999949038, 4965641.624899998307228 ], [ -8235037.003200000151992, 4965649.222300000488758 ], [ -8235038.262199999764562, 4965656.969899997115135 ], [ -8235039.435100000351667, 4965664.844800002872944 ], [ -8235040.525499999523163, 4965673.040299996733665 ], [ -8235045.975999999791384, 4965916.765500001609325 ] ] ] } },
{ "type": "Feature", "properties": { "id": 2000450.0, "name": "Q", "objectid": 1274.0, "rt_symbol": "N", "url": "http://web.mta.info/nyct/service/", "Shape__Len": 637.77219103200002 }, "geometry": { "type": "MultiLineString", "coordinates": [ [ [ -8235045.899399999529123, 4965913.874899998307228 ], [ -8235104.4222999997437, 4966313.117600001394749 ], [ -8235105.421900000423193, 4966320.86150000244379 ], [ -8235107.192299999296665, 4966328.944899998605251 ], [ -8235109.259500000625849, 4966336.941600002348423 ], [ -8235112.137399999424815, 4966344.911700002849102 ], [ -8235115.413100000470877, 4966352.424099996685982 ], [ -8235119.293800000101328, 4966359.627499997615814 ], [ -8235123.6327, 4966366.49379999935627 ], [ -8235128.559399999678135, 4966372.991099998354912 ], [ -8235133.728499999269843, 4966379.071099996566772 ], [ -8235139.781400000676513, 4966385.153099998831749 ], [ -8235146.095599999651313, 4966390.519400000572205 ], [ -8235152.7193, 4966395.510799996554852 ], [ -8235159.828400000929832, 4966400.198600001633167 ], [ -8235167.265900000929832, 4966404.402099996805191 ], [ -8235174.07880000025034, 4966407.8462999984622 ], [ -8235271.348600000143051, 4966461.234899997711182 ] ] ] } },
{ "type": "Feature", "properties": { "id": 2000364.0, "name": "M", "objectid": 1275.0, "rt_symbol": "B", "url": "http://web.mta.info/nyct/service/", "Shape__Len": 755.93319183799997 }, "geometry": { "type": "MultiLineString", "coordinates": [ [ [ -8231088.6996, 4968242.967699997127056 ], [ -8230479.97829999960959, 4967794.756399996578693 ] ] ] } },
{ "type": "Feature", "properties": { "id": 2000365.0, "name": "M", "objectid": 1279.0, "rt_symbol": "B", "url": "http://web.mta.info/nyct/service/", "Shape__Len": 135.88753364499999 }, "geometry": { "type": "MultiLineString", "coordinates": [ [ [ -8230479.97829999960959, 4967794.756399996578693 ], [ -8230371.048900000751019, 4967713.517200000584126 ] ] ] } },
{ "type": "Feature", "properties": { "id": 2000361.0, "name": "M", "objectid": 1280.0, "rt_symbol": "B", "url": "http://web.mta.info/nyct/service/", "Shape__Len": 528.88056013000005 }, "geometry": { "type": "MultiLineString", "coordinates": [ [ [ -8232944.518699999898672, 4969434.88849999755621 ], [ -8232462.9551, 4969216.230899997055531 ] ] ] } },
{ "type": "Feature", "properties": { "id": 0.0, "name": "M", "objectid": 1281.0, "rt_symbol": "B", "url": "http://web.mta.info/nyct/service/", "Shape__Len": 1058.3953672600001 }, "geometry": { "type": "MultiLineString", "coordinates": [ [ [ -8236249.265900000929832, 4970897.3926 ], [ -8236389.257200000807643, 4970957.283100001513958 ], [ -8236415.955399999395013, 4970976.207099996507168 ], [ -8236436.370200000703335, 4971003.013599999248981 ], [ -8236450.502299999818206, 4971032.973099999129772 ], [ -8236648.346300000324845, 4971588.015900000929832 ], [ -8236660.909299999475479, 4971616.399700000882149 ], [ -8236676.614199999719858, 4971640.05349999666214 ], [ -8236690.7489, 4971660.553599998354912 ], [ -8236709.59569999948144, 4971682.630900003015995 ], [ -8236733.1554000005126, 4971698.401299998164177 ], [ -8236798.73960000090301, 4971736.055500000715256 ] ] ] } },
{ "type": "Feature", "properties": { "id": 2000396.0, "name": "F", "objectid": 1282.0, "rt_symbol": "B", "url": "http://web.mta.info/nyct/service/", "Shape__Len": 1215.4933067699999 }, "geometry": { "type": "MultiLineString", "coordinates": [ [ [ -8235461.117599999532104, 4963226.495300002396107 ], [ -8235729.063300000503659, 4963397.470499999821186 ], [ -8235734.51799999922514, 4963400.846100002527237 ], [ -8235739.861300000920892, 4963404.221500001847744 ], [ -8235745.093399999663234, 4963407.597000002861023 ], [ -8235750.214099999517202, 4963410.825800001621246 ], [ -8235755.334699999541044, 4963414.05460000038147 ], [ -8235760.344000000506639, 4963417.28320000320673 ], [ -8235765.242200000211596, 4963420.512000001966953 ], [ -8235770.1403, 4963423.740800000727177 ], [ -8235774.815500000491738, 4963426.822800002992153 ], [ -8235779.602299999445677, 4963429.904799997806549 ], [ -8235784.166600000113249, 4963432.9868 ], [ -8235788.730599999427795, 4963436.068800002336502 ], [ -8235793.072100000455976, 4963439.150799997150898 ], [ -8235797.524800000712276, 4963442.085799999535084 ], [ -8235801.754899999126792, 4963445.021300002932549 ], [ -8236023.169199999421835, 4963592.665100000798702 ], [ -8236033.967199999839067, 4963598.829099997878075 ], [ -8236044.876599999144673, 4963604.55290000140667 ], [ -8236055.786000000312924, 4963609.983199998736382 ], [ -8236066.69510000012815, 4963615.1199000030756 ], [ -8236077.604499999433756, 4963619.963200002908707 ], [ -8236088.625099999830127, 4963624.366099998354912 ], [ -8236099.645600000396371, 4963628.622100003063679 ], [ -8236110.554999999701977, 4963632.438299998641014 ], [ -8236121.5756, 4963635.960400000214577 ], [ -8236132.707499999552965, 4963639.189300000667572 ], [ -8236143.7281, 4963641.977799996733665 ], [ -8236154.86009999923408, 4963644.619400002062321 ], [ -8236165.880599999800324, 4963646.820900000631809 ], [ -8236177.012700000777841, 4963648.728900000452995 ], [ -8236188.144500000402331, 4963650.490199998021126 ], [ -8236200.166999999433756, 4963652.985299997031689 ], [ -8236212.300899999216199, 4963655.920400001108646 ], [ -8236224.434699999168515, 4963659.002400003373623 ], [ -8236236.568499999120831, 4963662.524800002574921 ], [ -8236248.702199999243021, 4963666.340800002217293 ], [ -8236260.836100000888109, 4963670.303300000727177 ], [ -8236272.969799999147654, 4963674.706399999558926 ], [ -8236285.215099999681115, 4963679.402900002896786 ], [ -8236297.348999999463558, 4963684.392899997532368 ], [ -8236309.482799999415874, 4963689.676399998366833 ], [ -8236321.616499999538064, 4963695.400200001895428 ], [ -8236333.750099999830127, 4963701.270999997854233 ], [ -8236345.884099999442697, 4963707.435000002384186 ], [ -8236358.01799999922514, 4963714.039399996399879 ], [ -8236370.040500000119209, 4963720.790700003504753 ], [ -8236515.75760000012815, 4963813.694200001657009 ] ] ] } },
{ "type": "Feature", "properties": { "id": 2000436.0, "name": "R-W", "objectid": 1283.0, "rt_symbol": "N", "url": "http://web.mta.info/nyct/service/", "Shape__Len": 70.619733370299997 }, "geometry": { "type": "MultiLineString", "coordinates": [ [ [ -8237839.910700000822544, 4971059.51860000193119 ], [ -8237801.394300000742078, 4971118.710100002586842 ] ] ] } },
{ "type": "Feature", "properties": { "id": 2000194.0, "name": "A-C-E", "objectid": 1284.0, "rt_symbol": "A", "url": "http://web.mta.info/nyct/service/", "Shape__Len": 841.140568841 }, "geometry": { "type": "MultiLineString", "coordinates": [ [ [ -8237830.448599999770522, 4974198.186499997973442 ], [ -8237424.243699999526143, 4974934.742700003087521 ] ] ] } },
{ "type": "Feature", "properties": { "id": 2000012.0, "name": "1-2-3", "objectid": 1285.0, "rt_symbol": "1", "url": "http://web.mta.info/nyct/service/", "Shape__Len": 510.27336150500003 }, "geometry": { "type": "MultiLineString", "coordinates": [ [ [ -8237405.319399999454618, 4974219.784100003540516 ], [ -8237158.858200000599027, 4974666.590300001204014 ] ] ] } },
{ "type": "Feature", "properties": { "id": 2000242.0, "name": "A-C", "objectid": 1286.0, "rt_symbol": "A", "url": "http://web.mta.info/nyct/service/", "Shape__Len": 1038.23385394 }, "geometry": { "type": "MultiLineString", "coordinates": [ [ [ -8232838.660000000149012, 4965458.22410000115633 ], [ -8233839.4221, 4965734.6382 ] ] ] } },
{ "type": "Feature", "properties": { "id": 2000172.0, "name": "7", "objectid": 1287.0, "rt_symbol": "7", "url": "http://web.mta.info/nyct/service/", "Shape__Len": 113.31465707 }, "geometry": { "type": "MultiLineString", "coordinates": [ [ [ -8231084.153599999845028, 4975677.820000000298023 ], [ -8230985.635800000280142, 4975621.833800002932549 ] ] ] } },
{ "type": "Feature", "properties": { "id": 2000214.0, "name": "A-C", "objectid": 1288.0, "rt_symbol": "A", "url": "http://web.mta.info/nyct/service/", "Shape__Len": 697.31855379599995 }, "geometry": { "type": "MultiLineString", "coordinates": [ [ [ -8230951.126900000497699, 4988183.576999999582767 ], [ -8230966.822699999436736, 4988317.0287000015378 ], [ -8230967.268100000917912, 4988322.031099997460842 ], [ -8230967.824899999424815, 4988326.886900000274181 ], [ -8230968.269899999722838, 4988331.889300003647804 ], [ -8230968.603900000452995, 4988336.7449000030756 ], [ -8230968.93779999949038, 4988341.600400000810623 ], [ -8230969.160599999129772, 4988346.603000000119209 ], [ -8230969.271800000220537, 4988351.458499997854233 ], [ -8230969.383199999108911, 4988356.461400002241135 ], [ -8230969.494400000199676, 4988361.316799998283386 ], [ -8230969.494400000199676, 4988366.17230000346899 ], [ -8230969.383099999278784, 4988371.174800001084805 ], [ -8230969.271800000220537, 4988376.030699998140335 ], [ -8230969.049200000241399, 4988380.885899998247623 ], [ -8230968.715399999171495, 4988385.888700000941753 ], [ -8230968.381400000303984, 4988390.744300000369549 ], [ -8230949.902200000360608, 4988660.009400002658367 ], [ -8230949.34569999948144, 4988668.396600000560284 ], [ -8230948.789200000464916, 4988676.930799998342991 ], [ -8230948.121200000867248, 4988685.317900002002716 ], [ -8230947.342000000178814, 4988693.704800002276897 ], [ -8230946.562599999830127, 4988702.092000000178814 ], [ -8230945.6721, 4988710.332000002264977 ], [ -8230944.670199999585748, 4988718.571900002658367 ], [ -8230943.557, 4988726.811899997293949 ], [ -8230942.443900000303984, 4988734.904799997806549 ], [ -8230941.107999999076128, 4988742.997500002384186 ], [ -8230939.772199999541044, 4988750.943300001323223 ], [ -8230938.4364, 4988758.888999998569489 ], [ -8230936.877900000661612, 4988766.834799997508526 ], [ -8230935.319499999284744, 4988774.633299998939037 ], [ -8230933.649700000882149, 4988782.431999996304512 ], [ -8230914.279999999329448, 4988876.015600003302097 ] ] ] } },
{ "type": "Feature", "properties": { "id": 2000217.0, "name": "A", "objectid": 1289.0, "rt_symbol": "A", "url": "http://web.mta.info/nyct/service/", "Shape__Len": 1168.26446347 }, "geometry": { "type": "MultiLineString", "coordinates": [ [ [ -8230737.059499999508262, 4990491.21000000089407 ], [ -8230616.611700000241399, 4990994.099899999797344 ], [ -8230614.385299999266863, 4991002.34179999679327 ], [ -8230612.270099999383092, 4991010.730999998748302 ], [ -8230609.932499999180436, 4991018.972900003194809 ], [ -8230607.594799999147654, 4991027.067500002682209 ], [ -8230605.034499999135733, 4991035.015000000596046 ], [ -8230602.474099999293685, 4991042.962600000202656 ], [ -8230599.8026, 4991050.763099998235703 ], [ -8230596.90819999948144, 4991058.416400000452995 ], [ -8230594.013900000602007, 4991065.922399997711182 ], [ -8230590.896800000220537, 4991073.428400002419949 ], [ -8230587.779899999499321, 4991080.787500001490116 ], [ -8230584.551699999719858, 4991087.999200001358986 ], [ -8230581.212300000712276, 4991095.06360000371933 ], [ -8230577.649900000542402, 4991101.981100000441074 ], [ -8230573.864900000393391, 4991109.04559999704361 ], [ -8230315.269899999722838, 4991569.5779 ] ] ] } },
{ "type": "Feature", "properties": { "id": 2000216.0, "name": "A", "objectid": 1290.0, "rt_symbol": "A", "url": "http://web.mta.info/nyct/service/", "Shape__Len": 662.18755397500001 }, "geometry": { "type": "MultiLineString", "coordinates": [ [ [ -8230930.198699999600649, 4989857.8147 ], [ -8230737.059499999508262, 4990491.21000000089407 ] ] ] } },
{ "type": "Feature", "properties": { "id": 2000034.0, "name": "1", "objectid": 1291.0, "rt_symbol": "1", "url": "http://web.mta.info/nyct/service/", "Shape__Len": 892.22015721000002 }, "geometry": { "type": "MultiLineString", "coordinates": [ [ [ -8229784.498500000685453, 4991010.730899997055531 ], [ -8229353.0241, 4991791.683300003409386 ] ] ] } },
{ "type": "Feature", "properties": { "id": 2000264.0, "name": "A", "objectid": 1292.0, "rt_symbol": "A", "url": "http://web.mta.info/nyct/service/", "Shape__Len": 7811.0013034800004 }, "geometry": { "type": "MultiLineString", "coordinates": [ [ [ -8217127.957399999722838, 4954754.814499996602535 ], [ -8218542.1206, 4961753.297200001776218 ], [ -8218546.128100000321865, 4961771.639300003647804 ], [ -8218550.246899999678135, 4961789.834899999201298 ], [ -8218554.477, 4961807.883500002324581 ], [ -8218558.9298, 4961825.638800002634525 ], [ -8218563.38260000012815, 4961843.394000001251698 ], [ -8218567.946699999272823, 4961861.00280000269413 ], [ -8218572.622099999338388, 4961878.317800000309944 ], [ -8218577.408900000154972, 4961895.633000001311302 ], [ -8218582.195599999278784, 4961912.654799997806549 ], [ -8218587.205, 4961929.529799997806549 ], [ -8218592.214299999177456, 4961946.258199997246265 ], [ -8218597.4463, 4961962.839800000190735 ], [ -8218602.678400000557303, 4961979.274800002574921 ], [ -8218608.021800000220537, 4961995.562799997627735 ], [ -8218613.5877, 4962011.851000003516674 ], [ -8218751.512599999085069, 4962390.156099997460842 ] ] ] } },
{ "type": "Feature", "properties": { "id": 2000057.0, "name": "5", "objectid": 1293.0, "rt_symbol": "4", "url": "http://web.mta.info/nyct/service/", "Shape__Len": 984.80479692699998 }, "geometry": { "type": "MultiLineString", "coordinates": [ [ [ -8225125.787200000137091, 4988356.40820000320673 ], [ -8225116.903699999675155, 4988368.009999997913837 ], [ -8225106.505100000649691, 4988379.939300000667572 ], [ -8225068.010500000789762, 4988415.175200000405312 ], [ -8224839.4543999992311, 4988594.120899997651577 ], [ -8224814.808399999514222, 4988611.940399996936321 ], [ -8224789.9572, 4988626.197899997234344 ], [ -8224767.685200000181794, 4988638.394100002944469 ], [ -8224739.432299999520183, 4988650.888400003314018 ], [ -8224709.878399999812245, 4988661.592799998819828 ], [ -8224676.507999999448657, 4988670.608800001442432 ], [ -8224646.98509999923408, 4988675.765500001609325 ], [ -8224619.0077, 4988679.280699998140335 ], [ -8224571.370799999684095, 4988682.334499999880791 ], [ -8224525.394799999892712, 4988685.92679999768734 ], [ -8224499.215600000694394, 4988689.325400002300739 ], [ -8224474.24860000051558, 4988693.926600001752377 ], [ -8224432.648, 4988705.989399999380112 ], [ -8224401.885900000110269, 4988719.020000003278255 ], [ -8224367.573000000789762, 4988735.857199996709824 ], [ -8224327.4539, 4988757.551399998366833 ], [ -8224302.348099999129772, 4988772.748099997639656 ], [ -8224285.297499999403954, 4988784.921700000762939 ], [ -8224273.4189, 4988795.496200002729893 ] ] ] } },
{ "type": "Feature", "properties": { "id": 2000061.0, "name": "5", "objectid": 1294.0, "rt_symbol": "4", "url": "http://web.mta.info/nyct/service/", "Shape__Len": 1254.1694373400001 }, "geometry": { "type": "MultiLineString", "coordinates": [ [ [ -8222977.0252, 4990059.291799999773502 ], [ -8222943.113800000399351, 4990134.500299997627735 ], [ -8222924.076400000602007, 4990178.355200000107288 ], [ -8222916.1195, 4990201.495800003409386 ], [ -8222910.262700000777841, 4990226.820799998939037 ], [ -8222906.948999999091029, 4990249.698299996554852 ], [ -8222905.539200000464916, 4990277.499399997293949 ], [ -8222881.150000000372529, 4991299.652000002563 ] ] ] } },
{ "type": "Feature", "properties": { "id": 2000065.0, "name": "5", "objectid": 1295.0, "rt_symbol": "4", "url": "http://web.mta.info/nyct/service/", "Shape__Len": 978.37406812899997 }, "geometry": { "type": "MultiLineString", "coordinates": [ [ [ -8222732.17369999922812, 4994330.806999996304512 ], [ -8222463.6733, 4994900.321400001645088 ], [ -8222328.442399999126792, 4995221.774599999189377 ] ] ] } },
{ "type": "Feature", "properties": { "id": 2000063.0, "name": "5", "objectid": 1296.0, "rt_symbol": "4", "url": "http://web.mta.info/nyct/service/", "Shape__Len": 867.88611617200002 }, "geometry": { "type": "MultiLineString", "coordinates": [ [ [ -8222851.869899999350309, 4992516.910999998450279 ], [ -8222830.9397, 4993384.544699996709824 ] ] ] } },
{ "type": "Feature", "properties": { "id": 2000064.0, "name": "5", "objectid": 1297.0, "rt_symbol": "4", "url": "http://web.mta.info/nyct/service/", "Shape__Len": 962.67190988300001 }, "geometry": { "type": "MultiLineString", "coordinates": [ [ [ -8222830.939400000497699, 4993384.55969999730587 ], [ -8222815.462999999523163, 4994042.828299999237061 ], [ -8222814.474300000816584, 4994095.570600003004074 ], [ -8222812.468800000846386, 4994120.277900002896786 ], [ -8222809.626700000837445, 4994141.99379999935627 ], [ -8222805.333399999886751, 4994164.97580000013113 ], [ -8222798.4474, 4994187.14919999986887 ], [ -8222791.088500000536442, 4994204.316600002348423 ], [ -8222784.072200000286102, 4994221.368000000715256 ], [ -8222732.197300000116229, 4994330.756999999284744 ] ] ] } },
{ "type": "Feature", "properties": { "id": 2000066.0, "name": "5", "objectid": 1298.0, "rt_symbol": "4", "url": "http://web.mta.info/nyct/service/", "Shape__Len": 659.07093902400004 }, "geometry": { "type": "MultiLineString", "coordinates": [ [ [ -8222328.435799999162555, 4995221.790600001811981 ], [ -8222073.290200000628829, 4995829.470799997448921 ] ] ] } },
{ "type": "Feature", "properties": { "id": 2000036.0, "name": "1", "objectid": 1373.0, "rt_symbol": "1", "url": "http://web.mta.info/nyct/service/", "Shape__Len": 812.896677512 }, "geometry": { "type": "MultiLineString", "coordinates": [ [ [ -8228605.29109999909997, 4992392.673299998044968 ], [ -8228211.220100000500679, 4993103.664899997413158 ] ] ] } },
{ "type": "Feature", "properties": { "id": 2000144.0, "name": "4", "objectid": 1374.0, "rt_symbol": "4", "url": "http://web.mta.info/nyct/service/", "Shape__Len": 846.78798123199999 }, "geometry": { "type": "MultiLineString", "coordinates": [ [ [ -8226625.473999999463558, 4992126.101899996399879 ], [ -8226195.780799999833107, 4992855.768700003623962 ] ] ] } },
{ "type": "Feature", "properties": { "id": 2000092.0, "name": "4", "objectid": 1299.0, "rt_symbol": "4", "url": "http://web.mta.info/nyct/service/", "Shape__Len": 1477.9144721600001 }, "geometry": { "type": "MultiLineString", "coordinates": [ [ [ -8229008.941700000315905, 4963028.159299999475479 ], [ -8229183.091499999165535, 4963234.306699998676777 ], [ -8229189.056099999696016, 4963241.920800000429153 ], [ -8229193.943600000813603, 4963249.70160000026226 ], [ -8229200.246300000697374, 4963261.04450000077486 ], [ -8229205.466, 4963272.1316 ], [ -8229215.278300000354648, 4963298.699500001966953 ], [ -8229249.145899999886751, 4963403.957099996507168 ], [ -8229255.3103, 4963421.898199997842312 ], [ -8229261.774900000542402, 4963438.155100002884865 ], [ -8229269.0296, 4963453.879900000989437 ], [ -8229276.925100000575185, 4963467.867299996316433 ], [ -8229291.237800000235438, 4963490.60360000282526 ], [ -8229313.781300000846386, 4963521.69030000269413 ], [ -8229328.938200000673532, 4963541.058200001716614 ], [ -8229337.262499999254942, 4963550.558700002729893 ], [ -8229347.036499999463558, 4963560.581299997866154 ], [ -8229358.432700000703335, 4963569.113799996674061 ], [ -8229371.120200000703335, 4963576.9199 ], [ -8229395.700300000607967, 4963586.812399998307228 ], [ -8229418.595899999141693, 4963592.523199997842312 ], [ -8229442.169600000604987, 4963596.940600000321865 ], [ -8229468.57799999974668, 4963599.725900001823902 ], [ -8230175.753200000151992, 4963650.095399998128414 ] ] ] } },
{ "type": "Feature", "properties": { "id": 2000090.0, "name": "4", "objectid": 1300.0, "rt_symbol": "4", "url": "http://web.mta.info/nyct/service/", "Shape__Len": 926.84592026899998 }, "geometry": { "type": "MultiLineString", "coordinates": [ [ [ -8231202.008099999278784, 4963723.771700002253056 ], [ -8232126.518799999728799, 4963789.523699998855591 ] ] ] } },
{ "type": "Feature", "properties": { "id": 2000089.0, "name": "4", "objectid": 1301.0, "rt_symbol": "4", "url": "http://web.mta.info/nyct/service/", "Shape__Len": 138.474608445 }, "geometry": { "type": "MultiLineString", "coordinates": [ [ [ -8232126.312400000169873, 4963789.508100003004074 ], [ -8232264.348799999803305, 4963800.515799999237061 ] ] ] } },
{ "type": "Feature", "properties": { "id": 2000097.0, "name": "4", "objectid": 1302.0, "rt_symbol": "4", "url": "http://web.mta.info/nyct/service/", "Shape__Len": 623.80394079500002 }, "geometry": { "type": "MultiLineString", "coordinates": [ [ [ -8225334.419199999421835, 4963143.678400002419949 ], [ -8225946.677799999713898, 4963024.218099996447563 ] ] ] } },
{ "type": "Feature", "properties": { "id": 2000093.0, "name": "4", "objectid": 1303.0, "rt_symbol": "4", "url": "http://web.mta.info/nyct/service/", "Shape__Len": 909.36170925099998 }, "geometry": { "type": "MultiLineString", "coordinates": [ [ [ -8228332.537799999117851, 4962557.239900000393391 ], [ -8228477.754799999296665, 4962528.509800001978874 ], [ -8228520.531400000676513, 4962520.67400000244379 ], [ -8228539.666600000113249, 4962520.311999998986721 ], [ -8228556.8301, 4962523.125600002706051 ], [ -8228572.437300000339746, 4962528.7368 ], [ -8228588.338400000706315, 4962537.720399998128414 ], [ -8228603.800100000575185, 4962550.384300000965595 ], [ -8228617.531600000336766, 4962566.755599997937679 ], [ -8229008.974300000816584, 4963028.197499997913837 ] ] ] } },
{ "type": "Feature", "properties": { "id": 2000094.0, "name": "4", "objectid": 1304.0, "rt_symbol": "4", "url": "http://web.mta.info/nyct/service/", "Shape__Len": 837.245157178 }, "geometry": { "type": "MultiLineString", "coordinates": [ [ [ -8227510.840500000864267, 4962718.087700001895428 ], [ -8228332.491499999538064, 4962557.248999997973442 ] ] ] } },
{ "type": "Feature", "properties": { "id": 2000096.0, "name": "4", "objectid": 1305.0, "rt_symbol": "4", "url": "http://web.mta.info/nyct/service/", "Shape__Len": 856.60388213700003 }, "geometry": { "type": "MultiLineString", "coordinates": [ [ [ -8225946.685200000181794, 4963024.21679999679327 ], [ -8226787.371899999678135, 4962859.851099997758865 ] ] ] } },
{ "type": "Feature", "properties": { "id": 2000098.0, "name": "4", "objectid": 1306.0, "rt_symbol": "4", "url": "http://web.mta.info/nyct/service/", "Shape__Len": 602.91351074299996 }, "geometry": { "type": "MultiLineString", "coordinates": [ [ [ -8224742.64049999974668, 4963259.031499996781349 ], [ -8225334.416200000792742, 4963143.678900003433228 ] ] ] } },
{ "type": "Feature", "properties": { "id": 2000192.0, "name": "B-D-F-M", "objectid": 1307.0, "rt_symbol": "B", "url": "http://web.mta.info/nyct/service/", "Shape__Len": 232.26117520599999 }, "geometry": { "type": "MultiLineString", "coordinates": [ [ [ -8237676.489199999719858, 4972929.346199996769428 ], [ -8237674.40819999948144, 4972933.007700003683567 ], [ -8237625.956900000572205, 4973020.939900003373623 ], [ -8237610.540300000458956, 4973048.896799996495247 ], [ -8237607.308000000193715, 4973056.385499998927116 ], [ -8237602.5833, 4973073.109700001776218 ], [ -8237598.557, 4973089.6300999969244 ], [ -8237591.591499999165535, 4973120.525499999523163 ], [ -8237590.150100000202656, 4973134.266099996864796 ], [ -8237586.917700000107288, 4973141.255300000309944 ] ] ] } },
{ "type": "Feature", "properties": { "id": 2000235.0, "name": "A-C", "objectid": 1308.0, "rt_symbol": "A", "url": "http://web.mta.info/nyct/service/", "Shape__Len": 746.54472820800004 }, "geometry": { "type": "MultiLineString", "coordinates": [ [ [ -8236209.259600000455976, 4967069.197999998927116 ], [ -8236209.370799999684095, 4967070.372699998319149 ], [ -8236209.2796, 4967067.173900000751019 ], [ -8236201.925599999725819, 4967263.4983000010252 ], [ -8236201.823000000789762, 4967267.962600000202656 ], [ -8236201.506899999454618, 4967272.545999996364117 ], [ -8236201.283299999311566, 4967277.562399998307228 ], [ -8236200.297900000587106, 4967292.291799999773502 ], [ -8236199.981200000271201, 4967297.162100002169609 ], [ -8236199.535900000482798, 4967302.153899997472763 ], [ -8236199.198100000619888, 4967307.352300003170967 ], [ -8236198.774700000882149, 4967312.377300001680851 ], [ -8236198.3293999992311, 4967317.516000002622604 ], [ -8236197.903100000694394, 4967322.578100003302097 ], [ -8236197.346300000324845, 4967327.863600000739098 ], [ -8236196.898299999535084, 4967333.183200001716614 ], [ -8236196.345499999821186, 4967338.576700001955032 ], [ -8236194.7007, 4967357.378100000321865 ], [ -8236194.164599999785423, 4967361.620200000703335 ], [ -8236193.239499999210238, 4967370.769799999892712 ], [ -8236192.759199999272823, 4967375.681100003421307 ], [ -8236192.422499999403954, 4967380.41610000282526 ], [ -8236191.977299999445677, 4967385.114200003445148 ], [ -8236191.60050000064075, 4967390.416799999773502 ], [ -8236191.376599999144673, 4967395.434799998998642 ], [ -8236191.042600000277162, 4967400.279899999499321 ], [ -8236190.806199999526143, 4967405.581299997866154 ], [ -8236190.348400000482798, 4967416.144000001251698 ], [ -8236190.119899999350309, 4967426.998400002717972 ], [ -8236190.013000000268221, 4967432.35249999910593 ], [ -8236175.104699999094009, 4967808.425999999046326 ] ] ] } },
{ "type": "Feature", "properties": { "id": 2000236.0, "name": "A-C", "objectid": 1309.0, "rt_symbol": "A", "url": "http://web.mta.info/nyct/service/", "Shape__Len": 259.41664486500002 }, "geometry": { "type": "MultiLineString", "coordinates": [ [ [ -8236255.662699999287724, 4966815.99210000038147 ], [ -8236237.970799999311566, 4966852.487099997699261 ], [ -8236234.6667, 4966860.531900003552437 ], [ -8236231.818, 4966868.045999996364117 ], [ -8236229.058000000193715, 4966875.641800001263618 ], [ -8236226.486099999397993, 4966883.556800000369549 ], [ -8236224.176200000569224, 4966891.41330000013113 ], [ -8236222.091399999335408, 4966899.3378000035882 ], [ -8236220.292500000447035, 4966907.246699996292591 ], [ -8236218.58699999935925, 4966915.280100002884865 ], [ -8236217.239399999380112, 4966923.358199998736382 ], [ -8236216.042400000616908, 4966931.408699996769428 ], [ -8236215.088899999856949, 4966939.424999997019768 ], [ -8236214.234400000423193, 4966947.638400003314018 ], [ -8236213.746500000357628, 4966955.999600000679493 ], [ -8236213.389399999752641, 4966964.163500003516674 ], [ -8236213.277899999171495, 4966971.808700002729893 ], [ -8236209.284900000318885, 4967064.988099999725819 ], [ -8236209.45409999974072, 4967062.984200000762939 ], [ -8236209.342800000682473, 4967063.864799998700619 ] ] ] } },
{ "type": "Feature", "properties": { "id": 2000461.0, "name": "Q", "objectid": 1310.0, "rt_symbol": "N", "url": "http://web.mta.info/nyct/service/", "Shape__Len": 1325.2793610399999 }, "geometry": { "type": "MultiLineString", "coordinates": [ [ [ -8232913.480599999427795, 4954794.209399998188019 ], [ -8232930.495699999853969, 4954912.574299998581409 ], [ -8232931.403200000524521, 4954919.348200000822544 ], [ -8232931.625900000333786, 4954921.98759999871254 ], [ -8232931.959899999201298, 4954924.480400003492832 ], [ -8232932.174900000914931, 4954927.031400002539158 ], [ -8232932.5088, 4954929.670800000429153 ], [ -8232932.954199999570847, 4954934.949699997901917 ], [ -8232933.281400000676513, 4954937.536100000143051 ], [ -8232933.463700000196695, 4954939.818099997937679 ], [ -8232933.645700000226498, 4954941.976599998772144 ], [ -8232933.755000000819564, 4954944.709299996495247 ], [ -8232934.259400000795722, 4954951.022600002586842 ], [ -8232936.163200000301003, 4954969.757700003683567 ], [ -8232936.36739999987185, 4954972.043999999761581 ], [ -8232936.627599999308586, 4954975.127700001001358 ], [ -8232936.9616, 4954977.766999997198582 ], [ -8232937.177400000393391, 4954980.327299997210503 ], [ -8232937.505100000649691, 4954983.0603 ], [ -8232937.727700000628829, 4954985.846199996769428 ], [ -8232938.163899999111891, 4954989.486100003123283 ], [ -8232938.598600000143051, 4954992.347999997437 ], [ -8232939.256699999794364, 4954998.128200002014637 ], [ -8232940.188500000163913, 4955004.57209999859333 ], [ -8232941.523299999535084, 4955014.2434 ], [ -8233098.825400000438094, 4956106.373000003397465 ] ] ] } },
{ "type": "Feature", "properties": { "id": 2000460.0, "name": "Q", "objectid": 1311.0, "rt_symbol": "N", "url": "http://web.mta.info/nyct/service/", "Shape__Len": 1099.5318624900001 }, "geometry": { "type": "MultiLineString", "coordinates": [ [ [ -8233098.823999999091029, 4956106.362499997019768 ], [ -8233255.113800000399351, 4957194.729999996721745 ] ] ] } },
{ "type": "Feature", "properties": { "id": 2000459.0, "name": "Q", "objectid": 1312.0, "rt_symbol": "N", "url": "http://web.mta.info/nyct/service/", "Shape__Len": 628.58640609600002 }, "geometry": { "type": "MultiLineString", "coordinates": [ [ [ -8233255.114900000393391, 4957194.737700000405312 ], [ -8233322.484099999070168, 4957662.775399997830391 ], [ -8233323.815300000831485, 4957671.253799997270107 ], [ -8233325.027200000360608, 4957679.817100003361702 ], [ -8233326.372400000691414, 4957688.827600002288818 ], [ -8233327.7369, 4957698.117299996316433 ], [ -8233329.322799999266863, 4957707.669100001454353 ], [ -8233330.862999999895692, 4957717.23589999973774 ], [ -8233332.448599999770522, 4957727.38459999859333 ], [ -8233334.2599, 4957737.677100002765656 ], [ -8233336.0219, 4957747.97919999808073 ], [ -8233337.824300000444055, 4957758.815399996936321 ], [ -8233339.8564, 4957769.971400000154972 ], [ -8233341.86570000089705, 4957781.150399997830391 ], [ -8233343.981899999082088, 4957792.597000002861023 ], [ -8233346.102099999785423, 4957804.360399998724461 ], [ -8233348.344000000506639, 4957816.3235 ] ] ] } },
{ "type": "Feature", "properties": { "id": 2000464.0, "name": "Q", "objectid": 1313.0, "rt_symbol": "N", "url": "http://web.mta.info/nyct/service/", "Shape__Len": 1236.33858476 }, "geometry": { "type": "MultiLineString", "coordinates": [ [ [ -8232514.831000000238419, 4951598.218500003218651 ], [ -8232514.721300000324845, 4951607.60080000013113 ], [ -8232514.5022, 4951616.831600002944469 ], [ -8232514.279699999839067, 4951626.057300001382828 ], [ -8232514.061000000685453, 4951634.985299997031689 ], [ -8232513.733300000429153, 4951643.764200001955032 ], [ -8232513.400100000202656, 4951652.535899996757507 ], [ -8232513.073000000789762, 4951660.863799996674061 ], [ -8232512.6371, 4951669.184900000691414 ], [ -8232512.202600000426173, 4951677.193000003695488 ], [ -8232511.659499999135733, 4951685.061800003051758 ], [ -8232511.105100000277162, 4951692.946199998259544 ], [ -8232510.563300000503659, 4951700.507200002670288 ], [ -8232509.914100000634789, 4951707.917499996721745 ], [ -8232509.282299999147654, 4951714.989100001752377 ], [ -8232508.353000000119209, 4951722.63629999756813 ], [ -8232504.962600000202656, 4951776.654399998486042 ], [ -8232504.277499999850988, 4951789.283600002527237 ], [ -8232503.816500000655651, 4951801.879600003361702 ], [ -8232503.3651, 4951825.9551 ], [ -8232503.250399999320507, 4951838.024400003254414 ], [ -8232503.3651, 4951850.099399998784065 ], [ -8232503.592399999499321, 4951861.918600000441074 ], [ -8232503.929999999701977, 4951873.478100001811981 ], [ -8232504.271099999547005, 4951885.008500002324581 ], [ -8232504.851600000634789, 4951896.783100001513958 ], [ -8232505.648900000378489, 4951908.183499999344349 ], [ -8232506.437599999830127, 4951919.310699999332428 ], [ -8232507.348899999633431, 4951930.5625 ], [ -8232508.37470000050962, 4951941.668999999761581 ], [ -8232509.5077, 4951952.709700003266335 ], [ -8232533.270500000566244, 4952171.614500001072884 ], [ -8232627.058800000697374, 4952826.000299997627735 ] ] ] } },
{ "type": "Feature", "properties": { "id": 2000463.0, "name": "Q", "objectid": 1314.0, "rt_symbol": "N", "url": "http://web.mta.info/nyct/service/", "Shape__Len": 600.46468074699999 }, "geometry": { "type": "MultiLineString", "coordinates": [ [ [ -8232627.060499999672174, 4952826.012299999594688 ], [ -8232712.552500000223517, 4953420.35980000346899 ] ] ] } },
{ "type": "Feature", "properties": { "id": 2000452.0, "name": "Q", "objectid": 1315.0, "rt_symbol": "N", "url": "http://web.mta.info/nyct/service/", "Shape__Len": 2482.26930378 }, "geometry": { "type": "MultiLineString", "coordinates": [ [ [ -8233415.656099999323487, 4962560.002499997615814 ], [ -8233431.929700000211596, 4962697.687299996614456 ], [ -8233433.773900000378489, 4962711.515600003302097 ], [ -8233436.000700000673532, 4962725.575199998915195 ], [ -8233438.677899999544024, 4962739.385300002992153 ], [ -8233441.541400000452995, 4962752.975900001823902 ], [ -8233444.683299999684095, 4962766.782300002872944 ], [ -8233448.290400000289083, 4962780.434199996292591 ], [ -8233452.0778, 4962793.900100000202656 ], [ -8233456.149299999698997, 4962807.395900003612041 ], [ -8233460.671, 4962820.846600003540516 ], [ -8233465.374099999666214, 4962834.1537000015378 ], [ -8233470.369999999180436, 4962847.479400001466274 ], [ -8233475.828199999406934, 4962860.798699997365475 ], [ -8233481.480200000107288, 4962873.876599997282028 ], [ -8233487.512800000607967, 4962887.029399998486042 ], [ -8233493.9967, 4962900.239699997007847 ], [ -8234560.379499999806285, 4964744.948899999260902 ] ] ] } },
{ "type": "Feature", "properties": { "id": 2000455.0, "name": "Q", "objectid": 1316.0, "rt_symbol": "N", "url": "http://web.mta.info/nyct/service/", "Shape__Len": 964.54800792200001 }, "geometry": { "type": "MultiLineString", "coordinates": [ [ [ -8233665.692500000819564, 4959980.108499996364117 ], [ -8233667.902799999341369, 4959998.461300000548363 ], [ -8233669.860300000756979, 4960016.3772 ], [ -8233671.369599999859929, 4960034.139399997889996 ], [ -8233672.451999999582767, 4960051.82769999653101 ], [ -8233673.20890000090003, 4960069.357100002467632 ], [ -8233673.531500000506639, 4960086.80460000038147 ], [ -8233673.423900000751019, 4960104.248700000345707 ], [ -8233672.8838, 4960121.619699999690056 ], [ -8233672.019799999892712, 4960138.985399998724461 ], [ -8233670.729599999263883, 4960156.129699997603893 ], [ -8233669.009800000116229, 4960173.270300000905991 ], [ -8233666.850999999791384, 4960190.341399997472763 ], [ -8233664.366100000217557, 4960207.427500002086163 ], [ -8233661.460699999704957, 4960224.446000002324581 ], [ -8233658.152000000700355, 4960241.325900003314018 ], [ -8233498.062699999660254, 4960924.753300003707409 ] ] ] } },
{ "type": "Feature", "properties": { "id": 2000296.0, "name": "R", "objectid": 1317.0, "rt_symbol": "N", "url": "http://web.mta.info/nyct/service/", "Shape__Len": 957.74235998699999 }, "geometry": { "type": "MultiLineString", "coordinates": [ [ [ -8227981.917999999597669, 4976484.452799998223782 ], [ -8227492.271600000560284, 4976180.655500002205372 ], [ -8227253.436499999836087, 4976030.421800002455711 ], [ -8227167.072499999776483, 4975981.3108000010252 ] ] ] } },
{ "type": "Feature", "properties": { "id": 2000295.0, "name": "R", "objectid": 1318.0, "rt_symbol": "N", "url": "http://web.mta.info/nyct/service/", "Shape__Len": 1069.3731095000001 }, "geometry": { "type": "MultiLineString", "coordinates": [ [ [ -8227966.629000000655651, 4976474.838500000536442 ], [ -8228073.799900000914931, 4976541.020700000226498 ], [ -8228078.151599999517202, 4976543.659999996423721 ], [ -8228082.031899999827147, 4976545.937100000679493 ], [ -8228085.6349, 4976548.18299999833107 ], [ -8228089.531199999153614, 4976550.681500002741814 ], [ -8228093.668700000271201, 4976553.260799996554852 ], [ -8228097.676100000739098, 4976555.759199999272823 ], [ -8228101.418099999427795, 4976558.092000000178814 ], [ -8228105.425599999725819, 4976560.737099997699261 ], [ -8228109.4331, 4976563.235399998724461 ], [ -8228113.179400000721216, 4976565.70830000191927 ], [ -8228117.0559, 4976568.267200000584126 ], [ -8228120.952099999412894, 4976570.912399999797344 ], [ -8228125.090500000864267, 4976573.644100002944469 ], [ -8228129.097999999299645, 4976576.289399996399879 ], [ -8228133.24210000038147, 4976579.024800002574921 ], [ -8228399.5768, 4976749.675999999046326 ], [ -8228423.950200000777841, 4976764.079300001263618 ], [ -8228431.192099999636412, 4976768.909400001168251 ], [ -8228438.600600000470877, 4976773.477899998426437 ], [ -8228446.166500000283122, 4976777.778800003230572 ], [ -8228453.880000000819564, 4976781.806500002741814 ], [ -8228461.731499999761581, 4976785.555799998342991 ], [ -8228469.711100000888109, 4976789.022399999201298 ], [ -8228477.808399999514222, 4976792.201499998569489 ], [ -8228486.013499999418855, 4976795.089299999177456 ], [ -8228494.3158, 4976797.682099997997284 ], [ -8228502.704600000753999, 4976799.976700000464916 ], [ -8228511.16950000077486, 4976801.9695999994874 ], [ -8228519.699799999594688, 4976803.659100003540516 ], [ -8228528.284499999135733, 4976805.042499996721745 ], [ -8228536.912799999117851, 4976806.118500001728535 ], [ -8228545.573799999430776, 4976806.885300002992153 ], [ -8228554.256799999624491, 4976807.342200003564358 ], [ -8228562.950200000777841, 4976807.488499999046326 ], [ -8228571.643200000748038, 4976807.324100002646446 ], [ -8228580.324899999424815, 4976806.848800003528595 ], [ -8228588.984300000593066, 4976806.064000003039837 ], [ -8228597.610600000247359, 4976804.970100000500679 ], [ -8228606.192399999126792, 4976803.568599998950958 ], [ -8228614.719100000336766, 4976801.861400000751019 ], [ -8228623.179999999701977, 4976799.850400000810623 ], [ -8228631.563999999314547, 4976797.538400001823902 ], [ -8228639.8607, 4976794.928300000727177 ], [ -8228648.059900000691414, 4976792.023400001227856 ], [ -8228656.150499999523163, 4976788.827200002968311 ], [ -8228664.122700000181794, 4976785.344099998474121 ], [ -8228671.966499999165535, 4976781.578100003302097 ], [ -8228679.671700000762939, 4976777.534299999475479 ], [ -8228687.228700000792742, 4976773.217600002884865 ], [ -8228694.627800000831485, 4976768.633699998259544 ], [ -8228701.8596, 4976763.788400001823902 ], [ -8228708.91499999910593, 4976758.687700003385544 ], [ -8228715.7851, 4976753.337999999523163 ], [ -8228722.461200000718236, 4976747.746100001037121 ], [ -8228728.934399999678135, 4976741.91950000077486 ], [ -8228735.197300000116229, 4976735.864900000393391 ], [ -8228747.059100000187755, 4976723.10419999808073 ], [ -8228837.649399999529123, 4976577.470799997448921 ] ] ] } },
{ "type": "Feature", "properties": { "id": 2000442.0, "name": "R", "objectid": 1319.0, "rt_symbol": "N", "url": "http://web.mta.info/nyct/service/", "Shape__Len": 2218.30625835 }, "geometry": { "type": "MultiLineString", "coordinates": [ [ [ -8236726.07010000012815, 4967337.338799998164177 ], [ -8237344.48589999973774, 4967561.442900002002716 ], [ -8237356.822200000286102, 4967565.732600003480911 ], [ -8237369.17989999987185, 4967570.098300002515316 ], [ -8237381.619000000879169, 4967574.55969999730587 ], [ -8237394.288499999791384, 4967579.354800000786781 ], [ -8237407.329, 4967584.205899998545647 ], [ -8237420.344000000506639, 4967589.110699996352196 ], [ -8237433.581900000572205, 4967594.348800003528595 ], [ -8237447.080700000748038, 4967599.602399997413158 ], [ -8237460.67, 4967605.095200002193451 ], [ -8237474.478199999779463, 4967610.777400001883507 ], [ -8237488.5121, 4967616.607299998402596 ], [ -8237502.690700000151992, 4967622.597499996423721 ], [ -8237517.175699999555945, 4967628.722499996423721 ], [ -8237531.5417, 4967634.942299999296665 ], [ -8237546.156999999657273, 4967641.464299999177456 ], [ -8238771.831199999898672, 4968191.66160000115633 ] ] ] } },
{ "type": "Feature", "properties": { "id": 2000443.0, "name": "R", "objectid": 1320.0, "rt_symbol": "N", "url": "http://web.mta.info/nyct/service/", "Shape__Len": 754.49909197399995 }, "geometry": { "type": "MultiLineString", "coordinates": [ [ [ -8236083.488700000569224, 4967056.853900000452995 ], [ -8236344.730599999427795, 4967070.060199998319149 ], [ -8236360.502699999138713, 4967071.037500001490116 ], [ -8236375.114199999719858, 4967072.777099996805191 ], [ -8236388.673100000247359, 4967075.257399998605251 ], [ -8236401.1568, 4967078.601700000464916 ], [ -8236412.969499999657273, 4967082.688100002706051 ], [ -8236423.746899999678135, 4967087.4679000005126 ], [ -8236433.710400000214577, 4967092.8716000020504 ], [ -8236442.750499999150634, 4967099.076200000941753 ], [ -8236451.195599999278784, 4967105.977099999785423 ], [ -8236458.881999999284744, 4967113.79389999806881 ], [ -8236466.04109999909997, 4967122.255000002682209 ], [ -8236472.293800000101328, 4967131.471900001168251 ], [ -8236478.137599999085069, 4967141.958800002932549 ], [ -8236483.348899999633431, 4967153.159000001847744 ], [ -8236488.181399999186397, 4967166.322200000286102 ], [ -8236492.960400000214577, 4967178.770499996840954 ], [ -8236498.507099999114871, 4967190.963200002908707 ], [ -8236504.394400000572205, 4967202.44879999756813 ], [ -8236510.863600000739098, 4967213.606100000441074 ], [ -8236517.92200000025332, 4967224.245300002396107 ], [ -8236525.473999999463558, 4967234.20549999922514 ], [ -8236533.560599999502301, 4967243.70440000295639 ], [ -8236542.25870000012219, 4967252.645900003612041 ], [ -8236551.400299999862909, 4967260.851400002837181 ], [ -8236561.046299999579787, 4967268.551600001752377 ], [ -8236571.29619999974966, 4967275.648800000548363 ], [ -8236582.035700000822544, 4967282.056500002741814 ], [ -8236593.071599999442697, 4967287.680399999022484 ], [ -8236604.5713, 4967292.847000002861023 ], [ -8236615.946699999272823, 4967296.953000001609325 ], [ -8236725.984300000593066, 4967337.3074000030756 ] ] ] } },
{ "type": "Feature", "properties": { "id": 2000473.0, "name": "N-R", "objectid": 1321.0, "rt_symbol": "N", "url": "http://web.mta.info/nyct/service/", "Shape__Len": 943.87204038300001 }, "geometry": { "type": "MultiLineString", "coordinates": [ [ [ -8236859.936000000685453, 4963120.219499997794628 ], [ -8236856.252699999138713, 4963125.075400002300739 ], [ -8236852.675200000405312, 4963129.930600002408028 ], [ -8236849.212600000202656, 4963134.780699998140335 ], [ -8236845.539200000464916, 4963139.917300000786781 ], [ -8236841.982699999585748, 4963144.898699998855591 ], [ -8236838.619999999180436, 4963149.608900003135204 ], [ -8236835.169299999251962, 4963154.745300002396107 ], [ -8236831.713199999183416, 4963159.586800001561642 ], [ -8236828.471899999305606, 4963164.571900002658367 ], [ -8236824.929400000721216, 4963169.693999998271465 ], [ -8236821.7818, 4963174.396700002253056 ], [ -8236818.545099999755621, 4963179.375500001013279 ], [ -8236815.4178, 4963184.209399998188019 ], [ -8236812.089199999347329, 4963189.5050999969244 ], [ -8236808.730000000447035, 4963194.524300001561642 ], [ -8236352.376199999824166, 4963915.899400003254414 ] ] ] } },
{ "type": "Feature", "properties": { "id": 2000474.0, "name": "N-R", "objectid": 1322.0, "rt_symbol": "N", "url": "http://web.mta.info/nyct/service/", "Shape__Len": 937.87218910700005 }, "geometry": { "type": "MultiLineString", "coordinates": [ [ [ -8237440.628900000825524, 4962384.330700002610683 ], [ -8236859.652899999171495, 4963120.585500001907349 ] ] ] } },
{ "type": "Feature", "properties": { "id": 2000475.0, "name": "N-R", "objectid": 1323.0, "rt_symbol": "N", "url": "http://web.mta.info/nyct/service/", "Shape__Len": 981.49483323699997 }, "geometry": { "type": "MultiLineString", "coordinates": [ [ [ -8238048.217199999839067, 4961613.492600001394749 ], [ -8237440.636, 4962384.32150000333786 ] ] ] } },
{ "type": "Feature", "properties": { "id": 2000471.0, "name": "N-R", "objectid": 1324.0, "rt_symbol": "N", "url": "http://web.mta.info/nyct/service/", "Shape__Len": 1047.8435425 }, "geometry": { "type": "MultiLineString", "coordinates": [ [ [ -8235775.48369999974966, 4964863.512199997901917 ], [ -8235296.810900000855327, 4965795.632600001990795 ] ] ] } },
{ "type": "Feature", "properties": { "id": 2000472.0, "name": "N-R", "objectid": 1325.0, "rt_symbol": "N", "url": "http://web.mta.info/nyct/service/", "Shape__Len": 1109.9774897100001 }, "geometry": { "type": "MultiLineString", "coordinates": [ [ [ -8236352.378900000825524, 4963915.895300000905991 ], [ -8235895.011700000613928, 4964639.132500000298023 ], [ -8235889.996999999508262, 4964647.181900002062321 ], [ -8235885.125700000673532, 4964655.174999997019768 ], [ -8235880.413799999281764, 4964663.121799997985363 ], [ -8235875.655600000172853, 4964671.146600000560284 ], [ -8235871.16950000077486, 4964678.792900003492832 ], [ -8235866.686599999666214, 4964686.578500002622604 ], [ -8235862.443099999800324, 4964694.038599997758865 ], [ -8235858.29590000025928, 4964701.521499998867512 ], [ -8235854.282299999147654, 4964708.816299997270107 ], [ -8235850.471100000664592, 4964715.995300002396107 ], [ -8235846.664599999785423, 4964723.165200002491474 ], [ -8235843.078400000929832, 4964730.186800003051758 ], [ -8235839.496999999508262, 4964737.198399998247623 ], [ -8235836.159900000318885, 4964744.011399999260902 ], [ -8235832.738399999216199, 4964751.079599998891354 ], [ -8235775.520899999886751, 4964863.439499996602535 ] ] ] } },
{ "type": "Feature", "properties": { "id": 2000490.0, "name": "D", "objectid": 1326.0, "rt_symbol": "B", "url": "http://web.mta.info/nyct/service/", "Shape__Len": 1033.0116589500001 }, "geometry": { "type": "MultiLineString", "coordinates": [ [ [ -8237502.388000000268221, 4956396.480099998414516 ], [ -8237283.1985, 4957405.9695999994874 ] ] ] } },
{ "type": "Feature", "properties": { "id": 2000501.0, "name": "N", "objectid": 1327.0, "rt_symbol": "N", "url": "http://web.mta.info/nyct/service/", "Shape__Len": 1404.19817298 }, "geometry": { "type": "MultiLineString", "coordinates": [ [ [ -8237236.3366, 4957162.389700002968311 ], [ -8237293.332100000232458, 4957276.351400002837181 ], [ -8237304.686699999496341, 4957296.885200001299381 ], [ -8237315.929999999701977, 4957316.832500003278255 ], [ -8237327.284399999305606, 4957336.046300001442432 ], [ -8237338.750600000843406, 4957354.526699997484684 ], [ -8237350.43889999948442, 4957372.42059999704361 ], [ -8237362.127499999478459, 4957389.581200003623962 ], [ -8237374.038699999451637, 4957406.008400000631809 ], [ -8237386.061300000175834, 4957421.702200002968311 ], [ -8237398.1952, 4957436.809600003063679 ], [ -8237410.440199999138713, 4957451.183600001037121 ], [ -8237422.907999999821186, 4957464.824000000953674 ], [ -8237435.375800000503659, 4957477.73139999806881 ], [ -8237448.066299999132752, 4957490.051700003445148 ], [ -8237460.86769999936223, 4957501.638899996876717 ], [ -8237473.892400000244379, 4957512.346100002527237 ], [ -8238237.989399999380112, 4958122.232900001108646 ] ] ] } },
{ "type": "Feature", "properties": { "id": 2000489.0, "name": "D", "objectid": 1328.0, "rt_symbol": "B", "url": "http://web.mta.info/nyct/service/", "Shape__Len": 744.90039322400003 }, "geometry": { "type": "MultiLineString", "coordinates": [ [ [ -8237283.1985, 4957405.9695999994874 ], [ -8237125.23509999923408, 4958133.92849999666214 ] ] ] } },
{ "type": "Feature", "properties": { "id": 2000410.0, "name": "F", "objectid": 1329.0, "rt_symbol": "B", "url": "http://web.mta.info/nyct/service/", "Shape__Len": 1054.71189992 }, "geometry": { "type": "MultiLineString", "coordinates": [ [ [ -8234676.433599999174476, 4952942.337200000882149 ], [ -8234565.559299999848008, 4953991.205200001597404 ] ] ] } },
{ "type": "Feature", "properties": { "id": 2000506.0, "name": "N", "objectid": 1330.0, "rt_symbol": "N", "url": "http://web.mta.info/nyct/service/", "Shape__Len": 955.30674327999998 }, "geometry": { "type": "MultiLineString", "coordinates": [ [ [ -8235319.86009999923408, 4953149.052299998700619 ], [ -8235455.224700000137091, 4954094.719999998807907 ] ] ] } },
{ "type": "Feature", "properties": { "id": 2000462.0, "name": "B", "objectid": 1331.0, "rt_symbol": "B", "url": "http://web.mta.info/nyct/service/", "Shape__Len": 1388.5762611299999 }, "geometry": { "type": "MultiLineString", "coordinates": [ [ [ -8232736.3575, 4953416.9087999984622 ], [ -8232911.462999999523163, 4954632.545000001788139 ], [ -8232911.79700000025332, 4954634.597599998116493 ], [ -8232912.130999999120831, 4954636.503799997270107 ], [ -8232912.464999999850988, 4954638.556699998676777 ], [ -8232912.687599999830127, 4954640.4628000035882 ], [ -8232913.021600000560284, 4954642.515600003302097 ], [ -8232913.355399999767542, 4954644.421999998390675 ], [ -8232913.689400000497699, 4954646.328100003302097 ], [ -8232914.134800000116229, 4954648.381099998950958 ], [ -8232914.468800000846386, 4954650.287100002169609 ], [ -8232914.802400000393391, 4954652.193599998950958 ], [ -8232915.136499999091029, 4954654.099600002169609 ], [ -8232915.470499999821186, 4954656.005699999630451 ], [ -8232915.804500000551343, 4954657.912000000476837 ], [ -8232916.249800000339746, 4954659.671400003135204 ], [ -8232916.583699999377131, 4954661.577799998223782 ], [ -8232919.255400000140071, 4954673.30799999833107 ], [ -8232919.812000000849366, 4954675.800700001418591 ], [ -8232920.36849999986589, 4954678.440200001001358 ], [ -8232921.036299999803305, 4954681.079599998891354 ], [ -8232921.481699999421835, 4954683.718999996781349 ], [ -8232922.03830000013113, 4954686.504900000989437 ], [ -8232922.595100000500679, 4954689.144400000572205 ], [ -8232923.151399999856949, 4954691.930399999022484 ], [ -8232923.596799999475479, 4954694.862899996340275 ], [ -8232924.153400000184774, 4954697.648800000548363 ], [ -8232924.5987, 4954700.581500001251698 ], [ -8232925.043999999761581, 4954703.51410000026226 ], [ -8232925.489199999719858, 4954706.593400001525879 ], [ -8232925.934499999508262, 4954709.672600001096725 ], [ -8232926.379699999466538, 4954712.751900002360344 ], [ -8232926.825099999085069, 4954715.831299997866154 ], [ -8232937.289000000804663, 4954790.760300002992153 ] ] ] } },
{ "type": "Feature", "properties": { "id": 2000356.0, "name": "J-Z", "objectid": 1332.0, "rt_symbol": "J", "url": "http://web.mta.info/nyct/service/", "Shape__Len": 649.22376215300005 }, "geometry": { "type": "MultiLineString", "coordinates": [ [ [ -8238486.343100000172853, 4969715.250299997627735 ], [ -8238481.8902000002563, 4969720.977700002491474 ], [ -8238477.660199999809265, 4969726.264499999582767 ], [ -8238473.429999999701977, 4969731.551299996674061 ], [ -8238469.422399999573827, 4969736.544399999082088 ], [ -8238465.5263, 4969741.244000002741814 ], [ -8238461.741599999368191, 4969745.649499997496605 ], [ -8238458.067900000140071, 4969749.908399999141693 ], [ -8238454.505699999630451, 4969753.873599998652935 ], [ -8238451.16609999909997, 4969757.691799998283386 ], [ -8238447.93779999949038, 4969761.216399997472763 ], [ -8238444.821000000461936, 4969764.594099998474121 ], [ -8238441.815300000831485, 4969767.678000003099442 ], [ -8238438.92090000025928, 4969770.468400001525879 ], [ -8238436.138000000268221, 4969773.111900001764297 ], [ -8238433.577600000426173, 4969775.461499996483326 ], [ -8238244.557099999859929, 4969954.922700002789497 ], [ -8238239.881699999794364, 4969958.300499998033047 ], [ -8238234.98369999974966, 4969961.678300000727177 ], [ -8238230.08559999987483, 4969964.762199997901917 ], [ -8238225.076199999079108, 4969967.699600003659725 ], [ -8238220.0669, 4969970.489900000393391 ], [ -8238214.834799999371171, 4969973.133500002324581 ], [ -8238209.491499999538064, 4969975.6300999969244 ], [ -8238204.148, 4969977.979699999094009 ], [ -8238198.582299999892712, 4969980.035700000822544 ], [ -8238193.016100000590086, 4969982.092000000178814 ], [ -8238187.338999999687076, 4969983.854299999773502 ], [ -8238181.550300000235438, 4969985.616400003433228 ], [ -8238175.650299999862909, 4969987.08500000089407 ], [ -8238169.63910000026226, 4969988.406900003552437 ], [ -8238163.516699999570847, 4969989.581699997186661 ], [ -8238137.690400000661612, 4969994.281199999153614 ], [ -8238130.788499999791384, 4969995.896600000560284 ], [ -8238124.3322, 4969997.8059 ], [ -8238117.9868, 4970000.008900001645088 ], [ -8238112.086799999698997, 4970002.358499996364117 ], [ -8238106.29839999973774, 4970005.001999996602535 ], [ -8238100.955, 4970007.9391999989748 ], [ -8238095.83420000039041, 4970011.170299999415874 ], [ -8238091.04759999923408, 4970014.548000000417233 ], [ -8238086.4835, 4970018.219400003552437 ], [ -8238082.2533, 4970022.184799998998642 ], [ -8238078.245899999514222, 4970026.296999998390675 ], [ -8238074.572200000286102, 4970030.702799998223782 ], [ -8238071.232699999585748, 4970035.402199998497963 ], [ -8238068.115800000727177, 4970040.395499996840954 ], [ -8238065.555400000885129, 4970045.388899996876717 ], [ -8238020.916200000792742, 4970136.590199999511242 ] ] ] } },
{ "type": "Feature", "properties": { "id": 2000002.0, "name": "1", "objectid": 1333.0, "rt_symbol": "1", "url": "http://web.mta.info/nyct/service/", "Shape__Len": 948.80448732299999 }, "geometry": { "type": "MultiLineString", "coordinates": [ [ [ -8239176.63539999909699, 4969295.103299997746944 ], [ -8239289.847200000658631, 4968950.599200002849102 ], [ -8239292.29619999974966, 4968942.816299997270107 ], [ -8239294.633899999782443, 4968935.033699996769428 ], [ -8239296.860300000756979, 4968927.104000002145767 ], [ -8239298.864, 4968919.027500003576279 ], [ -8239300.867799999192357, 4968910.804200001060963 ], [ -8239302.648800000548363, 4968902.4341000020504 ], [ -8239304.31870000064373, 4968894.064000003039837 ], [ -8239305.877100000157952, 4968885.547200001776218 ], [ -8239307.324400000274181, 4968876.883500002324581 ], [ -8239308.548800000920892, 4968868.072599999606609 ], [ -8239309.773399999365211, 4968859.11540000140667 ], [ -8239310.775299999862909, 4968850.157799996435642 ], [ -8239311.665699999779463, 4968841.05349999666214 ], [ -8239312.445000000298023, 4968831.802400000393391 ], [ -8239313.22440000064671, 4968822.551399998366833 ], [ -8239317.343100000172853, 4968755.444300003349781 ], [ -8239317.343100000172853, 4968717.118699997663498 ], [ -8239316.7983, 4968710.877300001680851 ], [ -8239316.033500000834465, 4968704.659400001168251 ], [ -8239315.049799999222159, 4968698.472300000488758 ], [ -8239313.848200000822544, 4968692.324299998581409 ], [ -8239312.430299999192357, 4968686.222999997437 ], [ -8239310.797900000587106, 4968680.175800003111362 ], [ -8239308.9529, 4968674.190499998629093 ], [ -8239306.89780000038445, 4968668.274800002574921 ], [ -8239304.635299999266863, 4968662.435699999332428 ], [ -8239302.167999999597669, 4968656.6809 ], [ -8239299.499099999666214, 4968651.017399996519089 ], [ -8239296.631899999454618, 4968645.452399998903275 ], [ -8239293.57010000012815, 4968639.993000000715256 ], [ -8239290.317299999296665, 4968634.645900003612041 ], [ -8239286.877900000661612, 4968629.418099999427795 ], [ -8239283.25620000064373, 4968624.315499998629093 ], [ -8239279.456700000911951, 4968619.345200002193451 ], [ -8239275.483799999579787, 4968614.513400003314018 ], [ -8239271.3429000005126, 4968609.825800001621246 ], [ -8239267.039300000295043, 4968605.288500003516674 ], [ -8239262.578099999576807, 4968600.9070999994874 ], [ -8239253.206000000238419, 4968592.634199999272823 ], [ -8239108.280500000342727, 4968446.029899999499321 ] ] ] } },
{ "type": "Feature", "properties": { "id": 2000441.0, "name": "R", "objectid": 1334.0, "rt_symbol": "N", "url": "http://web.mta.info/nyct/service/", "Shape__Len": 595.45845132500006 }, "geometry": { "type": "MultiLineString", "coordinates": [ [ [ -8238771.831199999898672, 4968191.66160000115633 ], [ -8238941.737099999561906, 4968283.311200000345707 ], [ -8238954.330199999734759, 4968292.022200003266335 ], [ -8238966.575400000438094, 4968302.741099998354912 ], [ -8238978.152599999681115, 4968314.047399997711182 ], [ -8238988.950500000268221, 4968325.941100001335144 ], [ -8238998.969399999827147, 4968338.275399997830391 ], [ -8239008.20890000090003, 4968351.343699999153614 ], [ -8239016.669199999421835, 4968364.705700002610683 ], [ -8239024.350199999287724, 4968378.802100002765656 ], [ -8239031.252000000327826, 4968393.338699996471405 ], [ -8239037.37470000050962, 4968408.609999999403954 ], [ -8239042.82909999974072, 4968424.174599997699261 ], [ -8239047.393300000578165, 4968440.473499998450279 ], [ -8239051.400900000706315, 4968457.35980000346899 ], [ -8239088.804099999368191, 4968645.166599996387959 ] ] ] } },
{ "type": "Feature", "properties": { "id": 2000438.0, "name": "R-W", "objectid": 1335.0, "rt_symbol": "N", "url": "http://web.mta.info/nyct/service/", "Shape__Len": 687.54782396300004 }, "geometry": { "type": "MultiLineString", "coordinates": [ [ [ -8238870.0614, 4969758.426100000739098 ], [ -8238807.277100000530481, 4969886.04559999704361 ], [ -8238802.267899999395013, 4969893.388599999248981 ], [ -8238797.035700000822544, 4969899.850299999117851 ], [ -8238791.469799999147654, 4969905.431100003421307 ], [ -8238785.569900000467896, 4969910.130599997937679 ], [ -8238779.447200000286102, 4969914.09570000320673 ], [ -8238772.990599999204278, 4969917.032999999821186 ], [ -8238766.200400000438094, 4969919.089000001549721 ], [ -8238759.075899999588728, 4969920.263899996876717 ], [ -8238751.6173, 4969920.70440000295639 ], [ -8238743.9364, 4969920.116899996995926 ], [ -8238735.921399999409914, 4969918.795400001108646 ], [ -8238727.572499999776483, 4969916.44539999961853 ], [ -8238719.000900000333786, 4969913.36150000244379 ], [ -8238710.095300000160933, 4969909.249399997293949 ], [ -8238700.855699999257922, 4969904.403099998831749 ], [ -8238689.946399999782443, 4969898.675599999725819 ], [ -8238680.595499999821186, 4969893.6824000030756 ], [ -8238671.467399999499321, 4969889.570299997925758 ], [ -8238662.561899999156594, 4969886.04559999704361 ], [ -8238653.879100000485778, 4969883.402199998497963 ], [ -8238645.418500000610948, 4969881.639799997210503 ], [ -8238637.18099999986589, 4969880.611699998378754 ], [ -8238629.165999999269843, 4969880.318300001323223 ], [ -8238621.262299999594688, 4969880.758699998259544 ], [ -8238613.581299999728799, 4969882.080399997532368 ], [ -8238606.234099999070168, 4969884.283399999141693 ], [ -8238598.998400000855327, 4969887.073700003325939 ], [ -8238591.985400000587106, 4969890.745099999010563 ], [ -8238585.19480000063777, 4969895.15089999884367 ], [ -8238578.515699999406934, 4969900.437899999320507 ], [ -8238572.170399999246001, 4969906.458999998867512 ], [ -8238500.703299999237061, 4970024.240699999034405 ], [ -8238499.812699999660254, 4970025.709499999880791 ], [ -8238498.810900000855327, 4970027.031199999153614 ], [ -8238497.920299999415874, 4970028.499899998307228 ], [ -8238496.918299999088049, 4970029.821599997580051 ], [ -8238496.027699999511242, 4970031.143299996852875 ], [ -8238495.026000000536442, 4970032.318300001323223 ], [ -8238494.0241, 4970033.640000000596046 ], [ -8238492.910900000482798, 4970034.814800001680851 ], [ -8238491.909099999815226, 4970035.989799998700619 ], [ -8238490.907199999317527, 4970037.164599999785423 ], [ -8238489.793999999761581, 4970038.339400000870228 ], [ -8238488.680700000375509, 4970039.514300003647804 ], [ -8238487.567600000649691, 4970040.542499996721745 ], [ -8238486.454299999400973, 4970041.570500001311302 ], [ -8238485.341299999505281, 4970042.598600000143051 ], [ -8238484.227800000458956, 4970043.626500003039837 ], [ -8238483.114800000563264, 4970044.801299996674061 ], [ -8238482.1129, 4970045.829499997198582 ], [ -8238481.110999999567866, 4970047.004199996590614 ], [ -8238480.109099999070168, 4970048.032399997115135 ], [ -8238479.107300000265241, 4970049.20719999819994 ], [ -8238478.105499999597669, 4970050.382200002670288 ], [ -8238477.2149, 4970051.556999996304512 ], [ -8238476.324400000274181, 4970052.731899999082088 ], [ -8238475.433800000697374, 4970053.906700000166893 ], [ -8238474.543199999257922, 4970055.081699997186661 ], [ -8238473.652599999681115, 4970056.403599999845028 ], [ -8238472.873400000855327, 4970057.578400000929832 ], [ -8238472.094100000336766, 4970058.753300003707409 ], [ -8238471.314899999648333, 4970060.075099997222424 ], [ -8238419.106000000610948, 4970142.317699998617172 ] ] ] } },
{ "type": "Feature", "properties": { "id": 2000003.0, "name": "1", "objectid": 1336.0, "rt_symbol": "1", "url": "http://web.mta.info/nyct/service/", "Shape__Len": 660.17113160099996 }, "geometry": { "type": "MultiLineString", "coordinates": [ [ [ -8239176.63539999909699, 4969295.103299997746944 ], [ -8239141.9035, 4969402.157499998807907 ], [ -8239050.287599999457598, 4969679.711000002920628 ], [ -8239037.0406, 4969733.754100002348423 ], [ -8239019.89750000089407, 4969823.630900003015995 ], [ -8239006.984300000593066, 4969890.157600000500679 ], [ -8238999.080800000578165, 4969929.809799998998642 ] ] ] } },
{ "type": "Feature", "properties": { "id": 2000142.0, "name": "4", "objectid": 1370.0, "rt_symbol": "4", "url": "http://web.mta.info/nyct/service/", "Shape__Len": 845.77241381500005 }, "geometry": { "type": "MultiLineString", "coordinates": [ [ [ -8227365.7489, 4990749.936700001358986 ], [ -8227156.13399999961257, 4991056.6503000035882 ], [ -8227148.341700000688434, 4991067.688500002026558 ], [ -8227140.771999999880791, 4991078.873999997973442 ], [ -8227133.424799999222159, 4991090.059500001370907 ], [ -8227126.3004, 4991101.097999997437 ], [ -8227119.287200000137091, 4991112.283600002527237 ], [ -8227112.496799999848008, 4991123.469099998474121 ], [ -8227105.928899999707937, 4991134.654799997806549 ], [ -8227099.472500000149012, 4991145.84009999781847 ], [ -8227093.238600000739098, 4991157.02589999884367 ], [ -8227087.22719999961555, 4991168.211599998176098 ], [ -8227081.32740000076592, 4991179.397200003266335 ], [ -8227075.649900000542402, 4991190.435500003397465 ], [ -8227070.19539999961853, 4991201.621299996972084 ], [ -8227064.852099999785423, 4991212.806900002062321 ], [ -8227059.50870000012219, 4991223.845299996435642 ], [ -8226942.177899999544024, 4991479.059399999678135 ] ] ] } },
{ "type": "Feature", "properties": { "id": 2000355.0, "name": "J-Z", "objectid": 1337.0, "rt_symbol": "J", "url": "http://web.mta.info/nyct/service/", "Shape__Len": 693.23751763400003 }, "geometry": { "type": "MultiLineString", "coordinates": [ [ [ -8238873.0669, 4969142.821000002324581 ], [ -8238832.546800000593066, 4969229.902099996805191 ], [ -8238830.431700000539422, 4969234.601199999451637 ], [ -8238828.205299999564886, 4969239.300399996340275 ], [ -8238825.978800000622869, 4969243.999700002372265 ], [ -8238823.641100000590086, 4969248.698700003325939 ], [ -8238821.30350000038743, 4969253.251199997961521 ], [ -8238818.965800000354648, 4969257.80349999666214 ], [ -8238816.516699999570847, 4969262.355800002813339 ], [ -8238814.067600000649691, 4969266.76129999756813 ], [ -8238811.50730000063777, 4969271.166599996387959 ], [ -8238808.94679999910295, 4969275.572200000286102 ], [ -8238806.386700000613928, 4969279.977600000798702 ], [ -8238803.7149, 4969284.236299999058247 ], [ -8238801.043299999088049, 4969288.64190000295639 ], [ -8238798.371600000187755, 4969292.753799997270107 ], [ -8238795.588600000366569, 4969297.012500002980232 ], [ -8238707.757500000298023, 4969425.213100001215935 ], [ -8238704.863199999555945, 4969429.471900001168251 ], [ -8238701.968900000676513, 4969433.730700001120567 ], [ -8238699.074699999764562, 4969437.842600002884865 ], [ -8238696.291600000113249, 4969441.807700000703335 ], [ -8238693.50870000012219, 4969445.625699996948242 ], [ -8238690.83699999935925, 4969449.4441 ], [ -8238688.053899999707937, 4969453.262100003659725 ], [ -8238685.382200000807643, 4969456.78660000115633 ], [ -8238682.710699999704957, 4969460.310999996960163 ], [ -8238680.1502, 4969463.68860000371933 ], [ -8238677.478700000792742, 4969467.066200003027916 ], [ -8238674.918199999257922, 4969470.296999998390675 ], [ -8238672.469200000166893, 4969473.380800001323223 ], [ -8238669.908800000324845, 4969476.464900001883507 ], [ -8238667.46000000089407, 4969479.401799999177456 ], [ -8238648.980900000780821, 4969500.695500001311302 ], [ -8238647.088600000366569, 4969502.751599997282028 ], [ -8238645.084699999541044, 4969504.954199999570847 ], [ -8238642.9695999994874, 4969507.303800001740456 ], [ -8238640.854599999263883, 4969509.800399996340275 ], [ -8238638.628200000151992, 4969512.443800002336502 ], [ -8238636.401599999517202, 4969515.087099999189377 ], [ -8238634.064099999144673, 4969518.02419999986887 ], [ -8238631.614900000393391, 4969520.961300000548363 ], [ -8238629.165899999439716, 4969524.045199997723103 ], [ -8238626.605599999427795, 4969527.422700002789497 ], [ -8238624.045399999246001, 4969530.800499998033047 ], [ -8238621.373800000175834, 4969534.178000003099442 ], [ -8238618.701999999582767, 4969537.849299997091293 ], [ -8238615.918999999761581, 4969541.667499996721745 ], [ -8238613.024700000882149, 4969545.485799998044968 ], [ -8238525.972999999299645, 4969663.70380000025034 ], [ -8238522.633199999108911, 4969668.403200000524521 ], [ -8238519.293800000101328, 4969672.808799996972084 ], [ -8238516.176799999549985, 4969677.214500002563 ], [ -8238513.059900000691414, 4969681.326399996876717 ], [ -8238510.053999999538064, 4969685.291400000452995 ], [ -8238507.271199999377131, 4969689.109899997711182 ], [ -8238504.488199999555945, 4969692.634300000965595 ], [ -8238501.816400000825524, 4969696.158699996769428 ], [ -8238499.256300000473857, 4969699.389700002968311 ], [ -8238496.918299999088049, 4969702.473800003528595 ], [ -8238494.580700000748038, 4969705.410800002515316 ], [ -8238492.354299999773502, 4969708.054200001060963 ], [ -8238490.239199999719858, 4969710.697800002992153 ], [ -8238488.235500000417233, 4969713.047399997711182 ], [ -8238486.343100000172853, 4969715.250299997627735 ] ] ] } },
{ "type": "Feature", "properties": { "id": 2000439.0, "name": "R-W", "objectid": 1338.0, "rt_symbol": "N", "url": "http://web.mta.info/nyct/service/", "Shape__Len": 568.10931396399997 }, "geometry": { "type": "MultiLineString", "coordinates": [ [ [ -8239127.543199999257922, 4969252.076200000941753 ], [ -8239124.4265, 4969257.0691 ], [ -8239121.309499999508262, 4969262.355800002813339 ], [ -8239118.192500000819564, 4969267.642399996519089 ], [ -8239115.2982, 4969272.928900003433228 ], [ -8239112.292500000447035, 4969278.509300000965595 ], [ -8239109.398199999704957, 4969284.089500002563 ], [ -8239106.504000000655651, 4969289.816799998283386 ], [ -8238870.0614, 4969758.426100000739098 ] ] ] } },
{ "type": "Feature", "properties": { "id": 2000077.0, "name": "2-3", "objectid": 1339.0, "rt_symbol": "1", "url": "http://web.mta.info/nyct/service/", "Shape__Len": 473.87080165999998 }, "geometry": { "type": "MultiLineString", "coordinates": [ [ [ -8238655.326199999079108, 4969193.483599998056889 ], [ -8238598.775900000706315, 4969275.865900002419949 ], [ -8238552.021500000730157, 4969338.864699997007847 ], [ -8238373.799000000581145, 4969574.562799997627735 ] ] ] } },
{ "type": "Feature", "properties": { "id": 2000232.0, "name": "A-C", "objectid": 1340.0, "rt_symbol": "A", "url": "http://web.mta.info/nyct/service/", "Shape__Len": 761.11431150299995 }, "geometry": { "type": "MultiLineString", "coordinates": [ [ [ -8238498.477, 4969689.256700001657009 ], [ -8238726.236600000411272, 4969840.372599996626377 ], [ -8238737.36849999986589, 4969849.918300002813339 ], [ -8238747.053400000557303, 4969859.758000001311302 ], [ -8238755.402200000360608, 4969869.891099996864796 ], [ -8238762.415400000289083, 4969880.318099997937679 ], [ -8238767.981300000101328, 4969891.038900002837181 ], [ -8238772.100199999287724, 4969901.906499996781349 ], [ -8238774.883300000801682, 4969913.214599996805191 ], [ -8238776.330299999564886, 4969924.816500000655651 ], [ -8238776.330199999734759, 4969936.56530000269413 ], [ -8238774.994599999859929, 4969948.607799999415874 ], [ -8238772.211500000208616, 4969961.090999998152256 ], [ -8238768.092800000682473, 4969973.720899999141693 ], [ -8238762.526699999347329, 4969986.644500002264977 ], [ -8238755.624900000169873, 4969999.862000003457069 ], [ -8238747.275900000706315, 4970013.520000003278255 ], [ -8238597.996500000357628, 4970264.067699998617172 ] ] ] } },
{ "type": "Feature", "properties": { "id": 2000005.0, "name": "1-2-3", "objectid": 1341.0, "rt_symbol": "1", "url": "http://web.mta.info/nyct/service/", "Shape__Len": 200.78358316699999 }, "geometry": { "type": "MultiLineString", "coordinates": [ [ [ -8238776.441700000315905, 4970292.265900000929832 ], [ -8238677.478700000792742, 4970458.812100000679493 ], [ -8238673.80519999936223, 4970464.833599999547005 ] ] ] } },
{ "type": "Feature", "properties": { "id": 2000113.0, "name": "4-5-6", "objectid": 1342.0, "rt_symbol": "4", "url": "http://web.mta.info/nyct/service/", "Shape__Len": 616.13519310499998 }, "geometry": { "type": "MultiLineString", "coordinates": [ [ [ -8237663.803300000727177, 4970953.180799998342991 ], [ -8237536.45380000025034, 4971137.069899998605251 ], [ -8237339.084499999880791, 4971441.111299999058247 ], [ -8237337.748500000685453, 4971443.020900003612041 ], [ -8237336.524000000208616, 4971444.930200003087521 ], [ -8237335.188200000673532, 4971446.692800000309944 ], [ -8237334.075099999085069, 4971448.602300003170967 ], [ -8237332.85050000064075, 4971450.364900000393391 ], [ -8237331.737299999222159, 4971452.274499997496605 ], [ -8237330.735400000587106, 4971454.037000000476837 ], [ -8237329.622300000861287, 4971455.799599997699261 ], [ -8237328.731699999421835, 4971457.562200002372265 ], [ -8237327.729699999094009, 4971459.324799999594688 ], [ -8237326.839299999177456, 4971461.087300002574921 ], [ -8237325.948599999770522, 4971462.850000001490116 ], [ -8237325.16950000077486, 4971464.612499997019768 ], [ -8237324.05629999935627, 4971466.9628000035882 ] ] ] } },
{ "type": "Feature", "properties": { "id": 2000356.0, "name": "J-Z", "objectid": 1343.0, "rt_symbol": "J", "url": "http://web.mta.info/nyct/service/", "Shape__Len": 649.22376215300005 }, "geometry": { "type": "MultiLineString", "coordinates": [ [ [ -8238486.343100000172853, 4969715.250299997627735 ], [ -8238481.8902000002563, 4969720.977700002491474 ], [ -8238477.660199999809265, 4969726.264499999582767 ], [ -8238473.429999999701977, 4969731.551299996674061 ], [ -8238469.422399999573827, 4969736.544399999082088 ], [ -8238465.5263, 4969741.244000002741814 ], [ -8238461.741599999368191, 4969745.649499997496605 ], [ -8238458.067900000140071, 4969749.908399999141693 ], [ -8238454.505699999630451, 4969753.873599998652935 ], [ -8238451.16609999909997, 4969757.691799998283386 ], [ -8238447.93779999949038, 4969761.216399997472763 ], [ -8238444.821000000461936, 4969764.594099998474121 ], [ -8238441.815300000831485, 4969767.678000003099442 ], [ -8238438.92090000025928, 4969770.468400001525879 ], [ -8238436.138000000268221, 4969773.111900001764297 ], [ -8238433.577600000426173, 4969775.461499996483326 ], [ -8238244.557099999859929, 4969954.922700002789497 ], [ -8238239.881699999794364, 4969958.300499998033047 ], [ -8238234.98369999974966, 4969961.678300000727177 ], [ -8238230.08559999987483, 4969964.762199997901917 ], [ -8238225.076199999079108, 4969967.699600003659725 ], [ -8238220.0669, 4969970.489900000393391 ], [ -8238214.834799999371171, 4969973.133500002324581 ], [ -8238209.491499999538064, 4969975.6300999969244 ], [ -8238204.148, 4969977.979699999094009 ], [ -8238198.582299999892712, 4969980.035700000822544 ], [ -8238193.016100000590086, 4969982.092000000178814 ], [ -8238187.338999999687076, 4969983.854299999773502 ], [ -8238181.550300000235438, 4969985.616400003433228 ], [ -8238175.650299999862909, 4969987.08500000089407 ], [ -8238169.63910000026226, 4969988.406900003552437 ], [ -8238163.516699999570847, 4969989.581699997186661 ], [ -8238137.690400000661612, 4969994.281199999153614 ], [ -8238130.788499999791384, 4969995.896600000560284 ], [ -8238124.3322, 4969997.8059 ], [ -8238117.9868, 4970000.008900001645088 ], [ -8238112.086799999698997, 4970002.358499996364117 ], [ -8238106.29839999973774, 4970005.001999996602535 ], [ -8238100.955, 4970007.9391999989748 ], [ -8238095.83420000039041, 4970011.170299999415874 ], [ -8238091.04759999923408, 4970014.548000000417233 ], [ -8238086.4835, 4970018.219400003552437 ], [ -8238082.2533, 4970022.184799998998642 ], [ -8238078.245899999514222, 4970026.296999998390675 ], [ -8238074.572200000286102, 4970030.702799998223782 ], [ -8238071.232699999585748, 4970035.402199998497963 ], [ -8238068.115800000727177, 4970040.395499996840954 ], [ -8238065.555400000885129, 4970045.388899996876717 ], [ -8238020.916200000792742, 4970136.590199999511242 ] ] ] } },
{ "type": "Feature", "properties": { "id": 2000440.0, "name": "R-W", "objectid": 1344.0, "rt_symbol": "N", "url": "http://web.mta.info/nyct/service/", "Shape__Len": 651.64987922499995 }, "geometry": { "type": "MultiLineString", "coordinates": [ [ [ -8239088.804099999368191, 4968645.166599996387959 ], [ -8239102.162499999627471, 4968719.321199998259544 ], [ -8239103.721000000834465, 4968728.572400003671646 ], [ -8239105.279400000348687, 4968738.410700000822544 ], [ -8239106.837899999693036, 4968748.6897 ], [ -8239108.5077, 4968759.409100003540516 ], [ -8239110.066299999132752, 4968770.715800002217293 ], [ -8239111.62470000050962, 4968782.610100001096725 ], [ -8239113.1831, 4968794.944899998605251 ], [ -8239114.741599999368191, 4968807.720200002193451 ], [ -8239116.300200000405312, 4968821.082900002598763 ], [ -8239117.8586, 4968834.886100001633167 ], [ -8239119.417099999263883, 4968849.276600003242493 ], [ -8239121.086799999698997, 4968864.107799999415874 ], [ -8239122.645300000905991, 4968879.526500001549721 ], [ -8239124.203700000420213, 4968895.38570000231266 ], [ -8239125.762199999764562, 4968911.83219999819994 ], [ -8239126.318900000303984, 4968918.14639999717474 ], [ -8239127.098200000822544, 4968924.461000002920628 ], [ -8239128.099999999627471, 4968930.481499999761581 ], [ -8239129.324500000104308, 4968936.648999996483326 ], [ -8239130.771500000730157, 4968942.816500000655651 ], [ -8239132.441299999132752, 4968948.836999997496605 ], [ -8239134.4452, 4968954.857600003480911 ], [ -8239136.5603, 4968960.731499999761581 ], [ -8239138.897900000214577, 4968966.752099998295307 ], [ -8239141.458200000226498, 4968972.625900000333786 ], [ -8239144.352600000798702, 4968978.499899998307228 ], [ -8239147.358300000429153, 4968984.226800002157688 ], [ -8239150.586500000208616, 4968990.100500002503395 ], [ -8239154.148700000718236, 4968995.827600002288818 ], [ -8239157.822200000286102, 4969001.554499998688698 ], [ -8239180.308800000697374, 4969036.944300003349781 ], [ -8239186.3202, 4969046.48929999768734 ], [ -8239191.663499999791384, 4969055.887500002980232 ], [ -8239196.116100000217557, 4969064.99210000038147 ], [ -8239199.901000000536442, 4969073.949699997901917 ], [ -8239202.795199999585748, 4969082.760499998927116 ], [ -8239204.910399999469519, 4969091.4243 ], [ -8239206.357599999755621, 4969099.941600002348423 ], [ -8239206.914200000464916, 4969108.311899997293949 ], [ -8239206.691400000825524, 4969116.535300001502037 ], [ -8239205.689600000157952, 4969124.612000003457069 ], [ -8239203.908500000834465, 4969132.54169999808073 ], [ -8239201.348099999129772, 4969140.324500001966953 ], [ -8239198.008500000461936, 4969147.960699997842312 ], [ -8239193.88990000076592, 4969155.450000002980232 ], [ -8239188.991800000891089, 4969162.645499996840954 ], [ -8239152.812899999320507, 4969213.748700000345707 ], [ -8239151.14299999922514, 4969216.098300002515316 ], [ -8239149.473300000652671, 4969218.594700001180172 ], [ -8239147.692199999466538, 4969220.944399997591972 ], [ -8239146.022299999371171, 4969223.440800003707409 ], [ -8239144.352600000798702, 4969225.937200002372265 ], [ -8239142.682900000363588, 4969228.433799996972084 ], [ -8239141.013000000268221, 4969230.929999999701977 ], [ -8239139.231899999082088, 4969233.573399998247623 ], [ -8239137.562100000679493, 4969236.069700002670288 ], [ -8239135.8925, 4969238.712999999523163 ], [ -8239134.222400000318885, 4969241.356299996376038 ], [ -8239132.552699999883771, 4969243.999700002372265 ], [ -8239130.88289999961853, 4969246.642800003290176 ], [ -8239129.213199999183416, 4969249.286200001835823 ], [ -8239127.543199999257922, 4969252.076200000941753 ] ] ] } },
{ "type": "Feature", "properties": { "id": 2000109.0, "name": "4-5", "objectid": 1345.0, "rt_symbol": "4", "url": "http://web.mta.info/nyct/service/", "Shape__Len": 471.74245715400002 }, "geometry": { "type": "MultiLineString", "coordinates": [ [ [ -8239208.027200000360608, 4968899.20380000025034 ], [ -8239193.221799999475479, 4968933.858800001442432 ], [ -8239184.539000000804663, 4968950.746100001037121 ], [ -8239173.963500000536442, 4968969.982699997723103 ], [ -8238962.790400000289083, 4969301.5647 ] ] ] } },
{ "type": "Feature", "properties": { "id": 2000231.0, "name": "A-C", "objectid": 1346.0, "rt_symbol": "A", "url": "http://web.mta.info/nyct/service/", "Shape__Len": 1087.129603 }, "geometry": { "type": "MultiLineString", "coordinates": [ [ [ -8238597.996500000357628, 4970264.067699998617172 ], [ -8238253.907999999821186, 4970840.968900002539158 ], [ -8238248.676000000908971, 4970850.809299997985363 ], [ -8238243.8893, 4970860.796800002455711 ], [ -8238239.547700000926852, 4970870.784100003540516 ], [ -8238235.540200000628829, 4970880.771700002253056 ], [ -8238231.978000000119209, 4970890.906000003218651 ], [ -8238228.749800000339746, 4970901.187100000679493 ], [ -8238225.96680000051856, 4970911.468199998140335 ], [ -8238223.629000000655651, 4970921.749499998986721 ], [ -8238221.514000000432134, 4970932.177599996328354 ], [ -8238219.95549999922514, 4970942.752499997615814 ], [ -8238218.731100000441074, 4970953.327600002288818 ], [ -8238217.840399999171495, 4970963.90259999781847 ], [ -8238217.395199999213219, 4970974.624300003051758 ], [ -8238217.17259999923408, 4970985.346400000154972 ], [ -8238217.395099999383092, 4970996.215000003576279 ], [ -8238224.519600000232458, 4971244.29110000282526 ], [ -8238224.408299999311566, 4971250.019299998879433 ] ] ] } },
{ "type": "Feature", "properties": { "id": 2000357.0, "name": "J-Z", "objectid": 1347.0, "rt_symbol": "J", "url": "http://web.mta.info/nyct/service/", "Shape__Len": 812.72667465699999 }, "geometry": { "type": "MultiLineString", "coordinates": [ [ [ -8238020.916200000792742, 4970136.590199999511242 ], [ -8237957.575500000268221, 4970268.473800003528595 ], [ -8237955.237800000235438, 4970273.614 ], [ -8237952.900000000372529, 4970278.754199996590614 ], [ -8237950.450999999418855, 4970283.894599996507168 ], [ -8237948.002000000327826, 4970289.034999996423721 ], [ -8237945.441800000146031, 4970294.17509999871254 ], [ -8237942.88120000064373, 4970299.315499998629093 ], [ -8237940.320900000631809, 4970304.455600000917912 ], [ -8237937.649399999529123, 4970309.596000000834465 ], [ -8237934.977700000628829, 4970314.736100003123283 ], [ -8237932.194700000807643, 4970319.876400001347065 ], [ -8237929.411699999123812, 4970325.016800001263618 ], [ -8237926.628699999302626, 4970330.156999997794628 ], [ -8237923.734300000593066, 4970335.29730000346899 ], [ -8237920.839999999850988, 4970340.437600001692772 ], [ -8237917.834300000220537, 4970345.578000001609325 ], [ -8237718.683900000527501, 4970703.056000001728535 ], [ -8237716.346000000834465, 4970707.168300002813339 ], [ -8237713.897199999541044, 4970711.427500002086163 ], [ -8237711.448100000619888, 4970715.686800003051758 ], [ -8237708.998999999836087, 4970719.946000002324581 ], [ -8237706.4386, 4970724.352099999785423 ], [ -8237703.767000000923872, 4970728.905199997127056 ], [ -8237701.0954, 4970733.31139999628067 ], [ -8237698.423800000920892, 4970738.011200003325939 ], [ -8237695.640699999406934, 4970742.711000002920628 ], [ -8237692.857699999585748, 4970747.411100000143051 ], [ -8237689.963600000366569, 4970752.111000001430511 ], [ -8237687.0691, 4970757.104599997401237 ], [ -8237684.0636, 4970761.951499998569489 ], [ -8237681.057900000363588, 4970766.944899998605251 ], [ -8237677.940899999812245, 4970772.085600003600121 ], [ -8237630.2961, 4970848.753100000321865 ] ] ] } },
{ "type": "Feature", "properties": { "id": 2000437.0, "name": "R-W", "objectid": 1348.0, "rt_symbol": "N", "url": "http://web.mta.info/nyct/service/", "Shape__Len": 1085.31989488 }, "geometry": { "type": "MultiLineString", "coordinates": [ [ [ -8238419.106000000610948, 4970142.317699998617172 ], [ -8238351.869100000709295, 4970249.381399996578693 ], [ -8238351.201199999079108, 4970250.409400001168251 ], [ -8238350.644600000232458, 4970251.4375 ], [ -8238349.976500000804663, 4970252.465599998831749 ], [ -8238349.420099999755621, 4970253.493500001728535 ], [ -8238348.863500000908971, 4970254.521499998867512 ], [ -8238348.307, 4970255.69650000333786 ], [ -8238347.750199999660254, 4970256.724600002169609 ], [ -8238347.304999999701977, 4970257.899499997496605 ], [ -8238346.859899999573827, 4970258.927599996328354 ], [ -8238346.303099999204278, 4970260.10249999910593 ], [ -8238345.969200000166893, 4970261.277300000190735 ], [ -8238345.523900000378489, 4970262.452299997210503 ], [ -8238345.078700000420213, 4970263.627099998295307 ], [ -8238344.744799999520183, 4970264.802000001072884 ], [ -8238344.410700000822544, 4970265.977099999785423 ], [ -8238343.965299999341369, 4970267.298799999058247 ], [ -8238343.520199999213219, 4970268.473600000143051 ], [ -8238343.186200000345707, 4970269.79559999704361 ], [ -8238342.740800000727177, 4970270.970600001513958 ], [ -8238342.2956000007689, 4970272.145400002598763 ], [ -8238341.739, 4970273.32039999961853 ], [ -8238341.293800000101328, 4970274.348200000822544 ], [ -8238340.848600000143051, 4970275.523100003600121 ], [ -8238340.291899999603629, 4970276.55120000243187 ], [ -8238339.846599999815226, 4970277.579300001263618 ], [ -8238339.28999999910593, 4970278.6074 ], [ -8238338.844900000840425, 4970279.635499998927116 ], [ -8238338.28830000013113, 4970280.516599997878075 ], [ -8238337.731499999761581, 4970281.544699996709824 ], [ -8238337.174900000914931, 4970282.425899997353554 ], [ -8237839.910700000822544, 4971059.51860000193119 ] ] ] } },
{ "type": "Feature", "properties": { "id": 2000351.0, "name": "F", "objectid": 1349.0, "rt_symbol": "B", "url": "http://web.mta.info/nyct/service/", "Shape__Len": 760.88871888400001 }, "geometry": { "type": "MultiLineString", "coordinates": [ [ [ -8236548.382099999114871, 4970205.909599997103214 ], [ -8236548.827500000596046, 4970212.2246999964118 ], [ -8236549.272600000724196, 4970218.686700001358986 ], [ -8236549.606599999591708, 4970225.148599997162819 ], [ -8236549.940600000321865, 4970231.463899999856949 ], [ -8236550.051999999210238, 4970237.631999999284744 ], [ -8236550.163100000470877, 4970243.800399996340275 ], [ -8236550.274399999529123, 4970249.821900002658367 ], [ -8236550.27449999935925, 4970255.843500003218651 ], [ -8236550.163100000470877, 4970261.864799998700619 ], [ -8236550.051899999380112, 4970267.739399999380112 ], [ -8236549.829199999570847, 4970273.614 ], [ -8236549.495300000533462, 4970279.341600000858307 ], [ -8236549.161299999803305, 4970284.922700002789497 ], [ -8236548.716099999845028, 4970290.503300003707409 ], [ -8236548.159399999305606, 4970296.231200002133846 ], [ -8236547.04619999974966, 4970305.043099999427795 ], [ -8236546.044299999251962, 4970313.561300002038479 ], [ -8236544.819900000467896, 4970322.079499997198582 ], [ -8236543.261399999260902, 4970330.89130000025034 ], [ -8236541.591700000688434, 4970339.55629999935627 ], [ -8236539.699200000613928, 4970348.368600003421307 ], [ -8236537.584000000730157, 4970357.327100001275539 ], [ -8236535.246400000527501, 4970366.285999998450279 ], [ -8236532.797399999573827, 4970375.244800001382828 ], [ -8236530.014399999752641, 4970384.350599996745586 ], [ -8236527.0088, 4970393.456399999558926 ], [ -8236523.891799999400973, 4970402.709100000560284 ], [ -8236520.4408, 4970411.961400002241135 ], [ -8236516.878699999302626, 4970421.361100003123283 ], [ -8236512.871200000867248, 4970430.613499999046326 ], [ -8236319.175100000575185, 4970924.980800002813339 ] ] ] } },
{ "type": "Feature", "properties": { "id": 2000364.0, "name": "J-Z", "objectid": 1350.0, "rt_symbol": "J", "url": "http://web.mta.info/nyct/service/", "Shape__Len": 756.03812486599998 }, "geometry": { "type": "MultiLineString", "coordinates": [ [ [ -8231103.090600000694394, 4968223.57490000128746 ], [ -8230494.284199999645352, 4967775.302199997007847 ] ] ] } },
{ "type": "Feature", "properties": { "id": 2000392.0, "name": "F", "objectid": 1351.0, "rt_symbol": "B", "url": "http://web.mta.info/nyct/service/", "Shape__Len": 461.47858043299999 }, "geometry": { "type": "MultiLineString", "coordinates": [ [ [ -8236625.081399999558926, 4966157.715199999511242 ], [ -8236410.79109999909997, 4966566.423100002110004 ] ] ] } },
{ "type": "Feature", "properties": { "id": 2000108.0, "name": "4-5", "objectid": 1352.0, "rt_symbol": "4", "url": "http://web.mta.info/nyct/service/", "Shape__Len": 3550.4424033499999 }, "geometry": { "type": "MultiLineString", "coordinates": [ [ [ -8236545.933199999853969, 4967076.597800001502037 ], [ -8237094.626800000667572, 4967185.683300003409386 ], [ -8237530.1086, 4967286.988499999046326 ], [ -8237554.710200000554323, 4967292.861199997365475 ], [ -8237700.204800000414252, 4967342.780199997127056 ], [ -8237765.660800000652671, 4967365.097000002861023 ], [ -8237852.044700000435114, 4967393.139700002968311 ], [ -8237936.090900000184774, 4967419.420999996364117 ], [ -8238006.778599999845028, 4967444.380699999630451 ], [ -8238086.03830000013113, 4967477.12219999730587 ], [ -8238153.163699999451637, 4967511.478699997067451 ], [ -8238218.619699999690056, 4967544.220299996435642 ], [ -8238283.964099999517202, 4967577.108800001442432 ], [ -8238332.276799999177456, 4967614.10869999974966 ], [ -8239038.7105, 4968329.612099997699261 ], [ -8239197.785900000482798, 4968485.993100002408028 ], [ -8239213.148, 4968503.026299998164177 ], [ -8239226.729000000283122, 4968520.500100001692772 ], [ -8239238.751499999314547, 4968538.561099998652935 ], [ -8239248.88150000013411, 4968557.209700003266335 ], [ -8239257.453199999406934, 4968576.298699997365475 ], [ -8239264.132400000467896, 4968595.975299999117851 ], [ -8239269.253000000491738, 4968616.239200003445148 ], [ -8239272.592700000852346, 4968636.943599998950958 ], [ -8239274.262399999424815, 4968658.235299997031689 ], [ -8239274.151000000536442, 4968680.114799998700619 ], [ -8239272.369999999180436, 4968702.434600003063679 ], [ -8239268.918999999761581, 4968725.48870000243187 ], [ -8239263.687000000849366, 4968748.836499996483326 ], [ -8239256.785299999639392, 4968772.918399997055531 ], [ -8239248.436300000175834, 4968797.294399999082088 ], [ -8239208.027200000360608, 4968899.20380000025034 ] ] ] } },
{ "type": "Feature", "properties": { "id": 2000466.0, "name": "Q", "objectid": 1353.0, "rt_symbol": "N", "url": "http://web.mta.info/nyct/service/", "Shape__Len": 818.57778859899997 }, "geometry": { "type": "MultiLineString", "coordinates": [ [ [ -8234135.86600000038743, 4950047.170500002801418 ], [ -8234125.068, 4950046.8772 ], [ -8234114.270099999383092, 4950046.584100000560284 ], [ -8234103.472100000828505, 4950046.584100000560284 ], [ -8234092.674100000411272, 4950046.730599999427795 ], [ -8234081.987500000745058, 4950047.170500002801418 ], [ -8234071.189400000497699, 4950047.7566 ], [ -8234060.502800000831485, 4950048.636 ], [ -8234049.816099999472499, 4950049.662000000476837 ], [ -8234039.1294, 4950050.834399998188019 ], [ -8234028.442700000479817, 4950052.299999997019768 ], [ -8234017.75620000064373, 4950053.9121999964118 ], [ -8234007.180800000205636, 4950055.817500002682209 ], [ -8233996.494100000709295, 4950057.869400002062321 ], [ -8233985.918600000441074, 4950060.214400000870228 ], [ -8233975.343399999663234, 4950062.705899998545647 ], [ -8233342.714700000360608, 4950239.02139999717474 ] ] ] } },
{ "type": "Feature", "properties": { "id": 2000408.0, "name": "F", "objectid": 1354.0, "rt_symbol": "B", "url": "http://web.mta.info/nyct/service/", "Shape__Len": 917.94848659900003 }, "geometry": { "type": "MultiLineString", "coordinates": [ [ [ -8234639.1415, 4954830.9375 ], [ -8234769.941800000146031, 4955739.519199997186661 ] ] ] } },
{ "type": "Feature", "properties": { "id": 2000407.0, "name": "F", "objectid": 1355.0, "rt_symbol": "B", "url": "http://web.mta.info/nyct/service/", "Shape__Len": 834.01079521300005 }, "geometry": { "type": "MultiLineString", "coordinates": [ [ [ -8234769.941800000146031, 4955739.519199997186661 ], [ -8234888.719900000840425, 4956565.028599999845028 ] ] ] } },
{ "type": "Feature", "properties": { "id": 2000461.0, "name": "B", "objectid": 1356.0, "rt_symbol": "B", "url": "http://web.mta.info/nyct/service/", "Shape__Len": 1325.2726535899999 }, "geometry": { "type": "MultiLineString", "coordinates": [ [ [ -8232937.289000000804663, 4954790.760300002992153 ], [ -8232954.32120000012219, 4954909.240000002086163 ], [ -8232954.654999999329448, 4954911.732900001108646 ], [ -8232954.988800000399351, 4954914.225500002503395 ], [ -8232955.322799999266863, 4954916.718400001525879 ], [ -8232955.5456000007689, 4954919.358000002801418 ], [ -8232955.879599999636412, 4954921.850599996745586 ], [ -8232956.102099999785423, 4954924.490099996328354 ], [ -8232956.436200000345707, 4954927.12950000166893 ], [ -8232956.658600000664592, 4954929.768799997866154 ], [ -8232956.881300000473857, 4954932.40820000320673 ], [ -8232957.215099999681115, 4954935.047700002789497 ], [ -8232957.438100000843406, 4954937.833800002932549 ], [ -8232957.660499999299645, 4954940.473300002515316 ], [ -8232957.7719, 4954943.259199999272823 ], [ -8232957.994599999859929, 4954946.045299999415874 ], [ -8232958.217199999839067, 4954948.831299997866154 ], [ -8232960.1097, 4954967.454000003635883 ], [ -8232960.332299999892712, 4954969.946699999272823 ], [ -8232960.5548, 4954972.586400002241135 ], [ -8232960.88880000077188, 4954975.22580000013113 ], [ -8232961.111600000411272, 4954977.865199998021126 ], [ -8232961.44539999961853, 4954980.651299998164177 ], [ -8232961.667999999597669, 4954983.437399998307228 ], [ -8232962.002000000327826, 4954986.223300002515316 ], [ -8232962.447300000116229, 4954989.156000003218651 ], [ -8232962.781400000676513, 4954992.088899999856949 ], [ -8232963.1151, 4954995.021600000560284 ], [ -8232963.560399999842048, 4954998.10080000013113 ], [ -8232964.005799999460578, 4955001.180200003087521 ], [ -8232964.450899999588728, 4955004.406099997460842 ], [ -8232964.89640000090003, 4955007.632299996912479 ], [ -8232965.341700000688434, 4955010.858300000429153 ], [ -8233122.636, 4956102.916599996387959 ] ] ] } },
{ "type": "Feature", "properties": { "id": 2000505.0, "name": "N", "objectid": 1357.0, "rt_symbol": "N", "url": "http://web.mta.info/nyct/service/", "Shape__Len": 1169.1162849899999 }, "geometry": { "type": "MultiLineString", "coordinates": [ [ [ -8235455.224700000137091, 4954094.719999998807907 ], [ -8235621.647399999201298, 4955251.930600002408028 ] ] ] } },
{ "type": "Feature", "properties": { "id": 2000406.0, "name": "F", "objectid": 1358.0, "rt_symbol": "B", "url": "http://web.mta.info/nyct/service/", "Shape__Len": 674.637135468 }, "geometry": { "type": "MultiLineString", "coordinates": [ [ [ -8234888.719900000840425, 4956565.028599999845028 ], [ -8234984.788499999791384, 4957232.790600001811981 ] ] ] } },
{ "type": "Feature", "properties": { "id": 2000405.0, "name": "F", "objectid": 1359.0, "rt_symbol": "B", "url": "http://web.mta.info/nyct/service/", "Shape__Len": 656.95889623799997 }, "geometry": { "type": "MultiLineString", "coordinates": [ [ [ -8234984.788499999791384, 4957232.790600001811981 ], [ -8235078.74210000038147, 4957882.996500000357628 ] ] ] } },
{ "type": "Feature", "properties": { "id": 2000409.0, "name": "F", "objectid": 1360.0, "rt_symbol": "B", "url": "http://web.mta.info/nyct/service/", "Shape__Len": 846.637292624 }, "geometry": { "type": "MultiLineString", "coordinates": [ [ [ -8234565.559299999848008, 4953991.205200001597404 ], [ -8234552.869000000879169, 4954113.780699998140335 ], [ -8234551.97829999960959, 4954123.164599999785423 ], [ -8234551.421700000762939, 4954132.84179999679327 ], [ -8234550.976399999111891, 4954142.665500000119209 ], [ -8234550.6426, 4954152.635799996554852 ], [ -8234550.531199999153614, 4954162.752999998629093 ], [ -8234550.531099999323487, 4954173.016500003635883 ], [ -8234550.753699999302626, 4954183.5735 ], [ -8234551.199100000783801, 4954194.130199998617172 ], [ -8234551.755799999460578, 4954204.980400003492832 ], [ -8234552.42369999922812, 4954215.977200001478195 ], [ -8234553.314099999144673, 4954227.267300002276897 ], [ -8234554.427400000393391, 4954238.557300001382828 ], [ -8234555.651799999177456, 4954249.994000002741814 ], [ -8234556.987600000575185, 4954261.723999999463558 ], [ -8234558.657600000500679, 4954273.600500002503395 ], [ -8234639.1415, 4954830.9375 ] ] ] } },
{ "type": "Feature", "properties": { "id": 2000460.0, "name": "B", "objectid": 1361.0, "rt_symbol": "B", "url": "http://web.mta.info/nyct/service/", "Shape__Len": 1099.53148283 }, "geometry": { "type": "MultiLineString", "coordinates": [ [ [ -8233122.636, 4956102.916599996387959 ], [ -8233278.9287, 4957191.283299997448921 ] ] ] } },
{ "type": "Feature", "properties": { "id": 2000459.0, "name": "B", "objectid": 1362.0, "rt_symbol": "B", "url": "http://web.mta.info/nyct/service/", "Shape__Len": 627.56132105699999 }, "geometry": { "type": "MultiLineString", "coordinates": [ [ [ -8233278.9287, 4957191.283299997448921 ], [ -8233346.276900000870228, 4957659.167199999094009 ], [ -8233347.6129, 4957667.674500003457069 ], [ -8233348.837400000542402, 4957676.328199997544289 ], [ -8233350.173000000417233, 4957685.275499999523163 ], [ -8233351.509099999442697, 4957694.369300000369549 ], [ -8233353.067500000819564, 4957703.756700001657009 ], [ -8233354.625800000503659, 4957713.437299996614456 ], [ -8233356.184399999678135, 4957723.411300003528595 ], [ -8233357.965500000864267, 4957733.531800001859665 ], [ -8233359.746500000357628, 4957743.946000002324581 ], [ -8233361.527599999681115, 4957754.653499998152256 ], [ -8233363.531300000846386, 4957765.654200002551079 ], [ -8233365.535199999809265, 4957776.801700003445148 ], [ -8233367.650299999862909, 4957788.242399998009205 ], [ -8233369.7654, 4957799.976700000464916 ], [ -8233371.991699999198318, 4957811.857699997723103 ] ] ] } },
{ "type": "Feature", "properties": { "id": 2000272.0, "name": "A", "objectid": 1363.0, "rt_symbol": "A", "url": "http://web.mta.info/nyct/service/", "Shape__Len": 884.01745340499997 }, "geometry": { "type": "MultiLineString", "coordinates": [ [ [ -8210414.128100000321865, 4954105.276799999177456 ], [ -8210469.008400000631809, 4954066.2753000035882 ], [ -8210472.01410000026226, 4954064.222499996423721 ], [ -8210475.13120000064373, 4954062.1699 ], [ -8210478.136700000613928, 4954060.117200002074242 ], [ -8210481.142400000244379, 4954058.064400002360344 ], [ -8210484.25929999910295, 4954055.865099996328354 ], [ -8210487.26490000076592, 4954053.812299996614456 ], [ -8210490.270500000566244, 4954051.613200001418591 ], [ -8210493.387399999424815, 4954049.267099998891354 ], [ -8210496.393100000917912, 4954047.067900002002716 ], [ -8210499.509999999776483, 4954044.722000002861023 ], [ -8210502.515699999406934, 4954042.376000002026558 ], [ -8210505.521299999207258, 4954040.029899999499321 ], [ -8210508.638299999758601, 4954037.6841000020504 ], [ -8210511.643699999898672, 4954035.337999999523163 ], [ -8210514.760800000280142, 4954032.845499999821186 ], [ -8210545.039799999445677, 4954010.559000000357628 ], [ -8210549.269899999722838, 4954007.333499997854233 ], [ -8210553.611400000751019, 4954003.961300000548363 ], [ -8210558.063999999314547, 4954000.588699996471405 ], [ -8210562.5168999992311, 4953997.216700002551079 ], [ -8210567.192299999296665, 4953993.697599999606609 ], [ -8210571.86769999936223, 4953990.1787 ], [ -8210576.654400000348687, 4953986.65990000218153 ], [ -8210581.5526, 4953983.141099996864796 ], [ -8210586.561799999326468, 4953979.475599996745586 ], [ -8210591.682499999180436, 4953975.810199998319149 ], [ -8210596.803300000727177, 4953972.144599996507168 ], [ -8210602.146500000730157, 4953968.478900000452995 ], [ -8210607.490000000223517, 4953964.666900001466274 ], [ -8210612.944599999114871, 4953960.854900002479553 ], [ -8210618.510600000619888, 4953957.042700000107288 ], [ -8210744.746999999508262, 4953868.63120000064373 ], [ -8210770.461799999698997, 4953850.010399997234344 ], [ -8210795.397299999371171, 4953830.950199998915195 ], [ -8210819.664899999275804, 4953811.743100002408028 ], [ -8210843.264599999412894, 4953792.096400000154972 ], [ -8210866.19649999961257, 4953772.303000003099442 ], [ -8210888.348899999633431, 4953752.216600000858307 ], [ -8210909.945000000298023, 4953731.690200001001358 ], [ -8210930.761700000613928, 4953711.017099998891354 ], [ -8210950.910700000822544, 4953690.050899997353554 ], [ -8210970.280300000682473, 4953668.645000003278255 ], [ -8210989.093100000172853, 4953647.092600002884865 ], [ -8211007.126800000667572, 4953625.247000001370907 ], [ -8211024.492799999192357, 4953603.108000002801418 ], [ -8211041.190700000151992, 4953580.52929999679327 ], [ -8211057.1096, 4953557.950900003314018 ], [ -8211076.256300000473857, 4953529.214400000870228 ] ] ] } },
{ "type": "Feature", "properties": { "id": 2000221.0, "name": "B-D", "objectid": 1364.0, "rt_symbol": "B", "url": "http://web.mta.info/nyct/service/", "Shape__Len": 1482.0569086099999 }, "geometry": { "type": "MultiLineString", "coordinates": [ [ [ -8230763.776100000366569, 4987318.759800001978874 ], [ -8230591.1195, 4987312.580700002610683 ], [ -8229969.1776, 4987296.691699996590614 ], [ -8229950.6985, 4987295.220299996435642 ], [ -8229932.66469999961555, 4987293.160599999129772 ], [ -8229915.18779999949038, 4987290.806900002062321 ], [ -8229898.267000000923872, 4987288.011600002646446 ], [ -8229881.680600000545382, 4987284.774800002574921 ], [ -8229865.761700000613928, 4987280.949600003659725 ], [ -8229850.2884, 4987276.830300003290176 ], [ -8229835.260099999606609, 4987272.269500002264977 ], [ -8229820.788599999621511, 4987267.267399996519089 ], [ -8229806.873800000175834, 4987261.824100002646446 ], [ -8229793.404100000858307, 4987255.939400002360344 ], [ -8229780.379799999296665, 4987249.465899996459484 ], [ -8229767.912000000476837, 4987242.6985 ], [ -8229756.000700000673532, 4987235.489600002765656 ], [ -8229744.534700000658631, 4987227.397799998521805 ], [ -8229569.651799999177456, 4987092.784199997782707 ], [ -8229557.073000000789762, 4987084.6925999969244 ], [ -8229544.270999999716878, 4987076.895400002598763 ], [ -8229531.357899999246001, 4987069.392499998211861 ], [ -8229518.333399999886751, 4987062.03660000115633 ], [ -8229505.0866, 4987054.8279 ], [ -8229491.839500000700355, 4987047.619099996984005 ], [ -8229478.369899999350309, 4987040.704499997198582 ], [ -8229464.789000000804663, 4987033.937299996614456 ], [ -8229451.096699999645352, 4987027.31700000166893 ], [ -8229437.181700000539422, 4987020.843900002539158 ], [ -8229423.1554000005126, 4987014.517800003290176 ], [ -8229409.129300000146031, 4987008.339000001549721 ], [ -8229394.880300000309944, 4987002.307099997997284 ], [ -8229380.408700000494719, 4986996.422399997711182 ], [ -8229365.825799999758601, 4986990.684900000691414 ] ] ] } },
{ "type": "Feature", "properties": { "id": 2000308.0, "name": "F", "objectid": 1365.0, "rt_symbol": "B", "url": "http://web.mta.info/nyct/service/", "Shape__Len": 585.64444695600002 }, "geometry": { "type": "MultiLineString", "coordinates": [ [ [ -8217690.723099999129772, 4969529.936800003051758 ], [ -8217568.68610000051558, 4969254.270400002598763 ], [ -8217446.194499999284744, 4968997.85249999910593 ] ] ] } },
{ "type": "Feature", "properties": { "id": 2000316.0, "name": "J-Z", "objectid": 1366.0, "rt_symbol": "J", "url": "http://web.mta.info/nyct/service/", "Shape__Len": 800.90486539400001 }, "geometry": { "type": "MultiLineString", "coordinates": [ [ [ -8216257.838300000876188, 4968240.325499996542931 ], [ -8216111.484999999403954, 4968289.798100002110004 ], [ -8215820.605499999597669, 4968387.222699999809265 ], [ -8215815.229299999773502, 4968388.924900002777576 ], [ -8215809.526599999517202, 4968390.730099998414516 ], [ -8215804.265100000426173, 4968392.46509999781847 ], [ -8215799.182099999859929, 4968394.034299999475479 ], [ -8215794.292300000786781, 4968395.576700001955032 ], [ -8215789.3366, 4968396.997900001704693 ], [ -8215784.300699999555945, 4968398.507500000298023 ], [ -8215779.584100000560284, 4968399.921499997377396 ], [ -8215775.0176, 4968401.212200000882149 ], [ -8215770.380000000819564, 4968402.555100001394749 ], [ -8215766.018699999898672, 4968403.817900002002716 ], [ -8215761.88120000064373, 4968404.937299996614456 ], [ -8215757.382400000467896, 4968406.154600001871586 ], [ -8215753.490900000557303, 4968407.264300003647804 ], [ -8215749.239900000393391, 4968408.325300000607967 ], [ -8215495.029699999839067, 4968483.952200002968311 ] ] ] } },
{ "type": "Feature", "properties": { "id": 2000300.0, "name": "R", "objectid": 1367.0, "rt_symbol": "N", "url": "http://web.mta.info/nyct/service/", "Shape__Len": 997.45756477700002 }, "geometry": { "type": "MultiLineString", "coordinates": [ [ [ -8224494.528899999335408, 4974447.246399998664856 ], [ -8224486.448999999091029, 4974441.469700001180172 ], [ -8224478.480499999597669, 4974435.6925999969244 ], [ -8224470.343100000172853, 4974429.793099999427795 ], [ -8224462.258400000631809, 4974423.630999997258186 ], [ -8224454.400100000202656, 4974417.704099997878075 ], [ -8224446.315600000321865, 4974411.454300001263618 ], [ -8224438.524800000712276, 4974405.195000000298023 ], [ -8224430.623500000685453, 4974398.937899999320507 ], [ -8224422.703099999576807, 4974392.423100002110004 ], [ -8224415.028699999675155, 4974386.017899997532368 ], [ -8224407.243000000715256, 4974379.465300001204014 ], [ -8224399.53999999910593, 4974372.886699996888638 ], [ -8224391.9803, 4974366.334100000560284 ], [ -8224384.210100000724196, 4974359.547399997711182 ], [ -8224376.229499999433756, 4974352.315399996936321 ], [ -8224202.5537, 4974181.759499996900558 ], [ -8224194.7369, 4974173.664899997413158 ], [ -8224187.216299999505281, 4974165.17960000038147 ], [ -8224180.137000000104308, 4974156.614699997007847 ], [ -8224173.016200000420213, 4974147.686300002038479 ], [ -8224166.0428, 4974138.165500000119209 ], [ -8224159.3293999992311, 4974128.372000001370907 ], [ -8224152.746600000187755, 4974118.287900000810623 ], [ -8224146.3728, 4974107.850000001490116 ], [ -8224140.186300000175834, 4974097.066100001335144 ], [ -8224134.135800000280142, 4974086.008500002324581 ], [ -8224128.2171, 4974074.52139999717474 ], [ -8224122.41440000012517, 4974062.726599998772144 ], [ -8224116.8301, 4974050.596400000154972 ], [ -8224111.450899999588728, 4974038.210199996829033 ], [ -8224106.063400000333786, 4974025.502499997615814 ], [ -8223952.447200000286102, 4973637.366400003433228 ] ] ] } },
{ "type": "Feature", "properties": { "id": 2000307.0, "name": "E", "objectid": 1368.0, "rt_symbol": "A", "url": "http://web.mta.info/nyct/service/", "Shape__Len": 1421.57062283 }, "geometry": { "type": "MultiLineString", "coordinates": [ [ [ -8218830.215299999341369, 4970312.53320000320673 ], [ -8218533.660399999469519, 4970119.847900003194809 ], [ -8218525.3114, 4970114.560699999332428 ], [ -8218516.6283, 4970109.42059999704361 ], [ -8218507.94539999961853, 4970104.280299998819828 ], [ -8218499.039899999275804, 4970099.140100002288818 ], [ -8218490.134199999272823, 4970094.0 ], [ -8218481.00620000064373, 4970088.859999999403954 ], [ -8218471.766699999570847, 4970083.866700001060963 ], [ -8218462.41579999960959, 4970078.8733000010252 ], [ -8218452.953700000420213, 4970073.880000002682209 ], [ -8218443.268799999728799, 4970068.886799998581409 ], [ -8218433.584100000560284, 4970064.040299996733665 ], [ -8218423.676599999889731, 4970059.193899996578693 ], [ -8218413.769200000911951, 4970054.200599998235703 ], [ -8218403.63910000026226, 4970049.501000002026558 ], [ -8218393.286399999633431, 4970044.654600001871586 ], [ -8217880.103499999269843, 4969784.713500000536442 ], [ -8217862.849099999293685, 4969775.902000002563 ], [ -8217846.039899999275804, 4969766.649999998509884 ], [ -8217830.121300000697374, 4969756.957599997520447 ], [ -8217814.870300000533462, 4969746.677599996328354 ], [ -8217800.398800000548363, 4969736.103799998760223 ], [ -8217786.706499999389052, 4969724.942800000309944 ], [ -8217773.793400000780821, 4969713.487899996340275 ], [ -8217761.54839999973774, 4969701.445799998939037 ], [ -8217750.082299999892712, 4969688.962999999523163 ], [ -8217739.506999999284744, 4969676.039599999785423 ], [ -8217729.599600000306964, 4969662.528899997472763 ], [ -8217720.471400000154972, 4969648.724500000476837 ], [ -8217712.011199999600649, 4969634.332699999213219 ], [ -8217704.441400000825524, 4969619.647299997508526 ], [ -8217697.42820000089705, 4969604.374300003051758 ], [ -8217668.707900000736117, 4969539.758500002324581 ] ] ] } },
{ "type": "Feature", "properties": { "id": 2000227.0, "name": "B-D", "objectid": 1369.0, "rt_symbol": "B", "url": "http://web.mta.info/nyct/service/", "Shape__Len": 835.22436918699998 }, "geometry": { "type": "MultiLineString", "coordinates": [ [ [ -8226592.8574, 4991138.48139999806881 ], [ -8226407.733200000599027, 4991548.824799999594688 ], [ -8226403.1689, 4991558.686200000345707 ], [ -8226398.716199999675155, 4991568.400499999523163 ], [ -8226394.263499999418855, 4991578.261900000274181 ], [ -8226389.9221, 4991587.976000003516674 ], [ -8226385.691800000146031, 4991597.690499998629093 ], [ -8226381.461799999698997, 4991607.551700003445148 ], [ -8226377.231599999591708, 4991617.266199998557568 ], [ -8226373.223999999463558, 4991626.98030000180006 ], [ -8226369.105100000277162, 4991636.694700002670288 ], [ -8226365.097699999809265, 4991646.409100003540516 ], [ -8226361.20160000026226, 4991656.123099997639656 ], [ -8226357.305500000715256, 4991665.837600000202656 ], [ -8226353.520400000736117, 4991675.552000001072884 ], [ -8226349.735600000247359, 4991685.119000002741814 ], [ -8226345.9507, 4991694.833400003612041 ], [ -8226259.7895, 4991904.28320000320673 ] ] ] } },
{ "type": "Feature", "properties": { "id": 2000040.0, "name": "1", "objectid": 1375.0, "rt_symbol": "1", "url": "http://web.mta.info/nyct/service/", "Shape__Len": 721.01057256299998 }, "geometry": { "type": "MultiLineString", "coordinates": [ [ [ -8226607.217599999159575, 4995344.878499999642372 ], [ -8226591.63289999961853, 4995383.308799996972084 ], [ -8226514.933700000867248, 4995586.653499998152256 ], [ -8226467.622999999672174, 4995717.114399999380112 ], [ -8226352.630000000819564, 4996019.419200003147125 ] ] ] } },
{ "type": "Feature", "properties": { "id": 2000059.0, "name": "2", "objectid": 1377.0, "rt_symbol": "1", "url": "http://web.mta.info/nyct/service/", "Shape__Len": 731.04004438899995 }, "geometry": { "type": "MultiLineString", "coordinates": [ [ [ -8223559.067399999126792, 4989048.9121999964118 ], [ -8223370.046900000423193, 4989248.446000002324581 ], [ -8223325.407600000500679, 4989295.092799998819828 ], [ -8223285.2215, 4989345.565700002014637 ], [ -8223266.185599999502301, 4989373.671700000762939 ], [ -8223250.601099999621511, 4989401.924900002777576 ], [ -8223237.242599999532104, 4989433.121500000357628 ], [ -8223223.3278, 4989471.675700001418591 ], [ -8223186.70380000025034, 4989583.218900002539158 ], [ -8223165.441700000315905, 4989648.408900000154972 ] ] ] } },
{ "type": "Feature", "properties": { "id": 2000058.0, "name": "2", "objectid": 1378.0, "rt_symbol": "1", "url": "http://web.mta.info/nyct/service/", "Shape__Len": 861.61481336099996 }, "geometry": { "type": "MultiLineString", "coordinates": [ [ [ -8224289.434499999508262, 4988813.626199997961521 ], [ -8224272.736700000241399, 4988831.283500000834465 ], [ -8224254.368899999186397, 4988856.004000000655651 ], [ -8224204.164000000804663, 4988924.867600001394749 ], [ -8224192.141200000420213, 4988939.582099996507168 ], [ -8224181.1206, 4988947.527999997138977 ], [ -8224168.875399999320507, 4988953.413999997079372 ], [ -8224153.624800000339746, 4988957.534100003540516 ], [ -8224140.043700000271201, 4988958.122699998319149 ], [ -8224128.021199999377131, 4988956.651100002229214 ], [ -8224118.336500000208616, 4988954.002400003373623 ], [ -8224108.428999999538064, 4988948.558200001716614 ], [ -8224085.719900000840425, 4988936.492200002074242 ], [ -8224064.3465, 4988924.573399998247623 ], [ -8224037.073200000450015, 4988909.270199999213219 ], [ -8224021.711100000888109, 4988901.912900000810623 ], [ -8224002.786800000816584, 4988894.7029 ], [ -8223986.756999999284744, 4988890.435699999332428 ], [ -8223969.168400000780821, 4988887.198600001633167 ], [ -8223951.134600000455976, 4988885.874300003051758 ], [ -8223932.321599999442697, 4988885.579999998211861 ], [ -8223908.165200000628829, 4988888.081399999558926 ], [ -8223873.5449, 4988894.850000001490116 ], [ -8223697.994100000709295, 4988935.167999997735023 ], [ -8223676.509400000795722, 4988942.377899996936321 ], [ -8223663.930400000885129, 4988948.263700000941753 ], [ -8223652.687000000849366, 4988954.443899996578693 ], [ -8223639.996600000187755, 4988965.038500003516674 ], [ -8223628.196699999272823, 4988976.515900000929832 ], [ -8223559.067399999126792, 4989048.9121999964118 ] ] ] } },
{ "type": "Feature", "properties": { "id": 2000057.0, "name": "2", "objectid": 1379.0, "rt_symbol": "1", "url": "http://web.mta.info/nyct/service/", "Shape__Len": 989.40239739699996 }, "geometry": { "type": "MultiLineString", "coordinates": [ [ [ -8225144.924799999222159, 4988371.174999997019768 ], [ -8225135.573899999260902, 4988383.38740000128746 ], [ -8225123.77419999986887, 4988396.92400000244379 ], [ -8225083.587899999693036, 4988433.708400003612041 ], [ -8224853.935599999502301, 4988613.512800000607967 ], [ -8224827.887000000104308, 4988632.346699997782707 ], [ -8224801.726800000295043, 4988647.35530000180006 ], [ -8224778.349600000306964, 4988660.156499996781349 ], [ -8224748.404799999669194, 4988673.39919999986887 ], [ -8224717.124099999666214, 4988684.729299999773502 ], [ -8224681.724300000816584, 4988694.293399997055531 ], [ -8224650.554999999701977, 4988699.73759999871254 ], [ -8224621.277899999171495, 4988703.416199997067451 ], [ -8224573.07660000026226, 4988706.50620000064373 ], [ -8224527.880899999290705, 4988710.037699997425079 ], [ -8224502.94539999961853, 4988713.274800002574921 ], [ -8224479.790999999269843, 4988717.541900001466274 ], [ -8224440.717700000852346, 4988728.871799997985363 ], [ -8224411.886, 4988741.084600001573563 ], [ -8224378.601399999111891, 4988757.417400002479553 ], [ -8224339.417099999263883, 4988778.606200002133846 ], [ -8224315.5945999994874, 4988793.026199996471405 ], [ -8224300.343800000846386, 4988803.914800003170967 ], [ -8224289.434499999508262, 4988813.626199997961521 ] ] ] } },
{ "type": "Feature", "properties": { "id": 2000159.0, "name": "6", "objectid": 1380.0, "rt_symbol": "4", "url": "http://web.mta.info/nyct/service/", "Shape__Len": 801.04812367600005 }, "geometry": { "type": "MultiLineString", "coordinates": [ [ [ -8222905.621999999508262, 4987520.906499996781349 ], [ -8222322.753100000321865, 4987743.066799998283386 ], [ -8222318.85700000077486, 4987744.390799999237061 ], [ -8222315.072000000625849, 4987745.71509999781847 ], [ -8222311.2873, 4987746.892099998891354 ], [ -8222307.502399999648333, 4987748.0691 ], [ -8222303.8289, 4987749.09910000115633 ], [ -8222300.043800000101328, 4987750.129000000655651 ], [ -8222296.370500000193715, 4987751.1587999984622 ], [ -8222292.808199999853969, 4987752.041599996387959 ], [ -8222289.134700000286102, 4987752.924400001764297 ], [ -8222285.5724, 4987753.65990000218153 ], [ -8222282.010199999436736, 4987754.395599998533726 ], [ -8222278.448100000619888, 4987754.984300002455711 ], [ -8222274.885700000450015, 4987755.572700001299381 ], [ -8222271.434900000691414, 4987756.013899996876717 ], [ -8222267.984099999070168, 4987756.455300003290176 ], [ -8222148.426599999889731, 4987773.522200003266335 ] ] ] } },
{ "type": "Feature", "properties": { "id": 2000158.0, "name": "6", "objectid": 1381.0, "rt_symbol": "4", "url": "http://web.mta.info/nyct/service/", "Shape__Len": 821.69711794800003 }, "geometry": { "type": "MultiLineString", "coordinates": [ [ [ -8223673.503699999302626, 4987228.427699998021126 ], [ -8222905.621999999508262, 4987520.906499996781349 ] ] ] } },
{ "type": "Feature", "properties": { "id": 2000061.0, "name": "2", "objectid": 1382.0, "rt_symbol": "1", "url": "http://web.mta.info/nyct/service/", "Shape__Len": 1244.4447354700001 }, "geometry": { "type": "MultiLineString", "coordinates": [ [ [ -8222999.018999999389052, 4990069.285300001502037 ], [ -8222965.177899999544024, 4990144.338600002229214 ], [ -8222946.587600000202656, 4990187.163199998438358 ], [ -8222939.35190000012517, 4990208.207999996840954 ], [ -8222934.008400000631809, 4990231.312700003385544 ], [ -8222931.002699999138713, 4990252.063199996948242 ], [ -8222929.666999999433756, 4990278.405799999833107 ], [ -8222905.28800000064075, 4991300.232199996709824 ] ] ] } },
{ "type": "Feature", "properties": { "id": 2000074.0, "name": "5", "objectid": 1383.0, "rt_symbol": "4", "url": "http://web.mta.info/nyct/service/", "Shape__Len": 1662.7889055000001 }, "geometry": { "type": "MultiLineString", "coordinates": [ [ [ -8219674.351199999451637, 4994460.875 ], [ -8219446.814099999144673, 4994815.261900000274181 ], [ -8219189.55489999987185, 4995212.508500002324581 ], [ -8219019.903899999335408, 4995478.8699000030756 ], [ -8218972.815600000321865, 4995557.351599998772144 ], [ -8218890.550499999895692, 4995708.42679999768734 ], [ -8218864.390599999576807, 4995763.939599998295307 ], [ -8218810.845799999311566, 4995879.824799999594688 ] ] ] } },
{ "type": "Feature", "properties": { "id": 2000069.0, "name": "2", "objectid": 1384.0, "rt_symbol": "1", "url": "http://web.mta.info/nyct/service/", "Shape__Len": 815.49992570300003 }, "geometry": { "type": "MultiLineString", "coordinates": [ [ [ -8221431.52930000051856, 4997364.0757 ], [ -8221315.423000000417233, 4997543.161300003528595 ], [ -8221283.362999999895692, 4997592.351499997079372 ], [ -8221252.30489999987185, 4997641.100100003182888 ], [ -8221216.7939, 4997698.980200000107288 ], [ -8221204.8827, 4997720.335600003600121 ], [ -8221169.928400000557303, 4997788.525600001215935 ], [ -8221141.319299999624491, 4997848.615699999034405 ], [ -8221125.623199999332428, 4997881.901100002229214 ], [ -8221112.487500000745058, 4997907.086199998855591 ], [ -8221095.789599999785423, 4997935.806199997663498 ], [ -8221013.413100000470877, 4998063.058200001716614 ] ] ] } },
{ "type": "Feature", "properties": { "id": 2000068.0, "name": "5", "objectid": 1385.0, "rt_symbol": "4", "url": "http://web.mta.info/nyct/service/", "Shape__Len": 835.25691610199999 }, "geometry": { "type": "MultiLineString", "coordinates": [ [ [ -8221754.001299999654293, 4996590.983900003135204 ], [ -8221492.923499999567866, 4997217.052199997007847 ], [ -8221473.4276, 4997254.198100000619888 ], [ -8221456.64299999922514, 4997280.388999998569489 ], [ -8221411.238399999216199, 4997350.910700000822544 ] ] ] } },
{ "type": "Feature", "properties": { "id": 2000050.0, "name": "5", "objectid": 1386.0, "rt_symbol": "4", "url": "http://web.mta.info/nyct/service/", "Shape__Len": 1053.3869428200001 }, "geometry": { "type": "MultiLineString", "coordinates": [ [ [ -8229492.329299999400973, 4985570.966399997472763 ], [ -8228494.797499999403954, 4985232.507600001990795 ] ] ] } },
{ "type": "Feature", "properties": { "id": 2000100.0, "name": "5", "objectid": 1387.0, "rt_symbol": "4", "url": "http://web.mta.info/nyct/service/", "Shape__Len": 752.72684537600003 }, "geometry": { "type": "MultiLineString", "coordinates": [ [ [ -8232146.959000000730157, 4962724.501000002026558 ], [ -8232159.992599999532104, 4962898.532300002872944 ], [ -8232160.767699999734759, 4962907.585500001907349 ], [ -8232161.410700000822544, 4962916.628200002014637 ], [ -8232161.949100000783801, 4962926.133199997246265 ], [ -8232162.375399999320507, 4962935.832699999213219 ], [ -8232162.589400000870228, 4962945.845399998128414 ], [ -8232162.697799999266863, 4962956.2993 ], [ -8232162.698100000619888, 4962967.090899996459484 ], [ -8232162.481799999251962, 4962978.196800000965595 ], [ -8232162.153899999335408, 4962989.871500000357628 ], [ -8232161.716, 4963001.70549999922514 ], [ -8232161.171900000423193, 4963013.897600002586842 ], [ -8232160.409800000488758, 4963026.527500003576279 ], [ -8232159.530500000342727, 4963039.421800002455711 ], [ -8232158.554099999368191, 4963052.579099997878075 ], [ -8232157.213999999687076, 4963066.418300002813339 ], [ -8232128.358999999240041, 4963475.459799997508526 ] ] ] } },
{ "type": "Feature", "properties": { "id": 2000088.0, "name": "4-5", "objectid": 1388.0, "rt_symbol": "4", "url": "http://web.mta.info/nyct/service/", "Shape__Len": 722.28595527799996 }, "geometry": { "type": "MultiLineString", "coordinates": [ [ [ -8232264.565899999812245, 4963800.5320999994874 ], [ -8232599.38880000077188, 4963824.167599998414516 ], [ -8232629.0307, 4963826.049099996685982 ], [ -8232658.262800000607967, 4963829.132700003683567 ], [ -8232688.344799999147654, 4963834.579000003635883 ], [ -8232718.629699999466538, 4963841.82599999755621 ], [ -8232975.21309999935329, 4963911.301600001752377 ] ] ] } },
{ "type": "Feature", "properties": { "id": 2000085.0, "name": "4-5", "objectid": 1389.0, "rt_symbol": "4", "url": "http://web.mta.info/nyct/service/", "Shape__Len": 936.85334077499999 }, "geometry": { "type": "MultiLineString", "coordinates": [ [ [ -8234398.088400000706315, 4964567.898599997162819 ], [ -8234849.153699999675155, 4965389.01630000025034 ] ] ] } },
{ "type": "Feature", "properties": { "id": 2000084.0, "name": "4-5", "objectid": 1390.0, "rt_symbol": "4", "url": "http://web.mta.info/nyct/service/", "Shape__Len": 591.81004937399996 }, "geometry": { "type": "MultiLineString", "coordinates": [ [ [ -8234849.1743, 4965389.05349999666214 ], [ -8235135.041799999773502, 4965907.241599999368191 ] ] ] } },
{ "type": "Feature", "properties": { "id": 2000082.0, "name": "4-5", "objectid": 1391.0, "rt_symbol": "4", "url": "http://web.mta.info/nyct/service/", "Shape__Len": 637.36955545599994 }, "geometry": { "type": "MultiLineString", "coordinates": [ [ [ -8235449.493100000545382, 4966477.615900002419949 ], [ -8235467.640100000426173, 4966511.445900000631809 ], [ -8235472.459000000730157, 4966520.018100000917912 ], [ -8235477.448599999770522, 4966529.200099997222424 ], [ -8235482.952600000426173, 4966538.232799999415874 ], [ -8235488.903699999675155, 4966547.389200001955032 ], [ -8235495.494899999350309, 4966556.252300001680851 ], [ -8235502.770899999886751, 4966564.8378000035882 ], [ -8235510.356300000101328, 4966572.840899996459484 ], [ -8235518.505599999800324, 4966580.565800003707409 ], [ -8235527.028300000354648, 4966587.673100002110004 ], [ -8235535.8277000002563, 4966594.442500002682209 ], [ -8235545.4814, 4966601.232699997723103 ], [ -8235555.665699999779463, 4966607.108900003135204 ], [ -8235565.4189, 4966612.315099999308586 ], [ -8235575.034600000828505, 4966617.387599997222424 ], [ -8235584.714500000700355, 4966622.376900002360344 ], [ -8235968.549900000914931, 4966825.067699998617172 ] ] ] } },
{ "type": "Feature", "properties": { "id": 2000083.0, "name": "4-5", "objectid": 1392.0, "rt_symbol": "4", "url": "http://web.mta.info/nyct/service/", "Shape__Len": 651.471674323 }, "geometry": { "type": "MultiLineString", "coordinates": [ [ [ -8235135.077600000426173, 4965907.3059 ], [ -8235251.040999999269843, 4966116.000900000333786 ], [ -8235449.603800000622869, 4966477.819600000977516 ] ] ] } },
{ "type": "Feature", "properties": { "id": 2000086.0, "name": "4-5", "objectid": 1393.0, "rt_symbol": "4", "url": "http://web.mta.info/nyct/service/", "Shape__Len": 915.75533778399995 }, "geometry": { "type": "MultiLineString", "coordinates": [ [ [ -8233669.685000000521541, 4964102.664499998092651 ], [ -8234124.787399999797344, 4964238.811700001358986 ], [ -8234142.317500000819564, 4964244.38120000064373 ], [ -8234157.5285, 4964250.343699999153614 ], [ -8234174.334899999201298, 4964257.862099997699261 ], [ -8234188.279699999839067, 4964266.338100001215935 ], [ -8234205.618699999526143, 4964277.969300001859665 ], [ -8234219.130400000140071, 4964289.716899998486042 ], [ -8234234.25929999910295, 4964305.112800002098083 ], [ -8234249.307600000873208, 4964323.613200001418591 ], [ -8234260.839199999347329, 4964340.854299999773502 ], [ -8234398.587999999523163, 4964568.765299998223782 ] ] ] } },
{ "type": "Feature", "properties": { "id": 2000087.0, "name": "4-5", "objectid": 1394.0, "rt_symbol": "4", "url": "http://web.mta.info/nyct/service/", "Shape__Len": 720.98742302599999 }, "geometry": { "type": "MultiLineString", "coordinates": [ [ [ -8232975.10869999974966, 4963911.273400001227856 ], [ -8233670.189200000837445, 4964102.809199996292591 ] ] ] } },
{ "type": "Feature", "properties": { "id": 2000103.0, "name": "5", "objectid": 1395.0, "rt_symbol": "4", "url": "http://web.mta.info/nyct/service/", "Shape__Len": 845.68505219799999 }, "geometry": { "type": "MultiLineString", "coordinates": [ [ [ -8231936.472100000828505, 4960135.7162000015378 ], [ -8232005.042899999767542, 4960978.616700001060963 ] ] ] } },
{ "type": "Feature", "properties": { "id": 2000105.0, "name": "5", "objectid": 1396.0, "rt_symbol": "4", "url": "http://web.mta.info/nyct/service/", "Shape__Len": 1049.56834172 }, "geometry": { "type": "MultiLineString", "coordinates": [ [ [ -8231789.869699999690056, 4958336.902500003576279 ], [ -8231875.471699999645352, 4959382.974200002849102 ] ] ] } },
{ "type": "Feature", "properties": { "id": 2000101.0, "name": "5", "objectid": 1397.0, "rt_symbol": "4", "url": "http://web.mta.info/nyct/service/", "Shape__Len": 896.59990070499998 }, "geometry": { "type": "MultiLineString", "coordinates": [ [ [ -8232074.614800000563264, 4961830.971400000154972 ], [ -8232146.970200000330806, 4962724.646999999880791 ] ] ] } },
{ "type": "Feature", "properties": { "id": 2000102.0, "name": "5", "objectid": 1398.0, "rt_symbol": "4", "url": "http://web.mta.info/nyct/service/", "Shape__Len": 855.19905926700005 }, "geometry": { "type": "MultiLineString", "coordinates": [ [ [ -8232005.043400000780821, 4960978.623000003397465 ], [ -8232074.616100000217557, 4961830.987400002777576 ] ] ] } },
{ "type": "Feature", "properties": { "id": 2000099.0, "name": "5", "objectid": 1399.0, "rt_symbol": "4", "url": "http://web.mta.info/nyct/service/", "Shape__Len": 418.69118763900002 }, "geometry": { "type": "MultiLineString", "coordinates": [ [ [ -8232128.352099999785423, 4963475.560900002717972 ], [ -8232122.679999999701977, 4963561.042999997735023 ], [ -8232115.680099999532104, 4963656.843999996781349 ], [ -8232114.5121, 4963671.164599999785423 ], [ -8232114.246300000697374, 4963686.392700001597404 ], [ -8232116.091900000348687, 4963701.552500002086163 ], [ -8232119.792700000107288, 4963715.814900003373623 ], [ -8232125.30519999936223, 4963729.394500002264977 ], [ -8232132.690999999642372, 4963741.858900003135204 ], [ -8232141.990199999883771, 4963753.352600000798702 ], [ -8232152.746300000697374, 4963763.374200001358986 ], [ -8232165.09569999948144, 4963772.155199997127056 ], [ -8232178.5614, 4963779.538000002503395 ], [ -8232193.214199999347329, 4963785.86370000243187 ], [ -8232209.134099999442697, 4963791.027699999511242 ], [ -8232226.248500000685453, 4963795.248400002717972 ], [ -8232244.685200000181794, 4963798.4679000005126 ], [ -8232263.7621, 4963800.46169999986887 ] ] ] } },
{ "type": "Feature", "properties": { "id": 2000055.0, "name": "5", "objectid": 1400.0, "rt_symbol": "4", "url": "http://web.mta.info/nyct/service/", "Shape__Len": 950.92669376699996 }, "geometry": { "type": "MultiLineString", "coordinates": [ [ [ -8225724.770700000226498, 4986406.8618 ], [ -8225692.1162, 4986428.953500002622604 ], [ -8225646.406600000336766, 4986460.130000002682209 ], [ -8225633.4002, 4986470.643100000917912 ], [ -8225621.849500000476837, 4986481.677400000393391 ], [ -8225609.7522, 4986498.366899996995926 ], [ -8225600.5033, 4986514.081299997866154 ], [ -8225594.568099999800324, 4986528.491400003433228 ], [ -8225590.205, 4986543.44650000333786 ], [ -8225587.893100000917912, 4986558.182700000703335 ], [ -8225586.994999999180436, 4986572.764200001955032 ], [ -8225587.219699999317527, 4986640.049199998378754 ], [ -8225581.768899999558926, 4987274.939999997615814 ], [ -8225580.6809, 4987296.651399999856949 ] ] ] } },
{ "type": "Feature", "properties": { "id": 2000067.0, "name": "5", "objectid": 1401.0, "rt_symbol": "4", "url": "http://web.mta.info/nyct/service/", "Shape__Len": 825.68040795700006 }, "geometry": { "type": "MultiLineString", "coordinates": [ [ [ -8222073.285199999809265, 4995829.482500001788139 ], [ -8221754.0197, 4996590.940099999308586 ] ] ] } },
{ "type": "Feature", "properties": { "id": 2000060.0, "name": "2", "objectid": 1402.0, "rt_symbol": "1", "url": "http://web.mta.info/nyct/service/", "Shape__Len": 453.07200447999998 }, "geometry": { "type": "MultiLineString", "coordinates": [ [ [ -8223165.441700000315905, 4989648.408900000154972 ], [ -8223127.259099999442697, 4989766.134800001978874 ], [ -8223107.444199999794364, 4989822.790899999439716 ], [ -8223081.061499999836087, 4989883.420500002801418 ], [ -8222999.018999999389052, 4990069.285300001502037 ] ] ] } },
{ "type": "Feature", "properties": { "id": 2000388.0, "name": "M", "objectid": 1403.0, "rt_symbol": "B", "url": "http://web.mta.info/nyct/service/", "Shape__Len": 588.794507813 }, "geometry": { "type": "MultiLineString", "coordinates": [ [ [ -8227371.9825, 4968597.44370000064373 ], [ -8227314.9869, 4968669.835900001227856 ], [ -8227311.647299999371171, 4968673.800599999725819 ], [ -8227308.1963, 4968677.76519999653101 ], [ -8227304.63429999910295, 4968681.436200000345707 ], [ -8227300.849500000476837, 4968684.960500001907349 ], [ -8227297.064600000157952, 4968688.337899997830391 ], [ -8227293.057099999859929, 4968691.421400003135204 ], [ -8227288.938200000673532, 4968694.505199998617172 ], [ -8227284.708000000566244, 4968697.4419 ], [ -8227280.255200000479817, 4968700.08500000089407 ], [ -8227275.802500000223517, 4968702.581399999558926 ], [ -8227271.127100000157952, 4968705.077600002288818 ], [ -8227266.4517, 4968707.280299998819828 ], [ -8227261.5537, 4968709.189300000667572 ], [ -8227256.432900000363588, 4968711.098099999129772 ], [ -8227251.312300000339746, 4968712.860299997031689 ], [ -8226852.899599999189377, 4968841.34740000218153 ] ] ] } },
{ "type": "Feature", "properties": { "id": 2000178.0, "name": "7", "objectid": 1404.0, "rt_symbol": "7", "url": "http://web.mta.info/nyct/service/", "Shape__Len": 1094.1897660100001 }, "geometry": { "type": "MultiLineString", "coordinates": [ [ [ -8227907.317900000140071, 4974676.581699997186661 ], [ -8227714.735200000926852, 4974753.279899999499321 ], [ -8227708.501499999314547, 4974755.630699999630451 ], [ -8227702.267400000244379, 4974757.834799997508526 ], [ -8227695.922399999573827, 4974760.038800001144409 ], [ -8227689.465600000694394, 4974762.242700003087521 ], [ -8227683.120500000193715, 4974764.446699999272823 ], [ -8227676.552699999883771, 4974766.503799997270107 ], [ -8227670.096000000834465, 4974768.5608000010252 ], [ -8227663.416999999433756, 4974770.617899999022484 ], [ -8227656.849099999293685, 4974772.674999997019768 ], [ -8227650.058700000867248, 4974774.585100002586842 ], [ -8227643.379499999806285, 4974776.494999997317791 ], [ -8227636.477700000628829, 4974778.405199997127056 ], [ -8227629.687000000849366, 4974780.31530000269413 ], [ -8227622.785299999639392, 4974782.078500002622604 ], [ -8227615.772299999371171, 4974783.841899998486042 ], [ -8227326.00760000012815, 4974848.786200001835823 ], [ -8227319.996400000527501, 4974849.814800001680851 ], [ -8227313.98509999923408, 4974850.843199998140335 ], [ -8227308.08500000089407, 4974851.724899999797344 ], [ -8227302.185200000181794, 4974852.606499999761581 ], [ -8227296.507799999788404, 4974853.341099999845028 ], [ -8227290.719399999827147, 4974854.075800001621246 ], [ -8227285.153300000354648, 4974854.663699999451637 ], [ -8227279.587300000712276, 4974855.251299999654293 ], [ -8227274.132799999788404, 4974855.69200000166893 ], [ -8227268.7895, 4974856.132799997925758 ], [ -8227263.446100000292063, 4974856.573600001633167 ], [ -8227258.213999999687076, 4974856.867399998009205 ], [ -8227252.98200000077486, 4974857.014300003647804 ], [ -8227247.86119999922812, 4974857.161399997770786 ], [ -8227242.852099999785423, 4974857.308200001716614 ], [ -8227144.445599999278784, 4974858.336800001561642 ], [ -8227125.855000000447035, 4974859.07150000333786 ], [ -8227121.8476, 4974859.218599997460842 ], [ -8227117.728900000452995, 4974859.365199998021126 ], [ -8227113.498700000345707, 4974859.512299999594688 ], [ -8227109.268500000238419, 4974859.806199997663498 ], [ -8227104.8158, 4974860.100100003182888 ], [ -8227100.251599999144673, 4974860.394000001251698 ], [ -8227095.464999999850988, 4974860.687700003385544 ], [ -8227090.678300000727177, 4974860.981600001454353 ], [ -8227085.780099999159575, 4974861.422499999403954 ], [ -8227080.770700000226498, 4974861.863200001418591 ], [ -8227075.650100000202656, 4974862.303999997675419 ], [ -8227070.306700000539422, 4974862.7449000030756 ], [ -8227064.963199999183416, 4974863.332599997520447 ], [ -8227059.397399999201298, 4974863.920400001108646 ], [ -8227053.831499999389052, 4974864.508199997246265 ], [ -8226842.54700000025332, 4974894.188699997961521 ] ] ] } },
{ "type": "Feature", "properties": { "id": 2000177.0, "name": "7", "objectid": 1405.0, "rt_symbol": "7", "url": "http://web.mta.info/nyct/service/", "Shape__Len": 689.69023086100003 }, "geometry": { "type": "MultiLineString", "coordinates": [ [ [ -8228562.544399999082088, 4974527.154100000858307 ], [ -8228410.036699999123812, 4974504.380000002682209 ], [ -8228402.4671, 4974503.645599998533726 ], [ -8228394.89750000089407, 4974503.204700000584126 ], [ -8228387.43889999948442, 4974502.910800002515316 ], [ -8228380.09180000051856, 4974502.910899996757507 ], [ -8228372.744799999520183, 4974503.057899996638298 ], [ -8228365.50899999961257, 4974503.351599998772144 ], [ -8228358.273199999704957, 4974503.939499996602535 ], [ -8228351.148700000718236, 4974504.821000002324581 ], [ -8228344.024299999698997, 4974505.849399998784065 ], [ -8228337.011199999600649, 4974507.171800002455711 ], [ -8228330.109300000593066, 4974508.641000002622604 ], [ -8228323.207599999383092, 4974510.257200002670288 ], [ -8228316.3059, 4974512.167300000786781 ], [ -8228309.5153, 4974514.371200002729893 ], [ -8228302.835999999195337, 4974516.722199998795986 ], [ -8227907.317900000140071, 4974676.581699997186661 ] ] ] } },
{ "type": "Feature", "properties": { "id": 2000179.0, "name": "7", "objectid": 1406.0, "rt_symbol": "7", "url": "http://web.mta.info/nyct/service/", "Shape__Len": 739.67676063099998 }, "geometry": { "type": "MultiLineString", "coordinates": [ [ [ -8226842.54700000025332, 4974894.188699997961521 ], [ -8226109.953500000759959, 4974996.308600001037121 ] ] ] } },
{ "type": "Feature", "properties": { "id": 2000297.0, "name": "E", "objectid": 1407.0, "rt_symbol": "A", "url": "http://web.mta.info/nyct/service/", "Shape__Len": 964.50521835799998 }, "geometry": { "type": "MultiLineString", "coordinates": [ [ [ -8227178.954500000923872, 4975960.254199996590614 ], [ -8226338.158399999141693, 4975487.673799999058247 ] ] ] } },
{ "type": "Feature", "properties": { "id": 2000305.0, "name": "E", "objectid": 1408.0, "rt_symbol": "A", "url": "http://web.mta.info/nyct/service/", "Shape__Len": 941.20318560600003 }, "geometry": { "type": "MultiLineString", "coordinates": [ [ [ -8220334.475600000470877, 4971377.364600002765656 ], [ -8219989.385199999436736, 4971175.111199997365475 ], [ -8219979.143899999558926, 4971169.236199997365475 ], [ -8219968.9024, 4971163.36089999973774 ], [ -8219958.772399999201298, 4971157.485799998044968 ], [ -8219948.642300000414252, 4971151.463799998164177 ], [ -8219938.623500000685453, 4971145.4419 ], [ -8219928.604800000786781, 4971139.272900000214577 ], [ -8219918.697300000116229, 4971133.104099996387959 ], [ -8219908.78999999910593, 4971126.9353 ], [ -8219898.882500000298023, 4971120.619599997997284 ], [ -8219889.086500000208616, 4971114.303900003433228 ], [ -8219879.290400000289083, 4971107.987999998033047 ], [ -8219869.605399999767542, 4971101.525399997830391 ], [ -8219859.9206000007689, 4971095.063000001013279 ], [ -8219850.23589999973774, 4971088.600199997425079 ], [ -8219840.662599999457598, 4971081.990900002419949 ], [ -8219533.309399999678135, 4970883.856100000441074 ] ] ] } },
{ "type": "Feature", "properties": { "id": 2000304.0, "name": "E", "objectid": 1409.0, "rt_symbol": "A", "url": "http://web.mta.info/nyct/service/", "Shape__Len": 1165.3601680199999 }, "geometry": { "type": "MultiLineString", "coordinates": [ [ [ -8221247.07289999909699, 4972087.120899997651577 ], [ -8221226.924000000581145, 4972075.369400002062321 ], [ -8221206.997700000181794, 4972062.8838 ], [ -8221187.6283, 4972050.10419999808073 ], [ -8221168.7039, 4972036.883900001645088 ], [ -8221150.224899999797344, 4972023.51690000295639 ], [ -8221132.302400000393391, 4972009.562200002372265 ], [ -8221114.713899999856949, 4971995.460600003600121 ], [ -8221097.682, 4971980.918600000441074 ], [ -8221081.095599999651313, 4971966.082599997520447 ], [ -8221064.95409999974072, 4971950.9529 ], [ -8221049.257999999448657, 4971935.382700003683567 ], [ -8221034.007400000467896, 4971919.518500000238419 ], [ -8221019.313100000843406, 4971903.360799998044968 ], [ -8221004.95299999974668, 4971886.762199997901917 ], [ -8220990.926799999549985, 4971870.016999997198582 ], [ -8220972.44789999909699, 4971847.102399997413158 ], [ -8220953.745999999344349, 4971824.481499999761581 ], [ -8220934.599099999293685, 4971802.301299996674061 ], [ -8220915.006799999624491, 4971780.562200002372265 ], [ -8220894.9693, 4971759.410400003194809 ], [ -8220874.486600000411272, 4971738.699299998581409 ], [ -8220853.558499999344349, 4971718.428900003433228 ], [ -8220832.296499999240041, 4971698.599299997091293 ], [ -8220810.477700000628829, 4971679.357299998402596 ], [ -8220788.325300000607967, 4971660.409100003540516 ], [ -8220765.615900000557303, 4971642.048299998044968 ], [ -8220742.57289999909699, 4971624.1283999979496 ], [ -8220718.973300000652671, 4971606.795999996364117 ], [ -8220695.0395, 4971589.757399998605251 ], [ -8220670.660499999299645, 4971573.453299999237061 ], [ -8220334.475600000470877, 4971377.364600002765656 ] ] ] } },
{ "type": "Feature", "properties": { "id": 2000306.0, "name": "E", "objectid": 1410.0, "rt_symbol": "A", "url": "http://web.mta.info/nyct/service/", "Shape__Len": 907.946136669 }, "geometry": { "type": "MultiLineString", "coordinates": [ [ [ -8219533.309399999678135, 4970883.856100000441074 ], [ -8219358.426400000229478, 4970766.357699997723103 ], [ -8219342.17369999922812, 4970754.901500001549721 ], [ -8219326.032400000840425, 4970743.298799999058247 ], [ -8219310.002499999478459, 4970731.548900000751019 ], [ -8219294.1952, 4970719.652300000190735 ], [ -8219278.4989, 4970707.461900003254414 ], [ -8219262.914200000464916, 4970695.124700002372265 ], [ -8219247.440899999812245, 4970682.640799999237061 ], [ -8219232.07880000025034, 4970670.009800001978874 ], [ -8219216.939300000667572, 4970657.085299998521805 ], [ -8219201.911299999803305, 4970644.013700000941753 ], [ -8219186.994400000199676, 4970630.795500002801418 ], [ -8219172.300100000575185, 4970617.430399999022484 ], [ -8219157.717299999669194, 4970603.918200001120567 ], [ -8219143.245699999853969, 4970590.112700000405312 ], [ -8219128.662900000810623, 4970576.306800000369549 ], [ -8219101.612199999392033, 4970548.842500001192093 ], [ -8219084.357899999246001, 4970532.099200002849102 ], [ -8219067.325899999588728, 4970515.209399998188019 ], [ -8219050.071399999782443, 4970498.613300003111362 ], [ -8219032.705600000917912, 4970482.163999997079372 ], [ -8219015.11710000038147, 4970465.861699998378754 ], [ -8218997.417400000616908, 4970449.706399999558926 ], [ -8218979.494899999350309, 4970433.844700001180172 ], [ -8218961.461100000888109, 4970417.98309999704361 ], [ -8218943.204600000753999, 4970402.415200002491474 ], [ -8218924.836899999529123, 4970386.994300000369549 ], [ -8218906.246500000357628, 4970371.719999998807907 ], [ -8218887.545, 4970356.5929000005126 ], [ -8218868.6206, 4970341.612700000405312 ], [ -8218849.584899999201298, 4970326.925999999046326 ], [ -8218830.215299999341369, 4970312.53320000320673 ] ] ] } },
{ "type": "Feature", "properties": { "id": 2000071.0, "name": "5", "objectid": 1411.0, "rt_symbol": "4", "url": "http://web.mta.info/nyct/service/", "Shape__Len": 890.99612677100004 }, "geometry": { "type": "MultiLineString", "coordinates": [ [ [ -8222112.693299999460578, 4990884.012299999594688 ], [ -8221735.0976, 4991288.016199998557568 ], [ -8221727.416400000452995, 4991296.700099997222424 ], [ -8221719.624199999496341, 4991305.67790000140667 ], [ -8221711.831800000742078, 4991314.803199999034405 ], [ -8221704.03940000012517, 4991324.222699999809265 ], [ -8221696.246999999508262, 4991333.789700001478195 ], [ -8221688.454700000584126, 4991343.650799997150898 ], [ -8221680.773700000718236, 4991353.659299999475479 ], [ -8221672.981200000271201, 4991363.814800001680851 ], [ -8221665.300100000575185, 4991374.264600001275539 ], [ -8221657.619100000709295, 4991384.861900001764297 ], [ -8221649.938200000673532, 4991395.606100000441074 ], [ -8221642.145700000226498, 4991406.645099997520447 ], [ -8221634.576099999248981, 4991417.978200003504753 ], [ -8221626.894899999722838, 4991429.45830000191927 ], [ -8221619.325099999085069, 4991441.085900001227856 ], [ -8221540.956199999898672, 4991564.131899997591972 ] ] ] } },
{ "type": "Feature", "properties": { "id": 2000055.0, "name": "2", "objectid": 1412.0, "rt_symbol": "1", "url": "http://web.mta.info/nyct/service/", "Shape__Len": 928.44967329600001 }, "geometry": { "type": "MultiLineString", "coordinates": [ [ [ -8225738.2577, 4986426.951499998569489 ], [ -8225705.641100000590086, 4986449.017700001597404 ], [ -8225660.779400000348687, 4986479.6162 ], [ -8225649.313400000333786, 4986488.884199999272823 ], [ -8225640.073899999260902, 4986497.710600003600121 ], [ -8225629.943800000473857, 4986511.686099998652935 ], [ -8225622.151399999856949, 4986524.925700001418591 ], [ -8225617.364700000733137, 4986536.547200001776218 ], [ -8225613.802400000393391, 4986548.757500000298023 ], [ -8225611.910000000149012, 4986560.820500001311302 ], [ -8225611.130799999460578, 4986573.472000002861023 ], [ -8225611.353499999269843, 4986640.112999998033047 ], [ -8225605.898900000378489, 4987275.653399996459484 ], [ -8225604.785599999129772, 4987297.868600003421307 ] ] ] } },
{ "type": "Feature", "properties": { "id": 2000067.0, "name": "2", "objectid": 1413.0, "rt_symbol": "1", "url": "http://web.mta.info/nyct/service/", "Shape__Len": 825.68119639500003 }, "geometry": { "type": "MultiLineString", "coordinates": [ [ [ -8222095.550000000745058, 4995838.889200001955032 ], [ -8221776.285800000652671, 4996600.348200000822544 ] ] ] } },
{ "type": "Feature", "properties": { "id": 2000157.0, "name": "6", "objectid": 1414.0, "rt_symbol": "4", "url": "http://web.mta.info/nyct/service/", "Shape__Len": 538.45451065700001 }, "geometry": { "type": "MultiLineString", "coordinates": [ [ [ -8224190.360200000926852, 4987090.577399998903275 ], [ -8224024.3827, 4987108.820200003683567 ], [ -8224018.148800000548363, 4987109.555699996650219 ], [ -8224011.8037, 4987110.438299998641014 ], [ -8224005.23589999973774, 4987111.61540000140667 ], [ -8223998.556700000539422, 4987112.792300000786781 ], [ -8223991.766200000420213, 4987114.116300001740456 ], [ -8223984.864399999380112, 4987115.7346 ], [ -8223977.740000000223517, 4987117.352899998426437 ], [ -8223970.504200000315905, 4987119.118299998342991 ], [ -8223963.157199999317527, 4987121.17790000140667 ], [ -8223955.698799999430776, 4987123.237499997019768 ], [ -8223948.0176, 4987125.591399997472763 ], [ -8223940.225199999287724, 4987127.94539999961853 ], [ -8223932.321599999442697, 4987130.593699999153614 ], [ -8223924.306700000539422, 4987133.241599999368191 ], [ -8223916.0691, 4987136.184000000357628 ], [ -8223673.503699999302626, 4987228.427699998021126 ] ] ] } },
{ "type": "Feature", "properties": { "id": 2000160.0, "name": "6", "objectid": 1415.0, "rt_symbol": "4", "url": "http://web.mta.info/nyct/service/", "Shape__Len": 1078.67643744 }, "geometry": { "type": "MultiLineString", "coordinates": [ [ [ -8222148.426599999889731, 4987773.522200003266335 ], [ -8221080.427500000223517, 4987924.918300002813339 ] ] ] } },
{ "type": "Feature", "properties": { "id": 2000154.0, "name": "6", "objectid": 1416.0, "rt_symbol": "4", "url": "http://web.mta.info/nyct/service/", "Shape__Len": 985.06450953399997 }, "geometry": { "type": "MultiLineString", "coordinates": [ [ [ -8226113.515799999237061, 4985254.719700001180172 ], [ -8225614.804300000891089, 4985893.25900000333786 ], [ -8225611.576099999248981, 4985896.495200000703335 ], [ -8225608.236500000581145, 4985899.584200002253056 ], [ -8225604.785700000822544, 4985902.67339999973774 ], [ -8225601.223400000482798, 4985905.61540000140667 ], [ -8225597.438699999824166, 4985908.5574000030756 ], [ -8225593.542400000616908, 4985911.352300003170967 ], [ -8225589.534900000318885, 4985914.147200003266335 ], [ -8225585.415899999439716, 4985916.7949 ], [ -8225581.185799999162555, 4985919.442800000309944 ], [ -8225576.732999999076128, 4985922.090499997138977 ], [ -8225572.280300000682473, 4985924.591399997472763 ], [ -8225567.605000000447035, 4985926.944700002670288 ], [ -8225562.818199999630451, 4985929.445699997246265 ], [ -8225557.808700000867248, 4985931.799099996685982 ], [ -8225552.7994, 4985934.005599997937679 ], [ -8225458.289200000464916, 4985967.250399999320507 ] ] ] } },
{ "type": "Feature", "properties": { "id": 2000419.0, "name": "N-W", "objectid": 1417.0, "rt_symbol": "N", "url": "http://web.mta.info/nyct/service/", "Shape__Len": 954.69363060900002 }, "geometry": { "type": "MultiLineString", "coordinates": [ [ [ -8228496.643500000238419, 4978513.55349999666214 ], [ -8227849.988299999386072, 4979215.890299998223782 ] ] ] } },
{ "type": "Feature", "properties": { "id": 2000418.0, "name": "N-W", "objectid": 1418.0, "rt_symbol": "N", "url": "http://web.mta.info/nyct/service/", "Shape__Len": 653.74884799300003 }, "geometry": { "type": "MultiLineString", "coordinates": [ [ [ -8228901.401000000536442, 4978002.193499997258186 ], [ -8228825.258300000801682, 4978125.364399999380112 ], [ -8228819.8037, 4978133.448399998247623 ], [ -8228814.237800000235438, 4978141.385399997234344 ], [ -8228808.67200000025332, 4978149.322700001299381 ], [ -8228802.883300000801682, 4978157.406599998474121 ], [ -8228797.094699999317527, 4978165.343699999153614 ], [ -8228791.194900000467896, 4978173.133900001645088 ], [ -8228785.294700000435114, 4978181.071000002324581 ], [ -8228779.283600000664592, 4978189.008199997246265 ], [ -8228773.160800000652671, 4978196.798299998044968 ], [ -8228766.926999999210238, 4978204.735200002789497 ], [ -8228760.693099999800324, 4978212.525600001215935 ], [ -8228754.347999999299645, 4978220.315600000321865 ], [ -8228747.8914, 4978228.105899997055531 ], [ -8228741.3235, 4978235.74889999628067 ], [ -8228734.755599999800324, 4978243.539200000464916 ], [ -8228496.643500000238419, 4978513.55349999666214 ] ] ] } },
{ "type": "Feature", "properties": { "id": 2000153.0, "name": "6", "objectid": 1419.0, "rt_symbol": "4", "url": "http://web.mta.info/nyct/service/", "Shape__Len": 1072.2853531600001 }, "geometry": { "type": "MultiLineString", "coordinates": [ [ [ -8226966.557, 4984668.436099998652935 ], [ -8226964.107699999585748, 4984669.906700000166893 ], [ -8226961.658900000154972, 4984671.377599999308586 ], [ -8226959.209899999201298, 4984672.848399996757507 ], [ -8226956.760800000280142, 4984674.17230000346899 ], [ -8226954.311799999326468, 4984675.495899997651577 ], [ -8226951.974199999123812, 4984676.672499999403954 ], [ -8226949.636399999260902, 4984677.996399998664856 ], [ -8226947.187400000169873, 4984679.173000000417233 ], [ -8226944.961100000888109, 4984680.349600002169609 ], [ -8226942.623299999162555, 4984681.379299998283386 ], [ -8226940.285700000822544, 4984682.5559 ], [ -8226938.0592, 4984683.585400000214577 ], [ -8226935.832800000905991, 4984684.468099996447563 ], [ -8226933.606300000101328, 4984685.497599996626377 ], [ -8226931.2686, 4984686.3800999969244 ], [ -8226453.040200000628829, 4984863.909100003540516 ], [ -8226447.5855, 4984865.968299999833107 ], [ -8226442.24210000038147, 4984868.02759999781847 ], [ -8226437.010099999606609, 4984870.086599998176098 ], [ -8226431.889499999582767, 4984872.439900003373623 ], [ -8226426.99129999987781, 4984874.940399996936321 ], [ -8226422.204600000753999, 4984877.4408999979496 ], [ -8226417.529200000688434, 4984880.088200002908707 ], [ -8226413.076500000432134, 4984883.030100002884865 ], [ -8226408.734899999573827, 4984885.971900001168251 ], [ -8226404.616100000217557, 4984889.060599997639656 ], [ -8226400.497400000691414, 4984892.296300001442432 ], [ -8226396.601099999621511, 4984895.679300002753735 ], [ -8226392.927699999883771, 4984899.209499999880791 ], [ -8226389.365299999713898, 4984902.886399999260902 ], [ -8226385.91440000012517, 4984906.710699997842312 ], [ -8226113.515799999237061, 4985254.719700001180172 ] ] ] } },
{ "type": "Feature", "properties": { "id": 2000051.0, "name": "2", "objectid": 1420.0, "rt_symbol": "1", "url": "http://web.mta.info/nyct/service/", "Shape__Len": 1158.0855252199999 }, "geometry": { "type": "MultiLineString", "coordinates": [ [ [ -8228487.069700000807643, 4985255.455200001597404 ], [ -8228366.622199999168515, 4985207.356899999082088 ], [ -8228346.250600000843406, 4985200.002499997615814 ], [ -8228322.317099999636412, 4985195.589699998497963 ], [ -8228284.134500000625849, 4985192.942100003361702 ], [ -8228255.859400000423193, 4985195.148400001227856 ], [ -8228232.370899999514222, 4985201.179099999368191 ], [ -8228202.760099999606609, 4985212.9463 ], [ -8228174.707499999552965, 4985226.625399999320507 ], [ -8228161.794299999251962, 4985233.6858000010252 ], [ -8228149.883099999278784, 4985240.157799996435642 ], [ -8228118.7138, 4985255.455200001597404 ], [ -8228094.779999999329448, 4985264.574699997901917 ], [ -8228072.182199999690056, 4985268.987499997019768 ], [ -8228046.133400000631809, 4985270.752499997615814 ], [ -8228021.420499999076128, 4985268.987499997019768 ], [ -8227994.035800000652671, 4985265.898699998855591 ], [ -8227920.676200000569224, 4985256.043499998748302 ], [ -8227828.6151, 4985244.276399999856949 ], [ -8227750.023600000888109, 4985235.598099999129772 ], [ -8227704.382400000467896, 4985231.920800000429153 ], [ -8227664.084899999201298, 4985229.273199997842312 ], [ -8227632.692800000309944, 4985229.273199997842312 ], [ -8227602.191099999472499, 4985228.537699997425079 ], [ -8227556.216299999505281, 4985230.008699998259544 ], [ -8227524.601600000634789, 4985233.980099998414516 ], [ -8227501.447200000286102, 4985239.86370000243187 ], [ -8227476.845499999821186, 4985247.512500002980232 ], [ -8227442.670499999076128, 4985265.016000002622604 ], [ -8227379.440899999812245, 4985311.496699996292591 ] ] ] } },
{ "type": "Feature", "properties": { "id": 0.0, "name": "M", "objectid": 1491.0, "rt_symbol": "B", "url": "http://web.mta.info/nyct/service/", "Shape__Len": 3634.27631505 }, "geometry": { "type": "MultiLineString", "coordinates": [ [ [ -8232944.518699999898672, 4969434.88849999755621 ], [ -8233087.26549999974668, 4969499.6824000030756 ], [ -8233097.159600000828505, 4969503.630199998617172 ], [ -8233106.628499999642372, 4969508.517099998891354 ], [ -8233115.584100000560284, 4969514.297600001096725 ], [ -8233123.942900000140071, 4969520.91780000180006 ], [ -8233131.627000000327826, 4969528.316200003027916 ], [ -8233265.3892, 4969671.277900002896786 ], [ -8233275.432800000533462, 4969680.749499998986721 ], [ -8233286.131400000303984, 4969689.468199998140335 ], [ -8233297.42960000038147, 4969697.3882 ], [ -8233309.26799999922514, 4969704.468400001525879 ], [ -8233321.58500000089407, 4969710.671800002455711 ], [ -8235931.317099999636412, 4970755.658500000834465 ], [ -8236047.517300000414252, 4970813.071999996900558 ], [ -8236249.265900000929832, 4970897.3926 ] ] ] } },
{ "type": "Feature", "properties": { "id": 2000151.0, "name": "6", "objectid": 1421.0, "rt_symbol": "4", "url": "http://web.mta.info/nyct/service/", "Shape__Len": 1039.99020692 }, "geometry": { "type": "MultiLineString", "coordinates": [ [ [ -8228073.51799999922514, 4983675.687899999320507 ], [ -8227949.953299999237061, 4983607.155000001192093 ], [ -8227943.2741, 4983603.625500001013279 ], [ -8227936.706299999728799, 4983600.684399999678135 ], [ -8227930.138599999248981, 4983598.037100002169609 ], [ -8227923.681900000199676, 4983595.978200003504753 ], [ -8227917.448100000619888, 4983594.360399998724461 ], [ -8227911.214199999347329, 4983593.184000000357628 ], [ -8227904.9803, 4983592.448600001633167 ], [ -8227898.968900000676513, 4983592.3015 ], [ -8227892.957800000905991, 4983592.4485 ], [ -8227887.169199999421835, 4983593.184000000357628 ], [ -8227881.3805, 4983594.360500000417233 ], [ -8227875.591900000348687, 4983595.978200003504753 ], [ -8227870.025900000706315, 4983598.1841000020504 ], [ -8227864.5713, 4983600.684199996292591 ], [ -8227859.116699999198318, 4983603.772600002586842 ], [ -8227502.226399999111891, 4983817.754900000989437 ], [ -8227494.433900000527501, 4983822.755300000309944 ], [ -8227487.086899999529123, 4983828.049699999392033 ], [ -8227480.073699999600649, 4983833.638300001621246 ], [ -8227473.3947, 4983839.668200001120567 ], [ -8227467.160700000822544, 4983845.845100000500679 ], [ -8227461.372099999338388, 4983852.463100001215935 ], [ -8227455.80629999935627, 4983859.52250000089407 ], [ -8227450.685399999842048, 4983866.728799998760223 ], [ -8227446.0099, 4983874.376400001347065 ], [ -8227441.668400000780821, 4983882.318300001323223 ], [ -8227437.661100000143051, 4983890.554200001060963 ], [ -8227434.098799999803305, 4983899.084100000560284 ], [ -8227430.870500000193715, 4983908.055399999022484 ], [ -8227428.087600000202656, 4983917.320699997246265 ], [ -8227425.638399999588728, 4983926.880300000309944 ], [ -8227362.743000000715256, 4984168.519500002264977 ] ] ] } },
{ "type": "Feature", "properties": { "id": 2000150.0, "name": "6", "objectid": 1422.0, "rt_symbol": "4", "url": "http://web.mta.info/nyct/service/", "Shape__Len": 662.81074087499996 }, "geometry": { "type": "MultiLineString", "coordinates": [ [ [ -8228652.1568, 4983998.945100001990795 ], [ -8228073.51799999922514, 4983675.687899999320507 ] ] ] } },
{ "type": "Feature", "properties": { "id": 2000152.0, "name": "6", "objectid": 1423.0, "rt_symbol": "4", "url": "http://web.mta.info/nyct/service/", "Shape__Len": 661.44791460399995 }, "geometry": { "type": "MultiLineString", "coordinates": [ [ [ -8227362.743000000715256, 4984168.519500002264977 ], [ -8227326.00760000012815, 4984306.034500002861023 ], [ -8227319.217000000178814, 4984332.0669 ], [ -8227313.651200000196695, 4984349.12780000269413 ], [ -8227310.868100000545382, 4984355.599200002849102 ], [ -8227307.7511, 4984361.923500001430511 ], [ -8227304.411599999293685, 4984368.10080000013113 ], [ -8227300.849199999123812, 4984374.130699999630451 ], [ -8227297.064600000157952, 4984379.866899996995926 ], [ -8227293.057099999859929, 4984385.455700002610683 ], [ -8227288.826899999752641, 4984390.897699996829033 ], [ -8227284.262800000607967, 4984396.192299999296665 ], [ -8227279.587300000712276, 4984401.193000003695488 ], [ -8227035.018400000408292, 4984611.809900000691414 ], [ -8227029.897600000724196, 4984616.516400001943111 ], [ -8227024.888499999418855, 4984621.07599999755621 ], [ -8227019.879000000655651, 4984625.488300003111362 ], [ -8227014.981100000441074, 4984629.753700003027916 ], [ -8227010.194199999794364, 4984633.872100003063679 ], [ -8227005.407500000670552, 4984637.990299999713898 ], [ -8227000.843499999493361, 4984641.814499996602535 ], [ -8226996.279100000858307, 4984645.63849999755621 ], [ -8226991.715099999681115, 4984649.315499998629093 ], [ -8226987.373700000345707, 4984652.6985 ], [ -8226983.032199999317527, 4984656.081299997866154 ], [ -8226978.801999999210238, 4984659.464100003242493 ], [ -8226974.683299999684095, 4984662.55290000140667 ], [ -8226970.564300000667572, 4984665.494400002062321 ], [ -8226966.557, 4984668.436099998652935 ] ] ] } },
{ "type": "Feature", "properties": { "id": 2000053.0, "name": "2", "objectid": 1424.0, "rt_symbol": "1", "url": "http://web.mta.info/nyct/service/", "Shape__Len": 678.12666112600004 }, "geometry": { "type": "MultiLineString", "coordinates": [ [ [ -8226707.405200000852346, 4985766.753899998962879 ], [ -8226147.022900000214577, 4986148.627499997615814 ] ] ] } },
{ "type": "Feature", "properties": { "id": 2000052.0, "name": "2", "objectid": 1425.0, "rt_symbol": "1", "url": "http://web.mta.info/nyct/service/", "Shape__Len": 812.845386244 }, "geometry": { "type": "MultiLineString", "coordinates": [ [ [ -8227379.440899999812245, 4985311.496699996292591 ], [ -8227172.275299999862909, 4985471.533100001513958 ], [ -8227124.630599999800324, 4985506.100000001490116 ], [ -8227079.657600000500679, 4985534.195000000298023 ], [ -8226979.024599999189377, 4985592.444499999284744 ], [ -8226874.161699999123812, 4985653.930500000715256 ], [ -8226809.48509999923408, 4985697.323899999260902 ], [ -8226707.405200000852346, 4985766.753899998962879 ] ] ] } },
{ "type": "Feature", "properties": { "id": 2000054.0, "name": "2", "objectid": 1426.0, "rt_symbol": "1", "url": "http://web.mta.info/nyct/service/", "Shape__Len": 494.52324283899998 }, "geometry": { "type": "MultiLineString", "coordinates": [ [ [ -8226147.022900000214577, 4986148.627499997615814 ], [ -8225738.2577, 4986426.951499998569489 ] ] ] } },
{ "type": "Feature", "properties": { "id": 2000155.0, "name": "6", "objectid": 1427.0, "rt_symbol": "4", "url": "http://web.mta.info/nyct/service/", "Shape__Len": 1024.2650561299999 }, "geometry": { "type": "MultiLineString", "coordinates": [ [ [ -8225458.289200000464916, 4985967.250399999320507 ], [ -8225371.459799999371171, 4986000.053999997675419 ], [ -8225366.4507, 4986002.260499998927116 ], [ -8225361.329900000244379, 4986004.614100001752377 ], [ -8225356.097899999469519, 4986007.261799998581409 ], [ -8225350.86600000038743, 4986010.20380000025034 ], [ -8225345.4112, 4986013.293099999427795 ], [ -8225339.956399999558926, 4986016.6765 ], [ -8225334.39049999974668, 4986020.206699997186661 ], [ -8225328.713400000706315, 4986024.031499996781349 ], [ -8225323.036000000312924, 4986028.150399997830391 ], [ -8225317.135900000110269, 4986032.416400000452995 ], [ -8225311.236099999397993, 4986036.976499997079372 ], [ -8225305.224999999627471, 4986041.683700002729893 ], [ -8225299.102299999445677, 4986046.685000002384186 ], [ -8225292.979699999094009, 4986051.980800002813339 ], [ -8225286.745799999684095, 4986057.423600003123283 ], [ -8225149.600299999117851, 4986176.135899998247623 ], [ -8225140.8059, 4986185.256399996578693 ], [ -8225132.234300000593066, 4986194.376800000667572 ], [ -8225124.1081000007689, 4986203.644199997186661 ], [ -8225116.3158, 4986213.206299997866154 ], [ -8225108.857100000604987, 4986222.768100000917912 ], [ -8225101.732899999246001, 4986232.476999998092651 ], [ -8225095.0537, 4986242.332900002598763 ], [ -8225088.708499999716878, 4986252.336099997162819 ], [ -8225082.697300000116229, 4986262.486299999058247 ], [ -8225077.242599999532104, 4986272.783699996769428 ], [ -8225072.010700000450015, 4986283.375399999320507 ], [ -8225067.112600000575185, 4986294.114 ], [ -8225062.659700000658631, 4986304.705799996852875 ], [ -8225058.429500000551343, 4986315.591600000858307 ], [ -8225054.310699999332428, 4986326.771499998867512 ], [ -8225046.852399999275804, 4986346.92509999871254 ], [ -8225039.505300000309944, 4986369.873800002038479 ], [ -8225033.939200000837445, 4986392.233999997377396 ], [ -8225028.92989999987185, 4986415.476999998092651 ], [ -8225024.365900000557303, 4986446.516999997198582 ], [ -8225018.466, 4986494.621299996972084 ], [ -8224983.400299999862909, 4986787.666500002145767 ] ] ] } },
{ "type": "Feature", "properties": { "id": 2000143.0, "name": "4", "objectid": 1428.0, "rt_symbol": "4", "url": "http://web.mta.info/nyct/service/", "Shape__Len": 720.90287103100002 }, "geometry": { "type": "MultiLineString", "coordinates": [ [ [ -8226942.177899999544024, 4991479.059399999678135 ], [ -8226743.027300000190735, 4991907.962899997830391 ], [ -8226738.908600000664592, 4991917.088799998164177 ], [ -8226734.900900000706315, 4991925.773100003600121 ], [ -8226731.004899999126792, 4991934.310000002384186 ], [ -8226727.220000000670552, 4991942.405599996447563 ], [ -8226723.546499999240041, 4991950.354099996387959 ], [ -8226719.872999999672174, 4991957.860600002110004 ], [ -8226716.4222, 4991965.073100000619888 ], [ -8226713.082499999552965, 4991971.99099999666214 ], [ -8226709.854100000113249, 4991978.614500001072884 ], [ -8226706.625900000333786, 4991984.943899996578693 ], [ -8226703.620200000703335, 4991990.978799998760223 ], [ -8226700.726099999621511, 4991996.719300001859665 ], [ -8226697.831800000742078, 4992002.165399998426437 ], [ -8226695.1601, 4992007.1699 ], [ -8226692.488299999386072, 4992012.027199998497963 ], [ -8226625.473999999463558, 4992126.101899996399879 ] ] ] } },
{ "type": "Feature", "properties": { "id": 2000056.0, "name": "2", "objectid": 1429.0, "rt_symbol": "1", "url": "http://web.mta.info/nyct/service/", "Shape__Len": 1171.29362483 }, "geometry": { "type": "MultiLineString", "coordinates": [ [ [ -8225604.785599999129772, 4987297.868600003421307 ], [ -8225603.004300000146031, 4987315.523199997842312 ], [ -8225600.889499999582767, 4987332.295000001788139 ], [ -8225596.770500000566244, 4987357.01129999756813 ], [ -8225586.863199999555945, 4987397.028599999845028 ], [ -8225576.510500000789762, 4987429.542700000107288 ], [ -8225560.70299999974668, 4987468.530299998819828 ], [ -8225546.343000000342727, 4987498.6908999979496 ], [ -8225196.243000000715256, 4988272.740800000727177 ], [ -8225182.105499999597669, 4988303.786300003528595 ], [ -8225167.745400000363588, 4988333.802299998700619 ], [ -8225152.2719, 4988360.875399999320507 ], [ -8225144.924799999222159, 4988371.174999997019768 ] ] ] } },
{ "type": "Feature", "properties": { "id": 2000062.0, "name": "2", "objectid": 1430.0, "rt_symbol": "1", "url": "http://web.mta.info/nyct/service/", "Shape__Len": 1217.6177286 }, "geometry": { "type": "MultiLineString", "coordinates": [ [ [ -8222905.28800000064075, 4991300.232199996709824 ], [ -8222876.010900000110269, 4992517.497900001704693 ] ] ] } },
{ "type": "Feature", "properties": { "id": 2000145.0, "name": "4", "objectid": 1431.0, "rt_symbol": "4", "url": "http://web.mta.info/nyct/service/", "Shape__Len": 1169.07760519 }, "geometry": { "type": "MultiLineString", "coordinates": [ [ [ -8226195.780799999833107, 4992855.768700003623962 ], [ -8225999.635800000280142, 4993189.782200001180172 ], [ -8225995.517000000923872, 4993195.965000003576279 ], [ -8225991.398199999704957, 4993202.147799998521805 ], [ -8225987.168199999257922, 4993208.183499999344349 ], [ -8225982.826500000432134, 4993214.071900002658367 ], [ -8225978.373700000345707, 4993219.813100002706051 ], [ -8225973.809800000861287, 4993225.406900003552437 ], [ -8225969.13429999910295, 4993230.853699997067451 ], [ -8225964.3476, 4993236.153399996459484 ], [ -8225959.560799999162555, 4993241.3059 ], [ -8225954.551400000229478, 4993246.310699999332428 ], [ -8225949.430800000205636, 4993251.16889999806881 ], [ -8225944.310200000181794, 4993255.7324 ], [ -8225938.966700000688434, 4993260.295999996364117 ], [ -8225933.623400000855327, 4993264.712300002574921 ], [ -8225928.168800000101328, 4993268.981299996376038 ], [ -8225680.260199999436736, 4993427.528999999165535 ], [ -8225673.580900000408292, 4993432.092699997127056 ], [ -8225666.790500000119209, 4993436.80349999666214 ], [ -8225659.88880000077188, 4993441.808700002729893 ], [ -8225652.875700000673532, 4993446.961099997162819 ], [ -8225645.751199999824166, 4993452.261 ], [ -8225638.515599999576807, 4993457.707900002598763 ], [ -8225631.279799999669194, 4993463.449199996888638 ], [ -8225623.932499999180436, 4993469.337600000202656 ], [ -8225616.474199999123812, 4993475.52080000191927 ], [ -8225608.904400000348687, 4993481.703699998557568 ], [ -8225601.223400000482798, 4993488.328299999237061 ], [ -8225593.542400000616908, 4993494.953000001609325 ], [ -8225585.638599999248981, 4993501.872000001370907 ], [ -8225577.734899999573827, 4993508.938400000333786 ], [ -8225569.831299999728799, 4993516.151900000870228 ], [ -8225404.299200000241399, 4993687.805799998342991 ] ] ] } },
{ "type": "Feature", "properties": { "id": 2000387.0, "name": "M", "objectid": 1432.0, "rt_symbol": "B", "url": "http://web.mta.info/nyct/service/", "Shape__Len": 743.31154046500001 }, "geometry": { "type": "MultiLineString", "coordinates": [ [ [ -8227889.061599999666214, 4968108.18639999628067 ], [ -8227781.304300000891089, 4968122.282300002872944 ], [ -8227775.404400000348687, 4968123.310199998319149 ], [ -8227769.727, 4968124.631899997591972 ], [ -8227764.049699999392033, 4968126.246799997985363 ], [ -8227758.595100000500679, 4968128.008900001645088 ], [ -8227753.251800000667572, 4968130.211400002241135 ], [ -8227748.019799999892712, 4968132.560699999332428 ], [ -8227742.89919999986887, 4968135.20380000025034 ], [ -8227737.889699999243021, 4968138.1404 ], [ -8227732.991699999198318, 4968141.3706 ], [ -8227728.205, 4968144.894599996507168 ], [ -8227723.529500000178814, 4968148.565600000321865 ], [ -8227719.0767, 4968152.529899999499321 ], [ -8227714.735200000926852, 4968156.788099996745586 ], [ -8227710.393799999728799, 4968161.339900001883507 ], [ -8227706.275000000372529, 4968166.185599997639656 ], [ -8227371.9825, 4968597.44370000064373 ] ] ] } },
{ "type": "Feature", "properties": { "id": 2000098.0, "name": "3", "objectid": 1433.0, "rt_symbol": "1", "url": "http://web.mta.info/nyct/service/", "Shape__Len": 602.91198354599999 }, "geometry": { "type": "MultiLineString", "coordinates": [ [ [ -8224738.05210000090301, 4963235.305200003087521 ], [ -8225329.826400000602007, 4963119.953400000929832 ] ] ] } },
{ "type": "Feature", "properties": { "id": 2000380.0, "name": "J-Z", "objectid": 1434.0, "rt_symbol": "J", "url": "http://web.mta.info/nyct/service/", "Shape__Len": 833.98679584599995 }, "geometry": { "type": "MultiLineString", "coordinates": [ [ [ -8221119.834699999541044, 4967293.154799997806549 ], [ -8221108.146199999377131, 4967299.027800001204014 ], [ -8221096.568800000473857, 4967304.46000000089407 ], [ -8221085.103000000119209, 4967309.74549999833107 ], [ -8221073.748400000855327, 4967314.737499997019768 ], [ -8221062.616499999538064, 4967319.582599997520447 ], [ -8221051.595799999311566, 4967324.13400000333786 ], [ -8221040.686599999666214, 4967328.538599997758865 ], [ -8221029.888599999248981, 4967332.796300001442432 ], [ -8221019.201999999582767, 4967336.760600000619888 ], [ -8221008.737800000235438, 4967340.578000001609325 ], [ -8220998.384999999776483, 4967344.2483000010252 ], [ -8220988.143799999728799, 4967347.625200003385544 ], [ -8220978.013699999079108, 4967350.708400003612041 ], [ -8220968.106100000441074, 4967353.644900001585484 ], [ -8220958.198799999430776, 4967356.434500001370907 ], [ -8220524.275399999693036, 4967467.578599996864796 ], [ -8220516.92820000089705, 4967469.193599998950958 ], [ -8220509.581199999898672, 4967470.808600001037121 ], [ -8220502.011499999091029, 4967472.277000002563 ], [ -8220494.330399999395013, 4967473.745099999010563 ], [ -8220486.538200000301003, 4967475.066500000655651 ], [ -8220478.523199999704957, 4967476.24099999666214 ], [ -8220470.285599999129772, 4967477.268799997866154 ], [ -8220461.936599999666214, 4967478.296700000762939 ], [ -8220453.476199999451637, 4967479.324500001966953 ], [ -8220444.793400000780821, 4967480.058499999344349 ], [ -8220435.999099999666214, 4967480.792599998414516 ], [ -8220427.093499999493361, 4967481.379900000989437 ], [ -8220417.853900000452995, 4967481.967100001871586 ], [ -8220408.614399999380112, 4967482.407799996435642 ], [ -8220399.1524, 4967482.701399996876717 ], [ -8220313.2138, 4967483.876000002026558 ] ] ] } },
{ "type": "Feature", "properties": { "id": 2000070.0, "name": "5", "objectid": 1435.0, "rt_symbol": "4", "url": "http://web.mta.info/nyct/service/", "Shape__Len": 1625.9735999899999 }, "geometry": { "type": "MultiLineString", "coordinates": [ [ [ -8222112.693299999460578, 4990884.012299999594688 ], [ -8222960.836400000378489, 4989977.750600002706051 ], [ -8222984.261399999260902, 4989947.253499999642372 ], [ -8223006.58699999935925, 4989915.936599999666214 ], [ -8223027.784299999475479, 4989883.839400000870228 ], [ -8223047.826500000432134, 4989851.003300003707409 ], [ -8223066.688100000843406, 4989817.469800002872944 ], [ -8223084.345100000500679, 4989783.281900003552437 ], [ -8223100.774599999189377, 4989748.482799999415874 ], [ -8223115.956299999728799, 4989713.117499999701977 ], [ -8223142.499199999496341, 4989640.868299998342991 ] ] ] } },
{ "type": "Feature", "properties": { "id": 2000104.0, "name": "5", "objectid": 1436.0, "rt_symbol": "4", "url": "http://web.mta.info/nyct/service/", "Shape__Len": 755.22124487899998 }, "geometry": { "type": "MultiLineString", "coordinates": [ [ [ -8231875.470300000160933, 4959382.9551 ], [ -8231936.4715, 4960135.708700001239777 ] ] ] } },
{ "type": "Feature", "properties": { "id": 2000049.0, "name": "5", "objectid": 1437.0, "rt_symbol": "4", "url": "http://web.mta.info/nyct/service/", "Shape__Len": 559.34674839700006 }, "geometry": { "type": "MultiLineString", "coordinates": [ [ [ -8229492.376199999824166, 4985570.982299998402596 ], [ -8229610.819599999114871, 4985611.433499999344349 ], [ -8229614.075899999588728, 4985612.5929000005126 ], [ -8229617.3706, 4985613.63629999756813 ], [ -8229620.700099999085069, 4985614.563000001013279 ], [ -8229624.059800000861287, 4985615.371299996972084 ], [ -8229627.446000000461936, 4985616.060500003397465 ], [ -8229630.854000000283122, 4985616.629600003361702 ], [ -8229634.279899999499321, 4985617.077799998223782 ], [ -8229637.719499999657273, 4985617.404500000178814 ], [ -8229641.168500000610948, 4985617.60980000346899 ], [ -8229644.622300000861287, 4985617.692800000309944 ], [ -8229648.077099999412894, 4985617.653899997472763 ], [ -8229651.528300000354648, 4985617.492899999022484 ], [ -8229654.971599999815226, 4985617.21000000089407 ], [ -8229658.403100000694394, 4985616.805600002408028 ], [ -8229661.818099999800324, 4985616.280299998819828 ], [ -8229665.212500000372529, 4985615.63459999859333 ], [ -8229668.582399999722838, 4985614.869099996984005 ], [ -8229671.923100000247359, 4985613.985299997031689 ], [ -8229675.230799999088049, 4985612.983900003135204 ], [ -8229678.501599999144673, 4985611.8662 ], [ -8229681.730900000780821, 4985610.633699998259544 ], [ -8229684.915200000628829, 4985609.287799999117851 ], [ -8229688.050100000575185, 4985607.830300003290176 ], [ -8229691.132099999114871, 4985606.262699998915195 ], [ -8229694.156999999657273, 4985604.587399996817112 ], [ -8229697.121600000187755, 4985602.806100003421307 ], [ -8229700.02170000039041, 4985600.921099998056889 ], [ -8229702.854100000113249, 4985598.934799998998642 ], [ -8229705.614900000393391, 4985596.8496999964118 ], [ -8229708.300899999216199, 4985594.668300002813339 ], [ -8229710.908800000324845, 4985592.393399998545647 ], [ -8229713.435200000181794, 4985590.027800001204014 ], [ -8229715.877100000157952, 4985587.574400000274181 ], [ -8229718.231599999591708, 4985585.036200001835823 ], [ -8229720.4956, 4985582.416299998760223 ], [ -8229722.666200000792742, 4985579.7179000005126 ], [ -8229724.740800000727177, 4985576.944700002670288 ], [ -8229726.717000000178814, 4985574.099899999797344 ], [ -8229728.592199999839067, 4985571.186899997293949 ], [ -8229730.364199999719858, 4985568.209499999880791 ], [ -8229732.0304000005126, 4985565.171400003135204 ], [ -8229733.589299999177456, 4985562.076200000941753 ], [ -8229735.038499999791384, 4985558.927799999713898 ], [ -8229736.376599999144673, 4985555.730200000107288 ], [ -8229737.601600000634789, 4985552.487499997019768 ], [ -8229738.712200000882149, 4985549.203199997544289 ], [ -8229739.707000000402331, 4985545.881800003349781 ], [ -8229740.584499999880791, 4985542.527400001883507 ], [ -8229741.344200000166893, 4985539.144000001251698 ], [ -8229742.504899999126792, 4985532.307199999690056 ], [ -8229741.848099999129772, 4985527.29619999974966 ], [ -8229741.017300000414252, 4985522.311300002038479 ], [ -8229740.013499999418855, 4985517.358599998056889 ], [ -8229738.837799999862909, 4985512.444200001657009 ], [ -8229737.491800000891089, 4985507.573899999260902 ], [ -8229735.977399999275804, 4985502.753899998962879 ], [ -8229734.296, 4985497.990099996328354 ], [ -8229732.4496, 4985493.288000002503395 ], [ -8229730.440999999642372, 4985488.653599999845028 ], [ -8229728.271800000220537, 4985484.092399999499321 ], [ -8229725.945699999108911, 4985479.610200002789497 ], [ -8229723.464600000530481, 4985475.212399996817112 ], [ -8229720.832399999722838, 4985470.904200002551079 ], [ -8229718.051699999719858, 4985466.690800003707409 ], [ -8229715.125700000673532, 4985462.577799998223782 ], [ -8229712.058700000867248, 4985458.569700002670288 ], [ -8229708.854000000283122, 4985454.671899996697903 ], [ -8229705.51549999974668, 4985450.888700000941753 ], [ -8229698.453700000420213, 4985443.685099996626377 ], [ -8229694.375, 4985439.564900003373623 ], [ -8229690.444499999284744, 4985435.30179999768734 ], [ -8229686.667600000277162, 4985430.901100002229214 ], [ -8229683.048599999397993, 4985426.368699997663498 ], [ -8229679.592499999329448, 4985421.709600001573563 ], [ -8229676.303600000217557, 4985416.930500000715256 ], [ -8229673.185900000855327, 4985412.037000000476837 ], [ -8229670.243300000205636, 4985407.035499997437 ], [ -8229667.479599999263883, 4985401.931999996304512 ], [ -8229664.898499999195337, 4985396.733199998736382 ], [ -8229662.502900000661612, 4985391.445500001311302 ], [ -8229660.296, 4985386.075900003314018 ], [ -8229658.280799999833107, 4985380.630900003015995 ], [ -8229656.459300000220537, 4985375.117399998009205 ], [ -8229654.8344, 4985369.542400002479553 ], [ -8229653.407600000500679, 4985363.912900000810623 ], [ -8229652.18129999935627, 4985358.236199997365475 ], [ -8229651.156600000336766, 4985352.519299998879433 ], [ -8229650.334899999201298, 4985346.769599996507168 ], [ -8229649.717199999839067, 4985340.993900001049042 ], [ -8229649.304400000721216, 4985335.19990000128746 ], [ -8229649.096899999305606, 4985329.395199999213219 ], [ -8229649.095300000160933, 4985323.586300000548363 ], [ -8229649.299000000581145, 4985317.781099997460842 ], [ -8229649.708200000226498, 4985311.987199999392033 ], [ -8229651.1404, 4985300.460799999535084 ] ] ] } },
{ "type": "Feature", "properties": { "id": 2000307.0, "name": "E", "objectid": 1440.0, "rt_symbol": "A", "url": "http://web.mta.info/nyct/service/", "Shape__Len": 1421.57062283 }, "geometry": { "type": "MultiLineString", "coordinates": [ [ [ -8218830.215299999341369, 4970312.53320000320673 ], [ -8218533.660399999469519, 4970119.847900003194809 ], [ -8218525.3114, 4970114.560699999332428 ], [ -8218516.6283, 4970109.42059999704361 ], [ -8218507.94539999961853, 4970104.280299998819828 ], [ -8218499.039899999275804, 4970099.140100002288818 ], [ -8218490.134199999272823, 4970094.0 ], [ -8218481.00620000064373, 4970088.859999999403954 ], [ -8218471.766699999570847, 4970083.866700001060963 ], [ -8218462.41579999960959, 4970078.8733000010252 ], [ -8218452.953700000420213, 4970073.880000002682209 ], [ -8218443.268799999728799, 4970068.886799998581409 ], [ -8218433.584100000560284, 4970064.040299996733665 ], [ -8218423.676599999889731, 4970059.193899996578693 ], [ -8218413.769200000911951, 4970054.200599998235703 ], [ -8218403.63910000026226, 4970049.501000002026558 ], [ -8218393.286399999633431, 4970044.654600001871586 ], [ -8217880.103499999269843, 4969784.713500000536442 ], [ -8217862.849099999293685, 4969775.902000002563 ], [ -8217846.039899999275804, 4969766.649999998509884 ], [ -8217830.121300000697374, 4969756.957599997520447 ], [ -8217814.870300000533462, 4969746.677599996328354 ], [ -8217800.398800000548363, 4969736.103799998760223 ], [ -8217786.706499999389052, 4969724.942800000309944 ], [ -8217773.793400000780821, 4969713.487899996340275 ], [ -8217761.54839999973774, 4969701.445799998939037 ], [ -8217750.082299999892712, 4969688.962999999523163 ], [ -8217739.506999999284744, 4969676.039599999785423 ], [ -8217729.599600000306964, 4969662.528899997472763 ], [ -8217720.471400000154972, 4969648.724500000476837 ], [ -8217712.011199999600649, 4969634.332699999213219 ], [ -8217704.441400000825524, 4969619.647299997508526 ], [ -8217697.42820000089705, 4969604.374300003051758 ], [ -8217668.707900000736117, 4969539.758500002324581 ] ] ] } },
{ "type": "Feature", "properties": { "id": 2000156.0, "name": "6", "objectid": 1441.0, "rt_symbol": "4", "url": "http://web.mta.info/nyct/service/", "Shape__Len": 963.93219597300003 }, "geometry": { "type": "MultiLineString", "coordinates": [ [ [ -8224983.400299999862909, 4986787.666500002145767 ], [ -8224969.707900000736117, 4986898.884700000286102 ], [ -8224966.034399999305606, 4986915.214599996805191 ], [ -8224961.358999999240041, 4986930.367499999701977 ], [ -8224955.681700000539422, 4986944.637599997222424 ], [ -8224949.113900000229478, 4986957.878100000321865 ], [ -8224941.543999999761581, 4986970.088699996471405 ], [ -8224933.083699999377131, 4986981.269400000572205 ], [ -8224923.732999999076128, 4986991.420500002801418 ], [ -8224913.268999999389052, 4987000.541799999773502 ], [ -8224902.025699999183416, 4987008.633100003004074 ], [ -8224889.669199999421835, 4987015.841899998486042 ], [ -8224876.533600000664592, 4987021.873599998652935 ], [ -8224862.284399999305606, 4987026.875500001013279 ], [ -8224847.145300000905991, 4987030.9949000030756 ], [ -8224831.115199999883771, 4987033.937200002372265 ], [ -8224814.194700000807643, 4987035.849799998104572 ], [ -8224540.126000000163913, 4987054.8279 ], [ -8224534.448599999770522, 4987055.269100002944469 ], [ -8224528.660000000149012, 4987055.710500001907349 ], [ -8224522.982999999076128, 4987056.004699997603893 ], [ -8224517.194199999794364, 4987056.446000002324581 ], [ -8224511.405500000342727, 4987056.887500002980232 ], [ -8224505.616900000721216, 4987057.32880000025034 ], [ -8224499.828299999237061, 4987057.770099997520447 ], [ -8224494.039899999275804, 4987058.35869999974966 ], [ -8224488.139699999243021, 4987058.80009999871254 ], [ -8224482.351399999111891, 4987059.388300001621246 ], [ -8224476.45130000077188, 4987059.976899996399879 ], [ -8224470.551400000229478, 4987060.418300002813339 ], [ -8224464.651499999687076, 4987061.006700001657009 ], [ -8224458.6402000002563, 4987061.742299996316433 ], [ -8224452.740199999883771, 4987062.330799996852875 ], [ -8224190.360200000926852, 4987090.577399998903275 ] ] ] } },
{ "type": "Feature", "properties": { "id": 2000255.0, "name": "A", "objectid": 1442.0, "rt_symbol": "A", "url": "http://web.mta.info/nyct/service/", "Shape__Len": 840.20669143500004 }, "geometry": { "type": "MultiLineString", "coordinates": [ [ [ -8221108.034900000318885, 4965232.606899999082088 ], [ -8221945.380100000649691, 4965163.322700001299381 ] ] ] } },
{ "type": "Feature", "properties": { "id": 2000392.0, "name": "G", "objectid": 1443.0, "rt_symbol": "G", "url": "http://web.mta.info/nyct/service/", "Shape__Len": 461.47801552800001 }, "geometry": { "type": "MultiLineString", "coordinates": [ [ [ -8236603.769799999892712, 4966146.454700000584126 ], [ -8236389.479000000283122, 4966555.161700002849102 ] ] ] } },
{ "type": "Feature", "properties": { "id": 2000468.0, "name": "Q", "objectid": 1444.0, "rt_symbol": "N", "url": "http://web.mta.info/nyct/service/", "Shape__Len": 115.15570438899999 }, "geometry": { "type": "MultiLineString", "coordinates": [ [ [ -8234954.64949999935925, 4949997.761100001633167 ], [ -8234848.339700000360608, 4950042.022399999201298 ] ] ] } },
{ "type": "Feature", "properties": { "id": 2000296.0, "name": "R", "objectid": 1445.0, "rt_symbol": "N", "url": "http://web.mta.info/nyct/service/", "Shape__Len": 957.74235998699999 }, "geometry": { "type": "MultiLineString", "coordinates": [ [ [ -8227981.917999999597669, 4976484.452799998223782 ], [ -8227492.271600000560284, 4976180.655500002205372 ], [ -8227253.436499999836087, 4976030.421800002455711 ], [ -8227167.072499999776483, 4975981.3108000010252 ] ] ] } },
{ "type": "Feature", "properties": { "id": 2000191.0, "name": "B-D-F-M", "objectid": 1446.0, "rt_symbol": "B", "url": "http://web.mta.info/nyct/service/", "Shape__Len": 494.091977585 }, "geometry": { "type": "MultiLineString", "coordinates": [ [ [ -8237886.6798, 4972482.668700002133846 ], [ -8237792.755300000309944, 4972709.238399997353554 ], [ -8237791.28319999948144, 4972712.973700001835823 ], [ -8237789.780099999159575, 4972716.657799996435642 ], [ -8237788.285399999469519, 4972720.321099996566772 ], [ -8237786.843800000846386, 4972723.717699997127056 ], [ -8237785.1601, 4972727.568999998271465 ], [ -8237783.604399999603629, 4972731.264799997210503 ], [ -8237782.017200000584126, 4972734.668200001120567 ], [ -8237780.163100000470877, 4972738.644500002264977 ], [ -8237778.499399999156594, 4972742.348999999463558 ], [ -8237776.731300000101328, 4972745.917499996721745 ], [ -8237774.879300000146031, 4972749.79900000244379 ], [ -8237772.999199999496341, 4972753.52080000191927 ], [ -8237770.916300000622869, 4972757.643700003623962 ], [ -8237769.029799999669194, 4972761.51630000025034 ], [ -8237767.2017, 4972764.944399997591972 ], [ -8237678.700999999418855, 4972925.549099996685982 ], [ -8237676.621500000357628, 4972929.116400003433228 ] ] ] } },
{ "type": "Feature", "properties": { "id": 2000072.0, "name": "5", "objectid": 1447.0, "rt_symbol": "4", "url": "http://web.mta.info/nyct/service/", "Shape__Len": 1845.44314373 }, "geometry": { "type": "MultiLineString", "coordinates": [ [ [ -8221540.956199999898672, 4991564.131899997591972 ], [ -8220541.863900000229478, 4993115.73589999973774 ] ] ] } },
{ "type": "Feature", "properties": { "id": 2000165.0, "name": "6", "objectid": 1448.0, "rt_symbol": "4", "url": "http://web.mta.info/nyct/service/", "Shape__Len": 1007.9672249499999 }, "geometry": { "type": "MultiLineString", "coordinates": [ [ [ -8219003.98509999923408, 4989772.315399996936321 ], [ -8218903.018400000408292, 4989877.534000001847744 ], [ -8218897.897600000724196, 4989883.420400001108646 ], [ -8218892.999500000849366, 4989889.454000003635883 ], [ -8218888.101600000634789, 4989895.634800001978874 ], [ -8218883.426200000569224, 4989901.962700001895428 ], [ -8218878.861999999731779, 4989908.290700003504753 ], [ -8218874.520500000566244, 4989914.765600003302097 ], [ -8218870.179199999198318, 4989921.240599997341633 ], [ -8218865.948999999091029, 4989928.009999997913837 ], [ -8218861.941299999132752, 4989934.779500000178814 ], [ -8218858.045399999246001, 4989941.696099996566772 ], [ -8218854.26039999909699, 4989948.61259999871254 ], [ -8218850.586899999529123, 4989955.676299996674061 ], [ -8218847.135900000110269, 4989962.887199997901917 ], [ -8218843.685200000181794, 4989970.245200000703335 ], [ -8218840.456800000742078, 4989977.603299997746944 ], [ -8218800.270600000396371, 4990066.636200003325939 ], [ -8218796.151599999517202, 4990076.201800003647804 ], [ -8218792.144099999219179, 4990085.767499998211861 ], [ -8218788.248099999502301, 4990095.185999996960163 ], [ -8218784.574400000274181, 4990104.751500003039837 ], [ -8218781.012000000104308, 4990114.170199997723103 ], [ -8218777.67259999923408, 4990123.441399998962879 ], [ -8218774.333000000566244, 4990132.712600000202656 ], [ -8218771.216099999845028, 4990141.983900003135204 ], [ -8218768.210400000214577, 4990151.255199998617172 ], [ -8218765.427300000563264, 4990160.526600003242493 ], [ -8218762.755999999120831, 4990169.650799997150898 ], [ -8218760.19539999961853, 4990178.62780000269413 ], [ -8218757.746500000357628, 4990187.751999996602535 ], [ -8218755.519899999722838, 4990196.729099996387959 ], [ -8218753.404799999669194, 4990205.706000000238419 ], [ -8218714.331900000572205, 4990394.520300000905991 ], [ -8218711.548800000920892, 4990407.176899999380112 ], [ -8218708.20920000039041, 4990419.244599997997284 ], [ -8218704.4244, 4990430.870999999344349 ], [ -8218700.305600000545382, 4990442.055600002408028 ], [ -8218695.630200000479817, 4990452.79900000244379 ], [ -8218690.509500000625849, 4990463.100699998438358 ], [ -8218684.943399999290705, 4990472.961000002920628 ], [ -8218678.820900000631809, 4990482.232699997723103 ], [ -8218672.364299999549985, 4990491.21000000089407 ], [ -8218665.462600000202656, 4990499.598800003528595 ], [ -8218658.004100000485778, 4990507.545800000429153 ], [ -8218650.211899999529123, 4990515.051600001752377 ], [ -8218641.862800000235438, 4990522.115599997341633 ], [ -8218633.068600000813603, 4990528.591099999845028 ], [ -8218623.717800000682473, 4990534.772200003266335 ], [ -8218508.835899999365211, 4990604.089299999177456 ] ] ] } },
{ "type": "Feature", "properties": { "id": 2000052.0, "name": "5", "objectid": 1449.0, "rt_symbol": "4", "url": "http://web.mta.info/nyct/service/", "Shape__Len": 811.38535107799999 }, "geometry": { "type": "MultiLineString", "coordinates": [ [ [ -8227364.724600000306964, 4985292.299599997699261 ], [ -8227157.846599999815226, 4985452.113499999046326 ], [ -8227111.172399999573827, 4985485.976000003516674 ], [ -8227067.252399999648333, 4985513.413099996745586 ], [ -8226966.912499999627471, 4985571.493100002408028 ], [ -8226861.360200000926852, 4985633.38289999961853 ], [ -8226796.012800000607967, 4985677.226400002837181 ], [ -8226693.869699999690056, 4985746.699000000953674 ] ] ] } },
{ "type": "Feature", "properties": { "id": 2000060.0, "name": "5", "objectid": 1450.0, "rt_symbol": "4", "url": "http://web.mta.info/nyct/service/", "Shape__Len": 450.59169426900002 }, "geometry": { "type": "MultiLineString", "coordinates": [ [ [ -8223142.486700000241399, 4989640.906400002539158 ], [ -8223104.3893, 4989758.368199996650219 ], [ -8223084.9627, 4989813.913999997079372 ], [ -8223058.963999999687076, 4989873.660899996757507 ], [ -8222976.946900000795722, 4990059.467000000178814 ] ] ] } },
{ "type": "Feature", "properties": { "id": 2000091.0, "name": "4", "objectid": 1451.0, "rt_symbol": "4", "url": "http://web.mta.info/nyct/service/", "Shape__Len": 1028.8982732500001 }, "geometry": { "type": "MultiLineString", "coordinates": [ [ [ -8230175.737500000745058, 4963650.094400003552437 ], [ -8231201.9945, 4963723.770900003612041 ] ] ] } },
{ "type": "Feature", "properties": { "id": 2000095.0, "name": "4", "objectid": 1452.0, "rt_symbol": "4", "url": "http://web.mta.info/nyct/service/", "Shape__Len": 737.22558691100005 }, "geometry": { "type": "MultiLineString", "coordinates": [ [ [ -8226787.379799999296665, 4962859.849500000476837 ], [ -8227510.846999999135733, 4962718.086400002241135 ] ] ] } },
{ "type": "Feature", "properties": { "id": 2000172.0, "name": "N-W", "objectid": 1453.0, "rt_symbol": "N", "url": "http://web.mta.info/nyct/service/", "Shape__Len": 113.314718356 }, "geometry": { "type": "MultiLineString", "coordinates": [ [ [ -8231076.779200000688434, 4975694.404600001871586 ], [ -8230978.261499999091029, 4975638.418099999427795 ] ] ] } },
{ "type": "Feature", "properties": { "id": 2000465.0, "name": "Q", "objectid": 1454.0, "rt_symbol": "N", "url": "http://web.mta.info/nyct/service/", "Shape__Len": 1657.16334269 }, "geometry": { "type": "MultiLineString", "coordinates": [ [ [ -8233342.333399999886751, 4950239.265000000596046 ], [ -8233233.940400000661612, 4950264.836999997496605 ], [ -8233200.836799999698997, 4950275.804499998688698 ], [ -8233166.365000000223517, 4950293.645400002598763 ], [ -8233134.666600000113249, 4950324.880000002682209 ], [ -8233107.814099999144673, 4950353.908600002527237 ], [ -8232574.740900000557303, 4951338.699699997901917 ], [ -8232550.4506, 4951397.175599999725819 ], [ -8232528.730399999767542, 4951471.947899997234344 ], [ -8232518.682600000873208, 4951550.6338 ], [ -8232514.831000000238419, 4951598.218500003218651 ] ] ] } },
{ "type": "Feature", "properties": { "id": 2000293.0, "name": "F", "objectid": 1455.0, "rt_symbol": "B", "url": "http://web.mta.info/nyct/service/", "Shape__Len": 2146.6753110099999 }, "geometry": { "type": "MultiLineString", "coordinates": [ [ [ -8229283.119100000709295, 4975848.83049999922514 ], [ -8228589.335999999195337, 4976049.511600002646446 ], [ -8228565.080199999734759, 4976056.116499997675419 ], [ -8228541.052300000563264, 4976061.806000001728535 ], [ -8228516.929199999198318, 4976066.639700002968311 ], [ -8228492.822799999266863, 4976070.617399998009205 ], [ -8228468.502499999478459, 4976073.742799997329712 ], [ -8228444.18099999986589, 4976076.015600003302097 ], [ -8228419.570299999788404, 4976077.440499998629093 ], [ -8228395.021600000560284, 4976078.151299998164177 ], [ -8228370.2478, 4976077.866899996995926 ], [ -8228345.396199999377131, 4976076.8684 ], [ -8228320.490399999544024, 4976075.018200002610683 ], [ -8228295.458799999207258, 4976072.311899997293949 ], [ -8228270.299799999222159, 4976068.7483000010252 ], [ -8228244.96680000051856, 4976064.318000003695488 ], [ -8228219.584799999371171, 4976059.14130000025034 ], [ -8227799.036399999633431, 4975964.94650000333786 ], [ -8227785.005899999290705, 4975962.888599999248981 ], [ -8227771.69649999961257, 4975961.071199998259544 ], [ -8227758.281099999323487, 4975959.557499997317791 ], [ -8227745.231200000271201, 4975958.209399998188019 ], [ -8227731.896099999547005, 4975956.98480000346899 ], [ -8227718.912399999797344, 4975956.226400002837181 ], [ -8227705.805099999532104, 4975955.467500001192093 ], [ -8227692.784600000828505, 4975955.160499997437 ], [ -8227680.033700000494719, 4975955.010300002992153 ], [ -8227667.103700000792742, 4975955.010300002992153 ], [ -8227654.426699999719858, 4975955.466700002551079 ], [ -8227641.742900000885129, 4975955.923299998044968 ], [ -8227629.017699999734759, 4975956.848200000822544 ], [ -8227616.675100000575185, 4975957.904200002551079 ], [ -8227604.253699999302626, 4975959.141599997878075 ], [ -8227426.742000000551343, 4975983.676299996674061 ], [ -8227409.439300000667572, 4975985.337499998509884 ], [ -8227392.134500000625849, 4975986.17339999973774 ], [ -8227375.092199999839067, 4975986.4529 ], [ -8227358.406300000846386, 4975986.034400001168251 ], [ -8227341.95920000039041, 4975985.066500000655651 ], [ -8227325.852700000628829, 4975983.271799996495247 ], [ -8227309.673900000751019, 4975980.898500002920628 ], [ -8227294.0472999997437, 4975978.010799996554852 ], [ -8227278.65059999935329, 4975974.302599996328354 ], [ -8227263.367000000551343, 4975969.989500001072884 ], [ -8227248.383899999782443, 4975965.181999996304512 ], [ -8227233.736400000751019, 4975959.559600003063679 ], [ -8227219.175200000405312, 4975953.336499996483326 ], [ -8227204.729499999433756, 4975946.377099998295307 ], [ -8227190.013299999758601, 4975938.750299997627735 ] ] ] } },
{ "type": "Feature", "properties": { "id": 2000455.0, "name": "Q", "objectid": 1456.0, "rt_symbol": "N", "url": "http://web.mta.info/nyct/service/", "Shape__Len": 964.54800792200001 }, "geometry": { "type": "MultiLineString", "coordinates": [ [ [ -8233665.692500000819564, 4959980.108499996364117 ], [ -8233667.902799999341369, 4959998.461300000548363 ], [ -8233669.860300000756979, 4960016.3772 ], [ -8233671.369599999859929, 4960034.139399997889996 ], [ -8233672.451999999582767, 4960051.82769999653101 ], [ -8233673.20890000090003, 4960069.357100002467632 ], [ -8233673.531500000506639, 4960086.80460000038147 ], [ -8233673.423900000751019, 4960104.248700000345707 ], [ -8233672.8838, 4960121.619699999690056 ], [ -8233672.019799999892712, 4960138.985399998724461 ], [ -8233670.729599999263883, 4960156.129699997603893 ], [ -8233669.009800000116229, 4960173.270300000905991 ], [ -8233666.850999999791384, 4960190.341399997472763 ], [ -8233664.366100000217557, 4960207.427500002086163 ], [ -8233661.460699999704957, 4960224.446000002324581 ], [ -8233658.152000000700355, 4960241.325900003314018 ], [ -8233498.062699999660254, 4960924.753300003707409 ] ] ] } },
{ "type": "Feature", "properties": { "id": 2000331.0, "name": "B-D", "objectid": 1457.0, "rt_symbol": "B", "url": "http://web.mta.info/nyct/service/", "Shape__Len": 3862.0340661099999 }, "geometry": { "type": "MultiLineString", "coordinates": [ [ [ -8235797.5320999994874, 4967285.813900001347065 ], [ -8235853.8597, 4967478.002899996936321 ], [ -8235999.465600000694394, 4967874.579300001263618 ], [ -8237053.772600000724196, 4970379.504000000655651 ], [ -8237059.561300000175834, 4970393.309600003063679 ], [ -8237064.570599999278784, 4970407.408600002527237 ], [ -8237068.689400000497699, 4970421.654700003564358 ], [ -8237072.028899999335408, 4970435.90089999884367 ], [ -8237074.589400000870228, 4970450.29389999806881 ], [ -8237076.259099999442697, 4970464.833700001239777 ], [ -8237077.149599999189377, 4970479.520499996840954 ], [ -8237077.149700000882149, 4970494.207299999892712 ], [ -8237076.370300000533462, 4970509.040899999439716 ], [ -8237074.700500000268221, 4970524.021499998867512 ], [ -8237072.251499999314547, 4970539.148999996483326 ], [ -8237068.912000000476837, 4970554.276500001549721 ], [ -8237064.793199999257922, 4970569.550899997353554 ], [ -8237059.783800000324845, 4970584.972099997103214 ], [ -8237053.8838, 4970600.393500000238419 ], [ -8236946.905799999833107, 4970874.45610000193119 ] ] ] } },
{ "type": "Feature", "properties": { "id": 2000302.0, "name": "F-M", "objectid": 1458.0, "rt_symbol": "B", "url": "http://web.mta.info/nyct/service/", "Shape__Len": 977.80333442100005 }, "geometry": { "type": "MultiLineString", "coordinates": [ [ [ -8223095.9353, 4973032.620800003409386 ], [ -8223077.491699999198318, 4973023.147299997508526 ], [ -8223059.462600000202656, 4973013.572300001978874 ], [ -8223041.77280000038445, 4973004.002300001680851 ], [ -8223024.5175, 4972994.346100002527237 ], [ -8223007.644899999722838, 4972984.514200001955032 ], [ -8222991.047499999403954, 4972974.650499999523163 ], [ -8222975.067299999296665, 4972964.895400002598763 ], [ -8222959.404799999669194, 4972954.77759999781847 ], [ -8222943.942600000649691, 4972944.792000003159046 ], [ -8222929.1699, 4972934.757700003683567 ], [ -8222914.564200000837445, 4972924.545299999415874 ], [ -8222900.517300000414252, 4972914.342299997806549 ], [ -8222886.664899999275804, 4972903.97860000282526 ], [ -8222873.259400000795722, 4972893.623199999332428 ], [ -8222860.0329, 4972883.092699997127056 ], [ -8222845.597100000828505, 4972871.335199996829033 ], [ -8222830.3311, 4972859.671700000762939 ], [ -8222814.799799999222159, 4972848.218099996447563 ], [ -8222798.74379999935627, 4972836.947700001299381 ], [ -8222782.285299999639392, 4972825.713699996471405 ], [ -8222765.296399999409914, 4972814.579000003635883 ], [ -8222747.7862, 4972803.625699996948242 ], [ -8222730.01490000076592, 4972792.870700001716614 ], [ -8222711.603000000119209, 4972782.071900002658367 ], [ -8222692.7544, 4972771.582999996840954 ], [ -8222673.509600000455976, 4972761.186800003051758 ], [ -8222653.8147, 4972750.731200002133846 ], [ -8222633.5428, 4972740.568599998950958 ], [ -8222612.9046, 4972730.448100000619888 ], [ -8222592.253699999302626, 4972720.726099997758865 ], [ -8222246.611500000581145, 4972553.462999999523163 ] ] ] } },
{ "type": "Feature", "properties": { "id": 2000297.0, "name": "F-M", "objectid": 1459.0, "rt_symbol": "B", "url": "http://web.mta.info/nyct/service/", "Shape__Len": 964.50300715799995 }, "geometry": { "type": "MultiLineString", "coordinates": [ [ [ -8227190.730699999257922, 4975939.137800000607967 ], [ -8226349.935900000855327, 4975466.559600003063679 ] ] ] } },
{ "type": "Feature", "properties": { "id": 0.0, "name": "7", "objectid": 1492.0, "rt_symbol": "7", "url": "http://web.mta.info/nyct/service/", "Shape__Len": 2073.8386840899998 }, "geometry": { "type": "MultiLineString", "coordinates": [ [ [ -8236346.0932, 4976376.44879999756813 ], [ -8237381.140599999576807, 4976952.960500001907349 ], [ -8237441.442099999636412, 4976983.837700001895428 ], [ -8237505.209300000220537, 4976985.721699997782707 ], [ -8237546.47069999948144, 4976955.597900003194809 ], [ -8237576.473799999803305, 4976907.443499997258186 ], [ -8237886.89809999987483, 4976336.70269999653101 ] ] ] } },
{ "type": "Feature", "properties": { "id": 2000299.0, "name": "F-M", "objectid": 1460.0, "rt_symbol": "B", "url": "http://web.mta.info/nyct/service/", "Shape__Len": 1203.5702909300001 }, "geometry": { "type": "MultiLineString", "coordinates": [ [ [ -8225557.904200000688434, 4975022.071400001645088 ], [ -8224868.906099999323487, 4974634.438500002026558 ], [ -8224864.086100000888109, 4974631.752599999308586 ], [ -8224859.176699999719858, 4974628.872500002384186 ], [ -8224854.381799999624491, 4974626.139600001275539 ], [ -8224849.586500000208616, 4974623.262599997222424 ], [ -8224844.670700000599027, 4974620.395700000226498 ], [ -8224839.9912, 4974617.666599996387959 ], [ -8224835.658299999311566, 4974615.079599998891354 ], [ -8224831.09180000051856, 4974612.209299996495247 ], [ -8224826.402499999850988, 4974609.340999998152256 ], [ -8224821.951999999582767, 4974606.61879999935627 ], [ -8224817.611999999731779, 4974603.897900000214577 ], [ -8224813.276200000196695, 4974601.179499998688698 ], [ -8224809.050799999386072, 4974598.462499998509884 ], [ -8224804.829600000753999, 4974595.7483000010252 ], [ -8224800.614399999380112, 4974592.966600000858307 ], [ -8224621.900499999523163, 4974477.66950000077486 ], [ -8224614.035499999299645, 4974472.406099997460842 ], [ -8224606.1338, 4974467.264700002968311 ], [ -8224598.721100000664592, 4974462.302100002765656 ], [ -8224591.266699999570847, 4974457.162299998104572 ], [ -8224583.970100000500679, 4974452.272900000214577 ], [ -8224577.065199999138713, 4974447.57379999756813 ], [ -8224570.319299999624491, 4974442.834600001573563 ], [ -8224563.659499999135733, 4974438.146499998867512 ], [ -8224557.293700000271201, 4974433.655900001525879 ], [ -8224551.042600000277162, 4974429.168700002133846 ], [ -8224545.1064, 4974424.895199999213219 ], [ -8224539.398299999535084, 4974420.630400002002716 ], [ -8224533.67119999974966, 4974416.332400001585484 ], [ -8224528.323599999770522, 4974412.379799999296665 ], [ -8224523.374199999496341, 4974408.488099999725819 ] ] ] } },
{ "type": "Feature", "properties": { "id": 2000300.0, "name": "F-M", "objectid": 1461.0, "rt_symbol": "B", "url": "http://web.mta.info/nyct/service/", "Shape__Len": 969.73117856600004 }, "geometry": { "type": "MultiLineString", "coordinates": [ [ [ -8224522.493599999696016, 4974407.827600002288818 ], [ -8224514.543600000441074, 4974402.143899999558926 ], [ -8224506.704600000753999, 4974396.460600003600121 ], [ -8224499.034700000658631, 4974390.899999998509884 ], [ -8224491.312000000849366, 4974385.013999998569489 ], [ -8224483.585699999704957, 4974379.186599999666214 ], [ -8224476.085200000554323, 4974373.388599999248981 ], [ -8224468.51410000026226, 4974367.3059 ], [ -8224460.830700000748038, 4974361.221400000154972 ], [ -8224453.38910000026226, 4974355.100400000810623 ], [ -8224445.924100000411272, 4974348.869800001382828 ], [ -8224438.3476, 4974342.493100002408028 ], [ -8224430.911000000312924, 4974336.142300002276897 ], [ -8224423.553999999538064, 4974329.7654 ], [ -8224416.184800000861287, 4974323.328900001943111 ], [ -8224409.248500000685453, 4974317.043399997055531 ], [ -8224236.720799999311566, 4974147.6162 ], [ -8224230.065899999812245, 4974140.724600002169609 ], [ -8224223.782999999821186, 4974133.635899998247623 ], [ -8224217.503900000825524, 4974126.039399996399879 ], [ -8224211.26630000025034, 4974118.218599997460842 ], [ -8224205.32660000026226, 4974110.108999997377396 ], [ -8224199.349600000306964, 4974101.389799997210503 ], [ -8224193.464600000530481, 4974092.374399997293949 ], [ -8224187.816099999472499, 4974083.124700002372265 ], [ -8224182.202600000426173, 4974073.339199997484684 ], [ -8224176.676100000739098, 4974063.239900000393391 ], [ -8224171.240000000223517, 4974052.689099997282028 ], [ -8224165.911000000312924, 4974041.857900001108646 ], [ -8224160.808399999514222, 4974030.774300001561642 ], [ -8224155.723500000312924, 4974019.065700002014637 ], [ -8224150.646800000220537, 4974007.090800002217293 ], [ -8223997.244000000879169, 4973619.499499998986721 ] ] ] } },
{ "type": "Feature", "properties": { "id": 2000304.0, "name": "F-M", "objectid": 1462.0, "rt_symbol": "B", "url": "http://web.mta.info/nyct/service/", "Shape__Len": 1165.35889707 }, "geometry": { "type": "MultiLineString", "coordinates": [ [ [ -8221259.178400000557303, 4972066.20380000025034 ], [ -8221239.3597, 4972054.645099997520447 ], [ -8221219.997099999338388, 4972042.51240000128746 ], [ -8221201.1305, 4972030.064800001680851 ], [ -8221182.630899999290705, 4972017.141500003635883 ], [ -8221164.657500000670552, 4972004.140100002288818 ], [ -8221147.206599999219179, 4971990.552599996328354 ], [ -8221130.042899999767542, 4971976.791599996387959 ], [ -8221113.5055, 4971962.671800002455711 ], [ -8221097.335799999535084, 4971948.208800002932549 ], [ -8221081.64919999986887, 4971933.505300000309944 ], [ -8221066.39919999986887, 4971918.377599999308586 ], [ -8221051.578600000590086, 4971902.961199998855591 ], [ -8221037.310900000855327, 4971887.272200003266335 ], [ -8221023.272600000724196, 4971871.045800000429153 ], [ -8221009.514699999243021, 4971854.620899997651577 ], [ -8220991.08420000039041, 4971831.766800001263618 ], [ -8220972.124500000849366, 4971808.834100000560284 ], [ -8220952.640900000929832, 4971786.26410000026226 ], [ -8220932.674799999222159, 4971764.110100001096725 ], [ -8220912.252399999648333, 4971742.55179999768734 ], [ -8220891.404400000348687, 4971721.471600003540516 ], [ -8220870.1261, 4971700.862300001084805 ], [ -8220848.451999999582767, 4971680.648299999535084 ], [ -8220826.244699999690056, 4971661.063500002026558 ], [ -8220803.699699999764562, 4971641.779500000178814 ], [ -8220780.55320000089705, 4971623.06530000269413 ], [ -8220757.068, 4971604.80179999768734 ], [ -8220733.057399999350309, 4971587.167700000107288 ], [ -8220708.6919, 4971569.821599997580051 ], [ -8220683.405200000852346, 4971552.910400003194809 ], [ -8220346.581299999728799, 4971356.449699997901917 ] ] ] } },
{ "type": "Feature", "properties": { "id": 2000301.0, "name": "F-M", "objectid": 1463.0, "rt_symbol": "B", "url": "http://web.mta.info/nyct/service/", "Shape__Len": 1119.42540439 }, "geometry": { "type": "MultiLineString", "coordinates": [ [ [ -8223997.074999999254942, 4973619.083200000226498 ], [ -8223978.434299999848008, 4973574.420900002121925 ], [ -8223966.643100000917912, 4973545.093400001525879 ], [ -8223953.008199999108911, 4973516.333200000226498 ], [ -8223937.9543999992311, 4973488.7654 ], [ -8223921.211100000888109, 4973462.187700003385544 ], [ -8223902.866900000721216, 4973436.898699998855591 ], [ -8223883.1173, 4973412.685400001704693 ], [ -8223861.8597999997437, 4973389.872299998998642 ], [ -8223839.089299999177456, 4973367.989100001752377 ], [ -8223814.710200000554323, 4973347.515000000596046 ], [ -8223789.016799999400973, 4973328.182800002396107 ], [ -8223761.754499999806285, 4973310.116899996995926 ], [ -8223733.128900000825524, 4973293.139600001275539 ], [ -8223702.981000000610948, 4973277.5912000015378 ], [ -8223671.405099999159575, 4973262.990900002419949 ], [ -8223638.876499999314547, 4973250.082400001585484 ], [ -8223282.159, 4973111.191299997270107 ], [ -8223269.075999999418855, 4973106.216399997472763 ], [ -8223256.192800000309944, 4973101.130599997937679 ], [ -8223243.168500000610948, 4973095.988799996674061 ], [ -8223230.32039999961853, 4973090.916599996387959 ], [ -8223217.693800000473857, 4973085.700400002300739 ], [ -8223204.961400000378489, 4973080.44030000269413 ], [ -8223192.451400000602007, 4973075.180600002408028 ], [ -8223179.981799999251962, 4973069.938199996948242 ], [ -8223167.473500000312924, 4973064.533299997448921 ], [ -8223155.189500000327826, 4973059.275499999523163 ], [ -8223143.017300000414252, 4973053.920999996364117 ], [ -8223130.957299999892712, 4973048.51860000193119 ], [ -8223118.823599999770522, 4973043.083099998533726 ], [ -8223106.877699999138713, 4973037.731700003147125 ], [ -8223095.152699999511242, 4973032.236599996685982 ] ] ] } },
{ "type": "Feature", "properties": { "id": 2000464.0, "name": "B", "objectid": 1464.0, "rt_symbol": "B", "url": "http://web.mta.info/nyct/service/", "Shape__Len": 1232.60487659 }, "geometry": { "type": "MultiLineString", "coordinates": [ [ [ -8232538.876700000837445, 4951598.501800000667572 ], [ -8232538.7654, 4951608.029899999499321 ], [ -8232538.542700000107288, 4951617.411200001835823 ], [ -8232538.32010000012815, 4951626.645999997854233 ], [ -8232538.097500000149012, 4951635.7346 ], [ -8232537.763499999418855, 4951644.675999999046326 ], [ -8232537.429500000551343, 4951653.471199996769428 ], [ -8232537.095499999821186, 4951661.973300002515316 ], [ -8232536.650299999862909, 4951670.475299999117851 ], [ -8232536.204900000244379, 4951678.6841000020504 ], [ -8232535.648399999365211, 4951686.746299996972084 ], [ -8232535.091900000348687, 4951694.661799997091293 ], [ -8232534.5351, 4951702.4309 ], [ -8232533.86739999987185, 4951710.05349999666214 ], [ -8232533.199500000104308, 4951717.529500000178814 ], [ -8232532.308800000697374, 4951724.85869999974966 ], [ -8232528.969200000166893, 4951778.069799996912479 ], [ -8232528.301400000229478, 4951790.383299998939037 ], [ -8232527.856000000610948, 4951802.549999997019768 ], [ -8232527.633300000801682, 4951814.423500001430511 ], [ -8232527.410800000652671, 4951826.297200001776218 ], [ -8232527.2994, 4951838.02419999986887 ], [ -8232527.410800000652671, 4951849.751500003039837 ], [ -8232527.633400000631809, 4951861.332000002264977 ], [ -8232527.967399999499321, 4951872.765799999237061 ], [ -8232528.301400000229478, 4951884.053300000727177 ], [ -8232528.857899999246001, 4951895.340599998831749 ], [ -8232529.6371, 4951906.48139999806881 ], [ -8232530.416400000452995, 4951917.475599996745586 ], [ -8232531.306900000199676, 4951928.469800002872944 ], [ -8232532.309000000357628, 4951939.3175999969244 ], [ -8232533.42200000025332, 4951950.165100000798702 ], [ -8232557.132999999448657, 4952168.58669999986887 ], [ -8232650.864199999719858, 4952822.561700001358986 ] ] ] } },
{ "type": "Feature", "properties": { "id": 2000463.0, "name": "B", "objectid": 1465.0, "rt_symbol": "B", "url": "http://web.mta.info/nyct/service/", "Shape__Len": 600.46446990599998 }, "geometry": { "type": "MultiLineString", "coordinates": [ [ [ -8232650.864199999719858, 4952822.561700001358986 ], [ -8232736.3575, 4953416.9087999984622 ] ] ] } },
{ "type": "Feature", "properties": { "id": 2000475.0, "name": "D", "objectid": 1466.0, "rt_symbol": "B", "url": "http://web.mta.info/nyct/service/", "Shape__Len": 981.49353876299995 }, "geometry": { "type": "MultiLineString", "coordinates": [ [ [ -8238029.339700000360608, 4961598.498400002717972 ], [ -8237421.757799999788404, 4962369.325099997222424 ] ] ] } },
{ "type": "Feature", "properties": { "id": 2000476.0, "name": "D", "objectid": 1467.0, "rt_symbol": "B", "url": "http://web.mta.info/nyct/service/", "Shape__Len": 285.98305883199998 }, "geometry": { "type": "MultiLineString", "coordinates": [ [ [ -8238209.324400000274181, 4961376.255699999630451 ], [ -8238029.339700000360608, 4961598.498400002717972 ] ] ] } },
{ "type": "Feature", "properties": { "id": 2000393.0, "name": "F", "objectid": 1468.0, "rt_symbol": "B", "url": "http://web.mta.info/nyct/service/", "Shape__Len": 977.41789871699996 }, "geometry": { "type": "MultiLineString", "coordinates": [ [ [ -8237091.064500000327826, 4965300.130000002682209 ], [ -8237024.940899999812245, 4965388.20440000295639 ], [ -8237019.263499999418855, 4965397.598999999463558 ], [ -8237013.697499999776483, 4965407.287299998104572 ], [ -8237008.020300000905991, 4965416.975599996745586 ], [ -8237002.454299999400973, 4965426.810599997639656 ], [ -8236996.888299999758601, 4965436.792599998414516 ], [ -8236991.211100000888109, 4965446.774400003254414 ], [ -8236985.645099999383092, 4965456.903200000524521 ], [ -8236980.079199999570847, 4965467.178599998354912 ], [ -8236974.5131, 4965477.454000003635883 ], [ -8236968.947200000286102, 4965488.023100003600121 ], [ -8236963.38120000064373, 4965498.592200003564358 ], [ -8236957.815199999138713, 4965509.161300003528595 ], [ -8236952.249099999666214, 4965519.877300001680851 ], [ -8236946.683199999853969, 4965530.740000002086163 ], [ -8236941.117200000211596, 4965541.749399997293949 ], [ -8236625.081399999558926, 4966157.715199999511242 ] ] ] } },
{ "type": "Feature", "properties": { "id": 2000394.0, "name": "F", "objectid": 1469.0, "rt_symbol": "B", "url": "http://web.mta.info/nyct/service/", "Shape__Len": 1097.0503767600001 }, "geometry": { "type": "MultiLineString", "coordinates": [ [ [ -8237192.476700000464916, 4964313.310199998319149 ], [ -8237200.491599999368191, 4964320.795699998736382 ], [ -8237208.506799999624491, 4964328.574699997901917 ], [ -8237216.633099999278784, 4964336.500600002706051 ], [ -8237224.648, 4964344.5735 ], [ -8237232.663100000470877, 4964352.79280000180006 ], [ -8237240.566700000315905, 4964361.159000001847744 ], [ -8237248.470200000330806, 4964369.671999998390675 ], [ -8237256.373999999836087, 4964378.478699997067451 ], [ -8237264.277599999681115, 4964387.431999996304512 ], [ -8237272.181500000879169, 4964396.5320999994874 ], [ -8237279.9737, 4964405.779100000858307 ], [ -8237287.766100000590086, 4964415.172799997031689 ], [ -8237295.447200000286102, 4964424.859899997711182 ], [ -8237303.23960000090301, 4964434.547200001776218 ], [ -8237310.809299999848008, 4964444.527999997138977 ], [ -8237317.933700000867248, 4964455.242799997329712 ], [ -8237324.6129, 4964466.25110000371933 ], [ -8237330.623999999836087, 4964477.553000003099442 ], [ -8237336.189899999648333, 4964489.148299999535084 ], [ -8237341.088199999183416, 4964501.037500001490116 ], [ -8237345.42960000038147, 4964513.073299996554852 ], [ -8237349.214400000870228, 4964525.402800001204014 ], [ -8237352.442800000309944, 4964538.025600001215935 ], [ -8237355.003200000151992, 4964550.942199997603893 ], [ -8237357.118200000375509, 4964564.005500003695488 ], [ -8237358.565400000661612, 4964577.362400002777576 ], [ -8237359.455800000578165, 4964591.012800000607967 ], [ -8237359.78999999910593, 4964604.956799998879433 ], [ -8237359.566999999806285, 4964619.047700002789497 ], [ -8237358.899399999529123, 4964633.285499997437 ], [ -8237358.120100000873208, 4964639.890500001609325 ], [ -8237357.006699999794364, 4964646.4956 ], [ -8237355.8936, 4964653.247400000691414 ], [ -8237354.557800000533462, 4964659.852600000798702 ], [ -8237353.221899999305606, 4964666.457800000905991 ], [ -8237351.663599999621511, 4964673.062899999320507 ], [ -8237350.105100000277162, 4964679.668099999427795 ], [ -8237348.323799999430776, 4964686.4199 ], [ -8237346.5428, 4964693.025100000202656 ], [ -8237344.539000000804663, 4964699.630300000309944 ], [ -8237342.424000000581145, 4964706.235500000417233 ], [ -8237340.309100000187755, 4964712.840599998831749 ], [ -8237337.971200000494719, 4964719.592399999499321 ], [ -8237335.633500000461936, 4964726.197499997913837 ], [ -8237333.184499999508262, 4964732.802699998021126 ], [ -8237226.206499999389052, 4965026.076700001955032 ], [ -8237217.300899999216199, 4965049.122100003063679 ], [ -8237208.172700000926852, 4965071.287000000476837 ], [ -8237199.155799999833107, 4965092.7179000005126 ], [ -8237190.027499999850988, 4965113.561499997973442 ], [ -8237181.010700000450015, 4965133.671599999070168 ], [ -8237171.993899999186397, 4965153.340999998152256 ], [ -8237162.97690000012517, 4965172.129799999296665 ], [ -8237153.8487, 4965190.478399999439716 ], [ -8237144.943099999800324, 4965208.093099996447563 ], [ -8237135.926400000229478, 4965224.973899997770786 ], [ -8237126.909499999135733, 4965241.267300002276897 ], [ -8237117.8925, 4965256.973700001835823 ], [ -8237108.9869, 4965271.946400001645088 ], [ -8237099.970100000500679, 4965286.331699997186661 ], [ -8237091.064500000327826, 4965300.130000002682209 ] ] ] } },
{ "type": "Feature", "properties": { "id": 2000009.0, "name": "1-2-3", "objectid": 1470.0, "rt_symbol": "1", "url": "http://web.mta.info/nyct/service/", "Shape__Len": 812.64832153500004 }, "geometry": { "type": "MultiLineString", "coordinates": [ [ [ -8238239.770500000566244, 4972340.953599996864796 ], [ -8238227.859099999070168, 4972441.430799998342991 ], [ -8238223.517799999564886, 4972475.804899998009205 ], [ -8238220.846100000664592, 4972492.551100000739098 ], [ -8238216.727299999445677, 4972511.794799998402596 ], [ -8238211.383899999782443, 4972529.128899998962879 ], [ -8238205.818099999800324, 4972545.287600003182888 ], [ -8238191.680400000885129, 4972580.396600000560284 ], [ -8238163.5165, 4972645.032499998807907 ], [ -8237965.813300000503659, 4973100.58110000193119 ] ] ] } },
{ "type": "Feature", "properties": { "id": 2000433.0, "name": "N-Q-R-W", "objectid": 1471.0, "rt_symbol": "N", "url": "http://web.mta.info/nyct/service/", "Shape__Len": 840.05120203199999 }, "geometry": { "type": "MultiLineString", "coordinates": [ [ [ -8236821.782800000160933, 4972646.0608000010252 ], [ -8236716.47440000064671, 4972810.149999998509884 ], [ -8236712.6897, 4972816.026100002229214 ], [ -8236709.127399999648333, 4972822.04900000244379 ], [ -8236705.6765, 4972828.072200000286102 ], [ -8236702.559499999508262, 4972834.24210000038147 ], [ -8236699.553899999707937, 4972840.411799997091293 ], [ -8236696.659700000658631, 4972846.581900000572205 ], [ -8236694.099199999123812, 4972852.898800000548363 ], [ -8236691.650299999862909, 4972859.215499997138977 ], [ -8236689.423900000751019, 4972865.532399997115135 ], [ -8236687.420299999415874, 4972871.996100001037121 ], [ -8236685.639000000432134, 4972878.459700003266335 ], [ -8236683.969100000336766, 4972884.923699997365475 ], [ -8236682.521999999880791, 4972891.534299999475479 ], [ -8236681.29759999923408, 4972898.145000003278255 ], [ -8236680.295700000599027, 4972904.90259999781847 ], [ -8236592.35329999960959, 4973440.530100002884865 ] ] ] } },
{ "type": "Feature", "properties": { "id": 2000191.0, "name": "A-C-E", "objectid": 1472.0, "rt_symbol": "A", "url": "http://web.mta.info/nyct/service/", "Shape__Len": 497.35774195900001 }, "geometry": { "type": "MultiLineString", "coordinates": [ [ [ -8237908.928899999707937, 4972491.963500000536442 ], [ -8237815.086500000208616, 4972718.336000002920628 ], [ -8237813.639399999752641, 4972722.008699998259544 ], [ -8237812.080900000408292, 4972725.8279 ], [ -8237810.52250000089407, 4972729.64750000089407 ], [ -8237808.963999999687076, 4972733.319799996912479 ], [ -8237807.294099999591708, 4972737.139499999582767 ], [ -8237805.624399999156594, 4972741.105700001120567 ], [ -8237803.843399999663234, 4972744.925200000405312 ], [ -8237802.062100000679493, 4972748.744699999690056 ], [ -8237800.280999999493361, 4972752.711000002920628 ], [ -8237798.388699999079108, 4972756.530500002205372 ], [ -8237796.496099999174476, 4972760.496799997985363 ], [ -8237794.492499999701977, 4972764.463200002908707 ], [ -8237792.488800000399351, 4972768.429399996995926 ], [ -8237790.484899999573827, 4972772.542900003492832 ], [ -8237788.369799999520183, 4972776.509199999272823 ], [ -8237699.64809999987483, 4972937.515500001609325 ], [ -8237697.421900000423193, 4972941.334899999201298 ] ] ] } },
{ "type": "Feature", "properties": { "id": 2000076.0, "name": "2-3", "objectid": 1473.0, "rt_symbol": "1", "url": "http://web.mta.info/nyct/service/", "Shape__Len": 701.654663691 }, "geometry": { "type": "MultiLineString", "coordinates": [ [ [ -8238373.799000000581145, 4969574.562799997627735 ], [ -8238295.652799999341369, 4969682.0608000010252 ], [ -8238291.9792, 4969688.962999999523163 ], [ -8238288.305700000375509, 4969697.627499997615814 ], [ -8238285.411399999633431, 4969706.585600003600121 ], [ -8238283.852800000458956, 4969715.544100001454353 ], [ -8238283.630200000479817, 4969724.502099998295307 ], [ -8238284.854800000786781, 4969733.16669999808073 ], [ -8238288.528400000184774, 4969742.418700002133846 ], [ -8238293.314999999478459, 4969751.376800000667572 ], [ -8238304.558499999344349, 4969766.94370000064373 ], [ -8238405.302500000223517, 4969892.654200002551079 ], [ -8238416.434299999848008, 4969907.780799999833107 ], [ -8238425.451199999079108, 4969922.907499998807907 ], [ -8238453.726500000804663, 4969975.336099997162819 ], [ -8238462.854699999094009, 4969989.141099996864796 ], [ -8238471.982799999415874, 4970003.533500000834465 ], [ -8238482.558199999853969, 4970017.338299997150898 ], [ -8238495.80519999936223, 4970030.262199997901917 ], [ -8238512.057800000533462, 4970041.570500001311302 ], [ -8238528.644400000572205, 4970051.410099998116493 ], [ -8238623.154799999669194, 4970108.392700001597404 ] ] ] } },
{ "type": "Feature", "properties": { "id": 0.0, "name": "Q", "objectid": 1704.0, "rt_symbol": "N", "url": "http://web.mta.info/nyct/service/", "Shape__Len": 745.47247063899999 }, "geometry": { "type": "MultiLineString", "coordinates": [ [ [ -8233368.48960000090301, 4977647.607699997723103 ], [ -8233317.403799999505281, 4977738.921700000762939 ], [ -8233266.289100000634789, 4977830.989500001072884 ], [ -8233215.488600000739098, 4977923.045999996364117 ], [ -8233164.648600000888109, 4978015.338600002229214 ], [ -8233113.808299999684095, 4978107.374200001358986 ], [ -8233062.851600000634789, 4978199.332699999213219 ], [ -8233007.174100000411272, 4978299.664499998092651 ] ] ] } },
{ "type": "Feature", "properties": { "id": 0.0, "name": "Q", "objectid": 1730.0, "rt_symbol": "N", "url": "http://web.mta.info/nyct/service/", "Shape__Len": 1070.29459275 }, "geometry": { "type": "MultiLineString", "coordinates": [ [ [ -8232270.305299999192357, 4979633.176899999380112 ], [ -8232215.257999999448657, 4979732.633400000631809 ], [ -8232164.5417, 4979825.07940000295639 ], [ -8232113.7807, 4979917.733999997377396 ], [ -8232063.075899999588728, 4980009.744499996304512 ], [ -8232040.56900000013411, 4980050.04450000077486 ], [ -8232033.3586, 4980062.955300003290176 ], [ -8232011.952199999243021, 4980101.3462999984622 ], [ -8231960.768999999389052, 4980193.955799996852875 ], [ -8231910.819599999114871, 4980287.038999997079372 ], [ -8231858.012599999085069, 4980378.223499998450279 ], [ -8231807.48200000077486, 4980470.645000003278255 ], [ -8231750.328700000420213, 4980568.60530000180006 ] ] ] } },
{ "type": "Feature", "properties": { "id": 2000352.0, "name": "F", "objectid": 1474.0, "rt_symbol": "B", "url": "http://web.mta.info/nyct/service/", "Shape__Len": 2129.1753757299998 }, "geometry": { "type": "MultiLineString", "coordinates": [ [ [ -8236182.363600000739098, 4968154.145300000905991 ], [ -8236149.190500000491738, 4968793.770099997520447 ], [ -8236148.299900000914931, 4968829.89360000193119 ], [ -8236148.967700000852346, 4968866.016999997198582 ], [ -8236151.082900000736117, 4968901.993699997663498 ], [ -8236154.644999999552965, 4968937.676899999380112 ], [ -8236159.765599999576807, 4968973.360200002789497 ], [ -8236166.333599999547005, 4969008.75 ], [ -8236174.348600000143051, 4969043.992899999022484 ], [ -8236183.810799999162555, 4969079.089299999177456 ], [ -8236194.831399999558926, 4969114.038900002837181 ], [ -8236207.299100000411272, 4969148.84179999679327 ], [ -8236221.214099999517202, 4969183.351199999451637 ], [ -8236236.576199999079108, 4969217.860500000417233 ], [ -8236253.4967, 4969252.076099999248981 ], [ -8236271.864399999380112, 4969286.145400002598763 ], [ -8236291.679400000721216, 4969320.067800000309944 ], [ -8236382.293500000610948, 4969479.107900001108646 ], [ -8236394.538499999791384, 4969500.989200003445148 ], [ -8236406.561000000685453, 4969523.898199997842312 ], [ -8236418.026900000870228, 4969547.541799999773502 ], [ -8236428.936300000175834, 4969571.77250000089407 ], [ -8236439.288799999281764, 4969596.590899996459484 ], [ -8236449.085100000724196, 4969622.143700003623962 ], [ -8236458.435900000855327, 4969648.284000001847744 ], [ -8236467.230200000107288, 4969675.158600002527237 ], [ -8236475.467700000852346, 4969702.6206 ], [ -8236483.148800000548363, 4969730.670199997723103 ], [ -8236490.384600000455976, 4969759.454000003635883 ], [ -8236497.06389999948442, 4969788.8257 ], [ -8236503.186200000345707, 4969818.784500002861023 ], [ -8236508.752399999648333, 4969849.477700002491474 ], [ -8236514.206900000572205, 4969881.052599996328354 ], [ -8236536.916200000792742, 4970073.880000002682209 ], [ -8236538.02930000051856, 4970084.013599999248981 ], [ -8236539.253900000825524, 4970094.000100001692772 ], [ -8236540.367000000551343, 4970103.839699998497963 ], [ -8236541.369000000879169, 4970113.532899998128414 ], [ -8236542.370799999684095, 4970122.931999996304512 ], [ -8236543.261299999430776, 4970132.037500001490116 ], [ -8236544.04079999960959, 4970141.142899997532368 ], [ -8236544.819900000467896, 4970149.954700000584126 ], [ -8236545.599099999293685, 4970158.472699999809265 ], [ -8236546.2668999992311, 4970166.990800000727177 ], [ -8236546.823599999770522, 4970175.215199999511242 ], [ -8236547.380100000649691, 4970183.145700000226498 ], [ -8236547.825500000268221, 4970190.929499998688698 ], [ -8236548.159499999135733, 4970198.566200003027916 ], [ -8236548.382099999114871, 4970205.909599997103214 ] ] ] } },
{ "type": "Feature", "properties": { "id": 2000078.0, "name": "2-3", "objectid": 1475.0, "rt_symbol": "1", "url": "http://web.mta.info/nyct/service/", "Shape__Len": 2526.9178670699998 }, "geometry": { "type": "MultiLineString", "coordinates": [ [ [ -8236872.655600000172853, 4967819.812399998307228 ], [ -8237966.258300000801682, 4968217.430200003087521 ], [ -8238048.857599999755621, 4968253.991899996995926 ], [ -8238116.53969999961555, 4968285.120899997651577 ], [ -8238166.633500000461936, 4968313.460100002586842 ], [ -8238219.510199999436736, 4968348.7007 ], [ -8238272.275900000706315, 4968389.374300003051758 ], [ -8238318.362099999561906, 4968427.258199997246265 ], [ -8238366.786100000143051, 4968474.392899997532368 ], [ -8238435.692600000649691, 4968553.685699999332428 ], [ -8238700.299000000581145, 4968863.0801 ], [ -8238726.236600000411272, 4968892.301899999380112 ], [ -8238743.49100000038743, 4968921.670900002121925 ], [ -8238750.72690000012517, 4968938.264200001955032 ], [ -8238754.066400000825524, 4968952.0675999969244 ], [ -8238755.068299999460578, 4968967.339500002563 ], [ -8238753.398600000888109, 4968981.8772 ], [ -8238748.6118, 4969009.337399996817112 ], [ -8238743.157199999317527, 4969034.007500000298023 ], [ -8238733.360999999567866, 4969061.467799998819828 ], [ -8238718.778300000354648, 4969093.627300001680851 ], [ -8238698.51799999922514, 4969127.989399999380112 ], [ -8238655.326199999079108, 4969193.483599998056889 ] ] ] } },
{ "type": "Feature", "properties": { "id": 2000432.0, "name": "N-Q-R-W", "objectid": 1476.0, "rt_symbol": "N", "url": "http://web.mta.info/nyct/service/", "Shape__Len": 829.53348750800001 }, "geometry": { "type": "MultiLineString", "coordinates": [ [ [ -8236592.35329999960959, 4973440.530100002884865 ], [ -8236552.055600000545382, 4973689.843699999153614 ], [ -8236550.831199999898672, 4973696.160999998450279 ], [ -8236549.829199999570847, 4973702.478399999439716 ], [ -8236548.716, 4973708.9425999969244 ], [ -8236547.602700000628829, 4973715.554099999368191 ], [ -8236546.378399999812245, 4973722.165200002491474 ], [ -8236545.153799999505281, 4973728.776399999856949 ], [ -8236544.040699999779463, 4973735.681500002741814 ], [ -8236542.704900000244379, 4973742.586599998176098 ], [ -8236541.480200000107288, 4973749.491700001060963 ], [ -8236540.144400000572205, 4973756.543700002133846 ], [ -8236538.9199, 4973763.742600001394749 ], [ -8236537.58390000090003, 4973770.941600002348423 ], [ -8236536.137000000104308, 4973778.287600003182888 ], [ -8236534.801100000739098, 4973785.633500002324581 ], [ -8236533.242799999192357, 4973793.126199997961521 ], [ -8236485.041300000622869, 4974036.424699999392033 ], [ -8236483.482799999415874, 4974044.064599998295307 ], [ -8236482.1469, 4974051.410700000822544 ], [ -8236480.81110000051558, 4974058.903800003230572 ], [ -8236479.475299999117851, 4974066.249899998307228 ], [ -8236478.250800000503659, 4974073.595799997448921 ], [ -8236477.026200000196695, 4974080.94200000166893 ], [ -8236475.91300000064075, 4974088.288199998438358 ], [ -8236474.799900000914931, 4974095.634199999272823 ], [ -8236473.797900000587106, 4974102.833499997854233 ], [ -8236472.7961, 4974110.179399996995926 ], [ -8236471.794299999251962, 4974117.378700003027916 ], [ -8236470.903799999505281, 4974124.5779 ], [ -8236470.013000000268221, 4974131.777199998497963 ], [ -8236469.233899999409914, 4974138.82940000295639 ], [ -8236468.454700000584126, 4974146.028499998152256 ], [ -8236456.098300000652671, 4974258.425300002098083 ] ] ] } },
{ "type": "Feature", "properties": { "id": 2000353.0, "name": "F", "objectid": 1477.0, "rt_symbol": "B", "url": "http://web.mta.info/nyct/service/", "Shape__Len": 345.16723128699999 }, "geometry": { "type": "MultiLineString", "coordinates": [ [ [ -8236199.172700000926852, 4967809.387599997222424 ], [ -8236182.363600000739098, 4968154.145300000905991 ] ] ] } },
{ "type": "Feature", "properties": { "id": 2000481.0, "name": "R", "objectid": 1478.0, "rt_symbol": "N", "url": "http://web.mta.info/nyct/service/", "Shape__Len": 625.88807497599998 }, "geometry": { "type": "MultiLineString", "coordinates": [ [ [ -8240244.634400000795722, 4958647.51690000295639 ], [ -8240177.50870000012219, 4958863.007299996912479 ], [ -8240174.83699999935925, 4958870.9287 ], [ -8240171.831499999389052, 4958878.850299999117851 ], [ -8240168.825799999758601, 4958886.624899998307228 ], [ -8240165.597699999809265, 4958894.253100000321865 ], [ -8240162.257999999448657, 4958901.587700001895428 ], [ -8240158.807099999859929, 4958908.775799997150898 ], [ -8240155.244799999520183, 4958915.817199997603893 ], [ -8240151.571399999782443, 4958922.711900003254414 ], [ -8240147.786599999293685, 4958929.459799997508526 ], [ -8240143.8902000002563, 4958936.061099998652935 ], [ -8240139.771500000730157, 4958942.369000002741814 ], [ -8240135.652799999341369, 4958948.530000001192093 ], [ -8240131.311300000175834, 4958954.544699996709824 ], [ -8240126.85840000025928, 4958960.412299998104572 ], [ -8240122.294299999251962, 4958966.280000001192093 ], [ -8239947.077299999073148, 4959187.792199999094009 ] ] ] } },
{ "type": "Feature", "properties": { "id": 2000485.0, "name": "D", "objectid": 1479.0, "rt_symbol": "B", "url": "http://web.mta.info/nyct/service/", "Shape__Len": 1666.5320662700001 }, "geometry": { "type": "MultiLineString", "coordinates": [ [ [ -8236996.991900000721216, 4960313.434799998998642 ], [ -8237490.3597, 4960708.401100002229214 ], [ -8237491.917999999597669, 4960709.574799999594688 ], [ -8237493.476399999111891, 4960710.895400002598763 ], [ -8237495.035199999809265, 4960712.0691 ], [ -8237496.704700000584126, 4960713.243000000715256 ], [ -8237498.263299999758601, 4960714.41669999808073 ], [ -8237499.933199999853969, 4960715.590499997138977 ], [ -8237501.602900000289083, 4960716.764200001955032 ], [ -8237503.383899999782443, 4960717.937899999320507 ], [ -8237505.05379999987781, 4960719.111900001764297 ], [ -8237506.834899999201298, 4960720.138800002634525 ], [ -8237508.615900000557303, 4960721.3125 ], [ -8237510.397199999541044, 4960722.486199997365475 ], [ -8237512.17820000089705, 4960723.51349999755621 ], [ -8237513.959300000220537, 4960724.687299996614456 ], [ -8237515.851800000295043, 4960725.714299999177456 ], [ -8237545.462799999862909, 4960743.17400000244379 ], [ -8237547.243899999186397, 4960744.201200000941753 ], [ -8237548.913599999621511, 4960745.228200003504753 ], [ -8237550.694900000467896, 4960746.401900000870228 ], [ -8237552.4759, 4960747.429099999368191 ], [ -8237554.256999999284744, 4960748.603000000119209 ], [ -8237556.038100000470877, 4960749.776500001549721 ], [ -8237557.819199999794364, 4960751.097099997103214 ], [ -8237559.600199999287724, 4960752.270999997854233 ], [ -8237561.492900000885129, 4960753.591499999165535 ], [ -8237563.273900000378489, 4960754.911899998784065 ], [ -8237565.166200000792742, 4960756.232500001788139 ], [ -8237566.947499999776483, 4960757.699600003659725 ], [ -8237568.839999999850988, 4960759.020000003278255 ], [ -8237570.732200000435114, 4960760.487300001084805 ], [ -8237572.624600000679493, 4960761.954499997198582 ], [ -8238202.3586, 4961259.649099998176098 ], [ -8238208.926300000399351, 4961265.665100000798702 ], [ -8238214.49239999987185, 4961271.974500000476837 ], [ -8238219.1678, 4961278.577399998903275 ], [ -8238222.952600000426173, 4961285.473700001835823 ], [ -8238225.9583, 4961292.663400001823902 ], [ -8238227.962200000882149, 4961300.146700002253056 ], [ -8238229.186699999496341, 4961307.92339999973774 ], [ -8238229.409099999815226, 4961315.993699997663498 ], [ -8238228.852700000628829, 4961324.210400000214577 ], [ -8238227.405300000682473, 4961332.867600001394749 ], [ -8238225.067600000649691, 4961341.671400003135204 ], [ -8238221.950799999758601, 4961350.915299996733665 ], [ -8238217.831800000742078, 4961360.306199997663498 ], [ -8238212.822499999776483, 4961370.137199997901917 ], [ -8238207.033800000324845, 4961380.261399999260902 ] ] ] } },
{ "type": "Feature", "properties": { "id": 2000477.0, "name": "N-R", "objectid": 1480.0, "rt_symbol": "N", "url": "http://web.mta.info/nyct/service/", "Shape__Len": 1158.38006943 }, "geometry": { "type": "MultiLineString", "coordinates": [ [ [ -8238756.181600000709295, 4960697.288900002837181 ], [ -8238239.378399999812245, 4961390.758199997246265 ], [ -8238048.217199999839067, 4961613.492600001394749 ] ] ] } },
{ "type": "Feature", "properties": { "id": 2000478.0, "name": "N-R", "objectid": 1481.0, "rt_symbol": "N", "url": "http://web.mta.info/nyct/service/", "Shape__Len": 723.49700973999995 }, "geometry": { "type": "MultiLineString", "coordinates": [ [ [ -8239204.576400000602007, 4960129.4949000030756 ], [ -8238756.181600000709295, 4960697.288900002837181 ] ] ] } },
{ "type": "Feature", "properties": { "id": 2000479.0, "name": "N-R", "objectid": 1482.0, "rt_symbol": "N", "url": "http://web.mta.info/nyct/service/", "Shape__Len": 692.21803237999995 }, "geometry": { "type": "MultiLineString", "coordinates": [ [ [ -8239632.822499999776483, 4959585.646499998867512 ], [ -8239204.576400000602007, 4960129.4949000030756 ] ] ] } },
{ "type": "Feature", "properties": { "id": 2000480.0, "name": "N-R", "objectid": 1483.0, "rt_symbol": "N", "url": "http://web.mta.info/nyct/service/", "Shape__Len": 506.995190659 }, "geometry": { "type": "MultiLineString", "coordinates": [ [ [ -8239947.077299999073148, 4959187.792199999094009 ], [ -8239632.822499999776483, 4959585.646499998867512 ] ] ] } },
{ "type": "Feature", "properties": { "id": 2000487.0, "name": "D", "objectid": 1484.0, "rt_symbol": "B", "url": "http://web.mta.info/nyct/service/", "Shape__Len": 685.20696866599997 }, "geometry": { "type": "MultiLineString", "coordinates": [ [ [ -8237048.980100000277162, 4958841.697700001299381 ], [ -8237002.44789999909699, 4959319.929099999368191 ], [ -8237001.780099999159575, 4959327.117499999701977 ], [ -8237001.223500000312924, 4959334.3059 ], [ -8237000.6667, 4959341.347599998116493 ], [ -8237000.110300000756979, 4959348.09570000320673 ], [ -8236999.664899999275804, 4959354.843999996781349 ], [ -8236999.219699999317527, 4959361.445500001311302 ], [ -8236998.774299999698997, 4959367.900399997830391 ], [ -8236998.32909999974072, 4959374.208499997854233 ], [ -8236997.995100000873208, 4959380.516599997878075 ], [ -8236997.661100000143051, 4959386.531499996781349 ], [ -8236997.327099999412894, 4959392.399400003254414 ], [ -8236997.104499999433756, 4959398.2676 ], [ -8236996.881999999284744, 4959403.988899998366833 ], [ -8236996.659299999475479, 4959409.416799999773502 ], [ -8236996.547900000587106, 4959414.844800002872944 ], [ -8236994.76659999974072, 4959524.431800000369549 ] ] ] } },
{ "type": "Feature", "properties": { "id": 2000486.0, "name": "D", "objectid": 1485.0, "rt_symbol": "B", "url": "http://web.mta.info/nyct/service/", "Shape__Len": 912.97702432999995 }, "geometry": { "type": "MultiLineString", "coordinates": [ [ [ -8236994.76659999974072, 4959524.431800000369549 ], [ -8236990.536100000143051, 4959833.6875 ], [ -8236990.202099999412894, 4959840.876299999654293 ], [ -8236989.534299999475479, 4959847.918200001120567 ], [ -8236988.532400000840425, 4959854.813400000333786 ], [ -8236987.307800000533462, 4959861.708800002932549 ], [ -8236985.749299999326468, 4959868.310699999332428 ], [ -8236983.856699999421835, 4959874.912500001490116 ], [ -8236981.6305, 4959881.367700003087521 ], [ -8236979.07010000012815, 4959887.67620000243187 ], [ -8236976.287000000476837, 4959893.98480000346899 ], [ -8236973.170099999755621, 4959899.999700002372265 ], [ -8236969.7193, 4959906.014899998903275 ], [ -8236966.045700000599027, 4959911.883000001311302 ], [ -8236961.926799999549985, 4959917.604800000786781 ], [ -8236957.585400000214577, 4959923.326499998569489 ], [ -8236952.910000000149012, 4959928.754900000989437 ], [ -8236853.50139999948442, 4960048.617200002074242 ], [ -8236845.931700000539422, 4960060.060599997639656 ], [ -8236839.586400000378489, 4960071.504199996590614 ], [ -8236834.577099999412894, 4960082.800899997353554 ], [ -8236830.903599999845028, 4960094.244300000369549 ], [ -8236828.565700000151992, 4960105.541299998760223 ], [ -8236827.452500000596046, 4960116.838100001215935 ], [ -8236827.675200000405312, 4960128.134900003671646 ], [ -8236829.122199999168515, 4960139.284999996423721 ], [ -8236831.905300000682473, 4960150.581900000572205 ], [ -8236836.02419999986887, 4960161.732199996709824 ], [ -8236841.47859999909997, 4960172.882399998605251 ], [ -8236848.157700000330806, 4960184.032399997115135 ], [ -8236856.061499999836087, 4960195.036100000143051 ], [ -8236865.412499999627471, 4960206.18639999628067 ], [ -8236875.987800000235438, 4960217.189900003373623 ], [ -8236996.991900000721216, 4960313.434799998998642 ] ] ] } },
{ "type": "Feature", "properties": { "id": 2000475.0, "name": "D", "objectid": 1486.0, "rt_symbol": "B", "url": "http://web.mta.info/nyct/service/", "Shape__Len": 981.49353876299995 }, "geometry": { "type": "MultiLineString", "coordinates": [ [ [ -8238029.339700000360608, 4961598.498400002717972 ], [ -8237421.757799999788404, 4962369.325099997222424 ] ] ] } },
{ "type": "Feature", "properties": { "id": 2000111.0, "name": "4-5", "objectid": 1487.0, "rt_symbol": "4", "url": "http://web.mta.info/nyct/service/", "Shape__Len": 750.31086666700003 }, "geometry": { "type": "MultiLineString", "coordinates": [ [ [ -8238700.855699999257922, 4969714.369199998676777 ], [ -8238618.590800000354648, 4969839.197700001299381 ], [ -8238616.14159999974072, 4969842.134900003671646 ], [ -8238613.581199999898672, 4969845.072200000286102 ], [ -8238610.798100000247359, 4969848.009199999272823 ], [ -8238608.0153, 4969850.65259999781847 ], [ -8238605.120899999514222, 4969853.29619999974966 ], [ -8238602.115299999713898, 4969855.9397 ], [ -8238598.998500000685453, 4969858.289399996399879 ], [ -8238595.770099999383092, 4969860.63910000026226 ], [ -8238592.541899999603629, 4969862.842100001871586 ], [ -8238589.091, 4969864.898000001907349 ], [ -8238585.528699999675155, 4969866.806999996304512 ], [ -8238581.966700000688434, 4969868.716300003230572 ], [ -8238578.181600000709295, 4969870.478500001132488 ], [ -8238574.285499999299645, 4969872.093900002539158 ], [ -8238570.500600000843406, 4969873.415700003504753 ], [ -8238231.198899999260902, 4969985.469700001180172 ], [ -8238224.85359999909997, 4969987.525700002908707 ], [ -8238218.619799999520183, 4969989.728699997067451 ], [ -8238212.719699999317527, 4969992.225199997425079 ], [ -8238207.042500000447035, 4969994.868699997663498 ], [ -8238201.476500000804663, 4969997.659199997782707 ], [ -8238196.2445, 4970000.743100002408028 ], [ -8238191.12360000051558, 4970003.97410000115633 ], [ -8238186.225700000301003, 4970007.351700000464916 ], [ -8238181.661699999123812, 4970010.876400001347065 ], [ -8238177.20890000090003, 4970014.694700002670288 ], [ -8238172.97859999909997, 4970018.660300001502037 ], [ -8238168.971300000324845, 4970022.919200003147125 ], [ -8238165.186300000175834, 4970027.178199999034405 ], [ -8238161.624199999496341, 4970031.877599999308586 ], [ -8238157.839299999177456, 4970036.870999999344349 ], [ -8238102.179400000721216, 4970110.448600001633167 ] ] ] } },
{ "type": "Feature", "properties": { "id": 2000004.0, "name": "1", "objectid": 1488.0, "rt_symbol": "1", "url": "http://web.mta.info/nyct/service/", "Shape__Len": 431.49007430900002 }, "geometry": { "type": "MultiLineString", "coordinates": [ [ [ -8238999.080800000578165, 4969929.809799998998642 ], [ -8238990.175000000745058, 4969969.461900003254414 ], [ -8238988.616699999198318, 4969976.658100001513958 ], [ -8238986.612800000235438, 4969983.854000002145767 ], [ -8238984.4978, 4969991.050399996340275 ], [ -8238982.04869999922812, 4969998.099500000476837 ], [ -8238979.488399999216199, 4970005.148999996483326 ], [ -8238976.594000000506639, 4970011.904600001871586 ], [ -8238973.588600000366569, 4970018.660300001502037 ], [ -8238970.248800000175834, 4970025.415799997746944 ], [ -8238966.686799999326468, 4970031.877700001001358 ], [ -8238963.013000000268221, 4970038.339599996805191 ], [ -8238959.005599999800324, 4970044.801600001752377 ], [ -8238954.886700000613928, 4970050.969499997794628 ], [ -8238950.433800000697374, 4970057.137800000607967 ], [ -8238945.869999999180436, 4970063.159199997782707 ], [ -8238941.083200000226498, 4970069.033600002527237 ], [ -8238882.1952, 4970132.037500001490116 ], [ -8238879.746200000867248, 4970134.534100003540516 ], [ -8238877.2972, 4970137.030900001525879 ], [ -8238874.959300000220537, 4970139.527400001883507 ], [ -8238872.6217, 4970142.024099998176098 ], [ -8238870.395400000736117, 4970144.667700000107288 ], [ -8238868.057399999350309, 4970147.164399996399879 ], [ -8238865.942600000649691, 4970149.807800002396107 ], [ -8238863.716199999675155, 4970152.451300002634525 ], [ -8238861.600999999791384, 4970155.094800002872944 ], [ -8238859.597300000488758, 4970157.885399997234344 ], [ -8238857.593599999323487, 4970160.5287000015378 ], [ -8238855.589800000190735, 4970163.319300003349781 ], [ -8238853.697300000116229, 4970166.109700001776218 ], [ -8238851.8048, 4970168.899800002574921 ], [ -8238849.912399999797344, 4970171.69030000269413 ], [ -8238819.299699999392033, 4970224.414300002157688 ], [ -8238808.167700000107288, 4970242.038099996745586 ], [ -8238776.441700000315905, 4970292.265900000929832 ] ] ] } },
{ "type": "Feature", "properties": { "id": 2000075.0, "name": "2-3", "objectid": 1489.0, "rt_symbol": "1", "url": "http://web.mta.info/nyct/service/", "Shape__Len": 279.87620310699998 }, "geometry": { "type": "MultiLineString", "coordinates": [ [ [ -8238623.154799999669194, 4970108.392700001597404 ], [ -8238758.741800000891089, 4970188.726700000464916 ], [ -8238766.534299999475479, 4970193.279200002551079 ], [ -8238773.324799999594688, 4970198.125900000333786 ], [ -8238779.224700000137091, 4970203.559799998998642 ], [ -8238784.234099999070168, 4970209.140699997544289 ], [ -8238788.241599999368191, 4970215.015100002288818 ], [ -8238791.247199999168515, 4970221.330399997532368 ], [ -8238793.473500000312924, 4970227.9391999989748 ], [ -8238794.586799999698997, 4970234.841700002551079 ], [ -8238794.809399999678135, 4970242.038099996745586 ], [ -8238794.1415, 4970249.674999997019768 ], [ -8238792.583000000566244, 4970257.459100000560284 ], [ -8238789.911399999633431, 4970265.683300003409386 ], [ -8238786.4605, 4970274.201499998569489 ], [ -8238782.0077, 4970283.160199999809265 ], [ -8238776.441700000315905, 4970292.265900000929832 ] ] ] } },
{ "type": "Feature", "properties": { "id": 0.0, "name": "M", "objectid": 1490.0, "rt_symbol": "B", "url": "http://web.mta.info/nyct/service/", "Shape__Len": 1687.74913823 }, "geometry": { "type": "MultiLineString", "coordinates": [ [ [ -8231088.6996, 4968242.967699997127056 ], [ -8231205.022399999201298, 4968332.271999999880791 ], [ -8231257.211500000208616, 4968376.663800001144409 ], [ -8232072.60329999960959, 4968982.328599996864796 ], [ -8232249.066500000655651, 4969111.627999998629093 ], [ -8232462.9551, 4969216.230899997055531 ] ] ] } },
{ "type": "Feature", "properties": { "id": 0.0, "name": "Q", "objectid": 1718.0, "rt_symbol": "N", "url": "http://web.mta.info/nyct/service/", "Shape__Len": 1523.56095405 }, "geometry": { "type": "MultiLineString", "coordinates": [ [ [ -8233007.174100000411272, 4978299.664499998092651 ], [ -8232952.071599999442697, 4978399.840999998152256 ], [ -8232900.595799999311566, 4978493.355400003492832 ], [ -8232849.027100000530481, 4978586.400700002908707 ], [ -8232797.585200000554323, 4978679.582800000905991 ], [ -8232745.939400000497699, 4978772.593500003218651 ], [ -8232694.5285, 4978865.804700002074242 ], [ -8232639.043700000271201, 4978966.168999999761581 ], [ -8232583.67259999923408, 4979066.764899998903275 ], [ -8232531.936599999666214, 4979160.117600001394749 ], [ -8232480.169600000604987, 4979253.37610000371933 ], [ -8232428.762900000438094, 4979346.357500001788139 ], [ -8232377.376000000163913, 4979440.17620000243187 ], [ -8232325.694599999114871, 4979533.1096 ], [ -8232270.305299999192357, 4979633.176899999380112 ] ] ] } },
{ "type": "Feature", "properties": { "id": 0.0, "name": "Q", "objectid": 1873.0, "rt_symbol": "N", "url": "http://web.mta.info/nyct/service/", "Shape__Len": 1163.0726414600001 }, "geometry": { "type": "MultiLineString", "coordinates": [ [ [ -8235360.157800000160933, 4977925.028999999165535 ], [ -8235266.0625, 4978099.61879999935627 ], [ -8235255.777100000530481, 4978115.530500002205372 ], [ -8235244.67, 4978130.875500001013279 ], [ -8235232.7719, 4978145.61089999973774 ], [ -8235220.116399999707937, 4978159.695900000631809 ], [ -8235206.738299999386072, 4978173.0912000015378 ], [ -8235192.674900000914931, 4978185.75959999859333 ], [ -8235177.965600000694394, 4978197.665700003504753 ], [ -8235162.651100000366569, 4978208.776299998164177 ], [ -8235146.77419999986887, 4978219.060599997639656 ], [ -8235130.379000000655651, 4978228.490000002086163 ], [ -8235113.511099999770522, 4978237.038199998438358 ], [ -8235096.217599999159575, 4978244.68129999935627 ], [ -8235078.546599999070168, 4978251.398199997842312 ], [ -8235060.5471, 4978257.169799998402596 ], [ -8235042.269600000232458, 4978261.980599999427795 ], [ -8235023.764699999243021, 4978265.816799998283386 ], [ -8235005.08390000090003, 4978268.66780000180006 ], [ -8234986.279400000348687, 4978270.52589999884367 ], [ -8234967.403400000184774, 4978271.385499998927116 ], [ -8234948.508500000461936, 4978271.244599997997284 ], [ -8234929.647299999371171, 4978270.103299997746944 ], [ -8234910.872400000691414, 4978267.964900001883507 ], [ -8234892.23589999973774, 4978264.835299998521805 ], [ -8234873.789899999275804, 4978260.723399996757507 ], [ -8234855.5855, 4978255.640600003302097 ], [ -8234837.673599999397993, 4978249.60080000013113 ], [ -8234423.213400000706315, 4978021.579999998211861 ] ] ] } },
{ "type": "Feature", "properties": { "id": 0.0, "name": "N-W", "objectid": 1809.0, "rt_symbol": "N", "url": "http://web.mta.info/nyct/service/", "Shape__Len": 935.48641881799995 }, "geometry": { "type": "MultiLineString", "coordinates": [ [ [ -8230978.261499999091029, 4975638.418099999427795 ], [ -8230950.494699999690056, 4975632.802199997007847 ], [ -8230922.54619999974966, 4975628.183399997651577 ], [ -8230894.451400000602007, 4975624.567400000989437 ], [ -8230866.246300000697374, 4975621.958999998867512 ], [ -8230837.966299999505281, 4975620.361299999058247 ], [ -8230809.647700000554323, 4975619.776399999856949 ], [ -8230781.326199999079108, 4975620.205300003290176 ], [ -8230753.03800000064075, 4975621.646999999880791 ], [ -8230724.818900000303984, 4975624.099899999797344 ], [ -8230696.704900000244379, 4975627.560900002717972 ], [ -8230668.731499999761581, 4975632.025700002908707 ], [ -8230640.934499999508262, 4975637.488399997353554 ], [ -8230613.348999999463558, 4975643.942100003361702 ], [ -8230586.010099999606609, 4975651.378799997270107 ], [ -8230558.9527000002563, 4975659.788900002837181 ], [ -8230532.210999999195337, 4975669.16160000115633 ], [ -8230505.81900000013411, 4975679.485299997031689 ], [ -8230479.8103, 4975690.7466000020504 ], [ -8230454.2179000005126, 4975702.931500002741814 ], [ -8230429.074300000444055, 4975716.02419999986887 ], [ -8230404.411399999633431, 4975730.008299998939037 ], [ -8230380.260800000280142, 4975744.865800000727177 ], [ -8230356.653000000864267, 4975760.578100003302097 ], [ -8230333.617900000885129, 4975777.124899998307228 ], [ -8230311.184900000691414, 4975794.485600002110004 ], [ -8230289.382500000298023, 4975812.637999996542931 ], [ -8230268.238299999386072, 4975831.558799996972084 ], [ -8230247.779400000348687, 4975851.22410000115633 ], [ -8230228.031500000506639, 4975871.608999997377396 ], [ -8230209.019999999552965, 4975892.687700003385544 ], [ -8230190.768899999558926, 4975914.4331 ], [ -8230173.301300000399351, 4975936.817800000309944 ], [ -8230156.639699999243021, 4975959.813299998641014 ] ] ] } },
{ "type": "Feature", "properties": { "id": 0.0, "name": "Q", "objectid": 1777.0, "rt_symbol": "N", "url": "http://web.mta.info/nyct/service/", "Shape__Len": 361.12986296499997 }, "geometry": { "type": "MultiLineString", "coordinates": [ [ [ -8233707.236400000751019, 4977623.235500000417233 ], [ -8233692.16499999910593, 4977614.938299998641014 ], [ -8233676.644899999722838, 4977607.521499998867512 ], [ -8233660.727, 4977601.009499996900558 ], [ -8233644.463700000196695, 4977595.423500001430511 ], [ -8233627.908299999311566, 4977590.781900003552437 ], [ -8233611.115199999883771, 4977587.100000001490116 ], [ -8233594.139699999243021, 4977584.389799997210503 ], [ -8233577.0373, 4977582.660300001502037 ], [ -8233559.864399999380112, 4977581.917000003159046 ], [ -8233542.677200000733137, 4977582.162600003182888 ], [ -8233525.532299999147654, 4977583.396200001239777 ], [ -8233508.485999999567866, 4977585.613600000739098 ], [ -8233491.594000000506639, 4977588.807700000703335 ], [ -8233474.912200000137091, 4977592.968000002205372 ], [ -8233458.495100000873208, 4977598.080600000917912 ], [ -8233442.396800000220537, 4977604.129100002348423 ], [ -8233426.67, 4977611.093400001525879 ], [ -8233411.36629999987781, 4977618.950599998235703 ], [ -8233396.5362, 4977627.674900002777576 ], [ -8233382.228399999439716, 4977637.237800002098083 ], [ -8233368.48960000090301, 4977647.607699997723103 ] ] ] } }
]
}
