{
"type": "FeatureCollection",
"name": "tract, half",
"crs": { "type": "name", "properties": { "name": "urn:ogc:def:crs:OGC:1.3:CRS84" } },
"features": [
{ "type": "Feature", "properties": { "STATEFP": "36", "COUNTYFP": "081", "TRACTCE": "047300", "GEOID": "36081047300", "NAME": "473", "NAMELSAD": "Census Tract 473", "MTFCC": "G5020", "FUNCSTAT": "S", "ALAND": 198491.0, "AWATER": 0.0, "INTPTLAT": "+40.7372204", "INTPTLON": "-073.8762312", "Shape__Are": 346075.582031, "Shape__Len": 2907.0736849 }, "geometry": { "type": "MultiPolygon", "coordinates": [ [ [ [ -73.882872999963141, 40.737611000197447 ], [ -73.881785000016919, 40.737807000426997 ], [ -73.881290000447592, 40.737894999786583 ], [ -73.879649000307381, 40.738190000240259 ], [ -73.87954999967485, 40.738186999921531 ], [ -73.879451999765578, 40.73819800063584 ], [ -73.879357000229319, 40.738221999774758 ], [ -73.879271000015606, 40.738258000168535 ], [ -73.878234999947878, 40.738445000293552 ], [ -73.877431000582078, 40.73860099974808 ], [ -73.876477999456711, 40.738903999423506 ], [ -73.874102999372582, 40.739487999763192 ], [ -73.873834999583977, 40.738803000365692 ], [ -73.873566999795386, 40.738117000159804 ], [ -73.873297000356942, 40.737434000039109 ], [ -73.873037000065949, 40.736748000009747 ], [ -73.8727720006504, 40.736045999768741 ], [ -73.872655999401132, 40.735743000689233 ], [ -73.874350999968016, 40.734965999384912 ], [ -73.874421000288223, 40.734909000072555 ], [ -73.874718000389137, 40.734667000561508 ], [ -73.874770000267674, 40.734628000467893 ], [ -73.875531999800685, 40.735037000346871 ], [ -73.876194999599491, 40.735500000207935 ], [ -73.876933999566305, 40.736033000236439 ], [ -73.877838000287852, 40.736585999512059 ], [ -73.878431999591385, 40.736764999686173 ], [ -73.879426999651216, 40.736954999617829 ], [ -73.880353999938976, 40.737135000055581 ], [ -73.881584000175465, 40.737379000582386 ], [ -73.882272000088633, 40.737509999857139 ], [ -73.882872999963141, 40.737611000197447 ] ] ] ] } },
{ "type": "Feature", "properties": { "STATEFP": "36", "COUNTYFP": "081", "TRACTCE": "026501", "GEOID": "36081026501", "NAME": "265.01", "NAMELSAD": "Census Tract 265.01", "MTFCC": "G5020", "FUNCSTAT": "S", "ALAND": 107687.0, "AWATER": 0.0, "INTPTLAT": "+40.7456048", "INTPTLON": "-073.8926876", "Shape__Are": 187803.300781, "Shape__Len": 2163.5623003699998 }, "geometry": { "type": "MultiPolygon", "coordinates": [ [ [ [ -73.895277000288345, 40.748317000312888 ], [ -73.893796999806639, 40.747692000516885 ], [ -73.892409000284715, 40.747134999991871 ], [ -73.891749999785546, 40.746811999943887 ], [ -73.891684000561625, 40.746819000233366 ], [ -73.891607000568726, 40.746826999591072 ], [ -73.89143099994331, 40.746844999843802 ], [ -73.891393000308469, 40.746647999951193 ], [ -73.891381999539519, 40.746592999946039 ], [ -73.891153999933877, 40.745427999793201 ], [ -73.891109999552953, 40.745202999316831 ], [ -73.891065000245433, 40.744966000069873 ], [ -73.890715999367657, 40.743128000484298 ], [ -73.890874999376308, 40.743106000003863 ], [ -73.891601999647563, 40.742986000101546 ], [ -73.892178999232627, 40.742873000006867 ], [ -73.893444999454104, 40.744957999807774 ], [ -73.894447000084966, 40.746534999953241 ], [ -73.895658999879771, 40.748473000433677 ], [ -73.895277000288345, 40.748317000312888 ] ] ] ] } },
{ "type": "Feature", "properties": { "STATEFP": "36", "COUNTYFP": "081", "TRACTCE": "026502", "GEOID": "36081026502", "NAME": "265.02", "NAMELSAD": "Census Tract 265.02", "MTFCC": "G5020", "FUNCSTAT": "S", "ALAND": 69840.0, "AWATER": 0.0, "INTPTLAT": "+40.7439354", "INTPTLON": "-073.8941788", "Shape__Are": 121791.382812, "Shape__Len": 1745.30432193 }, "geometry": { "type": "MultiPolygon", "coordinates": [ [ [ [ -73.896453000098163, 40.742861000256589 ], [ -73.895772999682592, 40.743420000107783 ], [ -73.895500999696026, 40.743647000085538 ], [ -73.895425000426357, 40.743720999338159 ], [ -73.89534299951228, 40.743799999525521 ], [ -73.895304999877439, 40.743842999544938 ], [ -73.895263999869556, 40.74388199968103 ], [ -73.895192999724443, 40.743979000024972 ], [ -73.89512100065275, 40.74407399996506 ], [ -73.895009999426335, 40.744238999968381 ], [ -73.894975000164564, 40.744301000433033 ], [ -73.894894999798623, 40.744441999584097 ], [ -73.894852000140915, 40.744521999379806 ], [ -73.894813999607777, 40.744607000035622 ], [ -73.894765000102268, 40.744738999829885 ], [ -73.894719000071518, 40.744890999701525 ], [ -73.894698999980037, 40.744999000205141 ], [ -73.894679999713475, 40.74509600028118 ], [ -73.894673999865688, 40.745214000231996 ], [ -73.894668000017887, 40.745326999752201 ], [ -73.894672999142458, 40.745449000415924 ], [ -73.894704999827823, 40.745671999845747 ], [ -73.894736999614892, 40.745816000148444 ], [ -73.894812999782857, 40.746046999840949 ], [ -73.894865000559705, 40.746165999905578 ], [ -73.894919999912972, 40.746274999457697 ], [ -73.894970999966603, 40.746373999907561 ], [ -73.895024999494964, 40.746469999584335 ], [ -73.894826000201647, 40.746493000067659 ], [ -73.894733999241822, 40.746503000334513 ], [ -73.894447000084966, 40.746534999953241 ], [ -73.893444999454104, 40.744957999807774 ], [ -73.892178999232627, 40.742873000006867 ], [ -73.89282100001337, 40.742741000592787 ], [ -73.893765999844476, 40.742608999555571 ], [ -73.894324000061303, 40.742534999746361 ], [ -73.894692000307344, 40.742573999968812 ], [ -73.895653000031999, 40.742684000455498 ], [ -73.896138999380469, 40.742794999889767 ], [ -73.896305999785071, 40.742830000040904 ], [ -73.896453000098163, 40.742861000256589 ] ] ] ] } },
{ "type": "Feature", "properties": { "STATEFP": "36", "COUNTYFP": "081", "TRACTCE": "048301", "GEOID": "36081048301", "NAME": "483.01", "NAMELSAD": "Census Tract 483.01", "MTFCC": "G5020", "FUNCSTAT": "S", "ALAND": 87390.0, "AWATER": 0.0, "INTPTLAT": "+40.7420980", "INTPTLON": "-073.8896448", "Shape__Are": 152389.730469, "Shape__Len": 1575.5351056699999 }, "geometry": { "type": "MultiPolygon", "coordinates": [ [ [ [ -73.892178999232627, 40.742873000006867 ], [ -73.891601999647563, 40.742986000101546 ], [ -73.890874999376308, 40.743106000003863 ], [ -73.890715999367657, 40.743128000484298 ], [ -73.88979200035125, 40.743261000294638 ], [ -73.888870000086342, 40.743399000205606 ], [ -73.887985999456276, 40.743547999659775 ], [ -73.887510999978446, 40.741083000059199 ], [ -73.888402000281204, 40.740978000195831 ], [ -73.890277999699748, 40.740759999885427 ], [ -73.890886999970192, 40.740686999902785 ], [ -73.891337000231985, 40.741419999700106 ], [ -73.891746000485909, 40.74213800024711 ], [ -73.892178999232627, 40.742873000006867 ] ] ] ] } },
{ "type": "Feature", "properties": { "STATEFP": "36", "COUNTYFP": "081", "TRACTCE": "061302", "GEOID": "36081061302", "NAME": "613.02", "NAMELSAD": "Census Tract 613.02", "MTFCC": "G5020", "FUNCSTAT": "S", "ALAND": 487033.0, "AWATER": 0.0, "INTPTLAT": "+40.7093274", "INTPTLON": "-073.8835278", "Shape__Are": 848451.929688, "Shape__Len": 4077.9135097499998 }, "geometry": { "type": "MultiPolygon", "coordinates": [ [ [ [ -73.888995000658127, 40.709113000069884 ], [ -73.887554999461059, 40.709584000276465 ], [ -73.887815999576958, 40.710037000563439 ], [ -73.887246999489477, 40.710262000124239 ], [ -73.88854600022124, 40.712275000271298 ], [ -73.886879000141775, 40.712223000574916 ], [ -73.886377000001431, 40.712207999934712 ], [ -73.885076000518154, 40.712161000176643 ], [ -73.884350999896753, 40.712229999737602 ], [ -73.88205400052874, 40.712454000474033 ], [ -73.880063000584173, 40.712653000693756 ], [ -73.879606999576268, 40.710509999591565 ], [ -73.880063000584173, 40.710215999292252 ], [ -73.879500999271045, 40.709763000223006 ], [ -73.87918500070019, 40.709691999533369 ], [ -73.877683000477148, 40.707176999745968 ], [ -73.880861999927092, 40.706585000369536 ], [ -73.881466000174683, 40.70658600004279 ], [ -73.881231999822944, 40.706372000165857 ], [ -73.883828000738347, 40.706376999909907 ], [ -73.885531999729423, 40.706446000016534 ], [ -73.88620100027434, 40.706704000196325 ], [ -73.888703000580094, 40.707668999636013 ], [ -73.888995000658127, 40.709113000069884 ] ] ] ] } },
{ "type": "Feature", "properties": { "STATEFP": "36", "COUNTYFP": "081", "TRACTCE": "057900", "GEOID": "36081057900", "NAME": "579", "NAMELSAD": "Census Tract 579", "MTFCC": "G5020", "FUNCSTAT": "S", "ALAND": 68348.0, "AWATER": 0.0, "INTPTLAT": "+40.7034917", "INTPTLON": "-073.8900443", "Shape__Are": 119048.25, "Shape__Len": 1636.50535339 }, "geometry": { "type": "MultiPolygon", "coordinates": [ [ [ [ -73.891942000304482, 40.702885999689123 ], [ -73.891267999736698, 40.703596999868907 ], [ -73.891052999651535, 40.703816000426862 ], [ -73.889842999506556, 40.704971999866387 ], [ -73.889118999608371, 40.705598999948251 ], [ -73.888623000214153, 40.704389000037757 ], [ -73.888042999357694, 40.702972000144072 ], [ -73.888935000383668, 40.702761000104772 ], [ -73.889829999986063, 40.702549000344277 ], [ -73.890727000136621, 40.702335000434999 ], [ -73.891628000485113, 40.702126999641401 ], [ -73.892744000020471, 40.701850999956129 ], [ -73.891942000304482, 40.702885999689123 ] ] ] ] } },
{ "type": "Feature", "properties": { "STATEFP": "36", "COUNTYFP": "081", "TRACTCE": "058100", "GEOID": "36081058100", "NAME": "581", "NAMELSAD": "Census Tract 581", "MTFCC": "G5020", "FUNCSTAT": "S", "ALAND": 143606.0, "AWATER": 0.0, "INTPTLAT": "+40.7039692", "INTPTLON": "-073.8937889", "Shape__Are": 250130.949219, "Shape__Len": 2263.4091933300001 }, "geometry": { "type": "MultiPolygon", "coordinates": [ [ [ [ -73.896330999899419, 40.705274000431956 ], [ -73.895378999497296, 40.705511000101694 ], [ -73.894485999544699, 40.705733999920206 ], [ -73.893595000140266, 40.70595500030759 ], [ -73.892701000362763, 40.706177000321986 ], [ -73.891812999534736, 40.706397999920291 ], [ -73.891333000034038, 40.705087999402274 ], [ -73.891830999976406, 40.704289999765543 ], [ -73.892480000429828, 40.703365000168425 ], [ -73.893131000533074, 40.702567000318027 ], [ -73.893436000131601, 40.702188000108407 ], [ -73.892968000326462, 40.702136000026464 ], [ -73.892744000020471, 40.701850999956129 ], [ -73.893839999464333, 40.700860000119583 ], [ -73.894387999635413, 40.70078399999003 ], [ -73.894955999897988, 40.701896999756116 ], [ -73.895201999945286, 40.702592999514891 ], [ -73.895336999664508, 40.702972999871555 ], [ -73.89541799985534, 40.703198999869201 ], [ -73.8954490007158, 40.703286000323743 ], [ -73.895691999491731, 40.703960000065493 ], [ -73.895992999790622, 40.704579000471249 ], [ -73.896282000393938, 40.705170999973532 ], [ -73.896330999899419, 40.705274000431956 ] ] ] ] } },
{ "type": "Feature", "properties": { "STATEFP": "36", "COUNTYFP": "081", "TRACTCE": "049301", "GEOID": "36081049301", "NAME": "493.01", "NAMELSAD": "Census Tract 493.01", "MTFCC": "G5020", "FUNCSTAT": "S", "ALAND": 164137.0, "AWATER": 0.0, "INTPTLAT": "+40.7323708", "INTPTLON": "-073.8942499", "Shape__Are": 286137.488281, "Shape__Len": 2547.8137329000001 }, "geometry": { "type": "MultiPolygon", "coordinates": [ [ [ [ -73.896028999775623, 40.735018000374907 ], [ -73.895101000561255, 40.735021000155889 ], [ -73.894996000080951, 40.735014999913126 ], [ -73.894765000102268, 40.734985999979926 ], [ -73.894641000253728, 40.734962000354329 ], [ -73.894390000183549, 40.734893999779686 ], [ -73.894245999345202, 40.734842000054179 ], [ -73.894152999458782, 40.734801000202665 ], [ -73.893234999391822, 40.734561000166515 ], [ -73.892326000444044, 40.734469999994531 ], [ -73.891749999785546, 40.73448499970231 ], [ -73.891954999824975, 40.734142000682994 ], [ -73.892009000251633, 40.734053999762494 ], [ -73.892062999779995, 40.73396500014416 ], [ -73.892131000450377, 40.73368100011465 ], [ -73.892133999925107, 40.733636000437365 ], [ -73.892333999941641, 40.731159000615932 ], [ -73.892969000151368, 40.731149000084365 ], [ -73.893869000674954, 40.731147000113971 ], [ -73.893814000423376, 40.730464999909202 ], [ -73.893757999448567, 40.729778999498762 ], [ -73.893693000049552, 40.729208000571383 ], [ -73.894503000161464, 40.729097999584482 ], [ -73.894611999941404, 40.729086000072314 ], [ -73.895589000457889, 40.728965000048312 ], [ -73.895600000328542, 40.729106000392662 ], [ -73.895622999894755, 40.729474999778404 ], [ -73.895645000534387, 40.729698999671157 ], [ -73.895651999308754, 40.729784000208085 ], [ -73.895698000237843, 40.730380000242185 ], [ -73.895736999697576, 40.730815000116884 ], [ -73.895763000535169, 40.731137000261285 ], [ -73.895799000520157, 40.731504999976949 ], [ -73.895850999500396, 40.732174999416408 ], [ -73.895913000322992, 40.732876999660427 ], [ -73.895959000353741, 40.73353200034056 ], [ -73.8959710000493, 40.733688000424785 ], [ -73.895987999767726, 40.733904000199274 ], [ -73.896017000080064, 40.734255999892405 ], [ -73.896028999775623, 40.735018000374907 ] ] ] ] } },
{ "type": "Feature", "properties": { "STATEFP": "36", "COUNTYFP": "081", "TRACTCE": "049302", "GEOID": "36081049302", "NAME": "493.02", "NAMELSAD": "Census Tract 493.02", "MTFCC": "G5020", "FUNCSTAT": "S", "ALAND": 269353.0, "AWATER": 0.0, "INTPTLAT": "+40.7279048", "INTPTLON": "-073.8917943", "Shape__Are": 469496.675781, "Shape__Len": 3535.9985465599998 }, "geometry": { "type": "MultiPolygon", "coordinates": [ [ [ [ -73.895589000457889, 40.728965000048312 ], [ -73.894611999941404, 40.729086000072314 ], [ -73.894503000161464, 40.729097999584482 ], [ -73.893693000049552, 40.729208000571383 ], [ -73.893757999448567, 40.729778999498762 ], [ -73.893814000423376, 40.730464999909202 ], [ -73.893869000674954, 40.731147000113971 ], [ -73.892969000151368, 40.731149000084365 ], [ -73.892333999941641, 40.731159000615932 ], [ -73.892342000337564, 40.730872999522248 ], [ -73.892364000078885, 40.730399000177201 ], [ -73.892403000436929, 40.729559000592403 ], [ -73.891517999981957, 40.728161999821815 ], [ -73.891292999851075, 40.728276999774742 ], [ -73.891169000002492, 40.728337000085688 ], [ -73.891039000306151, 40.728420000267803 ], [ -73.890938000023795, 40.728503000346365 ], [ -73.890824000221002, 40.728627999941239 ], [ -73.890008000261318, 40.729449999515651 ], [ -73.889915999301479, 40.729540000417558 ], [ -73.88980800024477, 40.729620999763682 ], [ -73.88968499932281, 40.72969100029578 ], [ -73.889549999603602, 40.729746999987725 ], [ -73.889399999815765, 40.729790000241849 ], [ -73.889263000446732, 40.729814999696146 ], [ -73.888059999974445, 40.730087000557873 ], [ -73.887559999483926, 40.730196999909893 ], [ -73.887451000602283, 40.729886000028287 ], [ -73.887360999292298, 40.729571000019305 ], [ -73.887289000220576, 40.729252999839701 ], [ -73.887236000517149, 40.728933000145815 ], [ -73.887201000357038, 40.728611999570539 ], [ -73.887197999983997, 40.72818399979861 ], [ -73.887201000357038, 40.728092000404295 ], [ -73.887203999831769, 40.728010999877789 ], [ -73.887204999656674, 40.727868999901865 ], [ -73.887481999666122, 40.727758000069208 ], [ -73.887749999454726, 40.727633999558897 ], [ -73.887941999973648, 40.72752500009431 ], [ -73.888034999860082, 40.727470999974905 ], [ -73.888561000289855, 40.727167999967222 ], [ -73.88919599960127, 40.726804000295175 ], [ -73.889531000235337, 40.726600999953739 ], [ -73.88969900046483, 40.726499000544429 ], [ -73.890308999661883, 40.726176999741547 ], [ -73.890333999776232, 40.726166000443477 ], [ -73.890712000068007, 40.725999999799484 ], [ -73.891657999724046, 40.725674000397262 ], [ -73.891948000152269, 40.725602000268047 ], [ -73.892367000451927, 40.725516999835627 ], [ -73.892780000005473, 40.725447999749107 ], [ -73.89289600035643, 40.725434000117495 ], [ -73.8930410001214, 40.725416000197811 ], [ -73.8933729994841, 40.725386000093877 ], [ -73.893793000506989, 40.725362000409433 ], [ -73.894029000508525, 40.725360000265169 ], [ -73.894974000339658, 40.725407000236103 ], [ -73.895070999525714, 40.725542000214332 ], [ -73.895340999862455, 40.72592099957722 ], [ -73.895412000007568, 40.726771000664158 ], [ -73.895499000046186, 40.727788999820305 ], [ -73.895589000457889, 40.728965000048312 ] ] ] ] } },
{ "type": "Feature", "properties": { "STATEFP": "36", "COUNTYFP": "081", "TRACTCE": "049500", "GEOID": "36081049500", "NAME": "495", "NAMELSAD": "Census Tract 495", "MTFCC": "G5020", "FUNCSTAT": "S", "ALAND": 129036.0, "AWATER": 0.0, "INTPTLAT": "+40.7253902", "INTPTLON": "-073.8904906", "Shape__Are": 224902.148438, "Shape__Len": 2639.9571161099998 }, "geometry": { "type": "MultiPolygon", "coordinates": [ [ [ [ -73.894974000339658, 40.725407000236103 ], [ -73.894029000508525, 40.725360000265169 ], [ -73.893793000506989, 40.725362000409433 ], [ -73.8933729994841, 40.725386000093877 ], [ -73.8930410001214, 40.725416000197811 ], [ -73.89289600035643, 40.725434000117495 ], [ -73.892780000005473, 40.725447999749107 ], [ -73.892367000451927, 40.725516999835627 ], [ -73.891948000152269, 40.725602000268047 ], [ -73.891657999724046, 40.725674000397262 ], [ -73.890712000068007, 40.725999999799484 ], [ -73.890333999776232, 40.726166000443477 ], [ -73.890308999661883, 40.726176999741547 ], [ -73.88969900046483, 40.726499000544429 ], [ -73.889531000235337, 40.726600999953739 ], [ -73.88919599960127, 40.726804000295175 ], [ -73.888561000289855, 40.727167999967222 ], [ -73.888034999860082, 40.727470999974905 ], [ -73.887941999973648, 40.72752500009431 ], [ -73.887749999454726, 40.727633999558897 ], [ -73.887481999666122, 40.727758000069208 ], [ -73.887204999656674, 40.727868999901865 ], [ -73.887204999656674, 40.727693999768768 ], [ -73.887221000448534, 40.727527000173502 ], [ -73.887241000540016, 40.727401999872022 ], [ -73.887200000532133, 40.726190999897639 ], [ -73.887132999686671, 40.72614200035958 ], [ -73.88709900024979, 40.725319000017137 ], [ -73.887076999610159, 40.724638000074364 ], [ -73.888975000566646, 40.724820000636399 ], [ -73.890174999767581, 40.724946999817348 ], [ -73.890303000712407, 40.724924000053335 ], [ -73.891007999445705, 40.724615999606172 ], [ -73.891816999732697, 40.724256000627726 ], [ -73.892656000156919, 40.723887999629177 ], [ -73.894113000174116, 40.723214000072268 ], [ -73.894336000655201, 40.723921000008978 ], [ -73.894549000192214, 40.724619999939414 ], [ -73.894678000063649, 40.724998999787267 ], [ -73.894849999592779, 40.725225999991949 ], [ -73.894909999867224, 40.725309999361578 ], [ -73.894974000339658, 40.725407000236103 ] ] ] ] } },
{ "type": "Feature", "properties": { "STATEFP": "36", "COUNTYFP": "081", "TRACTCE": "049700", "GEOID": "36081049700", "NAME": "497", "NAMELSAD": "Census Tract 497", "MTFCC": "G5020", "FUNCSTAT": "S", "ALAND": 197569.0, "AWATER": 0.0, "INTPTLAT": "+40.7317510", "INTPTLON": "-073.8903723", "Shape__Are": 344409.582031, "Shape__Len": 2476.9209290399999 }, "geometry": { "type": "MultiPolygon", "coordinates": [ [ [ [ -73.892364000078885, 40.730399000177201 ], [ -73.892342000337564, 40.730872999522248 ], [ -73.892333999941641, 40.731159000615932 ], [ -73.892133999925107, 40.733636000437365 ], [ -73.892131000450377, 40.73368100011465 ], [ -73.892062999779995, 40.73396500014416 ], [ -73.892009000251633, 40.734053999762494 ], [ -73.891954999824975, 40.734142000682994 ], [ -73.891749999785546, 40.73448499970231 ], [ -73.89138499991256, 40.734504999761221 ], [ -73.891138999865262, 40.734513000599947 ], [ -73.888566000312736, 40.734592000151792 ], [ -73.888522999756702, 40.734531000101121 ], [ -73.888443000289072, 40.733854999533555 ], [ -73.888374999618705, 40.73320500044332 ], [ -73.888306999846634, 40.732514999833121 ], [ -73.888253000318286, 40.731897000439467 ], [ -73.888177999975227, 40.73119500006672 ], [ -73.888110000203156, 40.730572000016359 ], [ -73.888059999974445, 40.730087000557873 ], [ -73.889263000446732, 40.729814999696146 ], [ -73.889399999815765, 40.729790000241849 ], [ -73.889549999603602, 40.729746999987725 ], [ -73.88968499932281, 40.72969100029578 ], [ -73.88980800024477, 40.729620999763682 ], [ -73.889915999301479, 40.729540000417558 ], [ -73.890008000261318, 40.729449999515651 ], [ -73.890824000221002, 40.728627999941239 ], [ -73.890938000023795, 40.728503000346365 ], [ -73.891039000306151, 40.728420000267803 ], [ -73.891169000002492, 40.728337000085688 ], [ -73.891292999851075, 40.728276999774742 ], [ -73.891517999981957, 40.728161999821815 ], [ -73.892403000436929, 40.729559000592403 ], [ -73.892364000078885, 40.730399000177201 ] ] ] ] } },
{ "type": "Feature", "properties": { "STATEFP": "36", "COUNTYFP": "081", "TRACTCE": "049900", "GEOID": "36081049900", "NAME": "499", "NAMELSAD": "Census Tract 499", "MTFCC": "G5020", "FUNCSTAT": "S", "ALAND": 462388.0, "AWATER": 0.0, "INTPTLAT": "+40.7311285", "INTPTLON": "-073.8833525", "Shape__Are": 806041.33203100006, "Shape__Len": 4123.5948146000001 }, "geometry": { "type": "MultiPolygon", "coordinates": [ [ [ [ -73.888566000312736, 40.734592000151792 ], [ -73.887701999774166, 40.734290999771709 ], [ -73.887514000351473, 40.734224999750552 ], [ -73.886891999662254, 40.734098999837784 ], [ -73.885489999896635, 40.734008999656773 ], [ -73.885266000488954, 40.734005000568636 ], [ -73.885064999749176, 40.733981999851011 ], [ -73.884837999968482, 40.733932999923418 ], [ -73.88469099965539, 40.733886000528493 ], [ -73.883810999223272, 40.73355999959719 ], [ -73.883529000089297, 40.733848000602435 ], [ -73.882680999444233, 40.73351100003952 ], [ -73.882590000105949, 40.733478000330926 ], [ -73.881708999848925, 40.733158999808396 ], [ -73.880897000087188, 40.73286500014899 ], [ -73.88024199978598, 40.732596000322779 ], [ -73.879230000007723, 40.732245999953271 ], [ -73.878480000170271, 40.731960999420473 ], [ -73.878247000541762, 40.73187299969954 ], [ -73.877506000026827, 40.731607000562697 ], [ -73.876782000128642, 40.731303999646435 ], [ -73.875824999703639, 40.730946999370936 ], [ -73.875587999877169, 40.73085900035116 ], [ -73.875425999495477, 40.730795999619978 ], [ -73.875237000247907, 40.730724000267202 ], [ -73.875588999702089, 40.730628000328309 ], [ -73.875710999900832, 40.730594999870597 ], [ -73.876342999737517, 40.730399000177201 ], [ -73.87707500003161, 40.730139999915579 ], [ -73.877307999660133, 40.730047000500875 ], [ -73.877540000362018, 40.729954999597794 ], [ -73.877964999611137, 40.729770000127154 ], [ -73.878432999416276, 40.729588000168057 ], [ -73.878978999937559, 40.729375000032576 ], [ -73.879722999927225, 40.729089000120702 ], [ -73.880052999640085, 40.728991000510852 ], [ -73.880389999923992, 40.728904999622856 ], [ -73.88073300005567, 40.728833000266256 ], [ -73.880929999699148, 40.728800000279783 ], [ -73.881080999311891, 40.728774000423385 ], [ -73.881432999664412, 40.728729000150423 ], [ -73.88178599984181, 40.728698000156449 ], [ -73.882139999844156, 40.728680000438779 ], [ -73.88393099977219, 40.728537999848143 ], [ -73.884458000026868, 40.728494000121408 ], [ -73.884590999197954, 40.72848300052555 ], [ -73.884902000440874, 40.728454999813216 ], [ -73.885165000206626, 40.728424000372364 ], [ -73.885612000095364, 40.728342000222604 ], [ -73.885881999533794, 40.728282999944454 ], [ -73.886289999962798, 40.728179999679597 ], [ -73.886330999970681, 40.728168000001844 ], [ -73.886632000269572, 40.728079999349191 ], [ -73.886762999790804, 40.728037000032302 ], [ -73.886949000461982, 40.727979000197251 ], [ -73.887204999656674, 40.727868999901865 ], [ -73.887203999831769, 40.728010999877789 ], [ -73.887201000357038, 40.728092000404295 ], [ -73.887197999983997, 40.72818399979861 ], [ -73.887201000357038, 40.728611999570539 ], [ -73.887236000517149, 40.728933000145815 ], [ -73.887289000220576, 40.729252999839701 ], [ -73.887360999292298, 40.729571000019305 ], [ -73.887451000602283, 40.729886000028287 ], [ -73.887559999483926, 40.730196999909893 ], [ -73.888059999974445, 40.730087000557873 ], [ -73.888110000203156, 40.730572000016359 ], [ -73.888177999975227, 40.73119500006672 ], [ -73.888253000318286, 40.731897000439467 ], [ -73.888306999846634, 40.732514999833121 ], [ -73.888374999618705, 40.73320500044332 ], [ -73.888443000289072, 40.733854999533555 ], [ -73.888522999756702, 40.734531000101121 ], [ -73.888566000312736, 40.734592000151792 ] ] ] ] } },
{ "type": "Feature", "properties": { "STATEFP": "36", "COUNTYFP": "081", "TRACTCE": "060701", "GEOID": "36081060701", "NAME": "607.01", "NAMELSAD": "Census Tract 607.01", "MTFCC": "G5020", "FUNCSTAT": "S", "ALAND": 712989.0, "AWATER": 0.0, "INTPTLAT": "+40.7172559", "INTPTLON": "-073.8939758", "Shape__Are": 1242382.21875, "Shape__Len": 7654.4242208899996 }, "geometry": { "type": "MultiPolygon", "coordinates": [ [ [ [ -73.900625999783031, 40.719763999795319 ], [ -73.900093000578863, 40.720177000405364 ], [ -73.900035000852554, 40.720142999380379 ], [ -73.898086999667356, 40.720369000340668 ], [ -73.897368999616958, 40.720481999852232 ], [ -73.897397000104363, 40.721550999700256 ], [ -73.89981600056943, 40.721236999860253 ], [ -73.900106000099342, 40.723296000413313 ], [ -73.899029000023745, 40.723840999947129 ], [ -73.898352999806136, 40.723111999556757 ], [ -73.896087000400257, 40.723810999814035 ], [ -73.895823999736209, 40.723898999984556 ], [ -73.895697000412923, 40.723413000127302 ], [ -73.894509999834156, 40.723131999630127 ], [ -73.894387999635413, 40.723157000223992 ], [ -73.894267999984805, 40.723142000004977 ], [ -73.894360000046319, 40.723100000326887 ], [ -73.894971999791522, 40.722823999740591 ], [ -73.894586000002136, 40.722208000451396 ], [ -73.89444499953683, 40.722009000197694 ], [ -73.894714000048666, 40.721820999366962 ], [ -73.892753000241314, 40.719153999732775 ], [ -73.892734999799643, 40.719128999677942 ], [ -73.894463999803406, 40.718298999880368 ], [ -73.894235000372859, 40.717924000064166 ], [ -73.892838000630121, 40.716006000335817 ], [ -73.892700000537857, 40.716540000114719 ], [ -73.892693999791746, 40.716669000520596 ], [ -73.89165199987626, 40.717762999540263 ], [ -73.891398999257945, 40.717851000217387 ], [ -73.891317000140504, 40.717929999805456 ], [ -73.891122000146851, 40.718091000606336 ], [ -73.890850999985176, 40.718308000122377 ], [ -73.890740999482006, 40.718451999743358 ], [ -73.890535000515996, 40.7187019996883 ], [ -73.890089000452164, 40.718207000438746 ], [ -73.889533999710054, 40.717615999905981 ], [ -73.888984999714069, 40.7170200006288 ], [ -73.888440999740936, 40.716436999378914 ], [ -73.887916000034394, 40.715806000389691 ], [ -73.88744599968112, 40.715176999955503 ], [ -73.887348999596725, 40.715110999360846 ], [ -73.887286999672455, 40.715029000511699 ], [ -73.887237000342054, 40.714940999508663 ], [ -73.887200000532118, 40.714849000192636 ], [ -73.887179000615731, 40.714756000518015 ], [ -73.887220000623614, 40.713982000009523 ], [ -73.887112999595175, 40.713685000679689 ], [ -73.887715000192927, 40.7135850003596 ], [ -73.886915000126777, 40.712489000244439 ], [ -73.886879000141775, 40.712223000574916 ], [ -73.88854600022124, 40.712275000271298 ], [ -73.888776000375017, 40.712285999822164 ], [ -73.893806000027453, 40.712433999916108 ], [ -73.89401899956448, 40.712440999737574 ], [ -73.895024999494964, 40.712477999365312 ], [ -73.895537999505976, 40.713803999394116 ], [ -73.896284999868669, 40.714817999861587 ], [ -73.897501999686355, 40.716384000002549 ], [ -73.897617000212392, 40.716530000109756 ], [ -73.897729000365388, 40.716640000081661 ], [ -73.897818000053832, 40.716711999692549 ], [ -73.897962999818787, 40.716809999680756 ], [ -73.898058000253371, 40.716863000079819 ], [ -73.898203999843219, 40.716929999817253 ], [ -73.899018000153077, 40.717382000318779 ], [ -73.898821000509585, 40.717372000440314 ], [ -73.897267999334616, 40.718146999846326 ], [ -73.898347999783255, 40.719198000187731 ], [ -73.899850999831216, 40.718374999767242 ], [ -73.900058999345362, 40.718045999918473 ], [ -73.900191999414758, 40.718015000395212 ], [ -73.900338999727836, 40.718019999945945 ], [ -73.900334999529875, 40.718669000125182 ], [ -73.900625999783031, 40.719763999795319 ] ] ] ] } },
{ "type": "Feature", "properties": { "STATEFP": "36", "COUNTYFP": "081", "TRACTCE": "050700", "GEOID": "36081050700", "NAME": "507", "NAMELSAD": "Census Tract 507", "MTFCC": "G5020", "FUNCSTAT": "S", "ALAND": 372217.0, "AWATER": 0.0, "INTPTLAT": "+40.7270209", "INTPTLON": "-073.8815871", "Shape__Are": 648781.398438, "Shape__Len": 3543.5197772500001 }, "geometry": { "type": "MultiPolygon", "coordinates": [ [ [ [ -73.887221000448534, 40.727527000173502 ], [ -73.887204999656674, 40.727693999768768 ], [ -73.887204999656674, 40.727868999901865 ], [ -73.886949000461982, 40.727979000197251 ], [ -73.886762999790804, 40.728037000032302 ], [ -73.886632000269572, 40.728079999349191 ], [ -73.886330999970681, 40.728168000001844 ], [ -73.886289999962798, 40.728179999679597 ], [ -73.885881999533794, 40.728282999944454 ], [ -73.885612000095364, 40.728342000222604 ], [ -73.885165000206626, 40.728424000372364 ], [ -73.884902000440874, 40.728454999813216 ], [ -73.884590999197954, 40.72848300052555 ], [ -73.884458000026868, 40.728494000121408 ], [ -73.88393099977219, 40.728537999848143 ], [ -73.882139999844156, 40.728680000438779 ], [ -73.88178599984181, 40.728698000156449 ], [ -73.881432999664412, 40.728729000150423 ], [ -73.881080999311891, 40.728774000423385 ], [ -73.880929999699148, 40.728800000279783 ], [ -73.88073300005567, 40.728833000266256 ], [ -73.880389999923992, 40.728904999622856 ], [ -73.880052999640085, 40.728991000510852 ], [ -73.879722999927225, 40.729089000120702 ], [ -73.878978999937559, 40.729375000032576 ], [ -73.878432999416276, 40.729588000168057 ], [ -73.877964999611137, 40.729770000127154 ], [ -73.877824999869048, 40.729658999380959 ], [ -73.877693999449491, 40.729553999866191 ], [ -73.877680000104093, 40.729467999705768 ], [ -73.8774830004606, 40.729280000203005 ], [ -73.876480999829766, 40.728486000601166 ], [ -73.875847000343271, 40.727982999647658 ], [ -73.875205000460852, 40.727480999697732 ], [ -73.874707999445079, 40.727089999816094 ], [ -73.875500000013631, 40.726727000449841 ], [ -73.876297000605064, 40.726354999950871 ], [ -73.877556000255538, 40.725751000099407 ], [ -73.87863499998096, 40.725727999932488 ], [ -73.879642999561284, 40.725560000099968 ], [ -73.880650000214985, 40.725395000058377 ], [ -73.881620999985373, 40.725237000126157 ], [ -73.882587999557799, 40.725083000124179 ], [ -73.883582999617644, 40.724948999973989 ], [ -73.884135999811605, 40.724881999457395 ], [ -73.884933000403024, 40.724785999940764 ], [ -73.886108000387921, 40.724622000105903 ], [ -73.886182999832684, 40.724609999786637 ], [ -73.886428000055062, 40.724595999978725 ], [ -73.886728000529033, 40.724601000396753 ], [ -73.886930000195392, 40.724617999772796 ], [ -73.887076999610159, 40.724638000074364 ], [ -73.88709900024979, 40.725319000017137 ], [ -73.887132999686671, 40.72614200035958 ], [ -73.887200000532133, 40.726190999897639 ], [ -73.887241000540016, 40.727401999872022 ], [ -73.887221000448534, 40.727527000173502 ] ] ] ] } },
{ "type": "Feature", "properties": { "STATEFP": "36", "COUNTYFP": "081", "TRACTCE": "051300", "GEOID": "36081051300", "NAME": "513", "NAMELSAD": "Census Tract 513", "MTFCC": "G5020", "FUNCSTAT": "S", "ALAND": 193536.0, "AWATER": 0.0, "INTPTLAT": "+40.7318897", "INTPTLON": "-073.8975137", "Shape__Are": 337383.597656, "Shape__Len": 2626.2424449300001 }, "geometry": { "type": "MultiPolygon", "coordinates": [ [ [ [ -73.899249999956695, 40.729485999891054 ], [ -73.899197999179833, 40.730666000051222 ], [ -73.899172000138876, 40.731359000041067 ], [ -73.899142999826566, 40.732039999960321 ], [ -73.899102999643603, 40.732939999782694 ], [ -73.899079000252456, 40.733631999965375 ], [ -73.899071999681439, 40.733804000302626 ], [ -73.899065999833667, 40.733971999743694 ], [ -73.899054999963013, 40.734318000132802 ], [ -73.899021999452728, 40.735149000214761 ], [ -73.897832000297527, 40.735159999389289 ], [ -73.896912000580784, 40.73508700006807 ], [ -73.896510999824471, 40.735097000007784 ], [ -73.896028999775623, 40.735018000374907 ], [ -73.896017000080064, 40.734255999892405 ], [ -73.895987999767726, 40.733904000199274 ], [ -73.8959710000493, 40.733688000424785 ], [ -73.895959000353741, 40.73353200034056 ], [ -73.895913000322992, 40.732876999660427 ], [ -73.895850999500396, 40.732174999416408 ], [ -73.895799000520157, 40.731504999976949 ], [ -73.895763000535169, 40.731137000261285 ], [ -73.895736999697576, 40.730815000116884 ], [ -73.895698000237843, 40.730380000242185 ], [ -73.895651999308754, 40.729784000208085 ], [ -73.895645000534387, 40.729698999671157 ], [ -73.895622999894755, 40.729474999778404 ], [ -73.895600000328542, 40.729106000392662 ], [ -73.895589000457889, 40.728965000048312 ], [ -73.8959710000493, 40.72906299969646 ], [ -73.896853000131244, 40.728995999237149 ], [ -73.897734999314849, 40.728918999885771 ], [ -73.898238000178409, 40.728872000352851 ], [ -73.898728000623166, 40.728376999809072 ], [ -73.899245999758719, 40.729050000161322 ], [ -73.899249999956695, 40.729485999891054 ] ] ] ] } },
{ "type": "Feature", "properties": { "STATEFP": "36", "COUNTYFP": "081", "TRACTCE": "062700", "GEOID": "36081062700", "NAME": "627", "NAMELSAD": "Census Tract 627", "MTFCC": "G5020", "FUNCSTAT": "S", "ALAND": 157306.0, "AWATER": 0.0, "INTPTLAT": "+40.7037717", "INTPTLON": "-073.8864539", "Shape__Are": 273996.136719, "Shape__Len": 2150.3799318800002 }, "geometry": { "type": "MultiPolygon", "coordinates": [ [ [ [ -73.889118999608371, 40.705598999948251 ], [ -73.888262999465709, 40.705809999849571 ], [ -73.887396000350719, 40.706018000037176 ], [ -73.886527999614174, 40.706224999896527 ], [ -73.885548999447863, 40.70615500056217 ], [ -73.885175999178955, 40.705205999486004 ], [ -73.884594999395915, 40.703790000345428 ], [ -73.883747000547487, 40.701705000351033 ], [ -73.884244999591544, 40.701663000088125 ], [ -73.884658000043416, 40.701627000328244 ], [ -73.885138999369033, 40.701585999764482 ], [ -73.885572999737292, 40.701551000392769 ], [ -73.886070000753094, 40.701508000283361 ], [ -73.886484999956465, 40.701478000301428 ], [ -73.88700200016541, 40.701432000212087 ], [ -73.887400999475275, 40.701400999763855 ], [ -73.888042999357694, 40.702972000144072 ], [ -73.888623000214153, 40.704389000037757 ], [ -73.889118999608371, 40.705598999948251 ] ] ] ] } },
{ "type": "Feature", "properties": { "STATEFP": "36", "COUNTYFP": "081", "TRACTCE": "062900", "GEOID": "36081062900", "NAME": "629", "NAMELSAD": "Census Tract 629", "MTFCC": "G5020", "FUNCSTAT": "S", "ALAND": 183530.0, "AWATER": 0.0, "INTPTLAT": "+40.7009309", "INTPTLON": "-073.8829632", "Shape__Are": 319642.9375, "Shape__Len": 3475.3792771899998 }, "geometry": { "type": "MultiPolygon", "coordinates": [ [ [ [ -73.888861999690434, 40.701276000116813 ], [ -73.888352000052492, 40.701320000128305 ], [ -73.887931000102995, 40.701353999869617 ], [ -73.887400999475275, 40.701400999763855 ], [ -73.88700200016541, 40.701432000212087 ], [ -73.886484999956465, 40.701478000301428 ], [ -73.886070000753094, 40.701508000283361 ], [ -73.885572999737292, 40.701551000392769 ], [ -73.885138999369033, 40.701585999764482 ], [ -73.884658000043416, 40.701627000328244 ], [ -73.884244999591544, 40.701663000088125 ], [ -73.883747000547487, 40.701705000351033 ], [ -73.882821999909538, 40.701778000193606 ], [ -73.881909999690379, 40.70186000037846 ], [ -73.881000000019355, 40.7019299994598 ], [ -73.880497999879026, 40.701968999645729 ], [ -73.880076999929557, 40.702001000252707 ], [ -73.879167000258533, 40.70207599993379 ], [ -73.878251000739724, 40.702146999890019 ], [ -73.877335000322603, 40.70222199940671 ], [ -73.876397999989095, 40.702294000307013 ], [ -73.876258000247006, 40.70174900007914 ], [ -73.876228000109776, 40.701727000218696 ], [ -73.877792000257102, 40.701015000070207 ], [ -73.878604000018825, 40.700696000591989 ], [ -73.879443999369656, 40.700390999719822 ], [ -73.880245999983941, 40.700072000658366 ], [ -73.881054000446028, 40.699774000125124 ], [ -73.881766999575248, 40.699530999754849 ], [ -73.882697000236064, 40.70071800011182 ], [ -73.883431000179982, 40.700474000015056 ], [ -73.88440199995037, 40.70025500004629 ], [ -73.884921999634059, 40.700104000133607 ], [ -73.885841999350816, 40.699964999875284 ], [ -73.886766999988765, 40.699826000007981 ], [ -73.887712999644791, 40.699677999815719 ], [ -73.888188999845852, 40.698860000194003 ], [ -73.888451999611604, 40.699145000121696 ], [ -73.888541000198387, 40.699243999868571 ], [ -73.888618000191272, 40.699330000258477 ], [ -73.888822999332362, 40.699506000504471 ], [ -73.888726999971212, 40.699603000158803 ], [ -73.888861999690434, 40.701276000116813 ] ] ] ] } },
{ "type": "Feature", "properties": { "STATEFP": "36", "COUNTYFP": "081", "TRACTCE": "065702", "GEOID": "36081065702", "NAME": "657.02", "NAMELSAD": "Census Tract 657.02", "MTFCC": "G5020", "FUNCSTAT": "S", "ALAND": 144106.0, "AWATER": 0.0, "INTPTLAT": "+40.7133356", "INTPTLON": "-073.8829609", "Shape__Are": 251073.078125, "Shape__Len": 2694.9563643000001 }, "geometry": { "type": "MultiPolygon", "coordinates": [ [ [ [ -73.887112999595175, 40.713685000679689 ], [ -73.887220000623614, 40.713982000009523 ], [ -73.887001000340504, 40.714047000119457 ], [ -73.885091000586769, 40.713962999473068 ], [ -73.884207999781623, 40.713949999712121 ], [ -73.882344999883557, 40.714144999945255 ], [ -73.880563000176352, 40.714320999853875 ], [ -73.881153000180234, 40.715052999836601 ], [ -73.880206999625898, 40.715244000027958 ], [ -73.878582000277504, 40.713215000456742 ], [ -73.878291999849296, 40.712830999619975 ], [ -73.879342999985624, 40.712727000374016 ], [ -73.880063000584173, 40.712653000693756 ], [ -73.88205400052874, 40.712454000474033 ], [ -73.884350999896753, 40.712229999737602 ], [ -73.885076000518154, 40.712161000176643 ], [ -73.886377000001431, 40.712207999934712 ], [ -73.886879000141775, 40.712223000574916 ], [ -73.886915000126777, 40.712489000244439 ], [ -73.887715000192927, 40.7135850003596 ], [ -73.887112999595175, 40.713685000679689 ] ] ] ] } },
{ "type": "Feature", "properties": { "STATEFP": "36", "COUNTYFP": "081", "TRACTCE": "065900", "GEOID": "36081065900", "NAME": "659", "NAMELSAD": "Census Tract 659", "MTFCC": "G5020", "FUNCSTAT": "S", "ALAND": 193751.0, "AWATER": 0.0, "INTPTLAT": "+40.7155449", "INTPTLON": "-073.8824808", "Shape__Are": 337595.386719, "Shape__Len": 3228.5180078799999 }, "geometry": { "type": "MultiPolygon", "coordinates": [ [ [ [ -73.887916000034394, 40.715806000389691 ], [ -73.886661999508462, 40.716396000443119 ], [ -73.886351000062163, 40.716016999951165 ], [ -73.885049999680589, 40.716180000351734 ], [ -73.884111999522176, 40.716185999569362 ], [ -73.883247000056969, 40.716180000351734 ], [ -73.882380999868573, 40.716172000032245 ], [ -73.881879999553149, 40.716169000082402 ], [ -73.881641999901774, 40.716183000301058 ], [ -73.8811430001345, 40.716413000552933 ], [ -73.880343999893242, 40.716785000107372 ], [ -73.879557000245867, 40.717150000300094 ], [ -73.878741999212778, 40.71752899978889 ], [ -73.877940999321694, 40.717898000724794 ], [ -73.877384999653003, 40.717205000136985 ], [ -73.877219999796566, 40.717226000137025 ], [ -73.877204999727951, 40.716504999750342 ], [ -73.877185999461389, 40.715621999935856 ], [ -73.878270000107975, 40.715560999517741 ], [ -73.87909000026562, 40.715537000375981 ], [ -73.879299000503011, 40.715481999841941 ], [ -73.880206999625898, 40.715244000027958 ], [ -73.881153000180234, 40.715052999836601 ], [ -73.880563000176352, 40.714320999853875 ], [ -73.882344999883557, 40.714144999945255 ], [ -73.884207999781623, 40.713949999712121 ], [ -73.885091000586769, 40.713962999473068 ], [ -73.887001000340504, 40.714047000119457 ], [ -73.887220000623614, 40.713982000009523 ], [ -73.887179000615731, 40.714756000518015 ], [ -73.887200000532118, 40.714849000192636 ], [ -73.887237000342054, 40.714940999508663 ], [ -73.887286999672455, 40.715029000511699 ], [ -73.887348999596725, 40.715110999360846 ], [ -73.88744599968112, 40.715176999955503 ], [ -73.887916000034394, 40.715806000389691 ] ] ] ] } },
{ "type": "Feature", "properties": { "STATEFP": "36", "COUNTYFP": "081", "TRACTCE": "047900", "GEOID": "36081047900", "NAME": "479", "NAMELSAD": "Census Tract 479", "MTFCC": "G5020", "FUNCSTAT": "S", "ALAND": 392476.0, "AWATER": 0.0, "INTPTLAT": "+40.7354855", "INTPTLON": "-073.8837114", "Shape__Are": 684265.484375, "Shape__Len": 4711.0900112500003 }, "geometry": { "type": "MultiPolygon", "coordinates": [ [ [ [ -73.891369000019054, 40.736060999801893 ], [ -73.889809999894595, 40.736372999996853 ], [ -73.889383000097325, 40.736422000169433 ], [ -73.888802000314286, 40.736531000034923 ], [ -73.887535000267889, 40.73676299988459 ], [ -73.887331999878299, 40.738453000658389 ], [ -73.887253000235589, 40.738836000155572 ], [ -73.886371999978564, 40.738675999722133 ], [ -73.885689999913168, 40.738552999693127 ], [ -73.885607000072497, 40.73853599979293 ], [ -73.884702000424355, 40.738368000305712 ], [ -73.883645000440239, 40.738172000367712 ], [ -73.882612999672162, 40.737951999943938 ], [ -73.881785000016919, 40.737807000426997 ], [ -73.882872999963141, 40.737611000197447 ], [ -73.882272000088633, 40.737509999857139 ], [ -73.881584000175465, 40.737379000582386 ], [ -73.880353999938976, 40.737135000055581 ], [ -73.880514999597452, 40.735751999933697 ], [ -73.880658999537502, 40.735715000309263 ], [ -73.880158999945309, 40.735327000248766 ], [ -73.879553999872812, 40.734853999889694 ], [ -73.878954000721492, 40.734379999634676 ], [ -73.878349000649024, 40.733906000086797 ], [ -73.87772000028707, 40.733416999939578 ], [ -73.877082999529222, 40.732909000389057 ], [ -73.878224999902145, 40.732101999542863 ], [ -73.878322999811431, 40.73204799973405 ], [ -73.878247000541762, 40.731996000507053 ], [ -73.877557000080444, 40.731740000264075 ], [ -73.877459999996077, 40.731709999607396 ], [ -73.877398999896698, 40.73168600016146 ], [ -73.877506000026827, 40.731607000562697 ], [ -73.878247000541762, 40.73187299969954 ], [ -73.878480000170271, 40.731960999420473 ], [ -73.879230000007723, 40.732245999953271 ], [ -73.88024199978598, 40.732596000322779 ], [ -73.880897000087188, 40.73286500014899 ], [ -73.881708999848925, 40.733158999808396 ], [ -73.882590000105949, 40.733478000330926 ], [ -73.882680999444233, 40.73351100003952 ], [ -73.883529000089297, 40.733848000602435 ], [ -73.883810999223272, 40.73355999959719 ], [ -73.88469099965539, 40.733886000528493 ], [ -73.884837999968482, 40.733932999923418 ], [ -73.885064999749176, 40.733981999851011 ], [ -73.885266000488954, 40.734005000568636 ], [ -73.885489999896635, 40.734008999656773 ], [ -73.886891999662254, 40.734098999837784 ], [ -73.887514000351473, 40.734224999750552 ], [ -73.887701999774166, 40.734290999771709 ], [ -73.888566000312736, 40.734592000151792 ], [ -73.889016000574514, 40.735231000144296 ], [ -73.889362000180924, 40.735838000140291 ], [ -73.889608000228222, 40.735938999615684 ], [ -73.891379000064788, 40.735918000755028 ], [ -73.891369000019054, 40.736060999801893 ] ] ] ] } },
{ "type": "Feature", "properties": { "STATEFP": "36", "COUNTYFP": "081", "TRACTCE": "048500", "GEOID": "36081048500", "NAME": "485", "NAMELSAD": "Census Tract 485", "MTFCC": "G5020", "FUNCSTAT": "S", "ALAND": 317281.0, "AWATER": 0.0, "INTPTLAT": "+40.7397517", "INTPTLON": "-073.8843383", "Shape__Are": 553234.703125, "Shape__Len": 4416.8946108299997 }, "geometry": { "type": "MultiPolygon", "coordinates": [ [ [ [ -73.894684999736327, 40.74023300006774 ], [ -73.892351000558392, 40.740517000033641 ], [ -73.890886999970192, 40.740686999902785 ], [ -73.890277999699748, 40.740759999885427 ], [ -73.888402000281204, 40.740978000195831 ], [ -73.887510999978446, 40.741083000059199 ], [ -73.886668000254559, 40.741178000052031 ], [ -73.886618999850768, 40.74118200007026 ], [ -73.88572599989817, 40.741288999957746 ], [ -73.885589999455746, 40.740577000197206 ], [ -73.885511999637941, 40.74016500011647 ], [ -73.884614999487397, 40.74043300012211 ], [ -73.882829000480555, 40.740991999960315 ], [ -73.882943000283362, 40.741610000629358 ], [ -73.881863999659615, 40.741735000102857 ], [ -73.881003999319006, 40.741840999956942 ], [ -73.880278000669307, 40.741296999980563 ], [ -73.880237000661438, 40.741198999974806 ], [ -73.880157000295497, 40.741157000122627 ], [ -73.87999099971583, 40.741069999469318 ], [ -73.879320000419412, 40.740601999682212 ], [ -73.87910699998406, 40.74044499962978 ], [ -73.878631999607919, 40.740060000165293 ], [ -73.878486999842949, 40.739934000413427 ], [ -73.877918000653793, 40.739394999801753 ], [ -73.877431000582078, 40.73860099974808 ], [ -73.878234999947878, 40.738445000293552 ], [ -73.879271000015606, 40.738258000168535 ], [ -73.879357000229319, 40.738221999774758 ], [ -73.879451999765578, 40.73819800063584 ], [ -73.87954999967485, 40.738186999921531 ], [ -73.879649000307381, 40.738190000240259 ], [ -73.881290000447592, 40.737894999786583 ], [ -73.881785000016919, 40.737807000426997 ], [ -73.882612999672162, 40.737951999943938 ], [ -73.883645000440239, 40.738172000367712 ], [ -73.884702000424355, 40.738368000305712 ], [ -73.885607000072497, 40.73853599979293 ], [ -73.885689999913168, 40.738552999693127 ], [ -73.886371999978564, 40.738675999722133 ], [ -73.887253000235589, 40.738836000155572 ], [ -73.887693999378229, 40.738904999972775 ], [ -73.888284000280422, 40.739039999792752 ], [ -73.889669000327601, 40.739301999710328 ], [ -73.890254000308602, 40.739390999676075 ], [ -73.890748000053023, 40.739488999623092 ], [ -73.892208000443262, 40.739756000454548 ], [ -73.894202000760899, 40.740123000292016 ], [ -73.894684999736327, 40.74023300006774 ] ] ] ] } },
{ "type": "Feature", "properties": { "STATEFP": "36", "COUNTYFP": "081", "TRACTCE": "048900", "GEOID": "36081048900", "NAME": "489", "NAMELSAD": "Census Tract 489", "MTFCC": "G5020", "FUNCSTAT": "S", "ALAND": 362006.0, "AWATER": 0.0, "INTPTLAT": "+40.7373155", "INTPTLON": "-073.8921827", "Shape__Are": 631166.46875, "Shape__Len": 3826.25048118 }, "geometry": { "type": "MultiPolygon", "coordinates": [ [ [ [ -73.896016000255145, 40.735238999534324 ], [ -73.895975000247276, 40.736441000421081 ], [ -73.8959559999807, 40.736924999951249 ], [ -73.895930000041417, 40.737638999779428 ], [ -73.895901999554013, 40.738354000669624 ], [ -73.895872000315109, 40.739065999721596 ], [ -73.895884000010668, 40.739461999999335 ], [ -73.895856000421574, 40.740072000420895 ], [ -73.895837999979918, 40.740452999754147 ], [ -73.894684999736327, 40.74023300006774 ], [ -73.894202000760899, 40.740123000292016 ], [ -73.892208000443262, 40.739756000454548 ], [ -73.890748000053023, 40.739488999623092 ], [ -73.890254000308602, 40.739390999676075 ], [ -73.889669000327601, 40.739301999710328 ], [ -73.888284000280422, 40.739039999792752 ], [ -73.887693999378229, 40.738904999972775 ], [ -73.887253000235589, 40.738836000155572 ], [ -73.887331999878299, 40.738453000658389 ], [ -73.887535000267889, 40.73676299988459 ], [ -73.888802000314286, 40.736531000034923 ], [ -73.889383000097325, 40.736422000169433 ], [ -73.889809999894595, 40.736372999996853 ], [ -73.891369000019054, 40.736060999801893 ], [ -73.891379000064788, 40.735918000755028 ], [ -73.889608000228222, 40.735938999615684 ], [ -73.889362000180924, 40.735838000140291 ], [ -73.889016000574514, 40.735231000144296 ], [ -73.888566000312736, 40.734592000151792 ], [ -73.891138999865262, 40.734513000599947 ], [ -73.89138499991256, 40.734504999761221 ], [ -73.891749999785546, 40.73448499970231 ], [ -73.892326000444044, 40.734469999994531 ], [ -73.893234999391822, 40.734561000166515 ], [ -73.894152999458782, 40.734801000202665 ], [ -73.894245999345202, 40.734842000054179 ], [ -73.894390000183549, 40.734893999779686 ], [ -73.894641000253728, 40.734962000354329 ], [ -73.894765000102268, 40.734985999979926 ], [ -73.894996000080951, 40.735014999913126 ], [ -73.895101000561255, 40.735021000155889 ], [ -73.896028999775623, 40.735018000374907 ], [ -73.896016000255145, 40.735238999534324 ] ] ] ] } },
{ "type": "Feature", "properties": { "STATEFP": "36", "COUNTYFP": "081", "TRACTCE": "055900", "GEOID": "36081055900", "NAME": "559", "NAMELSAD": "Census Tract 559", "MTFCC": "G5020", "FUNCSTAT": "S", "ALAND": 158575.0, "AWATER": 0.0, "INTPTLAT": "+40.6944037", "INTPTLON": "-073.9017315", "Shape__Are": 276128.3125, "Shape__Len": 2273.3894039900001 }, "geometry": { "type": "MultiPolygon", "coordinates": [ [ [ [ -73.905042999865344, 40.693704000118146 ], [ -73.904221000057873, 40.694534000682864 ], [ -73.903504000730706, 40.695274000328844 ], [ -73.903217999602134, 40.695117000269853 ], [ -73.901219000159955, 40.697170999736052 ], [ -73.900503000657693, 40.696739000124744 ], [ -73.899870000097792, 40.696219999720498 ], [ -73.899212000321853, 40.695702000558327 ], [ -73.89908900029819, 40.695604999991403 ], [ -73.898885999908615, 40.695390000408018 ], [ -73.899541000209808, 40.694285999618046 ], [ -73.900029999931363, 40.693436999787522 ], [ -73.900386999408425, 40.693140000098829 ], [ -73.900964999716734, 40.692811000209971 ], [ -73.901291000129987, 40.692302999983596 ], [ -73.901240999901262, 40.691437999635824 ], [ -73.901589999880713, 40.691631999820508 ], [ -73.901829999181913, 40.691814999915934 ], [ -73.902072999754481, 40.691999000082028 ], [ -73.902787999431808, 40.692417999900705 ], [ -73.903541000540628, 40.6928489997253 ], [ -73.904288000005025, 40.693277999740467 ], [ -73.905042999865344, 40.693704000118146 ] ] ] ] } },
{ "type": "Feature", "properties": { "STATEFP": "36", "COUNTYFP": "081", "TRACTCE": "056100", "GEOID": "36081056100", "NAME": "561", "NAMELSAD": "Census Tract 561", "MTFCC": "G5020", "FUNCSTAT": "S", "ALAND": 2822179.0, "AWATER": 82983.0, "INTPTLAT": "+40.6924618", "INTPTLON": "-073.8852171", "Shape__Are": 5058596.84375, "Shape__Len": 13135.8095918 }, "geometry": { "type": "MultiPolygon", "coordinates": [ [ [ [ -73.901240999901262, 40.691437999635824 ], [ -73.901291000129987, 40.692302999983596 ], [ -73.900964999716734, 40.692811000209971 ], [ -73.900386999408425, 40.693140000098829 ], [ -73.900029999931363, 40.693436999787522 ], [ -73.899192000230357, 40.693789000302431 ], [ -73.897365999243888, 40.694118999990245 ], [ -73.896910000032648, 40.693841999953804 ], [ -73.897426999343267, 40.693288999704492 ], [ -73.896954999340167, 40.691920000380215 ], [ -73.895732999499614, 40.692265000156887 ], [ -73.894743000360975, 40.692637000431773 ], [ -73.893262999879241, 40.692202999568615 ], [ -73.893980999929653, 40.693075999891654 ], [ -73.895426000251263, 40.694170999519521 ], [ -73.895077000271812, 40.694591000517029 ], [ -73.892451999942438, 40.695225999673312 ], [ -73.891957000373111, 40.694411000121811 ], [ -73.889193999951445, 40.694936000085455 ], [ -73.888285999930247, 40.695237000677942 ], [ -73.888654000176288, 40.695829999952835 ], [ -73.886487999431196, 40.696439000014109 ], [ -73.886879999966666, 40.696651999972936 ], [ -73.887173999694539, 40.696851000419073 ], [ -73.887294000243458, 40.696957999393348 ], [ -73.887451000602297, 40.697109000307663 ], [ -73.887567999879835, 40.697228999852129 ], [ -73.887644999872748, 40.697343000308749 ], [ -73.88772900043665, 40.697473000256892 ], [ -73.88779599948549, 40.697602999951336 ], [ -73.887848999188918, 40.697734000560345 ], [ -73.887921000057261, 40.69799899973097 ], [ -73.888022999266212, 40.698449000430919 ], [ -73.888053000301738, 40.698549000324981 ], [ -73.888086999738618, 40.69863000060586 ], [ -73.888143999640022, 40.698723000327696 ], [ -73.888188999845852, 40.698860000194003 ], [ -73.887712999644791, 40.699677999815719 ], [ -73.886766999988765, 40.699826000007981 ], [ -73.885841999350816, 40.699964999875284 ], [ -73.884921999634059, 40.700104000133607 ], [ -73.88440199995037, 40.70025500004629 ], [ -73.883431000179982, 40.700474000015056 ], [ -73.882697000236064, 40.70071800011182 ], [ -73.881766999575248, 40.699530999754849 ], [ -73.881054000446028, 40.699774000125124 ], [ -73.880245999983941, 40.700072000658366 ], [ -73.879443999369656, 40.700390999719822 ], [ -73.878604000018825, 40.700696000591989 ], [ -73.877792000257102, 40.701015000070207 ], [ -73.876228000109776, 40.701727000218696 ], [ -73.876258000247006, 40.70174900007914 ], [ -73.876397999989095, 40.702294000307013 ], [ -73.875430999518343, 40.70237400038377 ], [ -73.874463000121011, 40.702456999570117 ], [ -73.873512000442105, 40.70253499998298 ], [ -73.872561999689808, 40.702611999890671 ], [ -73.871647999820809, 40.702687000245774 ], [ -73.870733000126918, 40.702762000516472 ], [ -73.869819000257948, 40.70283800043223 ], [ -73.869156000459128, 40.702892999833267 ], [ -73.869116000276165, 40.701603999998476 ], [ -73.869519999608897, 40.701405999881075 ], [ -73.869313999744577, 40.699354999574922 ], [ -73.87080200062222, 40.697876999922464 ], [ -73.87070800001257, 40.697696999551411 ], [ -73.870660000331981, 40.697619999410634 ], [ -73.87062999929644, 40.69757800065851 ], [ -73.870482999881688, 40.6973689995014 ], [ -73.870256999925857, 40.697047999956993 ], [ -73.868917000084537, 40.695149999926876 ], [ -73.874020999356816, 40.69419100011357 ], [ -73.877764000668009, 40.692153000326506 ], [ -73.879455999963525, 40.69123100013951 ], [ -73.879512000040023, 40.691186999594443 ], [ -73.879616000695421, 40.691105999799895 ], [ -73.880723000009937, 40.69024300009746 ], [ -73.881340999602884, 40.689760999482843 ], [ -73.882267000065752, 40.689038999453174 ], [ -73.882648999657178, 40.68874099997354 ], [ -73.883654000661068, 40.687958999925819 ], [ -73.88375699969491, 40.687879000248479 ], [ -73.883776999786392, 40.687863000301441 ], [ -73.88386700019808, 40.687720999837218 ], [ -73.884516999578111, 40.686691000038387 ], [ -73.887283999299413, 40.685622000472655 ], [ -73.888082999540657, 40.685293999560294 ], [ -73.888294000326155, 40.68517500031308 ], [ -73.889089000369466, 40.684641000393853 ], [ -73.889606999505006, 40.684213999968307 ], [ -73.890140000505795, 40.685004999657458 ], [ -73.890877999749364, 40.684543000069041 ], [ -73.891660000272168, 40.684044000267527 ], [ -73.892523000087536, 40.683423999768095 ], [ -73.894139000113398, 40.68524299990893 ], [ -73.894200000212763, 40.685309000131525 ], [ -73.894406000077069, 40.685090000039473 ], [ -73.894596999872789, 40.684882000579684 ], [ -73.894942000552604, 40.684548000089102 ], [ -73.89529300018188, 40.684169000229986 ], [ -73.895819000611667, 40.683516000259367 ], [ -73.896122999486963, 40.683140000056895 ], [ -73.896231000340308, 40.682976999853587 ], [ -73.896330999899419, 40.682830000410796 ], [ -73.896406000242479, 40.682679999866643 ], [ -73.896482000410472, 40.682529999666194 ], [ -73.896518000395488, 40.682396999746508 ], [ -73.897341000027851, 40.683367999939996 ], [ -73.901162000258537, 40.687878000294454 ], [ -73.900425000839888, 40.688183999823259 ], [ -73.901804999965876, 40.690766000387164 ], [ -73.901240999901262, 40.691437999635824 ] ] ] ] } },
{ "type": "Feature", "properties": { "STATEFP": "36", "COUNTYFP": "081", "TRACTCE": "056500", "GEOID": "36081056500", "NAME": "565", "NAMELSAD": "Census Tract 565", "MTFCC": "G5020", "FUNCSTAT": "S", "ALAND": 117784.0, "AWATER": 0.0, "INTPTLAT": "+40.6942629", "INTPTLON": "-073.8968742", "Shape__Are": 205099.164062, "Shape__Len": 2691.41801708 }, "geometry": { "type": "MultiPolygon", "coordinates": [ [ [ [ -73.899541000209808, 40.694285999618046 ], [ -73.898885999908615, 40.695390000408018 ], [ -73.89838200011846, 40.696135999743369 ], [ -73.897562999785706, 40.696481000165413 ], [ -73.896771999940384, 40.696798999576146 ], [ -73.896309000158112, 40.69609400005568 ], [ -73.895878999987801, 40.69549799952523 ], [ -73.89560400052649, 40.695131999992128 ], [ -73.895789999401032, 40.694744000368459 ], [ -73.896463000143896, 40.694477999292744 ], [ -73.895586000084847, 40.693978999641168 ], [ -73.893980999929653, 40.693075999891654 ], [ -73.893262999879241, 40.692202999568615 ], [ -73.894743000360975, 40.692637000431773 ], [ -73.895732999499614, 40.692265000156887 ], [ -73.896954999340167, 40.691920000380215 ], [ -73.897426999343267, 40.693288999704492 ], [ -73.896910000032648, 40.693841999953804 ], [ -73.897365999243888, 40.694118999990245 ], [ -73.899192000230357, 40.693789000302431 ], [ -73.900029999931363, 40.693436999787522 ], [ -73.899541000209808, 40.694285999618046 ] ] ] ] } },
{ "type": "Feature", "properties": { "STATEFP": "36", "COUNTYFP": "081", "TRACTCE": "056700", "GEOID": "36081056700", "NAME": "567", "NAMELSAD": "Census Tract 567", "MTFCC": "G5020", "FUNCSTAT": "S", "ALAND": 313429.0, "AWATER": 0.0, "INTPTLAT": "+40.6968663", "INTPTLON": "-073.8921828", "Shape__Are": 545820.93359399994, "Shape__Len": 4601.4651022899998 }, "geometry": { "type": "MultiPolygon", "coordinates": [ [ [ [ -73.896771999940384, 40.696798999576146 ], [ -73.895585000259928, 40.697128000204543 ], [ -73.895780000253595, 40.698510999974282 ], [ -73.894849999592779, 40.698590000033867 ], [ -73.895003000651968, 40.699711999714133 ], [ -73.894202000760899, 40.700506999742679 ], [ -73.893839999464333, 40.700860000119583 ], [ -73.893349000092954, 40.700891000138583 ], [ -73.893249000533856, 40.700183000347124 ], [ -73.8930410001214, 40.698740000182255 ], [ -73.892886000310696, 40.697740000077808 ], [ -73.892001999680616, 40.69793399962073 ], [ -73.891105999354991, 40.698138000005279 ], [ -73.890198000232104, 40.698345999633915 ], [ -73.889292999685651, 40.698553000181448 ], [ -73.888188999845852, 40.698860000194003 ], [ -73.888143999640022, 40.698723000327696 ], [ -73.888086999738618, 40.69863000060586 ], [ -73.888053000301738, 40.698549000324981 ], [ -73.888022999266212, 40.698449000430919 ], [ -73.887921000057261, 40.69799899973097 ], [ -73.887848999188918, 40.697734000560345 ], [ -73.88779599948549, 40.697602999951336 ], [ -73.88772900043665, 40.697473000256892 ], [ -73.887644999872748, 40.697343000308749 ], [ -73.887567999879835, 40.697228999852129 ], [ -73.887451000602297, 40.697109000307663 ], [ -73.887294000243458, 40.696957999393348 ], [ -73.887173999694539, 40.696851000419073 ], [ -73.886879999966666, 40.696651999972936 ], [ -73.886487999431196, 40.696439000014109 ], [ -73.888654000176288, 40.695829999952835 ], [ -73.888285999930247, 40.695237000677942 ], [ -73.889193999951445, 40.694936000085455 ], [ -73.891957000373111, 40.694411000121811 ], [ -73.892451999942438, 40.695225999673312 ], [ -73.895077000271812, 40.694591000517029 ], [ -73.895426000251263, 40.694170999519521 ], [ -73.893980999929653, 40.693075999891654 ], [ -73.895586000084847, 40.693978999641168 ], [ -73.896463000143896, 40.694477999292744 ], [ -73.895789999401032, 40.694744000368459 ], [ -73.89560400052649, 40.695131999992128 ], [ -73.895878999987801, 40.69549799952523 ], [ -73.896309000158112, 40.69609400005568 ], [ -73.896771999940384, 40.696798999576146 ] ] ] ] } },
{ "type": "Feature", "properties": { "STATEFP": "36", "COUNTYFP": "081", "TRACTCE": "055300", "GEOID": "36081055300", "NAME": "553", "NAMELSAD": "Census Tract 553", "MTFCC": "G5020", "FUNCSTAT": "S", "ALAND": 137026.0, "AWATER": 0.0, "INTPTLAT": "+40.6989501", "INTPTLON": "-073.9065464", "Shape__Are": 238636.226562, "Shape__Len": 2326.1047128499999 }, "geometry": { "type": "MultiPolygon", "coordinates": [ [ [ [ -73.911035999790585, 40.699531999533995 ], [ -73.909536000115693, 40.699744999819259 ], [ -73.908683000346073, 40.699840999351061 ], [ -73.908299000206526, 40.69988199962684 ], [ -73.906978000631753, 40.700034000495435 ], [ -73.906211000177564, 40.700122000087035 ], [ -73.905605000280147, 40.7001919996327 ], [ -73.904879999658746, 40.700270999741853 ], [ -73.903675000434944, 40.700408999595709 ], [ -73.902490000404313, 40.7004840003883 ], [ -73.902953000186585, 40.700004999621683 ], [ -73.904070000445145, 40.698857000145274 ], [ -73.906117000466224, 40.69675000019847 ], [ -73.906155999925971, 40.696776000303622 ], [ -73.9062630000561, 40.69683200044323 ], [ -73.906524000172013, 40.696975999515786 ], [ -73.906845999488965, 40.697164000352736 ], [ -73.906926999679811, 40.697208000356063 ], [ -73.90703600035809, 40.697267999385041 ], [ -73.907120000023667, 40.697313999625592 ], [ -73.907274999834371, 40.697398999971739 ], [ -73.907371999918738, 40.697452000156709 ], [ -73.907523000429791, 40.697548000268725 ], [ -73.90757000028546, 40.69757200044539 ], [ -73.907771000126914, 40.697684000020374 ], [ -73.908022000197093, 40.697824999880368 ], [ -73.908773999684357, 40.698255000344531 ], [ -73.909533000640963, 40.698674999432946 ], [ -73.910142999838015, 40.699033000278803 ], [ -73.911035999790585, 40.699531999533995 ] ] ] ] } },
{ "type": "Feature", "properties": { "STATEFP": "36", "COUNTYFP": "081", "TRACTCE": "055500", "GEOID": "36081055500", "NAME": "555", "NAMELSAD": "Census Tract 555", "MTFCC": "G5020", "FUNCSTAT": "S", "ALAND": 153716.0, "AWATER": 0.0, "INTPTLAT": "+40.6972245", "INTPTLON": "-073.9032791", "Shape__Are": 267690.761719, "Shape__Len": 2557.5663674699999 }, "geometry": { "type": "MultiPolygon", "coordinates": [ [ [ [ -73.906117000466224, 40.69675000019847 ], [ -73.904070000445145, 40.698857000145274 ], [ -73.902953000186585, 40.700004999621683 ], [ -73.902239000334148, 40.699584000286777 ], [ -73.901523999758481, 40.699161999868508 ], [ -73.900813000279086, 40.698742000445257 ], [ -73.900101999901366, 40.698319000344163 ], [ -73.901219000159955, 40.697170999736052 ], [ -73.903217999602134, 40.695117000269853 ], [ -73.903504000730706, 40.695274000328844 ], [ -73.904221000057873, 40.694534000682864 ], [ -73.905042999865344, 40.693704000118146 ], [ -73.905800000273828, 40.694127999413929 ], [ -73.904913999993937, 40.695074000093747 ], [ -73.904804000389063, 40.695147999555985 ], [ -73.904260000415945, 40.695700000203999 ], [ -73.904663999748678, 40.695932000039193 ], [ -73.904802999665861, 40.696008000255716 ], [ -73.904890000602791, 40.696050999829033 ], [ -73.904951999628778, 40.696086000047316 ], [ -73.905011000078318, 40.69612200007748 ], [ -73.905083000048322, 40.696162999917881 ], [ -73.905235000384295, 40.696251000536648 ], [ -73.905401000065652, 40.696349999816803 ], [ -73.905582999640529, 40.696448999630924 ], [ -73.905704000014339, 40.69651499965228 ], [ -73.90577099996149, 40.696548999802886 ], [ -73.906117000466224, 40.69675000019847 ] ] ] ] } },
{ "type": "Feature", "properties": { "STATEFP": "36", "COUNTYFP": "081", "TRACTCE": "055700", "GEOID": "36081055700", "NAME": "557", "NAMELSAD": "Census Tract 557", "MTFCC": "G5020", "FUNCSTAT": "S", "ALAND": 238756.0, "AWATER": 0.0, "INTPTLAT": "+40.6986893", "INTPTLON": "-073.8983148", "Shape__Are": 415800.527344, "Shape__Len": 3189.14826313 }, "geometry": { "type": "MultiPolygon", "coordinates": [ [ [ [ -73.902490000404313, 40.7004840003883 ], [ -73.901414999978542, 40.700491000103824 ], [ -73.901327000114989, 40.700491999868518 ], [ -73.900199999810681, 40.700501000474453 ], [ -73.899759000668013, 40.700504999532647 ], [ -73.899116000062378, 40.700511000162578 ], [ -73.898368999699656, 40.700517999875274 ], [ -73.897982999910283, 40.70051700011097 ], [ -73.896720999886753, 40.700617000305812 ], [ -73.896271000523271, 40.700652999930568 ], [ -73.8960960006211, 40.700667000006426 ], [ -73.894387999635413, 40.70078399999003 ], [ -73.893839999464333, 40.700860000119583 ], [ -73.894202000760899, 40.700506999742679 ], [ -73.895003000651968, 40.699711999714133 ], [ -73.894849999592779, 40.698590000033867 ], [ -73.895780000253595, 40.698510999974282 ], [ -73.895585000259928, 40.697128000204543 ], [ -73.896771999940384, 40.696798999576146 ], [ -73.897562999785706, 40.696481000165413 ], [ -73.89838200011846, 40.696135999743369 ], [ -73.898885999908615, 40.695390000408018 ], [ -73.89908900029819, 40.695604999991403 ], [ -73.899212000321853, 40.695702000558327 ], [ -73.899870000097792, 40.696219999720498 ], [ -73.900503000657693, 40.696739000124744 ], [ -73.901219000159955, 40.697170999736052 ], [ -73.900101999901366, 40.698319000344163 ], [ -73.900813000279086, 40.698742000445257 ], [ -73.901523999758481, 40.699161999868508 ], [ -73.902239000334148, 40.699584000286777 ], [ -73.902953000186585, 40.700004999621683 ], [ -73.902490000404313, 40.7004840003883 ] ] ] ] } },
{ "type": "Feature", "properties": { "STATEFP": "36", "COUNTYFP": "081", "TRACTCE": "057700", "GEOID": "36081057700", "NAME": "577", "NAMELSAD": "Census Tract 577", "MTFCC": "G5020", "FUNCSTAT": "S", "ALAND": 186600.0, "AWATER": 0.0, "INTPTLAT": "+40.7003929", "INTPTLON": "-073.8907145", "Shape__Are": 324987.023438, "Shape__Len": 2594.6827084699999 }, "geometry": { "type": "MultiPolygon", "coordinates": [ [ [ [ -73.893839999464333, 40.700860000119583 ], [ -73.892744000020471, 40.701850999956129 ], [ -73.891628000485113, 40.702126999641401 ], [ -73.890727000136621, 40.702335000434999 ], [ -73.889829999986063, 40.702549000344277 ], [ -73.888935000383668, 40.702761000104772 ], [ -73.888042999357694, 40.702972000144072 ], [ -73.887400999475275, 40.701400999763855 ], [ -73.887931000102995, 40.701353999869617 ], [ -73.888352000052492, 40.701320000128305 ], [ -73.888861999690434, 40.701276000116813 ], [ -73.888726999971212, 40.699603000158803 ], [ -73.888822999332362, 40.699506000504471 ], [ -73.888618000191272, 40.699330000258477 ], [ -73.888541000198387, 40.699243999868571 ], [ -73.888451999611604, 40.699145000121696 ], [ -73.888188999845852, 40.698860000194003 ], [ -73.889292999685651, 40.698553000181448 ], [ -73.890198000232104, 40.698345999633915 ], [ -73.891105999354991, 40.698138000005279 ], [ -73.892001999680616, 40.69793399962073 ], [ -73.892886000310696, 40.697740000077808 ], [ -73.8930410001214, 40.698740000182255 ], [ -73.893249000533856, 40.700183000347124 ], [ -73.893349000092954, 40.700891000138583 ], [ -73.893839999464333, 40.700860000119583 ] ] ] ] } },
{ "type": "Feature", "properties": { "STATEFP": "36", "COUNTYFP": "081", "TRACTCE": "066501", "GEOID": "36081066501", "NAME": "665.01", "NAMELSAD": "Census Tract 665.01", "MTFCC": "G5020", "FUNCSTAT": "S", "ALAND": 327798.0, "AWATER": 0.0, "INTPTLAT": "+40.7193458", "INTPTLON": "-073.8873580", "Shape__Are": 571221.00390600006, "Shape__Len": 4693.7908310599996 }, "geometry": { "type": "MultiPolygon", "coordinates": [ [ [ [ -73.893940999746675, 40.718096999651756 ], [ -73.893757999448567, 40.718206000259102 ], [ -73.892511999318572, 40.718805999813696 ], [ -73.892129999727146, 40.718987000495602 ], [ -73.891160000679989, 40.719459999261922 ], [ -73.890090999203679, 40.719956000241041 ], [ -73.889907999803881, 40.72004200043839 ], [ -73.889663999406395, 40.720155999974608 ], [ -73.888841000672357, 40.720536999659572 ], [ -73.888041000606179, 40.720907999859001 ], [ -73.887240000715096, 40.72128000016653 ], [ -73.886438999925716, 40.721651999756752 ], [ -73.886121999733305, 40.721799000690851 ], [ -73.885641000407688, 40.722021999746637 ], [ -73.884842000166444, 40.722391999722142 ], [ -73.884605000339974, 40.722501000104749 ], [ -73.884037000077385, 40.722766000127976 ], [ -73.883764000265927, 40.722891999715031 ], [ -73.88323500036141, 40.72313700015814 ], [ -73.882435000295246, 40.723509000262659 ], [ -73.88092000055174, 40.721603000281021 ], [ -73.881307000166018, 40.721415999796662 ], [ -73.881844999393053, 40.721378999689492 ], [ -73.88288800003177, 40.721318999913706 ], [ -73.88393099977219, 40.721034000239904 ], [ -73.884834999595427, 40.720818000218976 ], [ -73.885158999460529, 40.72047999956132 ], [ -73.885473000178195, 40.719383999932901 ], [ -73.885534000277573, 40.719171999984361 ], [ -73.885568999539345, 40.719096999811917 ], [ -73.88539600018531, 40.719101999962241 ], [ -73.88531799946918, 40.718909000288434 ], [ -73.884738000409357, 40.718151000568341 ], [ -73.88422899969801, 40.717524000201287 ], [ -73.88504700020583, 40.717141999416341 ], [ -73.885837000226275, 40.716776999860649 ], [ -73.886661999508462, 40.716396000443119 ], [ -73.887916000034394, 40.715806000389691 ], [ -73.888440999740936, 40.716436999378914 ], [ -73.888984999714069, 40.7170200006288 ], [ -73.889533999710054, 40.717615999905981 ], [ -73.890089000452164, 40.718207000438746 ], [ -73.890535000515996, 40.7187019996883 ], [ -73.890740999482006, 40.718451999743358 ], [ -73.890850999985176, 40.718308000122377 ], [ -73.891122000146851, 40.718091000606336 ], [ -73.891317000140504, 40.717929999805456 ], [ -73.891398999257945, 40.717851000217387 ], [ -73.89165199987626, 40.717762999540263 ], [ -73.892693999791746, 40.716669000520596 ], [ -73.892700000537857, 40.716540000114719 ], [ -73.892838000630121, 40.716006000335817 ], [ -73.894235000372859, 40.717924000064166 ], [ -73.893940999746675, 40.718096999651756 ] ] ] ] } },
{ "type": "Feature", "properties": { "STATEFP": "36", "COUNTYFP": "081", "TRACTCE": "066301", "GEOID": "36081066301", "NAME": "663.01", "NAMELSAD": "Census Tract 663.01", "MTFCC": "G5020", "FUNCSTAT": "S", "ALAND": 280333.0, "AWATER": 0.0, "INTPTLAT": "+40.7234528", "INTPTLON": "-073.8727283", "Shape__Are": 488545.195312, "Shape__Len": 4765.0264214500003 }, "geometry": { "type": "MultiPolygon", "coordinates": [ [ [ [ -73.88092000055174, 40.721603000281021 ], [ -73.880105999343542, 40.7219740006663 ], [ -73.879305999277378, 40.722345000345307 ], [ -73.878505000284619, 40.72271600067964 ], [ -73.877674000256306, 40.72310100043299 ], [ -73.876840999679871, 40.723487000102033 ], [ -73.876039999788802, 40.723859000292798 ], [ -73.875238000072812, 40.724230000357593 ], [ -73.874438999831568, 40.724599000229595 ], [ -73.873642999963351, 40.724970000254153 ], [ -73.87338500022048, 40.725101000133961 ], [ -73.873284999763072, 40.725141999835479 ], [ -73.87316799958721, 40.72519000003512 ], [ -73.87302199999732, 40.725240999741239 ], [ -73.872827000003653, 40.725296999774038 ], [ -73.872801999889305, 40.725304000285426 ], [ -73.871352999369719, 40.723493000022813 ], [ -73.869868999588334, 40.721638000007488 ], [ -73.870667999829593, 40.721267999925551 ], [ -73.871472000093718, 40.720898999968533 ], [ -73.872272000159896, 40.720526000110247 ], [ -73.873370000151894, 40.720018000188638 ], [ -73.873874999766954, 40.719785000349759 ], [ -73.874704999970334, 40.719398000156239 ], [ -73.875536999823566, 40.719011999922941 ], [ -73.876338000612947, 40.718641999542029 ], [ -73.87714000032895, 40.718269000653684 ], [ -73.877940999321694, 40.717898000724794 ], [ -73.879167000258533, 40.719431000038817 ], [ -73.878213000206557, 40.719611000224461 ], [ -73.877258999256313, 40.719791999398353 ], [ -73.876305999927581, 40.719970999816404 ], [ -73.8753089993196, 40.720155999974608 ], [ -73.874319000180961, 40.720342999913804 ], [ -73.87358900043499, 40.720479000096624 ], [ -73.87416099999723, 40.722191999898797 ], [ -73.87455399945928, 40.722006999952619 ], [ -73.875448999960014, 40.721751000088041 ], [ -73.876464000111326, 40.721593999803737 ], [ -73.877594999715299, 40.721575000078104 ], [ -73.878678000536993, 40.721556999795553 ], [ -73.879734000696175, 40.721507000119836 ], [ -73.88084100001069, 40.721441000354218 ], [ -73.881307000166018, 40.721415999796662 ], [ -73.88092000055174, 40.721603000281021 ] ] ] ] } },
{ "type": "Feature", "properties": { "STATEFP": "36", "COUNTYFP": "081", "TRACTCE": "066302", "GEOID": "36081066302", "NAME": "663.02", "NAMELSAD": "Census Tract 663.02", "MTFCC": "G5020", "FUNCSTAT": "S", "ALAND": 244844.0, "AWATER": 0.0, "INTPTLAT": "+40.7201905", "INTPTLON": "-073.8803074", "Shape__Are": 426676.519531, "Shape__Len": 3307.7579852600002 }, "geometry": { "type": "MultiPolygon", "coordinates": [ [ [ [ -73.885534000277573, 40.719171999984361 ], [ -73.885473000178195, 40.719383999932901 ], [ -73.885158999460529, 40.72047999956132 ], [ -73.884834999595427, 40.720818000218976 ], [ -73.88393099977219, 40.721034000239904 ], [ -73.88288800003177, 40.721318999913706 ], [ -73.881844999393053, 40.721378999689492 ], [ -73.881307000166018, 40.721415999796662 ], [ -73.88084100001069, 40.721441000354218 ], [ -73.879734000696175, 40.721507000119836 ], [ -73.878678000536993, 40.721556999795553 ], [ -73.877594999715299, 40.721575000078104 ], [ -73.876464000111326, 40.721593999803737 ], [ -73.875448999960014, 40.721751000088041 ], [ -73.87455399945928, 40.722006999952619 ], [ -73.87416099999723, 40.722191999898797 ], [ -73.87358900043499, 40.720479000096624 ], [ -73.874319000180961, 40.720342999913804 ], [ -73.8753089993196, 40.720155999974608 ], [ -73.876305999927581, 40.719970999816404 ], [ -73.877258999256313, 40.719791999398353 ], [ -73.878213000206557, 40.719611000224461 ], [ -73.879167000258533, 40.719431000038817 ], [ -73.880122000135387, 40.719251000047279 ], [ -73.881025000133718, 40.719012999409586 ], [ -73.881830000222749, 40.718640000557492 ], [ -73.882628999565682, 40.718270999649363 ], [ -73.883420000309343, 40.71790199941924 ], [ -73.88422899969801, 40.717524000201287 ], [ -73.884738000409357, 40.718151000568341 ], [ -73.88531799946918, 40.718909000288434 ], [ -73.88539600018531, 40.719101999962241 ], [ -73.885568999539345, 40.719096999811917 ], [ -73.885534000277573, 40.719171999984361 ] ] ] ] } },
{ "type": "Feature", "properties": { "STATEFP": "36", "COUNTYFP": "081", "TRACTCE": "066100", "GEOID": "36081066100", "NAME": "661", "NAMELSAD": "Census Tract 661", "MTFCC": "G5020", "FUNCSTAT": "S", "ALAND": 133576.0, "AWATER": 0.0, "INTPTLAT": "+40.7175103", "INTPTLON": "-073.8817903", "Shape__Are": 232760.128906, "Shape__Len": 2289.84565243 }, "geometry": { "type": "MultiPolygon", "coordinates": [ [ [ [ -73.886661999508462, 40.716396000443119 ], [ -73.885837000226275, 40.716776999860649 ], [ -73.88504700020583, 40.717141999416341 ], [ -73.88422899969801, 40.717524000201287 ], [ -73.883420000309343, 40.71790199941924 ], [ -73.882628999565682, 40.718270999649363 ], [ -73.881830000222749, 40.718640000557492 ], [ -73.881025000133718, 40.719012999409586 ], [ -73.880122000135387, 40.719251000047279 ], [ -73.879167000258533, 40.719431000038817 ], [ -73.877940999321694, 40.717898000724794 ], [ -73.878741999212778, 40.71752899978889 ], [ -73.879557000245867, 40.717150000300094 ], [ -73.880343999893242, 40.716785000107372 ], [ -73.8811430001345, 40.716413000552933 ], [ -73.881641999901774, 40.716183000301058 ], [ -73.881879999553149, 40.716169000082402 ], [ -73.882380999868573, 40.716172000032245 ], [ -73.883247000056969, 40.716180000351734 ], [ -73.884111999522176, 40.716185999569362 ], [ -73.885049999680589, 40.716180000351734 ], [ -73.886351000062163, 40.716016999951165 ], [ -73.886661999508462, 40.716396000443119 ] ] ] ] } },
{ "type": "Feature", "properties": { "STATEFP": "36", "COUNTYFP": "047", "TRACTCE": "012600", "GEOID": "36047012600", "NAME": "126", "NAMELSAD": "Census Tract 126", "MTFCC": "G5020", "FUNCSTAT": "S", "ALAND": 235982.0, "AWATER": 0.0, "INTPTLAT": "+40.6348190", "INTPTLON": "-074.0190415", "Shape__Are": 410190.425781, "Shape__Len": 3004.8511811799999 }, "geometry": { "type": "MultiPolygon", "coordinates": [ [ [ [ -74.022910000572068, 40.636108000298393 ], [ -74.022625999991618, 40.636798999710145 ], [ -74.022480000401742, 40.636950999915342 ], [ -74.022149999790543, 40.637240000176327 ], [ -74.021921999286604, 40.637437999354638 ], [ -74.021692999856057, 40.637652999745953 ], [ -74.021358999945207, 40.637966999539522 ], [ -74.021224000226013, 40.638115000419369 ], [ -74.021086999958655, 40.638261999591329 ], [ -74.020773999964206, 40.637978000449877 ], [ -74.020430999832541, 40.637668000127888 ], [ -74.019553999773493, 40.637091000049452 ], [ -74.01889700072077, 40.636855999827638 ], [ -74.017168999643587, 40.635749000249291 ], [ -74.01675200079039, 40.635439999861234 ], [ -74.016274000041193, 40.63486699988394 ], [ -74.016108000359836, 40.634486000421383 ], [ -74.015971000092478, 40.634047999726974 ], [ -74.0159159998409, 40.63371900000525 ], [ -74.015925000061728, 40.633381999991556 ], [ -74.015672000341738, 40.633515000179926 ], [ -74.015643000029442, 40.633529000040816 ], [ -74.015138999340948, 40.633217000009921 ], [ -74.015278999981362, 40.632868000386992 ], [ -74.015424000644614, 40.632513000370025 ], [ -74.01574799961142, 40.63176499990567 ], [ -74.016048000085391, 40.631032999877206 ], [ -74.016222999987562, 40.631145000118408 ], [ -74.016458000164192, 40.631296999560888 ], [ -74.01650199964682, 40.631326000330219 ], [ -74.016695999815582, 40.63145399993148 ], [ -74.016956000106589, 40.631622000527102 ], [ -74.018448000283882, 40.632296000257824 ], [ -74.018529999401338, 40.632334000177615 ], [ -74.018244999894293, 40.633033999962393 ], [ -74.019263000418647, 40.633494000383052 ], [ -74.020722000085684, 40.634168999701785 ], [ -74.023235000262076, 40.635318000084233 ], [ -74.022910000572068, 40.636108000298393 ] ] ] ] } },
{ "type": "Feature", "properties": { "STATEFP": "36", "COUNTYFP": "047", "TRACTCE": "046000", "GEOID": "36047046000", "NAME": "460", "NAMELSAD": "Census Tract 460", "MTFCC": "G5020", "FUNCSTAT": "S", "ALAND": 196068.0, "AWATER": 0.0, "INTPTLAT": "+40.6321630", "INTPTLON": "-073.9657330", "Shape__Are": 340779.199219, "Shape__Len": 3735.0228273600001 }, "geometry": { "type": "MultiPolygon", "coordinates": [ [ [ [ -73.971567999640584, 40.629987999749474 ], [ -73.971264999691869, 40.630133000176784 ], [ -73.970302999244012, 40.630598000104889 ], [ -73.969281000318304, 40.631087999897396 ], [ -73.968409999208717, 40.631508999604918 ], [ -73.967925999510058, 40.631743999558459 ], [ -73.967550000664716, 40.631921999857653 ], [ -73.966776999464415, 40.632295000151984 ], [ -73.966266000001582, 40.632546999758198 ], [ -73.96567700072093, 40.63283000008942 ], [ -73.964804999786423, 40.633248999538296 ], [ -73.96394599927072, 40.633661999936308 ], [ -73.963104999196659, 40.63406499971417 ], [ -73.962643000137618, 40.63428799998708 ], [ -73.962202999921573, 40.634500000078688 ], [ -73.9613119996188, 40.634925999738691 ], [ -73.960409000518794, 40.635359999887356 ], [ -73.959898000157622, 40.632667999726202 ], [ -73.960860000605507, 40.632561999923901 ], [ -73.962299000181034, 40.632400000273911 ], [ -73.963674000182479, 40.632249999464833 ], [ -73.964602000295145, 40.632147000004935 ], [ -73.965528999684594, 40.632043999704358 ], [ -73.966165000617536, 40.631976999827288 ], [ -73.966676000080412, 40.631921999857646 ], [ -73.96607399948266, 40.629545000175213 ], [ -73.967076000113494, 40.629435000274832 ], [ -73.968000999853118, 40.629333000031764 ], [ -73.968928999965811, 40.629230999632846 ], [ -73.970001000018527, 40.62911399950486 ], [ -73.971085999591736, 40.628996999853598 ], [ -73.971373999471822, 40.62896600048856 ], [ -73.971567999640584, 40.629987999749474 ] ] ] ] } },
{ "type": "Feature", "properties": { "STATEFP": "36", "COUNTYFP": "081", "TRACTCE": "048302", "GEOID": "36081048302", "NAME": "483.02", "NAMELSAD": "Census Tract 483.02", "MTFCC": "G5020", "FUNCSTAT": "S", "ALAND": 134146.0, "AWATER": 0.0, "INTPTLAT": "+40.7414691", "INTPTLON": "-073.8946849", "Shape__Are": 233917.019531, "Shape__Len": 2351.81219186 }, "geometry": { "type": "MultiPolygon", "coordinates": [ [ [ [ -73.898882000608964, 40.740737999983033 ], [ -73.898736999945697, 40.740848999942365 ], [ -73.898608999899167, 40.740969000297092 ], [ -73.898131000048295, 40.741343999584856 ], [ -73.897277000453769, 40.742045999728369 ], [ -73.897344999327501, 40.74213300046631 ], [ -73.897115000072063, 40.742320999724363 ], [ -73.896453000098163, 40.742861000256589 ], [ -73.896305999785071, 40.742830000040904 ], [ -73.896138999380469, 40.742794999889767 ], [ -73.895653000031999, 40.742684000455498 ], [ -73.894692000307344, 40.742573999968812 ], [ -73.894324000061303, 40.742534999746361 ], [ -73.893765999844476, 40.742608999555571 ], [ -73.89282100001337, 40.742741000592787 ], [ -73.892178999232627, 40.742873000006867 ], [ -73.891746000485909, 40.74213800024711 ], [ -73.891337000231985, 40.741419999700106 ], [ -73.890886999970192, 40.740686999902785 ], [ -73.892351000558392, 40.740517000033641 ], [ -73.894684999736327, 40.74023300006774 ], [ -73.895837999979918, 40.740452999754147 ], [ -73.896856000504286, 40.74063700030672 ], [ -73.89752900034884, 40.740764999769432 ], [ -73.897012000139895, 40.740275999670764 ], [ -73.897444999784938, 40.740360000461187 ], [ -73.897695999855102, 40.740407999892945 ], [ -73.898683000417336, 40.740591999889347 ], [ -73.898984999642821, 40.740646000250351 ], [ -73.898882000608964, 40.740737999983033 ] ] ] ] } },
{ "type": "Feature", "properties": { "STATEFP": "36", "COUNTYFP": "047", "TRACTCE": "078801", "GEOID": "36047078801", "NAME": "788.01", "NAMELSAD": "Census Tract 788.01", "MTFCC": "G5020", "FUNCSTAT": "S", "ALAND": 93155.0, "AWATER": 0.0, "INTPTLAT": "+40.6374228", "INTPTLON": "-073.9503076", "Shape__Are": 161935.78125, "Shape__Len": 1726.9533567000001 }, "geometry": { "type": "MultiPolygon", "coordinates": [ [ [ [ -73.953071999655975, 40.638426000043012 ], [ -73.952132999672628, 40.638423000000948 ], [ -73.951157999704279, 40.638428000070952 ], [ -73.950166999842395, 40.638490999557675 ], [ -73.949685000691872, 40.638519999929059 ], [ -73.949232999881929, 40.638547999593911 ], [ -73.948264999586286, 40.638606999604114 ], [ -73.948015000239351, 40.636266999674831 ], [ -73.948984000359914, 40.636208999688961 ], [ -73.949919000145272, 40.636151999700701 ], [ -73.950904999984303, 40.63608700063542 ], [ -73.951100999802861, 40.636072999947466 ], [ -73.951972000014152, 40.6369010001372 ], [ -73.952789999623661, 40.637650000350838 ], [ -73.953599999735559, 40.63842199998691 ], [ -73.953071999655975, 40.638426000043012 ] ] ] ] } },
{ "type": "Feature", "properties": { "STATEFP": "36", "COUNTYFP": "047", "TRACTCE": "078601", "GEOID": "36047078601", "NAME": "786.01", "NAMELSAD": "Census Tract 786.01", "MTFCC": "G5020", "FUNCSTAT": "S", "ALAND": 87141.0, "AWATER": 0.0, "INTPTLAT": "+40.6341973", "INTPTLON": "-073.9479551", "Shape__Are": 151469.464844, "Shape__Len": 2153.57474056 }, "geometry": { "type": "MultiPolygon", "coordinates": [ [ [ [ -73.951100999802861, 40.636072999947466 ], [ -73.950904999984303, 40.63608700063542 ], [ -73.949919000145272, 40.636151999700701 ], [ -73.948984000359914, 40.636208999688961 ], [ -73.948015000239351, 40.636266999674831 ], [ -73.94777400021492, 40.633999000581916 ], [ -73.946805000094358, 40.634059000601418 ], [ -73.945867999760836, 40.634117000409937 ], [ -73.945616999690671, 40.631778000019963 ], [ -73.946292000083375, 40.631722999886343 ], [ -73.946478999681119, 40.631707999532175 ], [ -73.946561000595196, 40.631784999451106 ], [ -73.946826999835665, 40.632033999289433 ], [ -73.947698999871847, 40.632884999992896 ], [ -73.948818999605152, 40.633902000220417 ], [ -73.949449000690322, 40.634508000660638 ], [ -73.949778000578291, 40.634814000385887 ], [ -73.95090800035733, 40.635891000281099 ], [ -73.951100999802861, 40.636072999947466 ] ] ] ] } },
{ "type": "Feature", "properties": { "STATEFP": "36", "COUNTYFP": "047", "TRACTCE": "078602", "GEOID": "36047078602", "NAME": "786.02", "NAMELSAD": "Census Tract 786.02", "MTFCC": "G5020", "FUNCSTAT": "S", "ALAND": 83930.0, "AWATER": 0.0, "INTPTLAT": "+40.6346388", "INTPTLON": "-073.9461359", "Shape__Are": 145887.59375, "Shape__Len": 2002.7193472700001 }, "geometry": { "type": "MultiPolygon", "coordinates": [ [ [ [ -73.948015000239351, 40.636266999674831 ], [ -73.947043999570653, 40.636328999792106 ], [ -73.94614999979315, 40.636384999584671 ], [ -73.945123000844575, 40.636447999635998 ], [ -73.944881000096942, 40.63417700032344 ], [ -73.944629000201857, 40.631838000671813 ], [ -73.945616999690671, 40.631778000019963 ], [ -73.945867999760836, 40.634117000409937 ], [ -73.946805000094358, 40.634059000601418 ], [ -73.94777400021492, 40.633999000581916 ], [ -73.948015000239351, 40.636266999674831 ] ] ] ] } },
{ "type": "Feature", "properties": { "STATEFP": "36", "COUNTYFP": "047", "TRACTCE": "078802", "GEOID": "36047078802", "NAME": "788.02", "NAMELSAD": "Census Tract 788.02", "MTFCC": "G5020", "FUNCSTAT": "S", "ALAND": 63958.0, "AWATER": 0.0, "INTPTLAT": "+40.6375276", "INTPTLON": "-073.9466941", "Shape__Are": 111180.929688, "Shape__Len": 1334.6897592400001 }, "geometry": { "type": "MultiPolygon", "coordinates": [ [ [ [ -73.948264999586286, 40.638606999604114 ], [ -73.947684999628137, 40.638643000682322 ], [ -73.947168000317518, 40.638675000336789 ], [ -73.9464490004422, 40.638720000101927 ], [ -73.945373000191523, 40.638787000029254 ], [ -73.945123000844575, 40.636447999635998 ], [ -73.94614999979315, 40.636384999584671 ], [ -73.947043999570653, 40.636328999792106 ], [ -73.948015000239351, 40.636266999674831 ], [ -73.948264999586286, 40.638606999604114 ] ] ] ] } },
{ "type": "Feature", "properties": { "STATEFP": "36", "COUNTYFP": "047", "TRACTCE": "001804", "GEOID": "36047001804", "NAME": "18.04", "NAMELSAD": "Census Tract 18.04", "MTFCC": "G5020", "FUNCSTAT": "S", "ALAND": 342773.0, "AWATER": 1393405.0, "INTPTLAT": "+40.6436980", "INTPTLON": "-074.0267360", "Shape__Are": 3019087.6484400001, "Shape__Len": 9279.8032390200005 }, "geometry": { "type": "MultiPolygon", "coordinates": [ [ [ [ -74.053045999902409, 40.655980000535564 ], [ -74.05172399960442, 40.658167999779536 ], [ -74.051285999936496, 40.658893000068545 ], [ -74.050735000290686, 40.659806999582671 ], [ -74.025055000502434, 40.646991000525091 ], [ -74.024846999191652, 40.64650699957302 ], [ -74.023834999413381, 40.645918999276184 ], [ -74.021598000319827, 40.644598000128816 ], [ -74.022165999684091, 40.644050999911478 ], [ -74.022769000106749, 40.643469000101128 ], [ -74.02337099980619, 40.642888999881571 ], [ -74.023955999787219, 40.642326999959209 ], [ -74.024547000514318, 40.641760000256333 ], [ -74.025119999901449, 40.641210000039699 ], [ -74.025723999250715, 40.640631000621177 ], [ -74.026097999344529, 40.640269999700386 ], [ -74.026257000251505, 40.640132000075042 ], [ -74.026605999332645, 40.640236000155106 ], [ -74.026725999881549, 40.640271999673104 ], [ -74.02690300033187, 40.64033600013164 ], [ -74.027017000134691, 40.640380000155638 ], [ -74.027401999200833, 40.64054400017563 ], [ -74.028001000323883, 40.640828999285027 ], [ -74.028371000219707, 40.640995000197819 ], [ -74.028896999751197, 40.641213999928731 ], [ -74.02907899932606, 40.641274000280532 ], [ -74.029105000163653, 40.641414999497648 ], [ -74.028922999690451, 40.641451000424752 ], [ -74.029059999957795, 40.641726999389604 ], [ -74.03056300000577, 40.642564000593211 ], [ -74.032076000099437, 40.643406999798799 ], [ -74.032644000362026, 40.643800000037061 ], [ -74.053229000200503, 40.65565699976667 ], [ -74.053045999902409, 40.655980000535564 ] ] ] ] } },
{ "type": "Feature", "properties": { "STATEFP": "36", "COUNTYFP": "047", "TRACTCE": "010601", "GEOID": "36047010601", "NAME": "106.01", "NAMELSAD": "Census Tract 106.01", "MTFCC": "G5020", "FUNCSTAT": "S", "ALAND": 75434.0, "AWATER": 0.0, "INTPTLAT": "+40.6395396", "INTPTLON": "-074.0071422", "Shape__Are": 131141.183594, "Shape__Len": 1463.89234018 }, "geometry": { "type": "MultiPolygon", "coordinates": [ [ [ [ -74.008824999923675, 40.639644999838652 ], [ -74.00824200049081, 40.6402049998729 ], [ -74.00765999998454, 40.640764999980831 ], [ -74.0070790002015, 40.641325000162261 ], [ -74.004876999471406, 40.639994999473338 ], [ -74.005457000327851, 40.63943499972239 ], [ -74.006041000483947, 40.638877000059821 ], [ -74.006622000266987, 40.638314999760567 ], [ -74.007205999524786, 40.637755000231628 ], [ -74.009409000079785, 40.639084999878243 ], [ -74.008824999923675, 40.639644999838652 ] ] ] ] } },
{ "type": "Feature", "properties": { "STATEFP": "36", "COUNTYFP": "047", "TRACTCE": "010401", "GEOID": "36047010401", "NAME": "104.01", "NAMELSAD": "Census Tract 104.01", "MTFCC": "G5020", "FUNCSTAT": "S", "ALAND": 76142.0, "AWATER": 0.0, "INTPTLAT": "+40.6372888", "INTPTLON": "-074.0094827", "Shape__Are": 132362.652344, "Shape__Len": 1471.9854916899999 }, "geometry": { "type": "MultiPolygon", "coordinates": [ [ [ [ -74.011153999977054, 40.637403999730275 ], [ -74.010571999470798, 40.637964999497747 ], [ -74.009989000037919, 40.638523999979242 ], [ -74.009409000079785, 40.639084999878243 ], [ -74.007205999524786, 40.637755000231628 ], [ -74.00778800003107, 40.637195000095268 ], [ -74.008370999463935, 40.636635000715039 ], [ -74.008952999970205, 40.636075000045963 ], [ -74.009556999319457, 40.635493000225765 ], [ -74.011760000772796, 40.636822999944947 ], [ -74.011153999977054, 40.637403999730275 ] ] ] ] } },
{ "type": "Feature", "properties": { "STATEFP": "36", "COUNTYFP": "047", "TRACTCE": "010402", "GEOID": "36047010402", "NAME": "104.02", "NAMELSAD": "Census Tract 104.02", "MTFCC": "G5020", "FUNCSTAT": "S", "ALAND": 76170.0, "AWATER": 0.0, "INTPTLAT": "+40.6359594", "INTPTLON": "-074.0072805", "Shape__Are": 132405.617188, "Shape__Len": 1471.72708663 }, "geometry": { "type": "MultiPolygon", "coordinates": [ [ [ [ -74.008952999970205, 40.636075000045963 ], [ -74.008370999463935, 40.636635000715039 ], [ -74.00778800003107, 40.637195000095268 ], [ -74.007205999524786, 40.637755000231628 ], [ -74.005002999868097, 40.636424999992016 ], [ -74.005586000199287, 40.635866000340606 ], [ -74.006168999632138, 40.635302999855988 ], [ -74.006750999240111, 40.634744999741578 ], [ -74.007355999312608, 40.634163999994485 ], [ -74.009556999319457, 40.635493000225765 ], [ -74.008952999970205, 40.636075000045963 ] ] ] ] } },
{ "type": "Feature", "properties": { "STATEFP": "36", "COUNTYFP": "047", "TRACTCE": "010602", "GEOID": "36047010602", "NAME": "106.02", "NAMELSAD": "Census Tract 106.02", "MTFCC": "G5020", "FUNCSTAT": "S", "ALAND": 75498.0, "AWATER": 0.0, "INTPTLAT": "+40.6382102", "INTPTLON": "-074.0049387", "Shape__Are": 131246.003906, "Shape__Len": 1464.2566855299999 }, "geometry": { "type": "MultiPolygon", "coordinates": [ [ [ [ -74.006622000266987, 40.638314999760567 ], [ -74.006041000483947, 40.638877000059821 ], [ -74.005457000327851, 40.63943499972239 ], [ -74.004876999471406, 40.639994999473338 ], [ -74.002672000164893, 40.638666999572536 ], [ -74.003252999947946, 40.638103999531566 ], [ -74.003837999928948, 40.637546000332136 ], [ -74.004420000435232, 40.636985000452093 ], [ -74.005002999868097, 40.636424999992016 ], [ -74.007205999524786, 40.637755000231628 ], [ -74.006622000266987, 40.638314999760567 ] ] ] ] } },
{ "type": "Feature", "properties": { "STATEFP": "36", "COUNTYFP": "081", "TRACTCE": "055100", "GEOID": "36081055100", "NAME": "551", "NAMELSAD": "Census Tract 551", "MTFCC": "G5020", "FUNCSTAT": "S", "ALAND": 155133.0, "AWATER": 0.0, "INTPTLAT": "+40.7015951", "INTPTLON": "-073.9039117", "Shape__Are": 270195.425781, "Shape__Len": 2401.9873848299999 }, "geometry": { "type": "MultiPolygon", "coordinates": [ [ [ [ -73.907360000223179, 40.70080399996084 ], [ -73.906207999804508, 40.701930999883928 ], [ -73.905283999889789, 40.702838000432195 ], [ -73.904123999973507, 40.703974000127239 ], [ -73.903380999808761, 40.703538000130344 ], [ -73.90263900036723, 40.703099999871206 ], [ -73.901897999852281, 40.702665000014179 ], [ -73.901368000122872, 40.702336999228017 ], [ -73.900986000531447, 40.702449000325849 ], [ -73.900698000651346, 40.701770000186777 ], [ -73.90041499989583, 40.701086000476423 ], [ -73.900199999810681, 40.700501000474453 ], [ -73.901327000114989, 40.700491999868518 ], [ -73.901414999978542, 40.700491000103824 ], [ -73.902490000404313, 40.7004840003883 ], [ -73.903675000434944, 40.700408999595709 ], [ -73.904879999658746, 40.700270999741853 ], [ -73.905605000280147, 40.7001919996327 ], [ -73.906211000177564, 40.700122000087035 ], [ -73.906978000631753, 40.700034000495435 ], [ -73.908299000206526, 40.69988199962684 ], [ -73.907360000223179, 40.70080399996084 ] ] ] ] } },
{ "type": "Feature", "properties": { "STATEFP": "36", "COUNTYFP": "081", "TRACTCE": "048100", "GEOID": "36081048100", "NAME": "481", "NAMELSAD": "Census Tract 481", "MTFCC": "G5020", "FUNCSTAT": "S", "ALAND": 139052.0, "AWATER": 0.0, "INTPTLAT": "+40.7422192", "INTPTLON": "-073.8850516", "Shape__Are": 242477.898438, "Shape__Len": 2250.1415944400001 }, "geometry": { "type": "MultiPolygon", "coordinates": [ [ [ [ -73.887985999456276, 40.743547999659775 ], [ -73.887098000424899, 40.743676000326715 ], [ -73.886208000845357, 40.743775000561868 ], [ -73.885382999766506, 40.743849000352682 ], [ -73.885094999886419, 40.74397399970195 ], [ -73.884709999921952, 40.743794000074523 ], [ -73.883873999870772, 40.743400000006645 ], [ -73.882831000130366, 40.742887999861829 ], [ -73.882632999763658, 40.74278700004713 ], [ -73.881879999553149, 40.74237699967577 ], [ -73.881003999319006, 40.741840999956942 ], [ -73.881863999659615, 40.741735000102857 ], [ -73.882943000283362, 40.741610000629358 ], [ -73.882829000480555, 40.740991999960315 ], [ -73.884614999487397, 40.74043300012211 ], [ -73.885511999637941, 40.74016500011647 ], [ -73.885589999455746, 40.740577000197206 ], [ -73.88572599989817, 40.741288999957746 ], [ -73.886618999850768, 40.74118200007026 ], [ -73.886668000254559, 40.741178000052031 ], [ -73.887510999978446, 40.741083000059199 ], [ -73.887985999456276, 40.743547999659775 ] ] ] ] } },
{ "type": "Feature", "properties": { "STATEFP": "36", "COUNTYFP": "081", "TRACTCE": "058500", "GEOID": "36081058500", "NAME": "585", "NAMELSAD": "Census Tract 585", "MTFCC": "G5020", "FUNCSTAT": "S", "ALAND": 171163.0, "AWATER": 0.0, "INTPTLAT": "+40.7043710", "INTPTLON": "-073.8994203", "Shape__Are": 298136.476562, "Shape__Len": 2260.4293102400002 }, "geometry": { "type": "MultiPolygon", "coordinates": [ [ [ [ -73.903380999808761, 40.703538000130344 ], [ -73.902290000387779, 40.70460800003454 ], [ -73.901997000484798, 40.70487100038185 ], [ -73.902119000683541, 40.705148999881409 ], [ -73.900837999495138, 40.705517999969985 ], [ -73.899960999436075, 40.705771999555246 ], [ -73.898945999284749, 40.706018000037169 ], [ -73.897998999803804, 40.706243999917099 ], [ -73.896940000169877, 40.706498999813 ], [ -73.896648999916735, 40.705913999684071 ], [ -73.896572999748741, 40.705766000080224 ], [ -73.896330999899419, 40.705274000431956 ], [ -73.896282000393938, 40.705170999973532 ], [ -73.895992999790622, 40.704579000471249 ], [ -73.895691999491731, 40.703960000065493 ], [ -73.897645999626391, 40.703414999849308 ], [ -73.899522999768138, 40.702872999808655 ], [ -73.900986000531447, 40.702449000325849 ], [ -73.901368000122872, 40.702336999228017 ], [ -73.901897999852281, 40.702665000014179 ], [ -73.90263900036723, 40.703099999871206 ], [ -73.903380999808761, 40.703538000130344 ] ] ] ] } },
{ "type": "Feature", "properties": { "STATEFP": "36", "COUNTYFP": "081", "TRACTCE": "026100", "GEOID": "36081026100", "NAME": "261", "NAMELSAD": "Census Tract 261", "MTFCC": "G5020", "FUNCSTAT": "S", "ALAND": 221606.0, "AWATER": 0.0, "INTPTLAT": "+40.7472116", "INTPTLON": "-073.9006010", "Shape__Are": 386488.148438, "Shape__Len": 2655.4734677299998 }, "geometry": { "type": "MultiPolygon", "coordinates": [ [ [ [ -73.903389000204669, 40.745594999376344 ], [ -73.903165999723598, 40.746096000373704 ], [ -73.902677000002058, 40.747190000229303 ], [ -73.902461999916909, 40.747678000120999 ], [ -73.901656999827864, 40.749465000386877 ], [ -73.901063000524331, 40.750782999620561 ], [ -73.900050999847764, 40.750352999492996 ], [ -73.899708999541005, 40.750204000313076 ], [ -73.899658000385685, 40.750182000131836 ], [ -73.899228000215373, 40.750002999995175 ], [ -73.898574999563976, 40.74972200018113 ], [ -73.898391000339288, 40.749643000223024 ], [ -73.897577000029415, 40.749299999738568 ], [ -73.897916999788038, 40.748494000094837 ], [ -73.898336000087696, 40.747561000197138 ], [ -73.898615999571874, 40.746937000529925 ], [ -73.898941999985098, 40.746236999802719 ], [ -73.899029999848665, 40.746047999602155 ], [ -73.899034999871532, 40.746012999783339 ], [ -73.900029000106443, 40.743761999817522 ], [ -73.900919999510904, 40.744077000018272 ], [ -73.901166999383108, 40.744165000611481 ], [ -73.901409000130755, 40.744250999470047 ], [ -73.902241999808865, 40.744530000374979 ], [ -73.902625999948427, 40.744633000510767 ], [ -73.903254999412056, 40.744797000027859 ], [ -73.903687000130518, 40.744914000050336 ], [ -73.903389000204669, 40.745594999376344 ] ] ] ] } },
{ "type": "Feature", "properties": { "STATEFP": "36", "COUNTYFP": "081", "TRACTCE": "058700", "GEOID": "36081058700", "NAME": "587", "NAMELSAD": "Census Tract 587", "MTFCC": "G5020", "FUNCSTAT": "S", "ALAND": 144531.0, "AWATER": 0.0, "INTPTLAT": "+40.7071439", "INTPTLON": "-073.9002784", "Shape__Are": 251770.265625, "Shape__Len": 2057.1573985599998 }, "geometry": { "type": "MultiPolygon", "coordinates": [ [ [ [ -73.903651999970407, 40.707853000277609 ], [ -73.901439000267985, 40.708323000215486 ], [ -73.898453000263558, 40.709040000095385 ], [ -73.898003000001765, 40.708401000568131 ], [ -73.89756299978572, 40.707758999347192 ], [ -73.897230999524695, 40.707090999953913 ], [ -73.896940000169877, 40.706498999813 ], [ -73.897998999803804, 40.706243999917099 ], [ -73.898945999284749, 40.706018000037169 ], [ -73.899960999436075, 40.705771999555246 ], [ -73.900837999495138, 40.705517999969985 ], [ -73.902119000683541, 40.705148999881409 ], [ -73.902373000228437, 40.705683999937271 ], [ -73.902453000594377, 40.7058370001889 ], [ -73.902802000573857, 40.706427000053502 ], [ -73.902840000208684, 40.706493999397139 ], [ -73.903256999960206, 40.707131000187722 ], [ -73.903651999970407, 40.707853000277609 ] ] ] ] } },
{ "type": "Feature", "properties": { "STATEFP": "36", "COUNTYFP": "081", "TRACTCE": "026700", "GEOID": "36081026700", "NAME": "267", "NAMELSAD": "Census Tract 267", "MTFCC": "G5020", "FUNCSTAT": "S", "ALAND": 209798.0, "AWATER": 0.0, "INTPTLAT": "+40.7453276", "INTPTLON": "-073.8880321", "Shape__Are": 365879.734375, "Shape__Len": 2582.01116022 }, "geometry": { "type": "MultiPolygon", "coordinates": [ [ [ [ -73.89143099994331, 40.746844999843802 ], [ -73.89050099928248, 40.746941999949577 ], [ -73.889570999519989, 40.74703899991389 ], [ -73.888678000465717, 40.747133999566387 ], [ -73.887782999964998, 40.747229000444335 ], [ -73.887647000420884, 40.747245000421266 ], [ -73.886716999760054, 40.747341000201857 ], [ -73.885786999997535, 40.747440000425897 ], [ -73.885487999348499, 40.745791999665926 ], [ -73.884560000134115, 40.745889999710059 ], [ -73.883797999702793, 40.745926999800297 ], [ -73.883842999908637, 40.745796999852253 ], [ -73.884251000337642, 40.745201999542914 ], [ -73.884668999914069, 40.744588999857768 ], [ -73.885094999886419, 40.74397399970195 ], [ -73.885382999766506, 40.743849000352682 ], [ -73.886208000845357, 40.743775000561868 ], [ -73.887098000424899, 40.743676000326715 ], [ -73.887985999456276, 40.743547999659775 ], [ -73.888870000086342, 40.743399000205606 ], [ -73.88979200035125, 40.743261000294638 ], [ -73.890715999367657, 40.743128000484298 ], [ -73.891065000245433, 40.744966000069873 ], [ -73.891109999552953, 40.745202999316831 ], [ -73.891153999933877, 40.745427999793201 ], [ -73.891381999539519, 40.746592999946039 ], [ -73.891393000308469, 40.746647999951193 ], [ -73.89143099994331, 40.746844999843802 ] ] ] ] } },
{ "type": "Feature", "properties": { "STATEFP": "36", "COUNTYFP": "081", "TRACTCE": "060300", "GEOID": "36081060300", "NAME": "603", "NAMELSAD": "Census Tract 603", "MTFCC": "G5020", "FUNCSTAT": "S", "ALAND": 181368.0, "AWATER": 0.0, "INTPTLAT": "+40.7139219", "INTPTLON": "-073.8990012", "Shape__Are": 316000.683594, "Shape__Len": 2687.1882943700002 }, "geometry": { "type": "MultiPolygon", "coordinates": [ [ [ [ -73.90380199975823, 40.713348000145068 ], [ -73.902854000452379, 40.713793000094078 ], [ -73.902044999267062, 40.71419699950242 ], [ -73.901158000060576, 40.71462200068521 ], [ -73.90087200072864, 40.714759999401181 ], [ -73.899899999336711, 40.715232999604048 ], [ -73.89926400020039, 40.715543999871258 ], [ -73.898603000051395, 40.715867000583323 ], [ -73.897823999901618, 40.716236000518357 ], [ -73.89768699963426, 40.716298000526351 ], [ -73.897501999686355, 40.716384000002549 ], [ -73.896284999868669, 40.714817999861587 ], [ -73.895537999505976, 40.713803999394116 ], [ -73.895024999494964, 40.712477999365312 ], [ -73.895904000102149, 40.712507000255371 ], [ -73.896218999746409, 40.71252199946634 ], [ -73.897103000376489, 40.712557999465481 ], [ -73.897682999436313, 40.71257999983365 ], [ -73.899354999538659, 40.712647000476835 ], [ -73.900183999917132, 40.712680999883169 ], [ -73.900596000544098, 40.712696999998272 ], [ -73.902242999633785, 40.712760000158859 ], [ -73.902934999744915, 40.712786000142962 ], [ -73.903769000146283, 40.712817000058273 ], [ -73.904772000602023, 40.71286600055398 ], [ -73.90380199975823, 40.713348000145068 ] ] ] ] } },
{ "type": "Feature", "properties": { "STATEFP": "36", "COUNTYFP": "081", "TRACTCE": "066701", "GEOID": "36081066701", "NAME": "667.01", "NAMELSAD": "Census Tract 667.01", "MTFCC": "G5020", "FUNCSTAT": "S", "ALAND": 252633.0, "AWATER": 0.0, "INTPTLAT": "+40.7218219", "INTPTLON": "-073.8913365", "Shape__Are": 440270.230469, "Shape__Len": 3086.22801566 }, "geometry": { "type": "MultiPolygon", "coordinates": [ [ [ [ -73.894971999791522, 40.722823999740591 ], [ -73.894360000046319, 40.723100000326887 ], [ -73.894267999984805, 40.723142000004977 ], [ -73.894158000379974, 40.723192999918822 ], [ -73.894113000174116, 40.723214000072268 ], [ -73.892656000156919, 40.723887999629177 ], [ -73.891816999732697, 40.724256000627726 ], [ -73.891007999445705, 40.724615999606172 ], [ -73.890303000712407, 40.724924000053335 ], [ -73.890174999767581, 40.724946999817348 ], [ -73.888818000207806, 40.723250999840154 ], [ -73.887240000715096, 40.72128000016653 ], [ -73.888041000606179, 40.720907999859001 ], [ -73.888841000672357, 40.720536999659572 ], [ -73.889663999406395, 40.720155999974608 ], [ -73.889907999803881, 40.72004200043839 ], [ -73.890090999203679, 40.719956000241041 ], [ -73.891160000679989, 40.719459999261922 ], [ -73.892129999727146, 40.718987000495602 ], [ -73.892511999318572, 40.718805999813696 ], [ -73.893757999448567, 40.718206000259102 ], [ -73.893940999746675, 40.718096999651756 ], [ -73.894235000372859, 40.717924000064166 ], [ -73.894463999803406, 40.718298999880368 ], [ -73.892734999799643, 40.719128999677942 ], [ -73.892753000241314, 40.719153999732775 ], [ -73.894714000048666, 40.721820999366962 ], [ -73.89444499953683, 40.722009000197694 ], [ -73.894586000002136, 40.722208000451396 ], [ -73.894971999791522, 40.722823999740591 ] ] ] ] } },
{ "type": "Feature", "properties": { "STATEFP": "36", "COUNTYFP": "081", "TRACTCE": "066900", "GEOID": "36081066900", "NAME": "669", "NAMELSAD": "Census Tract 669", "MTFCC": "G5020", "FUNCSTAT": "S", "ALAND": 160094.0, "AWATER": 0.0, "INTPTLAT": "+40.7235670", "INTPTLON": "-073.8859216", "Shape__Are": 279016.535156, "Shape__Len": 2421.8338099699999 }, "geometry": { "type": "MultiPolygon", "coordinates": [ [ [ [ -73.888975000566646, 40.724820000636399 ], [ -73.887076999610159, 40.724638000074364 ], [ -73.886930000195392, 40.724617999772796 ], [ -73.886728000529033, 40.724601000396753 ], [ -73.886428000055062, 40.724595999978725 ], [ -73.886182999832684, 40.724609999786637 ], [ -73.886108000387921, 40.724622000105903 ], [ -73.884933000403024, 40.724785999940764 ], [ -73.884135999811605, 40.724881999457395 ], [ -73.883582999617644, 40.724948999973989 ], [ -73.882587999557799, 40.725083000124179 ], [ -73.881633999505866, 40.723880000236093 ], [ -73.882435000295246, 40.723509000262659 ], [ -73.88323500036141, 40.72313700015814 ], [ -73.883764000265927, 40.722891999715031 ], [ -73.884037000077385, 40.722766000127976 ], [ -73.884605000339974, 40.722501000104749 ], [ -73.884842000166444, 40.722391999722142 ], [ -73.885641000407688, 40.722021999746637 ], [ -73.886121999733305, 40.721799000690851 ], [ -73.886438999925716, 40.721651999756752 ], [ -73.887240000715096, 40.72128000016653 ], [ -73.888818000207806, 40.723250999840154 ], [ -73.890174999767581, 40.724946999817348 ], [ -73.888975000566646, 40.724820000636399 ] ] ] ] } },
{ "type": "Feature", "properties": { "STATEFP": "36", "COUNTYFP": "081", "TRACTCE": "024700", "GEOID": "36081024700", "NAME": "247", "NAMELSAD": "Census Tract 247", "MTFCC": "G5020", "FUNCSTAT": "S", "ALAND": 97621.0, "AWATER": 0.0, "INTPTLAT": "+40.7422779", "INTPTLON": "-073.8994500", "Shape__Are": 170229.238281, "Shape__Len": 1852.7416629 }, "geometry": { "type": "MultiPolygon", "coordinates": [ [ [ [ -73.901494000519563, 40.741336000248317 ], [ -73.901185000723061, 40.742160999506154 ], [ -73.900899999419394, 40.743447999286431 ], [ -73.901502000017175, 40.744005999856924 ], [ -73.901409000130755, 40.744250999470047 ], [ -73.901166999383108, 40.744165000611481 ], [ -73.900919999510904, 40.744077000018272 ], [ -73.900029000106443, 40.743761999817522 ], [ -73.899074000229575, 40.743486999654131 ], [ -73.898130000223375, 40.743257999523991 ], [ -73.897536000021546, 40.743121999611496 ], [ -73.897294999997115, 40.743063999994632 ], [ -73.896585999269234, 40.742902999713436 ], [ -73.896453000098163, 40.742861000256589 ], [ -73.897115000072063, 40.742320999724363 ], [ -73.897344999327501, 40.74213300046631 ], [ -73.897277000453769, 40.742045999728369 ], [ -73.898131000048295, 40.741343999584856 ], [ -73.898608999899167, 40.740969000297092 ], [ -73.898736999945697, 40.740848999942365 ], [ -73.898882000608964, 40.740737999983033 ], [ -73.898984999642821, 40.740646000250351 ], [ -73.899146000199607, 40.740668000183199 ], [ -73.899556000278437, 40.740731000414712 ], [ -73.899635999746067, 40.740743999709629 ], [ -73.899720000309969, 40.740753000319494 ], [ -73.899793999929813, 40.740761999566843 ], [ -73.900425999766483, 40.740836999826954 ], [ -73.900601999493574, 40.740857999857383 ], [ -73.901678999569185, 40.74096999945403 ], [ -73.901494000519563, 40.741336000248317 ] ] ] ] } },
{ "type": "Feature", "properties": { "STATEFP": "36", "COUNTYFP": "081", "TRACTCE": "062500", "GEOID": "36081062500", "NAME": "625", "NAMELSAD": "Census Tract 625", "MTFCC": "G5020", "FUNCSTAT": "S", "ALAND": 198779.0, "AWATER": 0.0, "INTPTLAT": "+40.7041320", "INTPTLON": "-073.8824139", "Shape__Are": 346236.359375, "Shape__Len": 2399.2544646400002 }, "geometry": { "type": "MultiPolygon", "coordinates": [ [ [ [ -73.885531999729423, 40.706446000016534 ], [ -73.883828000738347, 40.706376999909907 ], [ -73.881231999822944, 40.706372000165857 ], [ -73.880877999820626, 40.706192999957004 ], [ -73.880287999816744, 40.70481399980951 ], [ -73.879397000412297, 40.702626000235774 ], [ -73.879167000258533, 40.70207599993379 ], [ -73.880076999929557, 40.702001000252707 ], [ -73.880497999879026, 40.701968999645729 ], [ -73.881000000019355, 40.7019299994598 ], [ -73.881909999690379, 40.70186000037846 ], [ -73.882821999909538, 40.701778000193606 ], [ -73.883747000547487, 40.701705000351033 ], [ -73.884594999395915, 40.703790000345428 ], [ -73.885175999178955, 40.705205999486004 ], [ -73.885548999447863, 40.70615500056217 ], [ -73.885531999729423, 40.706446000016534 ] ] ] ] } },
{ "type": "Feature", "properties": { "STATEFP": "36", "COUNTYFP": "081", "TRACTCE": "058300", "GEOID": "36081058300", "NAME": "583", "NAMELSAD": "Census Tract 583", "MTFCC": "G5020", "FUNCSTAT": "S", "ALAND": 143113.0, "AWATER": 0.0, "INTPTLAT": "+40.7019380", "INTPTLON": "-073.8976203", "Shape__Are": 249261.703125, "Shape__Len": 2066.8621429 }, "geometry": { "type": "MultiPolygon", "coordinates": [ [ [ [ -73.900986000531447, 40.702449000325849 ], [ -73.899522999768138, 40.702872999808655 ], [ -73.897645999626391, 40.703414999849308 ], [ -73.895691999491731, 40.703960000065493 ], [ -73.8954490007158, 40.703286000323743 ], [ -73.89541799985534, 40.703198999869201 ], [ -73.895336999664508, 40.702972999871555 ], [ -73.895201999945286, 40.702592999514891 ], [ -73.894955999897988, 40.701896999756116 ], [ -73.894387999635413, 40.70078399999003 ], [ -73.8960960006211, 40.700667000006426 ], [ -73.896271000523271, 40.700652999930568 ], [ -73.896720999886753, 40.700617000305812 ], [ -73.897982999910283, 40.70051700011097 ], [ -73.898368999699656, 40.700517999875274 ], [ -73.899116000062378, 40.700511000162578 ], [ -73.899759000668013, 40.700504999532647 ], [ -73.900199999810681, 40.700501000474453 ], [ -73.90041499989583, 40.701086000476423 ], [ -73.900698000651346, 40.701770000186777 ], [ -73.900986000531447, 40.702449000325849 ] ] ] ] } },
{ "type": "Feature", "properties": { "STATEFP": "36", "COUNTYFP": "081", "TRACTCE": "028500", "GEOID": "36081028500", "NAME": "285", "NAMELSAD": "Census Tract 285", "MTFCC": "G5020", "FUNCSTAT": "S", "ALAND": 158104.0, "AWATER": 0.0, "INTPTLAT": "+40.7514661", "INTPTLON": "-073.8871163", "Shape__Are": 275776.792969, "Shape__Len": 2977.5800646100001 }, "geometry": { "type": "MultiPolygon", "coordinates": [ [ [ [ -73.888756000283536, 40.753339999684293 ], [ -73.887823999972881, 40.753438000173432 ], [ -73.888157000058825, 40.75526599962469 ], [ -73.887228000121226, 40.755362999695187 ], [ -73.886298000358721, 40.755459999624165 ], [ -73.885965000272805, 40.753634000037941 ], [ -73.885612999920269, 40.751690000158924 ], [ -73.886542999682788, 40.751592000495876 ], [ -73.88616800066238, 40.749551999586373 ], [ -73.885786999997535, 40.747440000425897 ], [ -73.886716999760054, 40.747341000201857 ], [ -73.887647000420884, 40.747245000421266 ], [ -73.88802900001231, 40.749355999257951 ], [ -73.888400999557959, 40.751396000055855 ], [ -73.888756000283536, 40.753339999684293 ] ] ] ] } },
{ "type": "Feature", "properties": { "STATEFP": "36", "COUNTYFP": "047", "TRACTCE": "072200", "GEOID": "36047072200", "NAME": "722", "NAMELSAD": "Census Tract 722", "MTFCC": "G5020", "FUNCSTAT": "S", "ALAND": 257171.0, "AWATER": 0.0, "INTPTLAT": "+40.6319998", "INTPTLON": "-073.9243888", "Shape__Are": 446987.25, "Shape__Len": 3381.1646247799999 }, "geometry": { "type": "MultiPolygon", "coordinates": [ [ [ [ -73.93031199974989, 40.632726000061325 ], [ -73.929835999548814, 40.632755999627207 ], [ -73.929361999895889, 40.632788000058234 ], [ -73.928364000361327, 40.632847000386697 ], [ -73.927357999532532, 40.632910000367893 ], [ -73.926424999396957, 40.632967000396995 ], [ -73.925456000174719, 40.633028000757029 ], [ -73.924486000229223, 40.633089999791764 ], [ -73.923555999568421, 40.633145999574175 ], [ -73.922586999447859, 40.633208999954988 ], [ -73.921903999557557, 40.633256000178719 ], [ -73.921618000225592, 40.633275999959316 ], [ -73.920683000440221, 40.633330000086801 ], [ -73.92041200027856, 40.633473999986073 ], [ -73.919809000754213, 40.633865000593602 ], [ -73.919439999784956, 40.634101999911842 ], [ -73.918852000329224, 40.634483000202302 ], [ -73.918762999742441, 40.633636999842906 ], [ -73.91860399973379, 40.632095999928886 ], [ -73.919542999717109, 40.63147099989736 ], [ -73.920418000126347, 40.630903999342287 ], [ -73.92062099961764, 40.630971999739877 ], [ -73.921366000330522, 40.630926999524611 ], [ -73.922334999552774, 40.630865999972208 ], [ -73.923304999498242, 40.630807999384899 ], [ -73.924238999458709, 40.630748999981805 ], [ -73.925205000104555, 40.630688999714941 ], [ -73.926175999874943, 40.630628000626821 ], [ -73.927106999462353, 40.630570999282767 ], [ -73.928114000116054, 40.630506000238249 ], [ -73.929120000046566, 40.630445999753022 ], [ -73.930054000007033, 40.630389000298834 ], [ -73.930269999917101, 40.632313000009297 ], [ -73.93031199974989, 40.632726000061325 ] ] ] ] } },
{ "type": "Feature", "properties": { "STATEFP": "36", "COUNTYFP": "047", "TRACTCE": "072400", "GEOID": "36047072400", "NAME": "724", "NAMELSAD": "Census Tract 724", "MTFCC": "G5020", "FUNCSTAT": "S", "ALAND": 192192.0, "AWATER": 0.0, "INTPTLAT": "+40.6341061", "INTPTLON": "-073.9270557", "Shape__Are": 334067.109375, "Shape__Len": 2629.6757393500002 }, "geometry": { "type": "MultiPolygon", "coordinates": [ [ [ [ -73.931530999217401, 40.635006000232679 ], [ -73.930553000672631, 40.635062999835924 ], [ -73.929624999661627, 40.635121000135648 ], [ -73.92861200005845, 40.635187000203963 ], [ -73.927447999944206, 40.635258999894162 ], [ -73.926674999642216, 40.635306000038227 ], [ -73.925705999521654, 40.635367000306431 ], [ -73.924738000124307, 40.635427999837233 ], [ -73.923803000338935, 40.63548500044358 ], [ -73.922832000568548, 40.635543000376728 ], [ -73.922586999447859, 40.633208999954988 ], [ -73.923555999568421, 40.633145999574175 ], [ -73.924486000229223, 40.633089999791764 ], [ -73.925456000174719, 40.633028000757029 ], [ -73.926424999396957, 40.632967000396995 ], [ -73.927357999532532, 40.632910000367893 ], [ -73.928364000361327, 40.632847000386697 ], [ -73.929361999895889, 40.632788000058234 ], [ -73.929835999548814, 40.632755999627207 ], [ -73.93031199974989, 40.632726000061325 ], [ -73.931273000372855, 40.632666000207436 ], [ -73.931352000015551, 40.633380999901981 ], [ -73.931530999217401, 40.635006000232679 ] ] ] ] } },
{ "type": "Feature", "properties": { "STATEFP": "36", "COUNTYFP": "047", "TRACTCE": "072600", "GEOID": "36047072600", "NAME": "726", "NAMELSAD": "Census Tract 726", "MTFCC": "G5020", "FUNCSTAT": "S", "ALAND": 275168.0, "AWATER": 0.0, "INTPTLAT": "+40.6324139", "INTPTLON": "-073.9338762", "Shape__Are": 478268.039062, "Shape__Len": 2874.6625744399998 }, "geometry": { "type": "MultiPolygon", "coordinates": [ [ [ [ -73.937266999224676, 40.634650999993895 ], [ -73.936295999454273, 40.634708999969888 ], [ -73.935359999843996, 40.634766999895461 ], [ -73.934394999921381, 40.634826999906522 ], [ -73.933426999625723, 40.634883999662577 ], [ -73.932500000236274, 40.634946999766861 ], [ -73.9322349999224, 40.634962999459283 ], [ -73.931530999217401, 40.635006000232679 ], [ -73.931352000015551, 40.633380999901981 ], [ -73.931273000372855, 40.632666000207436 ], [ -73.93031199974989, 40.632726000061325 ], [ -73.930269999917101, 40.632313000009297 ], [ -73.930054000007033, 40.630389000298834 ], [ -73.931024999777406, 40.630329000390269 ], [ -73.931983000027316, 40.630268999745965 ], [ -73.932342999877449, 40.630247000155293 ], [ -73.93245500003043, 40.630239999881141 ], [ -73.932932000056411, 40.630211000003676 ], [ -73.933894999430876, 40.630150999935168 ], [ -73.934866999924495, 40.630090999812701 ], [ -73.935800000060041, 40.630031999776079 ], [ -73.936766999632468, 40.629972999687325 ], [ -73.937006000007059, 40.632226000313125 ], [ -73.937012999679766, 40.632304000422167 ], [ -73.937036000144303, 40.632508999959626 ], [ -73.937077999977092, 40.63289799988906 ], [ -73.937266999224676, 40.634650999993895 ] ] ] ] } },
{ "type": "Feature", "properties": { "STATEFP": "36", "COUNTYFP": "047", "TRACTCE": "073200", "GEOID": "36047073200", "NAME": "732", "NAMELSAD": "Census Tract 732", "MTFCC": "G5020", "FUNCSTAT": "S", "ALAND": 159928.0, "AWATER": 0.0, "INTPTLAT": "+40.6279296", "INTPTLON": "-073.9336064", "Shape__Are": 277935.992188, "Shape__Len": 2185.3894237899999 }, "geometry": { "type": "MultiPolygon", "coordinates": [ [ [ [ -73.935800000060041, 40.630031999776079 ], [ -73.934866999924495, 40.630090999812701 ], [ -73.933894999430876, 40.630150999935168 ], [ -73.932932000056411, 40.630211000003676 ], [ -73.93245500003043, 40.630239999881141 ], [ -73.932342999877449, 40.630247000155293 ], [ -73.931983000027316, 40.630268999745965 ], [ -73.931743000726129, 40.627930000235729 ], [ -73.931493999407465, 40.625594000554059 ], [ -73.932424999893186, 40.625534000428104 ], [ -73.932898999546126, 40.625500999722227 ], [ -73.933129000598214, 40.625520999780079 ], [ -73.933344000683377, 40.625629000261775 ], [ -73.933449000265355, 40.625703999963164 ], [ -73.933732000122575, 40.625928000406432 ], [ -73.933891999956131, 40.625918999958699 ], [ -73.934415000012862, 40.625891999290097 ], [ -73.934594999937914, 40.625880999797388 ], [ -73.935348999973328, 40.625834999357892 ], [ -73.935548999989891, 40.627691999971205 ], [ -73.935800000060041, 40.630031999776079 ] ] ] ] } },
{ "type": "Feature", "properties": { "STATEFP": "36", "COUNTYFP": "047", "TRACTCE": "023400", "GEOID": "36047023400", "NAME": "234", "NAMELSAD": "Census Tract 234", "MTFCC": "G5020", "FUNCSTAT": "S", "ALAND": 169784.0, "AWATER": 0.0, "INTPTLAT": "+40.6338712", "INTPTLON": "-073.9879406", "Shape__Are": 295116.089844, "Shape__Len": 2507.6976177199999 }, "geometry": { "type": "MultiPolygon", "coordinates": [ [ [ [ -73.991538999185735, 40.635582999243482 ], [ -73.990955999752856, 40.636145000045637 ], [ -73.990372999421695, 40.636705000127584 ], [ -73.988166999391936, 40.635374000043079 ], [ -73.985963999735276, 40.63404699964746 ], [ -73.983762999728398, 40.632716999848057 ], [ -73.984343999511452, 40.632156999721154 ], [ -73.984927999667548, 40.631597000351597 ], [ -73.985509000348898, 40.631038000500709 ], [ -73.987713000728817, 40.632365999447416 ], [ -73.989916000385506, 40.633696000102887 ], [ -73.992120000765439, 40.635026000170733 ], [ -73.991538999185735, 40.635582999243482 ] ] ] ] } },
{ "type": "Feature", "properties": { "STATEFP": "36", "COUNTYFP": "047", "TRACTCE": "023600", "GEOID": "36047023600", "NAME": "236", "NAMELSAD": "Census Tract 236", "MTFCC": "G5020", "FUNCSTAT": "S", "ALAND": 169852.0, "AWATER": 0.0, "INTPTLAT": "+40.6321905", "INTPTLON": "-073.9896876", "Shape__Are": 295216.285156, "Shape__Len": 2508.4407804299999 }, "geometry": { "type": "MultiPolygon", "coordinates": [ [ [ [ -73.993283999981344, 40.633905999865625 ], [ -73.992699999825234, 40.634467000394849 ], [ -73.992120000765439, 40.635026000170733 ], [ -73.989916000385506, 40.633696000102887 ], [ -73.987713000728817, 40.632365999447416 ], [ -73.985509000348898, 40.631038000500709 ], [ -73.986093000505008, 40.630477999927635 ], [ -73.986675000112967, 40.629915999829414 ], [ -73.987259000269063, 40.629354999923557 ], [ -73.989461999925751, 40.630686000688677 ], [ -73.991663999757534, 40.632015999356909 ], [ -73.993865999589303, 40.633346999575082 ], [ -73.993283999981344, 40.633905999865625 ] ] ] ] } },
{ "type": "Feature", "properties": { "STATEFP": "36", "COUNTYFP": "047", "TRACTCE": "024000", "GEOID": "36047024000", "NAME": "240", "NAMELSAD": "Census Tract 240", "MTFCC": "G5020", "FUNCSTAT": "S", "ALAND": 169751.0, "AWATER": 0.0, "INTPTLAT": "+40.6288316", "INTPTLON": "-073.9931862", "Shape__Are": 295013.207031, "Shape__Len": 2506.8597211299998 }, "geometry": { "type": "MultiPolygon", "coordinates": [ [ [ [ -73.996779000697103, 40.630547000209283 ], [ -73.996195000540993, 40.631106000080052 ], [ -73.995616999334374, 40.631666999592248 ], [ -73.995459999873859, 40.631574999834918 ], [ -73.993412999852765, 40.630336000655078 ], [ -73.991211999845902, 40.629005999886495 ], [ -73.989009000189228, 40.627675999900077 ], [ -73.989590999797187, 40.627117000633341 ], [ -73.990174999953268, 40.626556999904849 ], [ -73.990756000634647, 40.625998000135162 ], [ -73.992960000116241, 40.627325999771344 ], [ -73.995161000123105, 40.628656000592251 ], [ -73.996115000175053, 40.629231999784579 ], [ -73.997358999756912, 40.629985999468701 ], [ -73.996779000697103, 40.630547000209283 ] ] ] ] } },
{ "type": "Feature", "properties": { "STATEFP": "36", "COUNTYFP": "047", "TRACTCE": "024200", "GEOID": "36047024200", "NAME": "242", "NAMELSAD": "Census Tract 242", "MTFCC": "G5020", "FUNCSTAT": "S", "ALAND": 191453.0, "AWATER": 0.0, "INTPTLAT": "+40.6258678", "INTPTLON": "-073.9928098", "Shape__Are": 332693.664062, "Shape__Len": 2798.03440658 }, "geometry": { "type": "MultiPolygon", "coordinates": [ [ [ [ -73.996702000704218, 40.627172000469912 ], [ -73.996557000040937, 40.627640999901544 ], [ -73.996335999209677, 40.628445000517168 ], [ -73.996115000175053, 40.629231999784579 ], [ -73.995161000123105, 40.628656000592251 ], [ -73.992960000116241, 40.627325999771344 ], [ -73.990756000634647, 40.625998000135162 ], [ -73.989765999699358, 40.625398000079429 ], [ -73.989700000475437, 40.625359000093766 ], [ -73.989620000109497, 40.625310999555673 ], [ -73.988302000009469, 40.624513999585197 ], [ -73.988885000340659, 40.623952999981732 ], [ -73.98948800076333, 40.623369999946547 ], [ -73.990094000660733, 40.622789000091821 ], [ -73.992550000037426, 40.624273999649709 ], [ -73.99398199994026, 40.625141999915037 ], [ -73.994325000071939, 40.625343000145513 ], [ -73.994891999611269, 40.625461999796727 ], [ -73.994734000325849, 40.625615000108134 ], [ -73.994648999937027, 40.625697999417461 ], [ -73.995079000107339, 40.625807000497716 ], [ -73.99678800001962, 40.626826000496266 ], [ -73.996702000704218, 40.627172000469912 ] ] ] ] } },
{ "type": "Feature", "properties": { "STATEFP": "36", "COUNTYFP": "047", "TRACTCE": "024400", "GEOID": "36047024400", "NAME": "244", "NAMELSAD": "Census Tract 244", "MTFCC": "G5020", "FUNCSTAT": "S", "ALAND": 155278.0, "AWATER": 0.0, "INTPTLAT": "+40.6217475", "INTPTLON": "-073.9862364", "Shape__Are": 269805.421875, "Shape__Len": 2522.4476473899999 }, "geometry": { "type": "MultiPolygon", "coordinates": [ [ [ [ -73.98948800076333, 40.623369999946547 ], [ -73.988885000340659, 40.623952999981732 ], [ -73.988302000009469, 40.624513999585197 ], [ -73.98610100000262, 40.623182999899363 ], [ -73.98449200054776, 40.622212999876858 ], [ -73.983899999995742, 40.621853999442706 ], [ -73.984477999405755, 40.621292999998452 ], [ -73.982282000320083, 40.619962000222351 ], [ -73.982883000194605, 40.619381000044619 ], [ -73.983489000092021, 40.618799999586813 ], [ -73.985692999573629, 40.62013100001424 ], [ -73.987851000821081, 40.621435000089207 ], [ -73.990094000660733, 40.622789000091821 ], [ -73.98948800076333, 40.623369999946547 ] ] ] ] } },
{ "type": "Feature", "properties": { "STATEFP": "36", "COUNTYFP": "047", "TRACTCE": "024800", "GEOID": "36047024800", "NAME": "248", "NAMELSAD": "Census Tract 248", "MTFCC": "G5020", "FUNCSTAT": "S", "ALAND": 176029.0, "AWATER": 0.0, "INTPTLAT": "+40.6213629", "INTPTLON": "-073.9899931", "Shape__Are": 305854.027344, "Shape__Len": 2577.61093183 }, "geometry": { "type": "MultiPolygon", "coordinates": [ [ [ [ -73.993940999932377, 40.622935000031994 ], [ -73.9937109997786, 40.623156000170169 ], [ -73.993129999995546, 40.623714999862813 ], [ -73.992550000037426, 40.624273999649709 ], [ -73.990094000660733, 40.622789000091821 ], [ -73.987851000821081, 40.621435000089207 ], [ -73.985692999573629, 40.62013100001424 ], [ -73.986275000079871, 40.619567000211333 ], [ -73.9868540002131, 40.619013000058452 ], [ -73.987136000245428, 40.618742000112221 ], [ -73.987434999996154, 40.618455000195887 ], [ -73.989566000581149, 40.619738000226604 ], [ -73.991840000382936, 40.621111000276251 ], [ -73.994292999386573, 40.622596999890227 ], [ -73.993940999932377, 40.622935000031994 ] ] ] ] } },
{ "type": "Feature", "properties": { "STATEFP": "36", "COUNTYFP": "047", "TRACTCE": "025000", "GEOID": "36047025000", "NAME": "250", "NAMELSAD": "Census Tract 250", "MTFCC": "G5020", "FUNCSTAT": "S", "ALAND": 173506.0, "AWATER": 0.0, "INTPTLAT": "+40.6236257", "INTPTLON": "-073.9958382", "Shape__Are": 301493.761719, "Shape__Len": 2387.0488065200002 }, "geometry": { "type": "MultiPolygon", "coordinates": [ [ [ [ -73.997986000469041, 40.622566999851507 ], [ -73.997941000263182, 40.622832999406896 ], [ -73.997712999759244, 40.623679999833925 ], [ -73.997484000328711, 40.624520000237268 ], [ -73.997240999756144, 40.625288999695258 ], [ -73.997017000348464, 40.626061999959326 ], [ -73.996878000431309, 40.626530000175947 ], [ -73.99678800001962, 40.626826000496266 ], [ -73.995079000107339, 40.625807000497716 ], [ -73.994648999937027, 40.625697999417461 ], [ -73.994734000325849, 40.625615000108134 ], [ -73.994891999611269, 40.625461999796727 ], [ -73.994325000071939, 40.625343000145513 ], [ -73.99398199994026, 40.625141999915037 ], [ -73.992550000037426, 40.624273999649709 ], [ -73.993129999995546, 40.623714999862813 ], [ -73.9937109997786, 40.623156000170169 ], [ -73.993940999932377, 40.622935000031994 ], [ -73.994292999386573, 40.622596999890227 ], [ -73.994920000098674, 40.62199399986617 ], [ -73.995546000087586, 40.621392999709677 ], [ -73.996393000009405, 40.620582000190261 ], [ -73.996608999919474, 40.620704999895715 ], [ -73.996711000026721, 40.620762999711523 ], [ -73.997383999871246, 40.621146000287553 ], [ -73.998295000265514, 40.621619000141983 ], [ -73.997986000469041, 40.622566999851507 ] ] ] ] } },
{ "type": "Feature", "properties": { "STATEFP": "36", "COUNTYFP": "047", "TRACTCE": "025200", "GEOID": "36047025200", "NAME": "252", "NAMELSAD": "Census Tract 252", "MTFCC": "G5020", "FUNCSTAT": "S", "ALAND": 181275.0, "AWATER": 0.0, "INTPTLAT": "+40.6198289", "INTPTLON": "-073.9921391", "Shape__Are": 314955.9375, "Shape__Len": 2685.7267732300002 }, "geometry": { "type": "MultiPolygon", "coordinates": [ [ [ [ -73.996393000009405, 40.620582000190261 ], [ -73.995546000087586, 40.621392999709677 ], [ -73.994920000098674, 40.62199399986617 ], [ -73.994292999386573, 40.622596999890227 ], [ -73.991840000382936, 40.621111000276251 ], [ -73.989566000581149, 40.619738000226604 ], [ -73.987434999996154, 40.618455000195887 ], [ -73.988066000007933, 40.617852000284678 ], [ -73.988688000697167, 40.617249000385804 ], [ -73.990795000094394, 40.6185229996318 ], [ -73.991370999854567, 40.617960999849544 ], [ -73.991517999269334, 40.617818999874601 ], [ -73.993877000358268, 40.619155999843642 ], [ -73.994530000111354, 40.619521000196286 ], [ -73.995130999985861, 40.619864999244875 ], [ -73.995744000454295, 40.620213000396696 ], [ -73.996393000009405, 40.620582000190261 ] ] ] ] } },
{ "type": "Feature", "properties": { "STATEFP": "36", "COUNTYFP": "047", "TRACTCE": "073400", "GEOID": "36047073400", "NAME": "734", "NAMELSAD": "Census Tract 734", "MTFCC": "G5020", "FUNCSTAT": "S", "ALAND": 151105.0, "AWATER": 0.0, "INTPTLAT": "+40.6278153", "INTPTLON": "-073.9374778", "Shape__Are": 262600.976562, "Shape__Len": 2085.2546024200001 }, "geometry": { "type": "MultiPolygon", "coordinates": [ [ [ [ -73.939604999498869, 40.629794999646805 ], [ -73.938673000086553, 40.629852999750433 ], [ -73.937737999402856, 40.629913000086681 ], [ -73.936766999632468, 40.629972999687325 ], [ -73.935800000060041, 40.630031999776079 ], [ -73.935548999989891, 40.627691999971205 ], [ -73.935348999973328, 40.625834999357892 ], [ -73.936318000093891, 40.625774999448396 ], [ -73.937288000039388, 40.625715000166878 ], [ -73.938220999276609, 40.625656000354901 ], [ -73.938513999179563, 40.625638999590471 ], [ -73.939156999785212, 40.625599999745539 ], [ -73.93935599997684, 40.627457999571732 ], [ -73.939604999498869, 40.629794999646805 ] ] ] ] } },
{ "type": "Feature", "properties": { "STATEFP": "36", "COUNTYFP": "047", "TRACTCE": "074000", "GEOID": "36047074000", "NAME": "740", "NAMELSAD": "Census Tract 740", "MTFCC": "G5020", "FUNCSTAT": "S", "ALAND": 162388.0, "AWATER": 0.0, "INTPTLAT": "+40.6273942", "INTPTLON": "-073.9412567", "Shape__Are": 282204.050781, "Shape__Len": 2257.1266502899998 }, "geometry": { "type": "MultiPolygon", "coordinates": [ [ [ [ -73.943409000011101, 40.62955999965174 ], [ -73.942473999327433, 40.62961799995945 ], [ -73.941509000303142, 40.629677999825141 ], [ -73.940538000532754, 40.629734999886239 ], [ -73.939604999498869, 40.629794999646805 ], [ -73.93935599997684, 40.627457999571732 ], [ -73.939156999785212, 40.625599999745539 ], [ -73.939967999722029, 40.625546000184883 ], [ -73.93986199941682, 40.625444999664722 ], [ -73.939709000154267, 40.625302000388409 ], [ -73.939556999818294, 40.625157999911465 ], [ -73.939802999865591, 40.625127000128025 ], [ -73.940720000107618, 40.62501499933888 ], [ -73.941680999832272, 40.624906999909761 ], [ -73.942644999929954, 40.624799999842288 ], [ -73.943093000541936, 40.627190000344626 ], [ -73.943330999295, 40.62873100030324 ], [ -73.943409000011101, 40.62955999965174 ] ] ] ] } },
{ "type": "Feature", "properties": { "STATEFP": "36", "COUNTYFP": "047", "TRACTCE": "076200", "GEOID": "36047076200", "NAME": "762", "NAMELSAD": "Census Tract 762", "MTFCC": "G5020", "FUNCSTAT": "S", "ALAND": 188043.0, "AWATER": 0.0, "INTPTLAT": "+40.6257185", "INTPTLON": "-073.9564859", "Shape__Are": 326771.0, "Shape__Len": 2340.7336885200002 }, "geometry": { "type": "MultiPolygon", "coordinates": [ [ [ [ -73.958993999436075, 40.627885999505935 ], [ -73.958053000701241, 40.627971999913605 ], [ -73.95684699985587, 40.628119999769275 ], [ -73.95581199961309, 40.628233999775354 ], [ -73.954885000223626, 40.628335999651753 ], [ -73.954434999961833, 40.625945000415484 ], [ -73.953983000050201, 40.623554999678504 ], [ -73.954907999789853, 40.623453999556645 ], [ -73.955941000382822, 40.623339999573119 ], [ -73.957143000131879, 40.623207999815705 ], [ -73.958087999963013, 40.623104999364031 ], [ -73.958538000224806, 40.625494000314163 ], [ -73.958993999436075, 40.627885999505935 ] ] ] ] } },
{ "type": "Feature", "properties": { "STATEFP": "36", "COUNTYFP": "047", "TRACTCE": "076600", "GEOID": "36047076600", "NAME": "766", "NAMELSAD": "Census Tract 766", "MTFCC": "G5020", "FUNCSTAT": "S", "ALAND": 82578.0, "AWATER": 0.0, "INTPTLAT": "+40.6331871", "INTPTLON": "-073.9568420", "Shape__Are": 143532.859375, "Shape__Len": 1811.31103661 }, "geometry": { "type": "MultiPolygon", "coordinates": [ [ [ [ -73.958197999567872, 40.635289000367067 ], [ -73.957168000246241, 40.635405000523555 ], [ -73.956240999958482, 40.635508999787341 ], [ -73.955790999696688, 40.633118000370601 ], [ -73.955473000577683, 40.631430999930643 ], [ -73.955526000281139, 40.631429999811864 ], [ -73.955673000594217, 40.631421000105696 ], [ -73.955829999156435, 40.631396999974228 ], [ -73.955973999994796, 40.631361999880674 ], [ -73.956120000482969, 40.631311000568587 ], [ -73.956239000308656, 40.631257999611378 ], [ -73.956364999807036, 40.631185999697131 ], [ -73.956430999929282, 40.631123999576189 ], [ -73.956518999792834, 40.631011999981553 ], [ -73.956574999869332, 40.630903999342273 ], [ -73.956609999131103, 40.63079200006036 ], [ -73.956621999724987, 40.630694999812192 ], [ -73.956615999877215, 40.630590999867529 ], [ -73.957298999767502, 40.63051200035197 ], [ -73.957753000227271, 40.632903000372906 ], [ -73.958197999567872, 40.635289000367067 ] ] ] ] } },
{ "type": "Feature", "properties": { "STATEFP": "36", "COUNTYFP": "047", "TRACTCE": "077000", "GEOID": "36047077000", "NAME": "770", "NAMELSAD": "Census Tract 770", "MTFCC": "G5020", "FUNCSTAT": "S", "ALAND": 163281.0, "AWATER": 0.0, "INTPTLAT": "+40.6361361", "INTPTLON": "-073.9538295", "Shape__Are": 283829.796875, "Shape__Len": 2861.0339851899998 }, "geometry": { "type": "MultiPolygon", "coordinates": [ [ [ [ -73.95825399964437, 40.6363970001184 ], [ -73.957432999661805, 40.636792999479631 ], [ -73.9565660005468, 40.637205999769478 ], [ -73.955695999262133, 40.637625000387338 ], [ -73.955510000387605, 40.637713999914759 ], [ -73.954831000695251, 40.638040999679617 ], [ -73.953936000194545, 40.638474000015833 ], [ -73.953743000749014, 40.638566000492226 ], [ -73.953599999735559, 40.63842199998691 ], [ -73.952789999623661, 40.637650000350838 ], [ -73.951972000014152, 40.6369010001372 ], [ -73.951100999802861, 40.636072999947466 ], [ -73.95090800035733, 40.635891000281099 ], [ -73.949778000578291, 40.634814000385887 ], [ -73.949449000690322, 40.634508000660638 ], [ -73.950227999941774, 40.634026000017897 ], [ -73.950835000562407, 40.633659999765584 ], [ -73.951058999970073, 40.633634999671415 ], [ -73.952009999648979, 40.633531000215463 ], [ -73.952461999560597, 40.635921999839837 ], [ -73.953423000183548, 40.635816999802969 ], [ -73.954387999207839, 40.63571100022795 ], [ -73.955315000393952, 40.635609000027898 ], [ -73.956240999958482, 40.635508999787341 ], [ -73.957168000246241, 40.635405000523555 ], [ -73.958197999567872, 40.635289000367067 ], [ -73.958400000132542, 40.636326999701296 ], [ -73.95825399964437, 40.6363970001184 ] ] ] ] } },
{ "type": "Feature", "properties": { "STATEFP": "36", "COUNTYFP": "047", "TRACTCE": "095800", "GEOID": "36047095800", "NAME": "958", "NAMELSAD": "Census Tract 958", "MTFCC": "G5020", "FUNCSTAT": "S", "ALAND": 234373.0, "AWATER": 0.0, "INTPTLAT": "+40.6408221", "INTPTLON": "-073.9116859", "Shape__Are": 407470.171875, "Shape__Len": 2753.6080874200002 }, "geometry": { "type": "MultiPolygon", "coordinates": [ [ [ [ -73.915670000506211, 40.642549999900382 ], [ -73.915187000632471, 40.642861999940159 ], [ -73.914723999951875, 40.643160999944612 ], [ -73.914441000094655, 40.643342000299555 ], [ -73.913754999831298, 40.643777999451835 ], [ -73.913687999884147, 40.643812999852798 ], [ -73.913197000512781, 40.644069999936839 ], [ -73.912914999582156, 40.644177000481058 ], [ -73.911600999680118, 40.642996999538113 ], [ -73.910763999804033, 40.6422460001018 ], [ -73.910119999373478, 40.64167099998825 ], [ -73.909119000364171, 40.640770000557069 ], [ -73.907453999934503, 40.639275999710996 ], [ -73.90816899961186, 40.638813000247467 ], [ -73.908882000537702, 40.638351000314557 ], [ -73.909623999979232, 40.637872000215879 ], [ -73.910367000143992, 40.637391000029773 ], [ -73.912033999325146, 40.638890000152657 ], [ -73.913903999794215, 40.640569000409272 ], [ -73.91592499987604, 40.642384000128153 ], [ -73.915670000506211, 40.642549999900382 ] ] ] ] } },
{ "type": "Feature", "properties": { "STATEFP": "36", "COUNTYFP": "047", "TRACTCE": "096000", "GEOID": "36047096000", "NAME": "960", "NAMELSAD": "Census Tract 960", "MTFCC": "G5020", "FUNCSTAT": "S", "ALAND": 423887.0, "AWATER": 0.0, "INTPTLAT": "+40.6459270", "INTPTLON": "-073.9147665", "Shape__Are": 737053.94921899994, "Shape__Len": 4454.2043214599998 }, "geometry": { "type": "MultiPolygon", "coordinates": [ [ [ [ -73.919951000146114, 40.644707000347978 ], [ -73.919821000449787, 40.644784000270441 ], [ -73.919429999739208, 40.645060999681782 ], [ -73.918924000299228, 40.645398000041034 ], [ -73.918302000508305, 40.645812000161513 ], [ -73.917648000032017, 40.646223000067167 ], [ -73.916937000552622, 40.646682999581799 ], [ -73.916208999558151, 40.64715099976371 ], [ -73.915500999553501, 40.647604999757554 ], [ -73.914732000347797, 40.64810100003676 ], [ -73.913960999695632, 40.6486010001653 ], [ -73.913253000589279, 40.649060999646608 ], [ -73.912535000538895, 40.649521000046434 ], [ -73.91182300033627, 40.649984000205713 ], [ -73.911101000087911, 40.650447999712583 ], [ -73.910229999876634, 40.651014000071882 ], [ -73.909449000077032, 40.651522000089557 ], [ -73.908680999797923, 40.650716999468116 ], [ -73.907615000491305, 40.649896000522808 ], [ -73.908399000663948, 40.649388000394509 ], [ -73.909290000068381, 40.648816999901726 ], [ -73.910003999920832, 40.648355000371211 ], [ -73.910716000123458, 40.647888000325914 ], [ -73.911755000564213, 40.647224000064163 ], [ -73.912096999972647, 40.646998999610112 ], [ -73.91242699968555, 40.646773000553232 ], [ -73.91275599957352, 40.646328000776485 ], [ -73.912978000229657, 40.645324999788073 ], [ -73.913257999713835, 40.644444999689696 ], [ -73.912914999582156, 40.644177000481058 ], [ -73.913197000512781, 40.644069999936839 ], [ -73.913687999884147, 40.643812999852798 ], [ -73.913754999831298, 40.643777999451835 ], [ -73.914441000094655, 40.643342000299555 ], [ -73.914723999951875, 40.643160999944612 ], [ -73.915187000632471, 40.642861999940159 ], [ -73.915670000506211, 40.642549999900382 ], [ -73.91592499987604, 40.642384000128153 ], [ -73.916621000185117, 40.641948000049595 ], [ -73.917401999984705, 40.641516999688328 ], [ -73.918162999692811, 40.641080000107138 ], [ -73.918930000147043, 40.640585000117618 ], [ -73.919556000135913, 40.641185000046114 ], [ -73.919582999900086, 40.641398000018754 ], [ -73.919616999336967, 40.641659000402591 ], [ -73.919661999542811, 40.642103999954657 ], [ -73.919729000388273, 40.642724999488415 ], [ -73.919907000663514, 40.644330000171287 ], [ -73.919951000146114, 40.644707000347978 ] ] ] ] } },
{ "type": "Feature", "properties": { "STATEFP": "36", "COUNTYFP": "047", "TRACTCE": "096200", "GEOID": "36047096200", "NAME": "962", "NAMELSAD": "Census Tract 962", "MTFCC": "G5020", "FUNCSTAT": "S", "ALAND": 179100.0, "AWATER": 0.0, "INTPTLAT": "+40.6450267", "INTPTLON": "-073.9105174", "Shape__Are": 311408.992188, "Shape__Len": 2198.56068753 }, "geometry": { "type": "MultiPolygon", "coordinates": [ [ [ [ -73.912978000229657, 40.645324999788073 ], [ -73.91275599957352, 40.646328000776485 ], [ -73.91242699968555, 40.646773000553232 ], [ -73.912096999972647, 40.646998999610112 ], [ -73.911755000564213, 40.647224000064163 ], [ -73.910716000123458, 40.647888000325914 ], [ -73.910488999444411, 40.647684000176653 ], [ -73.90943400000846, 40.646737999659749 ], [ -73.908899000256142, 40.646256000074231 ], [ -73.907084000038651, 40.644623000207332 ], [ -73.907579000506303, 40.644304000057062 ], [ -73.908023999846904, 40.644017000247167 ], [ -73.909279999124323, 40.643204000208925 ], [ -73.910050999776502, 40.642708999611337 ], [ -73.910763999804033, 40.6422460001018 ], [ -73.911600999680118, 40.642996999538113 ], [ -73.912914999582156, 40.644177000481058 ], [ -73.913257999713835, 40.644444999689696 ], [ -73.912978000229657, 40.645324999788073 ] ] ] ] } },
{ "type": "Feature", "properties": { "STATEFP": "36", "COUNTYFP": "047", "TRACTCE": "096400", "GEOID": "36047096400", "NAME": "964", "NAMELSAD": "Census Tract 964", "MTFCC": "G5020", "FUNCSTAT": "S", "ALAND": 176581.0, "AWATER": 0.0, "INTPTLAT": "+40.6419501", "INTPTLON": "-073.9072687", "Shape__Are": 307006.175781, "Shape__Len": 2217.2414491700001 }, "geometry": { "type": "MultiPolygon", "coordinates": [ [ [ [ -73.910763999804033, 40.6422460001018 ], [ -73.910050999776502, 40.642708999611337 ], [ -73.909279999124323, 40.643204000208925 ], [ -73.908023999846904, 40.644017000247167 ], [ -73.907579000506303, 40.644304000057062 ], [ -73.907084000038651, 40.644623000207332 ], [ -73.906559000332109, 40.644152000235465 ], [ -73.905416999959172, 40.64312900039566 ], [ -73.904484999648531, 40.642291999460625 ], [ -73.903774000169136, 40.64165199996161 ], [ -73.90462699993877, 40.641101999536723 ], [ -73.905200000224198, 40.640729000047017 ], [ -73.905971999802972, 40.640238000128811 ], [ -73.906742000630203, 40.639736000751832 ], [ -73.907453999934503, 40.639275999710996 ], [ -73.909119000364171, 40.640770000557069 ], [ -73.910119999373478, 40.64167099998825 ], [ -73.910763999804033, 40.6422460001018 ] ] ] ] } },
{ "type": "Feature", "properties": { "STATEFP": "36", "COUNTYFP": "047", "TRACTCE": "096800", "GEOID": "36047096800", "NAME": "968", "NAMELSAD": "Census Tract 968", "MTFCC": "G5020", "FUNCSTAT": "S", "ALAND": 149019.0, "AWATER": 0.0, "INTPTLAT": "+40.6441418", "INTPTLON": "-073.9038769", "Shape__Are": 259102.367188, "Shape__Len": 2049.20757972 }, "geometry": { "type": "MultiPolygon", "coordinates": [ [ [ [ -73.907084000038651, 40.644623000207332 ], [ -73.906369000361309, 40.645087000182698 ], [ -73.905654999610547, 40.645548999844124 ], [ -73.904774999178443, 40.646115999395185 ], [ -73.903981999683282, 40.646629000031226 ], [ -73.903435000235433, 40.646143000065038 ], [ -73.902312999953992, 40.645134000223557 ], [ -73.901380000716742, 40.644297000575115 ], [ -73.900670000163956, 40.643659999659057 ], [ -73.901465000207239, 40.643145000172048 ], [ -73.902344999741032, 40.642576000016206 ], [ -73.903059999418403, 40.642115000183246 ], [ -73.903774000169136, 40.64165199996161 ], [ -73.904484999648531, 40.642291999460625 ], [ -73.905416999959172, 40.64312900039566 ], [ -73.906559000332109, 40.644152000235465 ], [ -73.907084000038651, 40.644623000207332 ] ] ] ] } },
{ "type": "Feature", "properties": { "STATEFP": "36", "COUNTYFP": "047", "TRACTCE": "097000", "GEOID": "36047097000", "NAME": "970", "NAMELSAD": "Census Tract 970", "MTFCC": "G5020", "FUNCSTAT": "S", "ALAND": 163450.0, "AWATER": 0.0, "INTPTLAT": "+40.6472600", "INTPTLON": "-073.9073530", "Shape__Are": 284219.417969, "Shape__Len": 2161.5824512999998 }, "geometry": { "type": "MultiPolygon", "coordinates": [ [ [ [ -73.910716000123458, 40.647888000325914 ], [ -73.910003999920832, 40.648355000371211 ], [ -73.909290000068381, 40.648816999901726 ], [ -73.908399000663948, 40.649388000394509 ], [ -73.907615000491305, 40.649896000522808 ], [ -73.906372000734351, 40.648778999822113 ], [ -73.905800000273828, 40.648265000170056 ], [ -73.905095999568815, 40.647607000192103 ], [ -73.903981999683282, 40.646629000031226 ], [ -73.904774999178443, 40.646115999395185 ], [ -73.905654999610547, 40.645548999844124 ], [ -73.906369000361309, 40.645087000182698 ], [ -73.907084000038651, 40.644623000207332 ], [ -73.908899000256142, 40.646256000074231 ], [ -73.90943400000846, 40.646737999659749 ], [ -73.910488999444411, 40.647684000176653 ], [ -73.910716000123458, 40.647888000325914 ] ] ] ] } },
{ "type": "Feature", "properties": { "STATEFP": "36", "COUNTYFP": "047", "TRACTCE": "026200", "GEOID": "36047026200", "NAME": "262", "NAMELSAD": "Census Tract 262", "MTFCC": "G5020", "FUNCSTAT": "S", "ALAND": 157859.0, "AWATER": 0.0, "INTPTLAT": "+40.6187285", "INTPTLON": "-073.9970786", "Shape__Are": 274262.820312, "Shape__Len": 2164.1792866699998 }, "geometry": { "type": "MultiPolygon", "coordinates": [ [ [ [ -73.999425999869487, 40.617628000032575 ], [ -73.999271000058783, 40.618178000174112 ], [ -73.999035999882139, 40.618946000063396 ], [ -73.998811999576162, 40.619721000001469 ], [ -73.998661999788325, 40.620256999363043 ], [ -73.998635000024152, 40.620353999771233 ], [ -73.998595000739485, 40.62050200014378 ], [ -73.998388999976839, 40.621259000335257 ], [ -73.998295000265514, 40.621619000141983 ], [ -73.997383999871246, 40.621146000287553 ], [ -73.996711000026721, 40.620762999711523 ], [ -73.996608999919474, 40.620704999895715 ], [ -73.996393000009405, 40.620582000190261 ], [ -73.995744000454295, 40.620213000396696 ], [ -73.995130999985861, 40.619864999244875 ], [ -73.994530000111354, 40.619521000196286 ], [ -73.993877000358268, 40.619155999843642 ], [ -73.994253999926812, 40.618789000289901 ], [ -73.994834999709852, 40.618230999920101 ], [ -73.995418000041056, 40.617673000344467 ], [ -73.996002000197151, 40.617112000563701 ], [ -73.9965820001553, 40.616554999484052 ], [ -73.997166000311381, 40.61599500021174 ], [ -73.999487999793757, 40.617405000040193 ], [ -73.999425999869487, 40.617628000032575 ] ] ] ] } },
{ "type": "Feature", "properties": { "STATEFP": "36", "COUNTYFP": "047", "TRACTCE": "036501", "GEOID": "36047036501", "NAME": "365.01", "NAMELSAD": "Census Tract 365.01", "MTFCC": "G5020", "FUNCSTAT": "S", "ALAND": 126345.0, "AWATER": 0.0, "INTPTLAT": "+40.6750312", "INTPTLON": "-073.9115136", "Shape__Are": 219880.421875, "Shape__Len": 2193.3410478699998 }, "geometry": { "type": "MultiPolygon", "coordinates": [ [ [ [ -73.913920000586074, 40.674130000185599 ], [ -73.913846000067906, 40.674907999745216 ], [ -73.913783000318716, 40.675619000094713 ], [ -73.91377700047093, 40.675686999901451 ], [ -73.913767999351791, 40.675772000584182 ], [ -73.91376300022722, 40.675818999448452 ], [ -73.913696000280069, 40.676495000031039 ], [ -73.912767000342484, 40.676444999904199 ], [ -73.911865999993978, 40.676396999992463 ], [ -73.911118999631256, 40.676355000126463 ], [ -73.910926000185739, 40.67634499953806 ], [ -73.909991000400353, 40.676293999852263 ], [ -73.909094000249809, 40.67624399957473 ], [ -73.908088000319324, 40.676190000104867 ], [ -73.908096999641842, 40.676125000520969 ], [ -73.908194999551128, 40.675378999941991 ], [ -73.908310000077165, 40.674605000359435 ], [ -73.909156999998999, 40.674653000198759 ], [ -73.911074999250332, 40.674757000299877 ], [ -73.911151999243231, 40.673979000340871 ], [ -73.911224000111545, 40.673151999782249 ], [ -73.914003999353326, 40.673240000130008 ], [ -73.913920000586074, 40.674130000185599 ] ] ] ] } },
{ "type": "Feature", "properties": { "STATEFP": "36", "COUNTYFP": "047", "TRACTCE": "036502", "GEOID": "36047036502", "NAME": "365.02", "NAMELSAD": "Census Tract 365.02", "MTFCC": "G5020", "FUNCSTAT": "S", "ALAND": 122056.0, "AWATER": 0.0, "INTPTLAT": "+40.6747259", "INTPTLON": "-073.9075432", "Shape__Are": 212410.554688, "Shape__Len": 2496.1688226699998 }, "geometry": { "type": "MultiPolygon", "coordinates": [ [ [ [ -73.911224000111545, 40.673151999782249 ], [ -73.911151999243231, 40.673979000340871 ], [ -73.911074999250332, 40.674757000299877 ], [ -73.909156999998999, 40.674653000198759 ], [ -73.908310000077165, 40.674605000359435 ], [ -73.908194999551128, 40.675378999941991 ], [ -73.908096999641842, 40.676125000520969 ], [ -73.908088000319324, 40.676190000104867 ], [ -73.907777999799606, 40.676242000680105 ], [ -73.907125000046534, 40.676247999407536 ], [ -73.906116000641305, 40.676190999552908 ], [ -73.905240000407176, 40.676145000399671 ], [ -73.904354000127285, 40.676092999748739 ], [ -73.904078999767677, 40.676072999854469 ], [ -73.903462999824526, 40.676015999850236 ], [ -73.902534999711833, 40.675884000011948 ], [ -73.902738000101436, 40.675796999882706 ], [ -73.902964000057224, 40.675698999499396 ], [ -73.903009000263083, 40.675678999486934 ], [ -73.903474999520085, 40.675506999540467 ], [ -73.903819999301575, 40.675378999941977 ], [ -73.90437299949555, 40.675109000014899 ], [ -73.90524000040719, 40.674724999552346 ], [ -73.905826000213082, 40.67446999930597 ], [ -73.905970000153133, 40.674407000401381 ], [ -73.906094999826607, 40.674352999443641 ], [ -73.90629699949298, 40.674264999883569 ], [ -73.906957000715352, 40.67398499995317 ], [ -73.907469000003118, 40.673762000145622 ], [ -73.907876999533812, 40.673567000234222 ], [ -73.90842000058035, 40.673313000500634 ], [ -73.909254999908285, 40.672947999210727 ], [ -73.90990399946341, 40.672991000037683 ], [ -73.910400999580872, 40.673023000254858 ], [ -73.911229999959346, 40.67307899991664 ], [ -73.911224000111545, 40.673151999782249 ] ] ] ] } },
{ "type": "Feature", "properties": { "STATEFP": "36", "COUNTYFP": "047", "TRACTCE": "036900", "GEOID": "36047036900", "NAME": "369", "NAMELSAD": "Census Tract 369", "MTFCC": "G5020", "FUNCSTAT": "S", "ALAND": 226736.0, "AWATER": 0.0, "INTPTLAT": "+40.6796500", "INTPTLON": "-073.9092283", "Shape__Are": 394641.367188, "Shape__Len": 2897.95411616 }, "geometry": { "type": "MultiPolygon", "coordinates": [ [ [ [ -73.911813000290536, 40.683180000367663 ], [ -73.911511999991646, 40.68350500004437 ], [ -73.910768999826885, 40.683091999516023 ], [ -73.910066999670022, 40.682683999994545 ], [ -73.909274999999781, 40.682234999808564 ], [ -73.909054999891751, 40.682105000103455 ], [ -73.90885999989807, 40.68199400026981 ], [ -73.908517000664716, 40.681803999456662 ], [ -73.907771000126914, 40.681376999930364 ], [ -73.90701799991642, 40.680947999596469 ], [ -73.906719999990571, 40.680768000496769 ], [ -73.906281999424365, 40.680506999814803 ], [ -73.905658999808509, 40.680141000371108 ], [ -73.905493000127152, 40.680036999812607 ], [ -73.906345999896757, 40.679311999782648 ], [ -73.907230000526837, 40.678661999512236 ], [ -73.907534000300444, 40.678416000200826 ], [ -73.907833000051198, 40.678115999346751 ], [ -73.907974999443098, 40.677362999826386 ], [ -73.908088000319324, 40.676190000104867 ], [ -73.909094000249809, 40.67624399957473 ], [ -73.909991000400353, 40.676293999852263 ], [ -73.910926000185739, 40.67634499953806 ], [ -73.910814000032744, 40.67752100026707 ], [ -73.910798999964129, 40.678277999757611 ], [ -73.910938999706204, 40.678782999668506 ], [ -73.911081999821334, 40.679514999877355 ], [ -73.911224999936465, 40.680240000424497 ], [ -73.911373999899382, 40.680980000081867 ], [ -73.911517999839432, 40.681712000008496 ], [ -73.911663999429308, 40.682445999460974 ], [ -73.911813000290536, 40.683180000367663 ] ] ] ] } },
{ "type": "Feature", "properties": { "STATEFP": "36", "COUNTYFP": "047", "TRACTCE": "077200", "GEOID": "36047077200", "NAME": "772", "NAMELSAD": "Census Tract 772", "MTFCC": "G5020", "FUNCSTAT": "S", "ALAND": 404333.0, "AWATER": 0.0, "INTPTLAT": "+40.6316094", "INTPTLON": "-073.9531770", "Shape__Are": 702755.351562, "Shape__Len": 4174.682864 }, "geometry": { "type": "MultiPolygon", "coordinates": [ [ [ [ -73.957298999767502, 40.63051200035197 ], [ -73.956615999877215, 40.630590999867529 ], [ -73.956621999724987, 40.630694999812192 ], [ -73.956609999131103, 40.63079200006036 ], [ -73.956574999869332, 40.630903999342273 ], [ -73.956518999792834, 40.631011999981553 ], [ -73.956430999929282, 40.631123999576189 ], [ -73.956364999807036, 40.631185999697131 ], [ -73.956239000308656, 40.631257999611378 ], [ -73.956120000482969, 40.631311000568587 ], [ -73.955973999994796, 40.631361999880674 ], [ -73.955829999156435, 40.631396999974228 ], [ -73.955673000594217, 40.631421000105696 ], [ -73.955526000281139, 40.631429999811864 ], [ -73.955473000577683, 40.631430999930643 ], [ -73.955790999696688, 40.633118000370601 ], [ -73.956240999958482, 40.635508999787341 ], [ -73.955315000393952, 40.635609000027898 ], [ -73.954387999207839, 40.63571100022795 ], [ -73.953423000183548, 40.635816999802969 ], [ -73.952461999560597, 40.635921999839837 ], [ -73.952009999648979, 40.633531000215463 ], [ -73.951058999970073, 40.633634999671415 ], [ -73.950999999520533, 40.633203999494121 ], [ -73.950837999138813, 40.632354000234308 ], [ -73.949592999732062, 40.632491000155142 ], [ -73.948760999878829, 40.63202099990675 ], [ -73.948275000530344, 40.631736000008793 ], [ -73.948190999966442, 40.631687999963674 ], [ -73.948130999691983, 40.631643000230937 ], [ -73.948062999919912, 40.63156999993344 ], [ -73.948032999782683, 40.63152799979143 ], [ -73.947542999337927, 40.631581000534368 ], [ -73.947457999847416, 40.630590000417918 ], [ -73.948597999672202, 40.63046500024204 ], [ -73.950447999151478, 40.630259999883329 ], [ -73.950413999714613, 40.63007599977368 ], [ -73.950176999888157, 40.628852000368468 ], [ -73.951105999825742, 40.6287499999167 ], [ -73.952069000098533, 40.628645999669942 ], [ -73.953030999648078, 40.628540000300667 ], [ -73.953959999585663, 40.628440000381275 ], [ -73.954885000223626, 40.628335999651753 ], [ -73.95581199961309, 40.628233999775354 ], [ -73.95684699985587, 40.628119999769275 ], [ -73.957123999865317, 40.629586000054545 ], [ -73.957298999767502, 40.63051200035197 ] ] ] ] } },
{ "type": "Feature", "properties": { "STATEFP": "36", "COUNTYFP": "047", "TRACTCE": "077400", "GEOID": "36047077400", "NAME": "774", "NAMELSAD": "Census Tract 774", "MTFCC": "G5020", "FUNCSTAT": "S", "ALAND": 147764.0, "AWATER": 0.0, "INTPTLAT": "+40.6316800", "INTPTLON": "-073.9476070", "Shape__Are": 256820.667969, "Shape__Len": 3142.0288072399999 }, "geometry": { "type": "MultiPolygon", "coordinates": [ [ [ [ -73.951058999970073, 40.633634999671415 ], [ -73.950835000562407, 40.633659999765584 ], [ -73.950227999941774, 40.634026000017897 ], [ -73.949449000690322, 40.634508000660638 ], [ -73.948818999605152, 40.633902000220417 ], [ -73.947698999871847, 40.632884999992896 ], [ -73.946826999835665, 40.632033999289433 ], [ -73.946561000595196, 40.631784999451106 ], [ -73.946478999681119, 40.631707999532175 ], [ -73.946328000068377, 40.631565999466517 ], [ -73.945511000283773, 40.630792000060389 ], [ -73.944808000302004, 40.630127000029013 ], [ -73.944539999615074, 40.629866000236895 ], [ -73.944154999650607, 40.629508000179335 ], [ -73.94446799964507, 40.629479999450268 ], [ -73.945400999780603, 40.62937799995764 ], [ -73.946327000243471, 40.629277000460384 ], [ -73.947327000326169, 40.629166000647579 ], [ -73.948324000035839, 40.629056999595456 ], [ -73.949252000148505, 40.628954999456816 ], [ -73.950176999888157, 40.628852000368468 ], [ -73.950413999714613, 40.63007599977368 ], [ -73.950447999151478, 40.630259999883329 ], [ -73.948597999672202, 40.63046500024204 ], [ -73.947457999847416, 40.630590000417918 ], [ -73.947542999337927, 40.631581000534368 ], [ -73.948032999782683, 40.63152799979143 ], [ -73.948062999919912, 40.63156999993344 ], [ -73.948130999691983, 40.631643000230937 ], [ -73.948190999966442, 40.631687999963674 ], [ -73.948275000530344, 40.631736000008793 ], [ -73.948760999878829, 40.63202099990675 ], [ -73.949592999732062, 40.632491000155142 ], [ -73.950837999138813, 40.632354000234308 ], [ -73.950999999520533, 40.633203999494121 ], [ -73.951058999970073, 40.633634999671415 ] ] ] ] } },
{ "type": "Feature", "properties": { "STATEFP": "36", "COUNTYFP": "047", "TRACTCE": "077600", "GEOID": "36047077600", "NAME": "776", "NAMELSAD": "Census Tract 776", "MTFCC": "G5020", "FUNCSTAT": "S", "ALAND": 186545.0, "AWATER": 0.0, "INTPTLAT": "+40.6309255", "INTPTLON": "-073.9411361", "Shape__Are": 324216.34375, "Shape__Len": 2639.2797376799999 }, "geometry": { "type": "MultiPolygon", "coordinates": [ [ [ [ -73.946478999681119, 40.631707999532175 ], [ -73.946292000083375, 40.631722999886343 ], [ -73.945616999690671, 40.631778000019963 ], [ -73.944629000201857, 40.631838000671813 ], [ -73.94366000008128, 40.631899999448059 ], [ -73.942728999595545, 40.631956999657618 ], [ -73.941757000000266, 40.632016999466877 ], [ -73.940787999879689, 40.632075999794907 ], [ -73.939853999919222, 40.632135000070726 ], [ -73.938924999981623, 40.632192999505385 ], [ -73.937997999693849, 40.632247000508748 ], [ -73.937593000536211, 40.632267999334317 ], [ -73.937012999679766, 40.632304000422167 ], [ -73.937006000007059, 40.632226000313125 ], [ -73.936766999632468, 40.629972999687325 ], [ -73.937737999402856, 40.629913000086681 ], [ -73.938673000086553, 40.629852999750433 ], [ -73.939604999498869, 40.629794999646805 ], [ -73.940538000532754, 40.629734999886239 ], [ -73.941509000303142, 40.629677999825141 ], [ -73.942473999327433, 40.62961799995945 ], [ -73.943409000011101, 40.62955999965174 ], [ -73.944154999650607, 40.629508000179335 ], [ -73.944539999615074, 40.629866000236895 ], [ -73.944808000302004, 40.630127000029013 ], [ -73.945511000283773, 40.630792000060389 ], [ -73.946328000068377, 40.631565999466517 ], [ -73.946478999681119, 40.631707999532175 ] ] ] ] } },
{ "type": "Feature", "properties": { "STATEFP": "36", "COUNTYFP": "047", "TRACTCE": "078200", "GEOID": "36047078200", "NAME": "782", "NAMELSAD": "Census Tract 782", "MTFCC": "G5020", "FUNCSTAT": "S", "ALAND": 168304.0, "AWATER": 0.0, "INTPTLAT": "+40.6378537", "INTPTLON": "-073.9414429", "Shape__Are": 292578.074219, "Shape__Len": 2388.5235492000002 }, "geometry": { "type": "MultiPolygon", "coordinates": [ [ [ [ -73.945373000191523, 40.638787000029254 ], [ -73.944845000111926, 40.63881900029638 ], [ -73.943986000494519, 40.638872000023397 ], [ -73.942503000538053, 40.638964999957189 ], [ -73.941533000592585, 40.639025000285514 ], [ -73.940597000083983, 40.639082999869963 ], [ -73.939663999948408, 40.639142000088967 ], [ -73.938730999812876, 40.63920000025346 ], [ -73.937761999692299, 40.639258999687378 ], [ -73.937512000345365, 40.636921000189297 ], [ -73.938479999742711, 40.636862000052446 ], [ -73.939412999878257, 40.636803999901765 ], [ -73.940348999488549, 40.636744000303992 ], [ -73.941282999449015, 40.636687000090845 ], [ -73.942249000094833, 40.636627999747233 ], [ -73.943220999690141, 40.636563999823849 ], [ -73.944154999650607, 40.636507000138728 ], [ -73.945123000844575, 40.636447999635998 ], [ -73.945373000191523, 40.638787000029254 ] ] ] ] } },
{ "type": "Feature", "properties": { "STATEFP": "36", "COUNTYFP": "047", "TRACTCE": "046201", "GEOID": "36047046201", "NAME": "462.01", "NAMELSAD": "Census Tract 462.01", "MTFCC": "G5020", "FUNCSTAT": "S", "ALAND": 128315.0, "AWATER": 0.0, "INTPTLAT": "+40.6276229", "INTPTLON": "-073.9735164", "Shape__Are": 222993.832031, "Shape__Len": 2002.4724543699999 }, "geometry": { "type": "MultiPolygon", "coordinates": [ [ [ [ -73.976578000099849, 40.627573999697432 ], [ -73.974831999479335, 40.628411999886119 ], [ -73.974026999390304, 40.628805999930009 ], [ -73.972852000303732, 40.629371999742062 ], [ -73.971806000190284, 40.629874000010581 ], [ -73.971718000326732, 40.629915999829407 ], [ -73.971567999640584, 40.629987999749474 ], [ -73.971373999471822, 40.62896600048856 ], [ -73.971207999790479, 40.628090000165919 ], [ -73.971114000079126, 40.627586000451259 ], [ -73.971098000185606, 40.627500000228281 ], [ -73.970922000458515, 40.626570000351229 ], [ -73.971186999874078, 40.626542999945762 ], [ -73.972298000284852, 40.626432000361291 ], [ -73.973220000549773, 40.626318000688052 ], [ -73.974148999589048, 40.626215000259855 ], [ -73.975077000600052, 40.626114000069613 ], [ -73.975635999743474, 40.626035000030349 ], [ -73.976234999968185, 40.625975999819275 ], [ -73.976450000053333, 40.627007999645791 ], [ -73.976514000525754, 40.627294000131698 ], [ -73.976578000099849, 40.627573999697432 ] ] ] ] } },
{ "type": "Feature", "properties": { "STATEFP": "36", "COUNTYFP": "047", "TRACTCE": "036700", "GEOID": "36047036700", "NAME": "367", "NAMELSAD": "Census Tract 367", "MTFCC": "G5020", "FUNCSTAT": "S", "ALAND": 182968.0, "AWATER": 0.0, "INTPTLAT": "+40.6775646", "INTPTLON": "-073.9046130", "Shape__Are": 318442.589844, "Shape__Len": 2377.48790938 }, "geometry": { "type": "MultiPolygon", "coordinates": [ [ [ [ -73.907974999443098, 40.677362999826386 ], [ -73.907833000051198, 40.678115999346751 ], [ -73.907534000300444, 40.678416000200826 ], [ -73.907230000526837, 40.678661999512236 ], [ -73.906345999896757, 40.679311999782648 ], [ -73.905493000127152, 40.680036999812607 ], [ -73.904790999970288, 40.679640999554714 ], [ -73.904567999489203, 40.679514999877377 ], [ -73.904046000155702, 40.679220000301314 ], [ -73.903466000197568, 40.67889699966549 ], [ -73.900626999607937, 40.677264999701151 ], [ -73.899989999748385, 40.676900000289372 ], [ -73.900792000362699, 40.676572000057597 ], [ -73.902534999711833, 40.675884000011948 ], [ -73.903462999824526, 40.676015999850236 ], [ -73.904078999767677, 40.676072999854469 ], [ -73.904354000127285, 40.676092999748739 ], [ -73.905240000407176, 40.676145000399671 ], [ -73.906116000641305, 40.676190999552908 ], [ -73.907125000046534, 40.676247999407536 ], [ -73.907777999799606, 40.676242000680105 ], [ -73.908088000319324, 40.676190000104867 ], [ -73.907974999443098, 40.677362999826386 ] ] ] ] } },
{ "type": "Feature", "properties": { "STATEFP": "36", "COUNTYFP": "047", "TRACTCE": "003000", "GEOID": "36047003000", "NAME": "30", "NAMELSAD": "Census Tract 30", "MTFCC": "G5020", "FUNCSTAT": "S", "ALAND": 110188.0, "AWATER": 0.0, "INTPTLAT": "+40.6388788", "INTPTLON": "-074.0289766", "Shape__Are": 191555.292969, "Shape__Len": 1970.5523576400001 }, "geometry": { "type": "MultiPolygon", "coordinates": [ [ [ [ -74.03089100006882, 40.63827899986881 ], [ -74.030605999663464, 40.638962999945335 ], [ -74.030321999981325, 40.639646999830077 ], [ -74.029095000117891, 40.6408109996786 ], [ -74.028851999545338, 40.640801999873609 ], [ -74.029073000376599, 40.640968999466224 ], [ -74.028900999949158, 40.641007999878212 ], [ -74.028900999949158, 40.641146999710742 ], [ -74.02907899932606, 40.641274000280532 ], [ -74.028896999751197, 40.641213999928731 ], [ -74.028371000219707, 40.640995000197819 ], [ -74.028001000323883, 40.640828999285027 ], [ -74.027401999200833, 40.64054400017563 ], [ -74.027017000134691, 40.640380000155638 ], [ -74.02690300033187, 40.64033600013164 ], [ -74.026725999881549, 40.640271999673104 ], [ -74.026605999332645, 40.640236000155106 ], [ -74.026257000251505, 40.640132000075042 ], [ -74.026308999231716, 40.640089999865737 ], [ -74.026347999589788, 40.640043000363001 ], [ -74.026442000199424, 40.639939999973585 ], [ -74.026600000383155, 40.639786999763665 ], [ -74.026694000094508, 40.639699999581396 ], [ -74.026860999600757, 40.639536000214569 ], [ -74.027623999856999, 40.638804999499754 ], [ -74.02780200013224, 40.638625000486449 ], [ -74.02800400069691, 40.63814499960889 ], [ -74.028278999259896, 40.637468000211769 ], [ -74.028658000274902, 40.636545999749188 ], [ -74.031267999637365, 40.637357000381478 ], [ -74.03089100006882, 40.63827899986881 ] ] ] ] } },
{ "type": "Feature", "properties": { "STATEFP": "36", "COUNTYFP": "047", "TRACTCE": "040300", "GEOID": "36047040300", "NAME": "403", "NAMELSAD": "Census Tract 403", "MTFCC": "G5020", "FUNCSTAT": "S", "ALAND": 210275.0, "AWATER": 0.0, "INTPTLAT": "+40.6845226", "INTPTLON": "-073.9082094", "Shape__Are": 366045.304688, "Shape__Len": 2744.15735077 }, "geometry": { "type": "MultiPolygon", "coordinates": [ [ [ [ -73.912272999699738, 40.683934999602123 ], [ -73.910886999827667, 40.685369000339101 ], [ -73.909439000031298, 40.686845000289019 ], [ -73.90868800036894, 40.686417000384651 ], [ -73.90793399943523, 40.68598800047392 ], [ -73.907182999772843, 40.685561000504059 ], [ -73.905738000349544, 40.687040000188659 ], [ -73.905473000035684, 40.68689299948938 ], [ -73.905342999441018, 40.686819999684246 ], [ -73.904969000245529, 40.686599999815954 ], [ -73.904493999869359, 40.686299000395522 ], [ -73.905432999852707, 40.683659999499731 ], [ -73.90578700075335, 40.683397000562394 ], [ -73.906376000034001, 40.6828019995719 ], [ -73.907125999871454, 40.683229999530248 ], [ -73.908517000664716, 40.681803999456662 ], [ -73.90885999989807, 40.68199400026981 ], [ -73.909054999891751, 40.682105000103455 ], [ -73.909274999999781, 40.682234999808564 ], [ -73.910066999670022, 40.682683999994545 ], [ -73.910768999826885, 40.683091999516023 ], [ -73.911511999991646, 40.68350500004437 ], [ -73.912272999699738, 40.683934999602123 ] ] ] ] } },
{ "type": "Feature", "properties": { "STATEFP": "36", "COUNTYFP": "047", "TRACTCE": "040500", "GEOID": "36047040500", "NAME": "405", "NAMELSAD": "Census Tract 405", "MTFCC": "G5020", "FUNCSTAT": "S", "ALAND": 138996.0, "AWATER": 0.0, "INTPTLAT": "+40.6815890", "INTPTLON": "-073.9051763", "Shape__Are": 241947.101562, "Shape__Len": 2025.50210193 }, "geometry": { "type": "MultiPolygon", "coordinates": [ [ [ [ -73.908517000664716, 40.681803999456662 ], [ -73.907125999871454, 40.683229999530248 ], [ -73.906376000034001, 40.6828019995719 ], [ -73.90578700075335, 40.683397000562394 ], [ -73.905432999852707, 40.683659999499731 ], [ -73.904636000159584, 40.683376000112965 ], [ -73.903903000040586, 40.682946000354903 ], [ -73.903133000111637, 40.682537999939711 ], [ -73.902956000559627, 40.68243499975064 ], [ -73.902822000665324, 40.682352999499557 ], [ -73.902822000665324, 40.681626000720456 ], [ -73.90276400004069, 40.680745000459474 ], [ -73.902621999750465, 40.680664000235268 ], [ -73.904046000155702, 40.679220000301314 ], [ -73.904567999489203, 40.679514999877377 ], [ -73.904790999970288, 40.679640999554714 ], [ -73.905493000127152, 40.680036999812607 ], [ -73.905658999808509, 40.680141000371108 ], [ -73.906281999424365, 40.680506999814803 ], [ -73.906719999990571, 40.680768000496769 ], [ -73.90701799991642, 40.680947999596469 ], [ -73.907771000126914, 40.681376999930364 ], [ -73.908517000664716, 40.681803999456662 ] ] ] ] } },
{ "type": "Feature", "properties": { "STATEFP": "36", "COUNTYFP": "047", "TRACTCE": "041100", "GEOID": "36047041100", "NAME": "411", "NAMELSAD": "Census Tract 411", "MTFCC": "G5020", "FUNCSTAT": "S", "ALAND": 134881.0, "AWATER": 0.0, "INTPTLAT": "+40.6878787", "INTPTLON": "-073.9071509", "Shape__Are": 234823.9375, "Shape__Len": 2000.33009679 }, "geometry": { "type": "MultiPolygon", "coordinates": [ [ [ [ -73.910188999868765, 40.6872710002432 ], [ -73.908741999897302, 40.688744999737665 ], [ -73.907291999552811, 40.690219000005214 ], [ -73.90654400026348, 40.689790999973361 ], [ -73.905792999702811, 40.689365000461656 ], [ -73.905041000215533, 40.688935000517596 ], [ -73.904814999361406, 40.688806999456617 ], [ -73.904728000221098, 40.688752999946303 ], [ -73.904142000415177, 40.688568000409411 ], [ -73.905342999441018, 40.686819999684246 ], [ -73.905473000035684, 40.68689299948938 ], [ -73.905738000349544, 40.687040000188659 ], [ -73.907182999772843, 40.685561000504059 ], [ -73.90793399943523, 40.68598800047392 ], [ -73.90868800036894, 40.686417000384651 ], [ -73.909439000031298, 40.686845000289019 ], [ -73.910188999868765, 40.6872710002432 ] ] ] ] } },
{ "type": "Feature", "properties": { "STATEFP": "36", "COUNTYFP": "047", "TRACTCE": "041300", "GEOID": "36047041300", "NAME": "413", "NAMELSAD": "Census Tract 413", "MTFCC": "G5020", "FUNCSTAT": "S", "ALAND": 162165.0, "AWATER": 0.0, "INTPTLAT": "+40.6898146", "INTPTLON": "-073.9106200", "Shape__Are": 282341.367188, "Shape__Len": 2125.5941251700001 }, "geometry": { "type": "MultiPolygon", "coordinates": [ [ [ [ -73.913945999627003, 40.689408999485217 ], [ -73.912499999480474, 40.690883000050313 ], [ -73.911053000407335, 40.69235799990949 ], [ -73.910297999648705, 40.69192999999413 ], [ -73.909550000359374, 40.691502999953741 ], [ -73.90879700014888, 40.691074999995436 ], [ -73.90804200028856, 40.690647000012596 ], [ -73.907291999552811, 40.690219000005214 ], [ -73.908741999897302, 40.688744999737665 ], [ -73.910188999868765, 40.6872710002432 ], [ -73.910939999531124, 40.687699000112396 ], [ -73.911691999916698, 40.688125000056843 ], [ -73.912442999579056, 40.688552999890547 ], [ -73.912819000221035, 40.688766999798361 ], [ -73.912877999772249, 40.688800000556881 ], [ -73.91292899982588, 40.688829000177982 ], [ -73.913194000139754, 40.688979999762594 ], [ -73.913945999627003, 40.689408999485217 ] ] ] ] } },
{ "type": "Feature", "properties": { "STATEFP": "36", "COUNTYFP": "047", "TRACTCE": "021200", "GEOID": "36047021200", "NAME": "212", "NAMELSAD": "Census Tract 212", "MTFCC": "G5020", "FUNCSTAT": "S", "ALAND": 190833.0, "AWATER": 0.0, "INTPTLAT": "+40.6294745", "INTPTLON": "-074.0058501", "Shape__Are": 331658.664062, "Shape__Len": 2404.59567849 }, "geometry": { "type": "MultiPolygon", "coordinates": [ [ [ [ -74.009224000131852, 40.630634000047863 ], [ -74.008455999852742, 40.631150000051775 ], [ -74.007739000525575, 40.631630000090432 ], [ -74.007022999226677, 40.63211000008733 ], [ -74.006339000409781, 40.631693999971219 ], [ -74.004136999679687, 40.630363999661732 ], [ -74.001931000548268, 40.629032999977895 ], [ -74.002227999750886, 40.62875100007561 ], [ -74.002515000704378, 40.628474999961014 ], [ -74.003098999962162, 40.627916000564475 ], [ -74.003723000301221, 40.627312000655273 ], [ -74.004349999216714, 40.626710999942638 ], [ -74.006553999596633, 40.628039999888053 ], [ -74.008754000676888, 40.62937100027419 ], [ -74.010004000106534, 40.630113000136554 ], [ -74.009224000131852, 40.630634000047863 ] ] ] ] } },
{ "type": "Feature", "properties": { "STATEFP": "36", "COUNTYFP": "047", "TRACTCE": "019400", "GEOID": "36047019400", "NAME": "194", "NAMELSAD": "Census Tract 194", "MTFCC": "G5020", "FUNCSTAT": "S", "ALAND": 178420.0, "AWATER": 0.0, "INTPTLAT": "+40.6258369", "INTPTLON": "-074.0011077", "Shape__Are": 310051.417969, "Shape__Len": 2499.7079586599998 }, "geometry": { "type": "MultiPolygon", "coordinates": [ [ [ [ -74.004349999216714, 40.626710999942638 ], [ -74.003723000301221, 40.627312000655273 ], [ -74.003098999962162, 40.627916000564475 ], [ -74.002515000704378, 40.628474999961014 ], [ -74.000313999799189, 40.627144999626104 ], [ -73.998116999990287, 40.625815999596917 ], [ -73.997240999756144, 40.625288999695258 ], [ -73.997484000328711, 40.624520000237268 ], [ -73.997712999759244, 40.623679999833925 ], [ -73.999320999389184, 40.6246560003284 ], [ -73.999945999553148, 40.624051000024863 ], [ -74.000529999709272, 40.623490000623491 ], [ -74.002730000789541, 40.624820999645983 ], [ -74.004932000621309, 40.626150999900496 ], [ -74.004349999216714, 40.626710999942638 ] ] ] ] } },
{ "type": "Feature", "properties": { "STATEFP": "36", "COUNTYFP": "047", "TRACTCE": "072800", "GEOID": "36047072800", "NAME": "728", "NAMELSAD": "Census Tract 728", "MTFCC": "G5020", "FUNCSTAT": "S", "ALAND": 212050.0, "AWATER": 0.0, "INTPTLAT": "+40.6294856", "INTPTLON": "-073.9270042", "Shape__Are": 368529.367188, "Shape__Len": 3037.6195500899998 }, "geometry": { "type": "MultiPolygon", "coordinates": [ [ [ [ -73.931983000027316, 40.630268999745965 ], [ -73.931024999777406, 40.630329000390269 ], [ -73.930054000007033, 40.630389000298834 ], [ -73.929120000046566, 40.630445999753022 ], [ -73.928114000116054, 40.630506000238249 ], [ -73.927106999462353, 40.630570999282767 ], [ -73.926175999874943, 40.630628000626821 ], [ -73.925205000104555, 40.630688999714941 ], [ -73.924238999458709, 40.630748999981805 ], [ -73.923304999498242, 40.630807999384899 ], [ -73.922334999552774, 40.630865999972208 ], [ -73.921366000330522, 40.630926999524611 ], [ -73.92062099961764, 40.630971999739877 ], [ -73.920418000126347, 40.630903999342287 ], [ -73.92130100003321, 40.630323999713674 ], [ -73.922214999902181, 40.629730000528717 ], [ -73.923127999946246, 40.629143000540481 ], [ -73.924005000005295, 40.628566999898673 ], [ -73.924297999908262, 40.628386000389796 ], [ -73.924956000582526, 40.628348999751807 ], [ -73.925927000352914, 40.628288000571501 ], [ -73.926857999940324, 40.628228000138712 ], [ -73.927864999695728, 40.62816700016613 ], [ -73.928868999976387, 40.628107000306407 ], [ -73.929804999586665, 40.628049000049877 ], [ -73.930772000057402, 40.627986999743477 ], [ -73.931743000726129, 40.627930000235729 ], [ -73.931983000027316, 40.630268999745965 ] ] ] ] } },
{ "type": "Feature", "properties": { "STATEFP": "36", "COUNTYFP": "047", "TRACTCE": "007400", "GEOID": "36047007400", "NAME": "74", "NAMELSAD": "Census Tract 74", "MTFCC": "G5020", "FUNCSTAT": "S", "ALAND": 141287.0, "AWATER": 0.0, "INTPTLAT": "+40.6418552", "INTPTLON": "-074.0170288", "Shape__Are": 245641.015625, "Shape__Len": 2005.8838983099999 }, "geometry": { "type": "MultiPolygon", "coordinates": [ [ [ [ -74.020211999549417, 40.641980999443824 ], [ -74.019580000611057, 40.642594999779853 ], [ -74.019011000523577, 40.643165000398319 ], [ -74.018418999971558, 40.643760999893097 ], [ -74.017926000052071, 40.644232999824766 ], [ -74.017877000546562, 40.644201000108154 ], [ -74.01777600026422, 40.644137999875781 ], [ -74.016070000724994, 40.643109000158596 ], [ -74.013813999568242, 40.641745000112266 ], [ -74.014396999899446, 40.641186000018784 ], [ -74.014979999332311, 40.640626000034509 ], [ -74.015562000736892, 40.640067000113199 ], [ -74.016167000809389, 40.639483000333044 ], [ -74.0184220003446, 40.640846000272099 ], [ -74.020117999838092, 40.641920999727553 ], [ -74.020211999549417, 40.641980999443824 ] ] ] ] } },
{ "type": "Feature", "properties": { "STATEFP": "36", "COUNTYFP": "047", "TRACTCE": "043900", "GEOID": "36047043900", "NAME": "439", "NAMELSAD": "Census Tract 439", "MTFCC": "G5020", "FUNCSTAT": "S", "ALAND": 200003.0, "AWATER": 0.0, "INTPTLAT": "+40.6974716", "INTPTLON": "-073.9093087", "Shape__Are": 348303.351562, "Shape__Len": 3282.3938030300001 }, "geometry": { "type": "MultiPolygon", "coordinates": [ [ [ [ -73.913605999868395, 40.699299999976688 ], [ -73.912568999975747, 40.700357999934702 ], [ -73.911422000478268, 40.701487000093103 ], [ -73.910679000313522, 40.701046000017065 ], [ -73.911808000267655, 40.699938000560707 ], [ -73.911035999790585, 40.699531999533995 ], [ -73.910142999838015, 40.699033000278803 ], [ -73.909533000640963, 40.698674999432946 ], [ -73.908773999684357, 40.698255000344531 ], [ -73.908022000197093, 40.697824999880368 ], [ -73.907771000126914, 40.697684000020374 ], [ -73.90757000028546, 40.69757200044539 ], [ -73.907523000429791, 40.697548000268725 ], [ -73.907371999918738, 40.697452000156709 ], [ -73.907274999834371, 40.697398999971739 ], [ -73.907120000023667, 40.697313999625592 ], [ -73.90703600035809, 40.697267999385041 ], [ -73.906926999679811, 40.697208000356063 ], [ -73.906845999488965, 40.697164000352736 ], [ -73.906524000172013, 40.696975999515786 ], [ -73.9062630000561, 40.69683200044323 ], [ -73.906155999925971, 40.696776000303622 ], [ -73.906117000466224, 40.69675000019847 ], [ -73.90577099996149, 40.696548999802886 ], [ -73.905704000014339, 40.69651499965228 ], [ -73.905582999640529, 40.696448999630924 ], [ -73.905401000065652, 40.696349999816803 ], [ -73.905235000384295, 40.696251000536648 ], [ -73.905083000048322, 40.696162999917881 ], [ -73.905011000078318, 40.69612200007748 ], [ -73.904951999628778, 40.696086000047316 ], [ -73.904890000602791, 40.696050999829033 ], [ -73.904802999665861, 40.696008000255716 ], [ -73.904663999748678, 40.695932000039193 ], [ -73.904260000415945, 40.695700000203999 ], [ -73.904804000389063, 40.695147999555985 ], [ -73.904913999993937, 40.695074000093747 ], [ -73.905800000273828, 40.694127999413929 ], [ -73.9065450000884, 40.694559999609538 ], [ -73.907295999750758, 40.694986999810901 ], [ -73.908047000311441, 40.695416999522656 ], [ -73.908798999798705, 40.695844999514584 ], [ -73.909551000184308, 40.696271000506258 ], [ -73.910302999671558, 40.696700000282135 ], [ -73.911049000209374, 40.69712600057413 ], [ -73.911805999719519, 40.69755400048399 ], [ -73.912555999556972, 40.697982000368356 ], [ -73.91330899976748, 40.698410000227192 ], [ -73.914061000153055, 40.698838000060448 ], [ -73.913605999868395, 40.699299999976688 ] ] ] ] } },
{ "type": "Feature", "properties": { "STATEFP": "36", "COUNTYFP": "047", "TRACTCE": "045000", "GEOID": "36047045000", "NAME": "450", "NAMELSAD": "Census Tract 450", "MTFCC": "G5020", "FUNCSTAT": "S", "ALAND": 220368.0, "AWATER": 0.0, "INTPTLAT": "+40.6216930", "INTPTLON": "-073.9728834", "Shape__Are": 382899.414062, "Shape__Len": 2560.1115238100001 }, "geometry": { "type": "MultiPolygon", "coordinates": [ [ [ [ -73.975801999424817, 40.623594000035766 ], [ -73.974626000513339, 40.623724000607474 ], [ -73.973695999852509, 40.623826999422818 ], [ -73.972774000485913, 40.623933000136134 ], [ -73.972444000773052, 40.623963999791989 ], [ -73.971843000000192, 40.62402999997903 ], [ -73.970732999414324, 40.624153000153591 ], [ -73.970474000744872, 40.624181999934457 ], [ -73.970089999706985, 40.622163000653728 ], [ -73.970019000460198, 40.621793000466695 ], [ -73.969956999637603, 40.621468000076689 ], [ -73.969784000283539, 40.62055899985431 ], [ -73.970040000376585, 40.620484000512221 ], [ -73.971079000817355, 40.620116000465572 ], [ -73.971981000092455, 40.619728000696327 ], [ -73.973488000338364, 40.619184999748484 ], [ -73.974813000111084, 40.61836699986052 ], [ -73.974865999814526, 40.618643999780481 ], [ -73.975295999984837, 40.620913000412358 ], [ -73.975801999424817, 40.623594000035766 ] ] ] ] } },
{ "type": "Feature", "properties": { "STATEFP": "36", "COUNTYFP": "047", "TRACTCE": "045200", "GEOID": "36047045200", "NAME": "452", "NAMELSAD": "Census Tract 452", "MTFCC": "G5020", "FUNCSTAT": "S", "ALAND": 186316.0, "AWATER": 0.0, "INTPTLAT": "+40.6201742", "INTPTLON": "-073.9681621", "Shape__Are": 323718.042969, "Shape__Len": 2884.7997405400001 }, "geometry": { "type": "MultiPolygon", "coordinates": [ [ [ [ -73.970194000362369, 40.624212000611465 ], [ -73.969098000020196, 40.624333000000753 ], [ -73.968644999385347, 40.621941999957386 ], [ -73.967571999507726, 40.622059999954324 ], [ -73.966645000118262, 40.622163000653742 ], [ -73.966189000008683, 40.619772999593593 ], [ -73.965738999746875, 40.617379999997659 ], [ -73.966664000384824, 40.617277999754592 ], [ -73.967740000635544, 40.617160999825565 ], [ -73.9688290004067, 40.617041000052588 ], [ -73.969111999365595, 40.617009999911453 ], [ -73.969565000000443, 40.619398999973377 ], [ -73.969784000283539, 40.62055899985431 ], [ -73.969956999637603, 40.621468000076689 ], [ -73.970019000460198, 40.621793000466695 ], [ -73.970089999706985, 40.622163000653728 ], [ -73.970474000744872, 40.624181999934457 ], [ -73.970194000362369, 40.624212000611465 ] ] ] ] } },
{ "type": "Feature", "properties": { "STATEFP": "36", "COUNTYFP": "047", "TRACTCE": "048200", "GEOID": "36047048200", "NAME": "482", "NAMELSAD": "Census Tract 482", "MTFCC": "G5020", "FUNCSTAT": "S", "ALAND": 196675.0, "AWATER": 0.0, "INTPTLAT": "+40.6332088", "INTPTLON": "-073.9695313", "Shape__Are": 341853.515625, "Shape__Len": 2695.2369979300001 }, "geometry": { "type": "MultiPolygon", "coordinates": [ [ [ [ -73.972418999760364, 40.632991999377836 ], [ -73.972161000017508, 40.633111999809309 ], [ -73.97190400009957, 40.633229999841468 ], [ -73.970876000427765, 40.633720000089696 ], [ -73.969869000672361, 40.634194000277759 ], [ -73.970291000446764, 40.636406999879888 ], [ -73.969359999961, 40.636506000095963 ], [ -73.968038999487959, 40.636651000002892 ], [ -73.967627000657615, 40.635237999964112 ], [ -73.967543000093713, 40.634947999832974 ], [ -73.967511000306672, 40.634837999970898 ], [ -73.967405999826369, 40.634470000614655 ], [ -73.967184999893433, 40.633704000099485 ], [ -73.967027999534594, 40.633152000132398 ], [ -73.966776999464415, 40.632295000151984 ], [ -73.967550000664716, 40.631921999857653 ], [ -73.967925999510058, 40.631743999558459 ], [ -73.968409999208717, 40.631508999604918 ], [ -73.969281000318304, 40.631087999897396 ], [ -73.970302999244012, 40.630598000104889 ], [ -73.971264999691869, 40.630133000176784 ], [ -73.971567999640584, 40.629987999749474 ], [ -73.971718000326732, 40.629915999829407 ], [ -73.971806000190284, 40.629874000010581 ], [ -73.971922999467836, 40.630646000251794 ], [ -73.972113000336918, 40.631369000718962 ], [ -73.972266000497797, 40.632143000254374 ], [ -73.972418999760364, 40.632991999377836 ] ] ] ] } },
{ "type": "Feature", "properties": { "STATEFP": "36", "COUNTYFP": "047", "TRACTCE": "083800", "GEOID": "36047083800", "NAME": "838", "NAMELSAD": "Census Tract 838", "MTFCC": "G5020", "FUNCSTAT": "S", "ALAND": 166942.0, "AWATER": 0.0, "INTPTLAT": "+40.6417561", "INTPTLON": "-073.9351350", "Shape__Are": 290243.320312, "Shape__Len": 2215.6457392900002 }, "geometry": { "type": "MultiPolygon", "coordinates": [ [ [ [ -73.937283999841426, 40.643958000247309 ], [ -73.93634899915773, 40.644017000247175 ], [ -73.935383000308519, 40.644075000265488 ], [ -73.934409999989995, 40.644134000161927 ], [ -73.933478000577665, 40.644192000078604 ], [ -73.933234000180192, 40.641895000038204 ], [ -73.932983999934933, 40.639555000161856 ], [ -73.933917999895399, 40.639496000307872 ], [ -73.934887000015976, 40.639439000399413 ], [ -73.935856000136525, 40.639377999761834 ], [ -73.936792000645141, 40.639318999751424 ], [ -73.937041000167156, 40.641657999755346 ], [ -73.937283999841426, 40.643958000247309 ] ] ] ] } },
{ "type": "Feature", "properties": { "STATEFP": "36", "COUNTYFP": "047", "TRACTCE": "036300", "GEOID": "36047036300", "NAME": "363", "NAMELSAD": "Census Tract 363", "MTFCC": "G5020", "FUNCSTAT": "S", "ALAND": 259726.0, "AWATER": 0.0, "INTPTLAT": "+40.6721757", "INTPTLON": "-073.9169925", "Shape__Are": 451959.75, "Shape__Len": 3401.9976890600001 }, "geometry": { "type": "MultiPolygon", "coordinates": [ [ [ [ -73.922300000290988, 40.671899999968296 ], [ -73.922214999902181, 40.672791999875471 ], [ -73.92213199916317, 40.673684000113241 ], [ -73.919541000067284, 40.673542000099523 ], [ -73.916772999622779, 40.673390000114374 ], [ -73.914003999353326, 40.673240000130008 ], [ -73.911224000111545, 40.673151999782249 ], [ -73.911229999959346, 40.67307899991664 ], [ -73.910400999580872, 40.673023000254858 ], [ -73.90990399946341, 40.672991000037683 ], [ -73.909254999908285, 40.672947999210727 ], [ -73.909769999569093, 40.672733000110355 ], [ -73.909944999471278, 40.672660999968308 ], [ -73.910968000018514, 40.672236000167089 ], [ -73.911098999539774, 40.672183000365834 ], [ -73.911336000264555, 40.672076999955564 ], [ -73.912218000346485, 40.671686999926514 ], [ -73.913085999286395, 40.671309999569822 ], [ -73.914038999513437, 40.670897000477105 ], [ -73.914872999914792, 40.670532999802752 ], [ -73.915046000167152, 40.670607999475259 ], [ -73.916960000118848, 40.670714000176766 ], [ -73.917021999144794, 40.670718000341402 ], [ -73.919793999787288, 40.670867999867298 ], [ -73.920378999768289, 40.670900000422023 ], [ -73.92238400085489, 40.671008999918008 ], [ -73.922300000290988, 40.671899999968296 ] ] ] ] } },
{ "type": "Feature", "properties": { "STATEFP": "36", "COUNTYFP": "047", "TRACTCE": "092800", "GEOID": "36047092800", "NAME": "928", "NAMELSAD": "Census Tract 928", "MTFCC": "G5020", "FUNCSTAT": "S", "ALAND": 157219.0, "AWATER": 0.0, "INTPTLAT": "+40.6524793", "INTPTLON": "-073.9117726", "Shape__Are": 273424.945312, "Shape__Len": 2143.3732546000001 }, "geometry": { "type": "MultiPolygon", "coordinates": [ [ [ [ -73.914510999516537, 40.653500999996012 ], [ -73.913815000105771, 40.653963000019061 ], [ -73.913745000683875, 40.654003999896069 ], [ -73.913568000233553, 40.653997999849146 ], [ -73.913743999960658, 40.654168999611784 ], [ -73.913523999852629, 40.654161000023237 ], [ -73.912328999776264, 40.654134999649997 ], [ -73.910679000313522, 40.654179999896328 ], [ -73.910603999970448, 40.654187000386294 ], [ -73.909726000086479, 40.654313000219744 ], [ -73.909681999705541, 40.654142999923181 ], [ -73.909335000274226, 40.652808999895484 ], [ -73.908557999774288, 40.652096000035982 ], [ -73.909449000077032, 40.651522000089557 ], [ -73.910229999876634, 40.651014000071882 ], [ -73.911101000087911, 40.650447999712583 ], [ -73.91182300033627, 40.649984000205713 ], [ -73.913407000575077, 40.651406999816444 ], [ -73.915226000092204, 40.653038999500012 ], [ -73.914510999516537, 40.653500999996012 ] ] ] ] } },
{ "type": "Feature", "properties": { "STATEFP": "36", "COUNTYFP": "047", "TRACTCE": "012801", "GEOID": "36047012801", "NAME": "128.01", "NAMELSAD": "Census Tract 128.01", "MTFCC": "G5020", "FUNCSTAT": "S", "ALAND": 114974.0, "AWATER": 0.0, "INTPTLAT": "+40.6308009", "INTPTLON": "-074.0133027", "Shape__Are": 199828.101562, "Shape__Len": 1938.70529762 }, "geometry": { "type": "MultiPolygon", "coordinates": [ [ [ [ -74.01574799961142, 40.63176499990567 ], [ -74.015424000644614, 40.632513000370025 ], [ -74.015278999981362, 40.632868000386992 ], [ -74.015138999340948, 40.633217000009921 ], [ -74.013176999708691, 40.632013000390266 ], [ -74.010969999854041, 40.630682000168896 ], [ -74.010004000106534, 40.630113000136554 ], [ -74.010700000415625, 40.629645999948941 ], [ -74.011428000511771, 40.629162000036708 ], [ -74.012142000364207, 40.628683999621543 ], [ -74.012500000564501, 40.628900999881772 ], [ -74.012702000230874, 40.629023999948643 ], [ -74.014782000762196, 40.630279999879455 ], [ -74.014902999339398, 40.630353000223828 ], [ -74.016048000085391, 40.631032999877206 ], [ -74.01574799961142, 40.63176499990567 ] ] ] ] } },
{ "type": "Feature", "properties": { "STATEFP": "36", "COUNTYFP": "047", "TRACTCE": "046800", "GEOID": "36047046800", "NAME": "468", "NAMELSAD": "Census Tract 468", "MTFCC": "G5020", "FUNCSTAT": "S", "ALAND": 295918.0, "AWATER": 0.0, "INTPTLAT": "+40.6214965", "INTPTLON": "-073.9806533", "Shape__Are": 514169.207031, "Shape__Len": 3533.6883041599999 }, "geometry": { "type": "MultiPolygon", "coordinates": [ [ [ [ -73.985731000106767, 40.623554999678504 ], [ -73.985637000395428, 40.62364999959977 ], [ -73.9855300002653, 40.623758000379631 ], [ -73.984962000002724, 40.624322999794657 ], [ -73.984400999412841, 40.624893000286626 ], [ -73.982144000227805, 40.623532999921508 ], [ -73.981565999919511, 40.624095000554057 ], [ -73.979362000437902, 40.622765000267258 ], [ -73.979399000247838, 40.622729000173337 ], [ -73.979447999753319, 40.622683000290245 ], [ -73.977032999486198, 40.621529999616477 ], [ -73.975378000000603, 40.620792999878667 ], [ -73.9765049994066, 40.619142000378886 ], [ -73.976824999972052, 40.618675999473261 ], [ -73.977379000889229, 40.617883000035143 ], [ -73.977873999560231, 40.618189999888713 ], [ -73.979494999608974, 40.619195000041863 ], [ -73.981695999615852, 40.620524000217259 ], [ -73.982282000320083, 40.619962000222351 ], [ -73.984477999405755, 40.621292999998452 ], [ -73.983899999995742, 40.621853999442706 ], [ -73.98449200054776, 40.622212999876858 ], [ -73.98610100000262, 40.623182999899363 ], [ -73.985731000106767, 40.623554999678504 ] ] ] ] } },
{ "type": "Feature", "properties": { "STATEFP": "36", "COUNTYFP": "047", "TRACTCE": "047000", "GEOID": "36047047000", "NAME": "470", "NAMELSAD": "Census Tract 470", "MTFCC": "G5020", "FUNCSTAT": "S", "ALAND": 181816.0, "AWATER": 0.0, "INTPTLAT": "+40.6255890", "INTPTLON": "-073.9867507", "Shape__Are": 315948.292969, "Shape__Len": 2935.0231984100001 }, "geometry": { "type": "MultiPolygon", "coordinates": [ [ [ [ -73.990174999953268, 40.626556999904849 ], [ -73.989590999797187, 40.627117000633341 ], [ -73.989009000189228, 40.627675999900077 ], [ -73.988428000406159, 40.628230999275338 ], [ -73.985965999385087, 40.62675599958996 ], [ -73.984941999911257, 40.626120000577941 ], [ -73.984761000161285, 40.626020000443859 ], [ -73.98326399996111, 40.626035000030384 ], [ -73.98383100039878, 40.625462999323076 ], [ -73.981565999919511, 40.624095000554057 ], [ -73.982144000227805, 40.623532999921508 ], [ -73.984400999412841, 40.624893000286626 ], [ -73.984962000002724, 40.624322999794657 ], [ -73.9855300002653, 40.623758000379631 ], [ -73.985637000395428, 40.62364999959977 ], [ -73.985731000106767, 40.623554999678504 ], [ -73.98610100000262, 40.623182999899363 ], [ -73.988302000009469, 40.624513999585197 ], [ -73.989620000109497, 40.625310999555673 ], [ -73.989700000475437, 40.625359000093766 ], [ -73.989765999699358, 40.625398000079429 ], [ -73.990756000634647, 40.625998000135162 ], [ -73.990174999953268, 40.626556999904849 ] ] ] ] } },
{ "type": "Feature", "properties": { "STATEFP": "36", "COUNTYFP": "047", "TRACTCE": "045800", "GEOID": "36047045800", "NAME": "458", "NAMELSAD": "Census Tract 458", "MTFCC": "G5020", "FUNCSTAT": "S", "ALAND": 179391.0, "AWATER": 0.0, "INTPTLAT": "+40.6257017", "INTPTLON": "-073.9690061", "Shape__Are": 311735.347656, "Shape__Len": 2884.4433517799998 }, "geometry": { "type": "MultiPolygon", "coordinates": [ [ [ [ -73.971373999471822, 40.62896600048856 ], [ -73.971085999591736, 40.628996999853598 ], [ -73.970001000018527, 40.62911399950486 ], [ -73.968928999965811, 40.629230999632846 ], [ -73.968784000200856, 40.628472999634923 ], [ -73.968760999736304, 40.628351999564735 ], [ -73.96873499979705, 40.628211000710778 ], [ -73.968477999879099, 40.626840999901745 ], [ -73.96755299924115, 40.626943999364535 ], [ -73.967096000204975, 40.624553000064253 ], [ -73.966645000118262, 40.622163000653742 ], [ -73.967571999507726, 40.622059999954324 ], [ -73.968644999385347, 40.621941999957386 ], [ -73.969098000020196, 40.624333000000753 ], [ -73.970194000362369, 40.624212000611465 ], [ -73.970474000744872, 40.624181999934457 ], [ -73.97086100035915, 40.626209999956991 ], [ -73.970922000458515, 40.626570000351229 ], [ -73.971098000185606, 40.627500000228281 ], [ -73.971114000079126, 40.627586000451259 ], [ -73.971207999790479, 40.628090000165919 ], [ -73.971373999471822, 40.62896600048856 ] ] ] ] } },
{ "type": "Feature", "properties": { "STATEFP": "36", "COUNTYFP": "047", "TRACTCE": "046202", "GEOID": "36047046202", "NAME": "462.02", "NAMELSAD": "Census Tract 462.02", "MTFCC": "G5020", "FUNCSTAT": "S", "ALAND": 172844.0, "AWATER": 0.0, "INTPTLAT": "+40.6245853", "INTPTLON": "-073.9742280", "Shape__Are": 300350.773438, "Shape__Len": 2955.5574579899999 }, "geometry": { "type": "MultiPolygon", "coordinates": [ [ [ [ -73.977262000713381, 40.625852999592936 ], [ -73.976234999968185, 40.625975999819275 ], [ -73.975635999743474, 40.626035000030349 ], [ -73.975077000600052, 40.626114000069613 ], [ -73.974148999589048, 40.626215000259855 ], [ -73.973220000549773, 40.626318000688052 ], [ -73.972298000284852, 40.626432000361291 ], [ -73.971186999874078, 40.626542999945762 ], [ -73.970922000458515, 40.626570000351229 ], [ -73.97086100035915, 40.626209999956991 ], [ -73.970474000744872, 40.624181999934457 ], [ -73.970732999414324, 40.624153000153591 ], [ -73.971843000000192, 40.62402999997903 ], [ -73.972444000773052, 40.623963999791989 ], [ -73.972774000485913, 40.623933000136134 ], [ -73.973695999852509, 40.623826999422818 ], [ -73.974626000513339, 40.623724000607474 ], [ -73.975801999424817, 40.623594000035766 ], [ -73.975295999984837, 40.620913000412358 ], [ -73.975378000000603, 40.620792999878667 ], [ -73.977032999486198, 40.621529999616477 ], [ -73.976947000170782, 40.621601999713626 ], [ -73.976616000633001, 40.621941999957414 ], [ -73.976565999505965, 40.621994999444432 ], [ -73.976753000002034, 40.623013000084065 ], [ -73.976794000009903, 40.623254000019017 ], [ -73.97683399929457, 40.623480999847217 ], [ -73.976881000048564, 40.623728999732798 ], [ -73.976943999797754, 40.624053000483393 ], [ -73.977108999654178, 40.624947999909296 ], [ -73.977197000416041, 40.625102000248191 ], [ -73.977262000713381, 40.625852999592936 ] ] ] ] } },
{ "type": "Feature", "properties": { "STATEFP": "36", "COUNTYFP": "047", "TRACTCE": "046400", "GEOID": "36047046400", "NAME": "464", "NAMELSAD": "Census Tract 464", "MTFCC": "G5020", "FUNCSTAT": "S", "ALAND": 164016.0, "AWATER": 0.0, "INTPTLAT": "+40.6246552", "INTPTLON": "-073.9783990", "Shape__Are": 285008.078125, "Shape__Len": 2504.4259064500002 }, "geometry": { "type": "MultiPolygon", "coordinates": [ [ [ [ -73.980985000136457, 40.624653000349454 ], [ -73.9803969997824, 40.625210999573845 ], [ -73.979817999649171, 40.62577399924492 ], [ -73.979234999317981, 40.626336000111152 ], [ -73.97894399996315, 40.626605000229191 ], [ -73.97858300028814, 40.626957000417363 ], [ -73.978397999441896, 40.627138000390332 ], [ -73.978066999904101, 40.627454999718644 ], [ -73.97770400057928, 40.627801999333727 ], [ -73.977523999755874, 40.627977999573226 ], [ -73.976578000099849, 40.627573999697432 ], [ -73.976514000525754, 40.627294000131698 ], [ -73.976450000053333, 40.627007999645791 ], [ -73.976234999968185, 40.625975999819275 ], [ -73.977262000713381, 40.625852999592936 ], [ -73.977197000416041, 40.625102000248191 ], [ -73.977108999654178, 40.624947999909296 ], [ -73.976943999797754, 40.624053000483393 ], [ -73.976881000048564, 40.623728999732798 ], [ -73.97683399929457, 40.623480999847217 ], [ -73.976794000009903, 40.623254000019017 ], [ -73.976753000002034, 40.623013000084065 ], [ -73.976565999505965, 40.621994999444432 ], [ -73.976616000633001, 40.621941999957414 ], [ -73.976947000170782, 40.621601999713626 ], [ -73.977032999486198, 40.621529999616477 ], [ -73.979447999753319, 40.622683000290245 ], [ -73.979399000247838, 40.622729000173337 ], [ -73.979362000437902, 40.622765000267258 ], [ -73.981565999919511, 40.624095000554057 ], [ -73.980985000136457, 40.624653000349454 ] ] ] ] } },
{ "type": "Feature", "properties": { "STATEFP": "36", "COUNTYFP": "047", "TRACTCE": "047400", "GEOID": "36047047400", "NAME": "474", "NAMELSAD": "Census Tract 474", "MTFCC": "G5020", "FUNCSTAT": "S", "ALAND": 175872.0, "AWATER": 0.0, "INTPTLAT": "+40.6286836", "INTPTLON": "-073.9823658", "Shape__Are": 305652.285156, "Shape__Len": 2579.8971585 }, "geometry": { "type": "MultiPolygon", "coordinates": [ [ [ [ -73.986093000505008, 40.630477999927635 ], [ -73.985509000348898, 40.631038000500709 ], [ -73.984927999667548, 40.631597000351597 ], [ -73.982406000168623, 40.630068000024188 ], [ -73.980427999744535, 40.628878999840396 ], [ -73.978066999904101, 40.627454999718644 ], [ -73.978397999441896, 40.627138000390332 ], [ -73.97858300028814, 40.626957000417363 ], [ -73.97894399996315, 40.626605000229191 ], [ -73.979234999317981, 40.626336000111152 ], [ -73.979817999649171, 40.62577399924492 ], [ -73.980867000135675, 40.626408999994318 ], [ -73.981094999741302, 40.626542999945777 ], [ -73.981243999704219, 40.626629000037561 ], [ -73.982132000532246, 40.627171000287312 ], [ -73.983015999365691, 40.627704999514854 ], [ -73.984204000667674, 40.62844799964401 ], [ -73.986675000112967, 40.629915999829414 ], [ -73.986093000505008, 40.630477999927635 ] ] ] ] } },
{ "type": "Feature", "properties": { "STATEFP": "36", "COUNTYFP": "047", "TRACTCE": "047600", "GEOID": "36047047600", "NAME": "476", "NAMELSAD": "Census Tract 476", "MTFCC": "G5020", "FUNCSTAT": "S", "ALAND": 207174.0, "AWATER": 0.0, "INTPTLAT": "+40.6305694", "INTPTLON": "-073.9805808", "Shape__Are": 360072.980469, "Shape__Len": 3028.4532076199998 }, "geometry": { "type": "MultiPolygon", "coordinates": [ [ [ [ -73.984343999511452, 40.632156999721154 ], [ -73.983762999728398, 40.632716999848057 ], [ -73.983178999572303, 40.633279000232648 ], [ -73.982597999789249, 40.633836999646356 ], [ -73.980142000412584, 40.632354000234322 ], [ -73.980723000195624, 40.631793000358421 ], [ -73.978155000665964, 40.630281999469716 ], [ -73.977486000121033, 40.630594999711086 ], [ -73.977248999396267, 40.630707000686932 ], [ -73.977164999730675, 40.630746999723812 ], [ -73.97707100001935, 40.630253000292271 ], [ -73.976999000049318, 40.629870999584249 ], [ -73.976850000086429, 40.629088999753932 ], [ -73.976696000100631, 40.628353999894458 ], [ -73.976578000099849, 40.627573999697432 ], [ -73.977523999755874, 40.627977999573226 ], [ -73.97770400057928, 40.627801999333727 ], [ -73.978066999904101, 40.627454999718644 ], [ -73.980427999744535, 40.628878999840396 ], [ -73.982406000168623, 40.630068000024188 ], [ -73.984927999667548, 40.631597000351597 ], [ -73.984343999511452, 40.632156999721154 ] ] ] ] } },
{ "type": "Feature", "properties": { "STATEFP": "36", "COUNTYFP": "047", "TRACTCE": "047800", "GEOID": "36047047800", "NAME": "478", "NAMELSAD": "Census Tract 478", "MTFCC": "G5020", "FUNCSTAT": "S", "ALAND": 221223.0, "AWATER": 0.0, "INTPTLAT": "+40.6333983", "INTPTLON": "-073.9788744", "Shape__Are": 384520.347656, "Shape__Len": 2792.7110146 }, "geometry": { "type": "MultiPolygon", "coordinates": [ [ [ [ -73.982015000356384, 40.634394999850521 ], [ -73.981432000025208, 40.634955000295278 ], [ -73.981180999955029, 40.635195999402519 ], [ -73.980850000417234, 40.63551600019079 ], [ -73.980265999362828, 40.636076000095144 ], [ -73.979680999381813, 40.636638999514844 ], [ -73.979386000727345, 40.636931999908661 ], [ -73.979286000269909, 40.636414000189198 ], [ -73.979112000192643, 40.635439999861255 ], [ -73.978022000596567, 40.635553000266079 ], [ -73.976888000619567, 40.635675000295429 ], [ -73.976434000159813, 40.633288999779346 ], [ -73.976049000195331, 40.631275999748247 ], [ -73.976970999561928, 40.630838000494265 ], [ -73.977164999730675, 40.630746999723812 ], [ -73.977248999396267, 40.630707000686932 ], [ -73.977486000121033, 40.630594999711086 ], [ -73.978155000665964, 40.630281999469716 ], [ -73.980723000195624, 40.631793000358421 ], [ -73.980142000412584, 40.632354000234322 ], [ -73.982597999789249, 40.633836999646356 ], [ -73.982015000356384, 40.634394999850521 ] ] ] ] } },
{ "type": "Feature", "properties": { "STATEFP": "36", "COUNTYFP": "047", "TRACTCE": "048000", "GEOID": "36047048000", "NAME": "480", "NAMELSAD": "Census Tract 480", "MTFCC": "G5020", "FUNCSTAT": "S", "ALAND": 153158.0, "AWATER": 0.0, "INTPTLAT": "+40.6302931", "INTPTLON": "-073.9744922", "Shape__Are": 266187.972656, "Shape__Len": 2184.4888689499999 }, "geometry": { "type": "MultiPolygon", "coordinates": [ [ [ [ -73.977164999730675, 40.630746999723812 ], [ -73.976970999561928, 40.630838000494265 ], [ -73.976049000195331, 40.631275999748247 ], [ -73.975172000136283, 40.631689000078595 ], [ -73.974318999468366, 40.63209100006641 ], [ -73.973196000260316, 40.63262099977031 ], [ -73.972807999922807, 40.632805999782654 ], [ -73.972418999760364, 40.632991999377836 ], [ -73.972266000497797, 40.632143000254374 ], [ -73.972113000336918, 40.631369000718962 ], [ -73.971922999467836, 40.630646000251794 ], [ -73.971806000190284, 40.629874000010581 ], [ -73.972852000303732, 40.629371999742062 ], [ -73.974026999390304, 40.628805999930009 ], [ -73.974831999479335, 40.628411999886119 ], [ -73.976578000099849, 40.627573999697432 ], [ -73.976696000100631, 40.628353999894458 ], [ -73.976850000086429, 40.629088999753932 ], [ -73.976999000049318, 40.629870999584249 ], [ -73.97707100001935, 40.630253000292271 ], [ -73.977164999730675, 40.630746999723812 ] ] ] ] } },
{ "type": "Feature", "properties": { "STATEFP": "36", "COUNTYFP": "047", "TRACTCE": "083200", "GEOID": "36047083200", "NAME": "832", "NAMELSAD": "Census Tract 832", "MTFCC": "G5020", "FUNCSTAT": "S", "ALAND": 145549.0, "AWATER": 0.0, "INTPTLAT": "+40.6415240", "INTPTLON": "-073.9416243", "Shape__Are": 253046.449219, "Shape__Len": 2215.86121972 }, "geometry": { "type": "MultiPolygon", "coordinates": [ [ [ [ -73.943964999679807, 40.64354299959502 ], [ -73.942996000457555, 40.643603999834568 ], [ -73.942028999986803, 40.643664000082921 ], [ -73.94109199965331, 40.643719999857062 ], [ -73.940158999517735, 40.643780000001065 ], [ -73.939914000193681, 40.641481000160077 ], [ -73.939663999948408, 40.639142000088967 ], [ -73.940597000083983, 40.639082999869963 ], [ -73.941533000592585, 40.639025000285514 ], [ -73.942503000538053, 40.638964999957189 ], [ -73.942574999609775, 40.639641999851392 ], [ -73.942650999777754, 40.640344000014203 ], [ -73.942751000235177, 40.641303000124509 ], [ -73.943719999457414, 40.641241999826946 ], [ -73.943964999679807, 40.64354299959502 ] ] ] ] } },
{ "type": "Feature", "properties": { "STATEFP": "36", "COUNTYFP": "047", "TRACTCE": "083400", "GEOID": "36047083400", "NAME": "834", "NAMELSAD": "Census Tract 834", "MTFCC": "G5020", "FUNCSTAT": "S", "ALAND": 125994.0, "AWATER": 0.0, "INTPTLAT": "+40.6415499", "INTPTLON": "-073.9384751", "Shape__Are": 219051.480469, "Shape__Len": 2007.2787024 }, "geometry": { "type": "MultiPolygon", "coordinates": [ [ [ [ -73.940158999517735, 40.643780000001065 ], [ -73.939226000280499, 40.643837999543706 ], [ -73.938255000510125, 40.6438959997176 ], [ -73.937283999841426, 40.643958000247309 ], [ -73.937041000167156, 40.641657999755346 ], [ -73.936792000645141, 40.639318999751424 ], [ -73.937761999692299, 40.639258999687378 ], [ -73.938730999812876, 40.63920000025346 ], [ -73.939663999948408, 40.639142000088967 ], [ -73.939914000193681, 40.641481000160077 ], [ -73.940158999517735, 40.643780000001065 ] ] ] ] } },
{ "type": "Feature", "properties": { "STATEFP": "36", "COUNTYFP": "047", "TRACTCE": "048400", "GEOID": "36047048400", "NAME": "484", "NAMELSAD": "Census Tract 484", "MTFCC": "G5020", "FUNCSTAT": "S", "ALAND": 209195.0, "AWATER": 0.0, "INTPTLAT": "+40.6342861", "INTPTLON": "-073.9736271", "Shape__Are": 363622.574219, "Shape__Len": 2532.4413138999998 }, "geometry": { "type": "MultiPolygon", "coordinates": [ [ [ [ -73.976888000619567, 40.635675000295429 ], [ -73.975962000156699, 40.635778999820275 ], [ -73.975034000044019, 40.635878999656398 ], [ -73.974105999931325, 40.635981000125717 ], [ -73.973010000487477, 40.636103000054618 ], [ -73.972735000127869, 40.636133999514925 ], [ -73.972458000118436, 40.636164000276302 ], [ -73.971889000030941, 40.636226999854486 ], [ -73.971360999951358, 40.636285999870807 ], [ -73.970291000446764, 40.636406999879888 ], [ -73.969869000672361, 40.634194000277759 ], [ -73.970876000427765, 40.633720000089696 ], [ -73.97190400009957, 40.633229999841468 ], [ -73.972161000017508, 40.633111999809309 ], [ -73.972418999760364, 40.632991999377836 ], [ -73.972807999922807, 40.632805999782654 ], [ -73.973196000260316, 40.63262099977031 ], [ -73.974318999468366, 40.63209100006641 ], [ -73.975172000136283, 40.631689000078595 ], [ -73.976049000195331, 40.631275999748247 ], [ -73.976434000159813, 40.633288999779346 ], [ -73.976888000619567, 40.635675000295429 ] ] ] ] } },
{ "type": "Feature", "properties": { "STATEFP": "36", "COUNTYFP": "047", "TRACTCE": "012200", "GEOID": "36047012200", "NAME": "122", "NAMELSAD": "Census Tract 122", "MTFCC": "G5020", "FUNCSTAT": "S", "ALAND": 181661.0, "AWATER": 0.0, "INTPTLAT": "+40.6381660", "INTPTLON": "-074.0175772", "Shape__Are": 315798.679688, "Shape__Len": 2261.3843087700002 }, "geometry": { "type": "MultiPolygon", "coordinates": [ [ [ [ -74.021032999531997, 40.638316999791833 ], [ -74.020773999964206, 40.638580999987312 ], [ -74.02018999980811, 40.639145000098701 ], [ -74.019608000200151, 40.63970399956095 ], [ -74.019024000044041, 40.640263999781908 ], [ -74.0184220003446, 40.640846000272099 ], [ -74.016167000809389, 40.639483000333044 ], [ -74.013960999881334, 40.638153000435757 ], [ -74.014567000677062, 40.637571000325167 ], [ -74.015145999911965, 40.637014000114277 ], [ -74.015739999215498, 40.636451999810411 ], [ -74.016068000176858, 40.636138999756383 ], [ -74.016305999828248, 40.635895999859045 ], [ -74.016692000515931, 40.635519000363487 ], [ -74.01675200079039, 40.635439999861234 ], [ -74.017168999643587, 40.635749000249291 ], [ -74.01889700072077, 40.636855999827638 ], [ -74.019553999773493, 40.637091000049452 ], [ -74.020430999832541, 40.637668000127888 ], [ -74.020773999964206, 40.637978000449877 ], [ -74.021086999958655, 40.638261999591329 ], [ -74.021032999531997, 40.638316999791833 ] ] ] ] } },
{ "type": "Feature", "properties": { "STATEFP": "36", "COUNTYFP": "047", "TRACTCE": "010200", "GEOID": "36047010200", "NAME": "102", "NAMELSAD": "Census Tract 102", "MTFCC": "G5020", "FUNCSTAT": "S", "ALAND": 152450.0, "AWATER": 0.0, "INTPTLAT": "+40.6392844", "INTPTLON": "-074.0127872", "Shape__Are": 265031.082031, "Shape__Len": 2098.9140078700002 }, "geometry": { "type": "MultiPolygon", "coordinates": [ [ [ [ -74.015562000736892, 40.640067000113199 ], [ -74.014979999332311, 40.640626000034509 ], [ -74.014396999899446, 40.641186000018784 ], [ -74.013813999568242, 40.641745000112266 ], [ -74.011610999911568, 40.640416000277682 ], [ -74.009409000079785, 40.639084999878243 ], [ -74.009989000037919, 40.638523999979242 ], [ -74.010571999470798, 40.637964999497747 ], [ -74.011153999977054, 40.637403999730275 ], [ -74.011760000772796, 40.636822999944947 ], [ -74.013960999881334, 40.638153000435757 ], [ -74.016167000809389, 40.639483000333044 ], [ -74.015562000736892, 40.640067000113199 ] ] ] ] } },
{ "type": "Feature", "properties": { "STATEFP": "36", "COUNTYFP": "047", "TRACTCE": "040900", "GEOID": "36047040900", "NAME": "409", "NAMELSAD": "Census Tract 409", "MTFCC": "G5020", "FUNCSTAT": "S", "ALAND": 172310.0, "AWATER": 0.0, "INTPTLAT": "+40.6910811", "INTPTLON": "-073.9046130", "Shape__Are": 300013.136719, "Shape__Len": 2162.44047482 }, "geometry": { "type": "MultiPolygon", "coordinates": [ [ [ [ -73.90804200028856, 40.690647000012596 ], [ -73.906598999616762, 40.692119999866229 ], [ -73.905042999865344, 40.693704000118146 ], [ -73.904288000005025, 40.693277999740467 ], [ -73.903541000540628, 40.6928489997253 ], [ -73.902787999431808, 40.692417999900705 ], [ -73.902072999754481, 40.691999000082028 ], [ -73.901829999181913, 40.691814999915934 ], [ -73.901589999880713, 40.691631999820508 ], [ -73.901240999901262, 40.691437999635824 ], [ -73.901804999965876, 40.690766000387164 ], [ -73.904142000415177, 40.688568000409411 ], [ -73.904728000221098, 40.688752999946303 ], [ -73.904814999361406, 40.688806999456617 ], [ -73.905041000215533, 40.688935000517596 ], [ -73.905792999702811, 40.689365000461656 ], [ -73.90654400026348, 40.689790999973361 ], [ -73.907291999552811, 40.690219000005214 ], [ -73.90804200028856, 40.690647000012596 ] ] ] ] } },
{ "type": "Feature", "properties": { "STATEFP": "36", "COUNTYFP": "047", "TRACTCE": "040700", "GEOID": "36047040700", "NAME": "407", "NAMELSAD": "Census Tract 407", "MTFCC": "G5020", "FUNCSTAT": "S", "ALAND": 504834.0, "AWATER": 0.0, "INTPTLAT": "+40.6842987", "INTPTLON": "-073.9012071", "Shape__Are": 878804.76171899994, "Shape__Len": 4302.0405487300004 }, "geometry": { "type": "MultiPolygon", "coordinates": [ [ [ [ -73.905432999852707, 40.683659999499731 ], [ -73.904493999869359, 40.686299000395522 ], [ -73.904969000245529, 40.686599999815954 ], [ -73.905342999441018, 40.686819999684246 ], [ -73.904142000415177, 40.688568000409411 ], [ -73.901804999965876, 40.690766000387164 ], [ -73.900425000839888, 40.688183999823259 ], [ -73.901162000258537, 40.687878000294454 ], [ -73.897341000027851, 40.683367999939996 ], [ -73.896518000395488, 40.682396999746508 ], [ -73.896615000479869, 40.682008000179216 ], [ -73.896822999994001, 40.681155000378602 ], [ -73.896929000299224, 40.680746000520472 ], [ -73.897034999706108, 40.680565000130336 ], [ -73.897186000217161, 40.680368000227361 ], [ -73.897494000188743, 40.680073999728634 ], [ -73.897769000548351, 40.67992600062275 ], [ -73.898203999843219, 40.679768000432162 ], [ -73.898899000327404, 40.679560999430358 ], [ -73.899698000568662, 40.679544999530215 ], [ -73.900283000549663, 40.679442000166155 ], [ -73.900752000179722, 40.679676999613456 ], [ -73.902621999750465, 40.680664000235268 ], [ -73.90276400004069, 40.680745000459474 ], [ -73.902822000665324, 40.681626000720456 ], [ -73.902822000665324, 40.682352999499557 ], [ -73.902956000559627, 40.68243499975064 ], [ -73.903133000111637, 40.682537999939711 ], [ -73.903903000040586, 40.682946000354903 ], [ -73.904636000159584, 40.683376000112965 ], [ -73.905432999852707, 40.683659999499731 ] ] ] ] } },
{ "type": "Feature", "properties": { "STATEFP": "36", "COUNTYFP": "047", "TRACTCE": "076400", "GEOID": "36047076400", "NAME": "764", "NAMELSAD": "Census Tract 764", "MTFCC": "G5020", "FUNCSTAT": "S", "ALAND": 161588.0, "AWATER": 0.0, "INTPTLAT": "+40.6319262", "INTPTLON": "-073.9586448", "Shape__Are": 280853.300781, "Shape__Len": 2830.0952530700001 }, "geometry": { "type": "MultiPolygon", "coordinates": [ [ [ [ -73.959976999800347, 40.635567999756461 ], [ -73.959524999888714, 40.635786000195438 ], [ -73.958400000132542, 40.636326999701296 ], [ -73.958197999567872, 40.635289000367067 ], [ -73.957753000227271, 40.632903000372906 ], [ -73.957298999767502, 40.63051200035197 ], [ -73.957123999865317, 40.629586000054545 ], [ -73.95684699985587, 40.628119999769275 ], [ -73.958053000701241, 40.627971999913605 ], [ -73.958993999436075, 40.627885999505935 ], [ -73.959267999970791, 40.62935399977367 ], [ -73.959444999522788, 40.630277000153157 ], [ -73.959898000157622, 40.632667999726202 ], [ -73.960409000518794, 40.635359999887356 ], [ -73.959976999800347, 40.635567999756461 ] ] ] ] } },
{ "type": "Feature", "properties": { "STATEFP": "36", "COUNTYFP": "047", "TRACTCE": "003600", "GEOID": "36047003600", "NAME": "36", "NAMELSAD": "Census Tract 36", "MTFCC": "G5020", "FUNCSTAT": "S", "ALAND": 125291.0, "AWATER": 0.0, "INTPTLAT": "+40.6346861", "INTPTLON": "-074.0308979", "Shape__Are": 217782.667969, "Shape__Len": 2019.46326314 }, "geometry": { "type": "MultiPolygon", "coordinates": [ [ [ [ -74.03287400051579, 40.633429000093521 ], [ -74.032592999410085, 40.634109999859774 ], [ -74.032316999225557, 40.63479100017905 ], [ -74.032037000639718, 40.635474999862339 ], [ -74.031826000752517, 40.635992999368653 ], [ -74.031547000194934, 40.636673000210486 ], [ -74.031404999904709, 40.637019000289861 ], [ -74.031267999637365, 40.637357000381478 ], [ -74.028658000274902, 40.636545999749188 ], [ -74.028806999339494, 40.636188999423517 ], [ -74.028941999957027, 40.635867000392956 ], [ -74.029134000475977, 40.635372999983346 ], [ -74.02935700005871, 40.634836999903136 ], [ -74.029633000243251, 40.634153000500824 ], [ -74.029913000625726, 40.63347399998608 ], [ -74.030190999561768, 40.632791000353521 ], [ -74.030472999594053, 40.632098999573543 ], [ -74.033154999824859, 40.632735000273378 ], [ -74.03287400051579, 40.633429000093521 ] ] ] ] } },
{ "type": "Feature", "properties": { "STATEFP": "36", "COUNTYFP": "047", "TRACTCE": "093800", "GEOID": "36047093800", "NAME": "938", "NAMELSAD": "Census Tract 938", "MTFCC": "G5020", "FUNCSTAT": "S", "ALAND": 131105.0, "AWATER": 0.0, "INTPTLAT": "+40.6504469", "INTPTLON": "-073.9245581", "Shape__Are": 227996.203125, "Shape__Len": 2122.7894222599998 }, "geometry": { "type": "MultiPolygon", "coordinates": [ [ [ [ -73.926546999595701, 40.652392000149348 ], [ -73.925610000160503, 40.652446000488915 ], [ -73.924640000215021, 40.652500000103267 ], [ -73.923666000071591, 40.652538000108571 ], [ -73.922849000286988, 40.652462999879972 ], [ -73.923081000090576, 40.651854999922506 ], [ -73.923466999879949, 40.650833999905089 ], [ -73.923584999880745, 40.650520000663015 ], [ -73.92342599987208, 40.650529999671896 ], [ -73.922519000574113, 40.650586999650741 ], [ -73.922311999986547, 40.648657999747151 ], [ -73.923248999421759, 40.648598999760551 ], [ -73.924249000402767, 40.648538999859348 ], [ -73.925185999837979, 40.648478999904199 ], [ -73.926119999798445, 40.648419999759398 ], [ -73.926325999662751, 40.650349999562607 ], [ -73.926546999595701, 40.652392000149348 ] ] ] ] } },
{ "type": "Feature", "properties": { "STATEFP": "36", "COUNTYFP": "047", "TRACTCE": "075000", "GEOID": "36047075000", "NAME": "750", "NAMELSAD": "Census Tract 750", "MTFCC": "G5020", "FUNCSTAT": "S", "ALAND": 173420.0, "AWATER": 0.0, "INTPTLAT": "+40.6265678", "INTPTLON": "-073.9487660", "Shape__Are": 301369.898438, "Shape__Len": 2266.7966550299998 }, "geometry": { "type": "MultiPolygon", "coordinates": [ [ [ [ -73.951105999825742, 40.6287499999167 ], [ -73.950176999888157, 40.628852000368468 ], [ -73.949252000148505, 40.628954999456816 ], [ -73.948324000035839, 40.629056999595456 ], [ -73.947327000326169, 40.629166000647579 ], [ -73.946875000414536, 40.626773999576827 ], [ -73.946421999779702, 40.62438500009354 ], [ -73.947420000212603, 40.62427599941978 ], [ -73.948345999777132, 40.624174000160757 ], [ -73.949273999889826, 40.624072000064103 ], [ -73.950202000002506, 40.623971000042175 ], [ -73.950661000485141, 40.626360999529112 ], [ -73.951105999825742, 40.6287499999167 ] ] ] ] } },
{ "type": "Feature", "properties": { "STATEFP": "36", "COUNTYFP": "047", "TRACTCE": "088800", "GEOID": "36047088800", "NAME": "888", "NAMELSAD": "Census Tract 888", "MTFCC": "G5020", "FUNCSTAT": "S", "ALAND": 201249.0, "AWATER": 0.0, "INTPTLAT": "+40.6539409", "INTPTLON": "-073.9180852", "Shape__Are": 350014.980469, "Shape__Len": 2610.2115382299999 }, "geometry": { "type": "MultiPolygon", "coordinates": [ [ [ [ -73.921776000409338, 40.654423999794773 ], [ -73.921495000201958, 40.654603999818249 ], [ -73.921004999757201, 40.654918000286941 ], [ -73.920293000452887, 40.655380999799135 ], [ -73.91957799987722, 40.655841999999616 ], [ -73.918863000199877, 40.65630499991439 ], [ -73.918146999799291, 40.656765999863552 ], [ -73.916332000480125, 40.655131999811715 ], [ -73.915517000345332, 40.654407999996359 ], [ -73.91530699938474, 40.654222000098898 ], [ -73.913743999960658, 40.654168999611784 ], [ -73.913568000233553, 40.653997999849146 ], [ -73.913745000683875, 40.654003999896069 ], [ -73.913815000105771, 40.653963000019061 ], [ -73.914510999516537, 40.653500999996012 ], [ -73.915226000092204, 40.653038999500012 ], [ -73.915940999769546, 40.652576999894187 ], [ -73.916653999797077, 40.652117000114927 ], [ -73.91737000019765, 40.651653999761642 ], [ -73.918136999753557, 40.651157999992051 ], [ -73.919962000016781, 40.652788999833113 ], [ -73.920772999953584, 40.652553999673863 ], [ -73.920875999885737, 40.653607999731335 ], [ -73.921580000590779, 40.654263000498226 ], [ -73.921696000043411, 40.65437199992477 ], [ -73.921776000409338, 40.654423999794773 ] ] ] ] } },
{ "type": "Feature", "properties": { "STATEFP": "36", "COUNTYFP": "047", "TRACTCE": "011800", "GEOID": "36047011800", "NAME": "118", "NAMELSAD": "Census Tract 118", "MTFCC": "G5020", "FUNCSTAT": "S", "ALAND": 219234.0, "AWATER": 0.0, "INTPTLAT": "+40.6351044", "INTPTLON": "-074.0114899", "Shape__Are": 381076.773438, "Shape__Len": 3197.5319886799998 }, "geometry": { "type": "MultiPolygon", "coordinates": [ [ [ [ -74.016068000176858, 40.636138999756383 ], [ -74.015739999215498, 40.636451999810411 ], [ -74.015145999911965, 40.637014000114277 ], [ -74.014567000677062, 40.637571000325167 ], [ -74.013960999881334, 40.638153000435757 ], [ -74.011760000772796, 40.636822999944947 ], [ -74.009556999319457, 40.635493000225765 ], [ -74.007355999312608, 40.634163999994485 ], [ -74.005563999559669, 40.633084000591445 ], [ -74.00630699972443, 40.632583999433621 ], [ -74.006616999345823, 40.632379000126413 ], [ -74.00670000008482, 40.632324000487849 ], [ -74.007022999226677, 40.63211000008733 ], [ -74.008537000043603, 40.633028000757029 ], [ -74.010742000248428, 40.634356999740291 ], [ -74.011326000404509, 40.633794999566916 ], [ -74.011908000012482, 40.63323400020866 ], [ -74.014109000019346, 40.634563999935459 ], [ -74.016305999828248, 40.635895999859045 ], [ -74.016068000176858, 40.636138999756383 ] ] ] ] } },
{ "type": "Feature", "properties": { "STATEFP": "36", "COUNTYFP": "047", "TRACTCE": "053200", "GEOID": "36047053200", "NAME": "532", "NAMELSAD": "Census Tract 532", "MTFCC": "G5020", "FUNCSTAT": "S", "ALAND": 174306.0, "AWATER": 0.0, "INTPTLAT": "+40.6262195", "INTPTLON": "-073.9602546", "Shape__Are": 302902.515625, "Shape__Len": 2767.0816223800002 }, "geometry": { "type": "MultiPolygon", "coordinates": [ [ [ [ -73.962298000356114, 40.629961000044212 ], [ -73.961823999804864, 40.630017000405566 ], [ -73.961368999520204, 40.630060000273751 ], [ -73.960407999795564, 40.630169999826371 ], [ -73.960263000030608, 40.629424000002153 ], [ -73.960218999649669, 40.629254999861033 ], [ -73.960147999504557, 40.62891499934652 ], [ -73.95995599988396, 40.62777799994695 ], [ -73.958993999436075, 40.627885999505935 ], [ -73.958538000224806, 40.625494000314163 ], [ -73.958087999963013, 40.623104999364031 ], [ -73.959046000212922, 40.623000000308984 ], [ -73.960010000310618, 40.62289499972519 ], [ -73.960405000320847, 40.622850999769177 ], [ -73.960529000169387, 40.622836999715105 ], [ -73.960939999174812, 40.622790999906385 ], [ -73.961392999809661, 40.625179000284461 ], [ -73.961845999546185, 40.627570999849539 ], [ -73.962099000164486, 40.628930000328126 ], [ -73.962298000356114, 40.629961000044212 ] ] ] ] } },
{ "type": "Feature", "properties": { "STATEFP": "36", "COUNTYFP": "047", "TRACTCE": "040100", "GEOID": "36047040100", "NAME": "401", "NAMELSAD": "Census Tract 401", "MTFCC": "G5020", "FUNCSTAT": "S", "ALAND": 159583.0, "AWATER": 0.0, "INTPTLAT": "+40.6864590", "INTPTLON": "-073.9127405", "Shape__Are": 277819.722656, "Shape__Len": 2109.7919841399998 }, "geometry": { "type": "MultiPolygon", "coordinates": [ [ [ [ -73.91604600024985, 40.686072000302318 ], [ -73.915753000346896, 40.686369999455707 ], [ -73.914887000158501, 40.687254000186861 ], [ -73.914785000051239, 40.687359999625926 ], [ -73.914642000834419, 40.687506999976279 ], [ -73.914521000460596, 40.687629000382302 ], [ -73.914395999888825, 40.68775499970728 ], [ -73.913194000139754, 40.688979999762594 ], [ -73.91292899982588, 40.688829000177982 ], [ -73.912877999772249, 40.688800000556881 ], [ -73.912819000221035, 40.688766999798361 ], [ -73.912442999579056, 40.688552999890547 ], [ -73.911691999916698, 40.688125000056843 ], [ -73.910939999531124, 40.687699000112396 ], [ -73.910188999868765, 40.6872710002432 ], [ -73.909439000031298, 40.686845000289019 ], [ -73.910886999827667, 40.685369000339101 ], [ -73.912272999699738, 40.683934999602123 ], [ -73.9130369997809, 40.684367999811819 ], [ -73.913238000520678, 40.684481999794102 ], [ -73.91330799994256, 40.684520999976321 ], [ -73.913798000387331, 40.684799999933077 ], [ -73.914539999828861, 40.685227000010251 ], [ -73.914700999487337, 40.685317000071471 ], [ -73.9152899996663, 40.68564499950827 ], [ -73.915500999553501, 40.685761999307161 ], [ -73.915826999966754, 40.685946999821844 ], [ -73.91604600024985, 40.686072000302318 ] ] ] ] } },
{ "type": "Feature", "properties": { "STATEFP": "36", "COUNTYFP": "047", "TRACTCE": "094402", "GEOID": "36047094402", "NAME": "944.02", "NAMELSAD": "Census Tract 944.02", "MTFCC": "G5020", "FUNCSTAT": "S", "ALAND": 106859.0, "AWATER": 0.0, "INTPTLAT": "+40.6350816", "INTPTLON": "-073.9207802", "Shape__Are": 185745.277344, "Shape__Len": 1756.8247480299999 }, "geometry": { "type": "MultiPolygon", "coordinates": [ [ [ [ -73.922832000568548, 40.635543000376728 ], [ -73.921907999755518, 40.63607500004597 ], [ -73.921129000504067, 40.636470999953715 ], [ -73.921017000351071, 40.636527999669603 ], [ -73.920800000616083, 40.636637999474047 ], [ -73.920228000155561, 40.636931999908683 ], [ -73.920119000375635, 40.636987999877121 ], [ -73.919171999996351, 40.637470000268415 ], [ -73.919164000498739, 40.63740399973026 ], [ -73.91912300049087, 40.637012000043981 ], [ -73.919006000314994, 40.635893000385032 ], [ -73.918925000124148, 40.635158999811111 ], [ -73.918852000329224, 40.634483000202302 ], [ -73.919439999784956, 40.634101999911842 ], [ -73.919809000754213, 40.633865000593602 ], [ -73.92041200027856, 40.633473999986073 ], [ -73.920683000440221, 40.633330000086801 ], [ -73.921618000225592, 40.633275999959316 ], [ -73.921903999557557, 40.633256000178719 ], [ -73.922586999447859, 40.633208999954988 ], [ -73.922832000568548, 40.635543000376728 ] ] ] ] } },
{ "type": "Feature", "properties": { "STATEFP": "36", "COUNTYFP": "047", "TRACTCE": "052600", "GEOID": "36047052600", "NAME": "526", "NAMELSAD": "Census Tract 526", "MTFCC": "G5020", "FUNCSTAT": "S", "ALAND": 169334.0, "AWATER": 0.0, "INTPTLAT": "+40.6364701", "INTPTLON": "-073.9666776", "Shape__Are": 294355.285156, "Shape__Len": 2708.8090335299999 }, "geometry": { "type": "MultiPolygon", "coordinates": [ [ [ [ -73.968790999873548, 40.639255999682725 ], [ -73.967917000187526, 40.639649999817195 ], [ -73.967043999428114, 40.640039999711945 ], [ -73.966173999940068, 40.640431000038795 ], [ -73.966134999581996, 40.640226999590858 ], [ -73.965886000059982, 40.638931000428926 ], [ -73.965792000348642, 40.63844100025122 ], [ -73.965445999843922, 40.636618999378271 ], [ -73.965382000269813, 40.636279000229798 ], [ -73.965081999795842, 40.634683000198436 ], [ -73.964804999786423, 40.633248999538296 ], [ -73.96567700072093, 40.63283000008942 ], [ -73.966266000001582, 40.632546999758198 ], [ -73.966776999464415, 40.632295000151984 ], [ -73.967027999534594, 40.633152000132398 ], [ -73.967184999893433, 40.633704000099485 ], [ -73.967405999826369, 40.634470000614655 ], [ -73.967511000306672, 40.634837999970898 ], [ -73.967543000093713, 40.634947999832974 ], [ -73.967627000657615, 40.635237999964112 ], [ -73.968038999487959, 40.636651000002892 ], [ -73.968224000334189, 40.637297000599006 ], [ -73.968721999378246, 40.639017999568352 ], [ -73.968790999873548, 40.639255999682725 ] ] ] ] } },
{ "type": "Feature", "properties": { "STATEFP": "36", "COUNTYFP": "047", "TRACTCE": "051800", "GEOID": "36047051800", "NAME": "518", "NAMELSAD": "Census Tract 518", "MTFCC": "G5020", "FUNCSTAT": "S", "ALAND": 201332.0, "AWATER": 0.0, "INTPTLAT": "+40.6379909", "INTPTLON": "-073.9607951", "Shape__Are": 349992.082031, "Shape__Len": 2529.4674473700002 }, "geometry": { "type": "MultiPolygon", "coordinates": [ [ [ [ -73.96318599938752, 40.639672000399727 ], [ -73.962282000462594, 40.640101000426256 ], [ -73.961386000136969, 40.640524999828187 ], [ -73.960502000405214, 40.64094000015875 ], [ -73.959377000649042, 40.641471000477019 ], [ -73.958965999846981, 40.639305000422951 ], [ -73.958674000667258, 40.637766000495219 ], [ -73.958400000132542, 40.636326999701296 ], [ -73.959524999888714, 40.635786000195438 ], [ -73.959976999800347, 40.635567999756461 ], [ -73.960409000518794, 40.635359999887356 ], [ -73.9613119996188, 40.634925999738691 ], [ -73.962202999921573, 40.634500000078688 ], [ -73.962479999931006, 40.635933000405451 ], [ -73.962781000229867, 40.637513000108768 ], [ -73.96318599938752, 40.639672000399727 ] ] ] ] } },
{ "type": "Feature", "properties": { "STATEFP": "36", "COUNTYFP": "047", "TRACTCE": "052000", "GEOID": "36047052000", "NAME": "520", "NAMELSAD": "Census Tract 520", "MTFCC": "G5020", "FUNCSTAT": "S", "ALAND": 190568.0, "AWATER": 0.0, "INTPTLAT": "+40.6374454", "INTPTLON": "-073.9641874", "Shape__Are": 331276.351562, "Shape__Len": 2800.0724463800002 }, "geometry": { "type": "MultiPolygon", "coordinates": [ [ [ [ -73.966173999940068, 40.640431000038795 ], [ -73.965301000078966, 40.640823000098436 ], [ -73.964430000766001, 40.641213999928731 ], [ -73.964037000405639, 40.641389000292833 ], [ -73.963557000006588, 40.641609999345405 ], [ -73.96318599938752, 40.639672000399727 ], [ -73.962781000229867, 40.637513000108768 ], [ -73.962479999931006, 40.635933000405451 ], [ -73.962202999921573, 40.634500000078688 ], [ -73.962643000137618, 40.63428799998708 ], [ -73.963104999196659, 40.63406499971417 ], [ -73.96394599927072, 40.633661999936308 ], [ -73.964804999786423, 40.633248999538296 ], [ -73.965081999795842, 40.634683000198436 ], [ -73.965382000269813, 40.636279000229798 ], [ -73.965445999843922, 40.636618999378271 ], [ -73.965792000348642, 40.63844100025122 ], [ -73.965886000059982, 40.638931000428926 ], [ -73.966134999581996, 40.640226999590858 ], [ -73.966173999940068, 40.640431000038795 ] ] ] ] } },
{ "type": "Feature", "properties": { "STATEFP": "36", "COUNTYFP": "047", "TRACTCE": "053000", "GEOID": "36047053000", "NAME": "530", "NAMELSAD": "Census Tract 530", "MTFCC": "G5020", "FUNCSTAT": "S", "ALAND": 173246.0, "AWATER": 0.0, "INTPTLAT": "+40.6273634", "INTPTLON": "-073.9637344", "Shape__Are": 301077.285156, "Shape__Len": 2266.5594789100001 }, "geometry": { "type": "MultiPolygon", "coordinates": [ [ [ [ -73.96607399948266, 40.629545000175213 ], [ -73.965080000146031, 40.629654999894413 ], [ -73.964152000033351, 40.629756999645608 ], [ -73.963224999745563, 40.629858999922796 ], [ -73.962298000356114, 40.629961000044212 ], [ -73.962099000164486, 40.628930000328126 ], [ -73.961845999546185, 40.627570999849539 ], [ -73.961392999809661, 40.625179000284461 ], [ -73.96231800044761, 40.625079000105018 ], [ -73.963248000210115, 40.624977999560414 ], [ -73.964172999949753, 40.624876999544945 ], [ -73.965173000032451, 40.624765999918793 ], [ -73.965624999944083, 40.627155000091392 ], [ -73.965906999976383, 40.628655000431884 ], [ -73.96607399948266, 40.629545000175213 ] ] ] ] } },
{ "type": "Feature", "properties": { "STATEFP": "36", "COUNTYFP": "047", "TRACTCE": "053400", "GEOID": "36047053400", "NAME": "534", "NAMELSAD": "Census Tract 534", "MTFCC": "G5020", "FUNCSTAT": "S", "ALAND": 173382.0, "AWATER": 0.0, "INTPTLAT": "+40.6225826", "INTPTLON": "-073.9628302", "Shape__Are": 301269.023438, "Shape__Len": 2267.2167625500001 }, "geometry": { "type": "MultiPolygon", "coordinates": [ [ [ [ -73.965173000032451, 40.624765999918793 ], [ -73.964172999949753, 40.624876999544945 ], [ -73.963248000210115, 40.624977999560414 ], [ -73.96231800044761, 40.625079000105018 ], [ -73.961392999809661, 40.625179000284461 ], [ -73.960939999174812, 40.622790999906385 ], [ -73.960486000511679, 40.620399999894531 ], [ -73.961414999550954, 40.620297999489487 ], [ -73.962339000364011, 40.620196000292431 ], [ -73.963268000301596, 40.620095000546328 ], [ -73.963727000784218, 40.62004399944859 ], [ -73.963746999977403, 40.620040999262422 ], [ -73.964268000384294, 40.619983999791835 ], [ -73.964720000295927, 40.622372999866606 ], [ -73.964946000251729, 40.623569000263942 ], [ -73.965173000032451, 40.624765999918793 ] ] ] ] } },
{ "type": "Feature", "properties": { "STATEFP": "36", "COUNTYFP": "047", "TRACTCE": "021600", "GEOID": "36047021600", "NAME": "216", "NAMELSAD": "Census Tract 216", "MTFCC": "G5020", "FUNCSTAT": "S", "ALAND": 168178.0, "AWATER": 0.0, "INTPTLAT": "+40.6327947", "INTPTLON": "-073.9997692", "Shape__Are": 292310.34375, "Shape__Len": 2494.5889272600002 }, "geometry": { "type": "MultiPolygon", "coordinates": [ [ [ [ -74.004107000440783, 40.634060000680833 ], [ -74.003388000565465, 40.63453800010754 ], [ -74.002672999989812, 40.635018999715896 ], [ -74.001956999589225, 40.635496999775647 ], [ -74.000015999873369, 40.634326000136596 ], [ -73.997813000216681, 40.632995999759295 ], [ -73.995616999334374, 40.631666999592248 ], [ -73.996195000540993, 40.631106000080052 ], [ -73.996779000697103, 40.630547000209283 ], [ -73.997358999756912, 40.629985999468701 ], [ -73.999560999588695, 40.631314999687277 ], [ -74.001764000143694, 40.632645000143512 ], [ -74.003989000440001, 40.633989999858521 ], [ -74.004107000440783, 40.634060000680833 ] ] ] ] } },
{ "type": "Feature", "properties": { "STATEFP": "36", "COUNTYFP": "047", "TRACTCE": "045600", "GEOID": "36047045600", "NAME": "456", "NAMELSAD": "Census Tract 456", "MTFCC": "G5020", "FUNCSTAT": "S", "ALAND": 153654.0, "AWATER": 0.0, "INTPTLAT": "+40.6261630", "INTPTLON": "-073.9666205", "Shape__Are": 267015.785156, "Shape__Len": 2766.9626827900001 }, "geometry": { "type": "MultiPolygon", "coordinates": [ [ [ [ -73.968928999965811, 40.629230999632846 ], [ -73.968000999853118, 40.629333000031764 ], [ -73.967076000113494, 40.629435000274832 ], [ -73.96607399948266, 40.629545000175213 ], [ -73.965906999976383, 40.628655000431884 ], [ -73.965624999944083, 40.627155000091392 ], [ -73.965173000032451, 40.624765999918793 ], [ -73.964946000251729, 40.623569000263942 ], [ -73.964720000295927, 40.622372999866606 ], [ -73.965718999655408, 40.622263999318577 ], [ -73.966645000118262, 40.622163000653742 ], [ -73.967096000204975, 40.624553000064253 ], [ -73.96755299924115, 40.626943999364535 ], [ -73.968477999879099, 40.626840999901745 ], [ -73.96873499979705, 40.628211000710778 ], [ -73.968760999736304, 40.628351999564735 ], [ -73.968784000200856, 40.628472999634923 ], [ -73.968928999965811, 40.629230999632846 ] ] ] ] } },
{ "type": "Feature", "properties": { "STATEFP": "36", "COUNTYFP": "047", "TRACTCE": "084800", "GEOID": "36047084800", "NAME": "848", "NAMELSAD": "Census Tract 848", "MTFCC": "G5020", "FUNCSTAT": "S", "ALAND": 137501.0, "AWATER": 0.0, "INTPTLAT": "+40.6464270", "INTPTLON": "-073.9278611", "Shape__Are": 239092.730469, "Shape__Len": 1969.45168079 }, "geometry": { "type": "MultiPolygon", "coordinates": [ [ [ [ -73.929998999755441, 40.64818099973656 ], [ -73.928994000548172, 40.648243999560442 ], [ -73.928060999514301, 40.648300999447194 ], [ -73.927089999743913, 40.648360999562399 ], [ -73.926119999798445, 40.648419999759398 ], [ -73.925922000330033, 40.646560000011775 ], [ -73.925761999598151, 40.645055000193913 ], [ -73.925720999590283, 40.644673999575012 ], [ -73.926688999885911, 40.644613999553044 ], [ -73.927659999656314, 40.64455300023657 ], [ -73.92859399961678, 40.644494000710495 ], [ -73.929599000620684, 40.644433000602724 ], [ -73.929742999662395, 40.645743000660588 ], [ -73.929802999936854, 40.646320000247918 ], [ -73.929998999755441, 40.64818099973656 ] ] ] ] } },
{ "type": "Feature", "properties": { "STATEFP": "36", "COUNTYFP": "047", "TRACTCE": "023200", "GEOID": "36047023200", "NAME": "232", "NAMELSAD": "Census Tract 232", "MTFCC": "G5020", "FUNCSTAT": "S", "ALAND": 226376.0, "AWATER": 0.0, "INTPTLAT": "+40.6360999", "INTPTLON": "-073.9862206", "Shape__Are": 393509.316406, "Shape__Len": 2926.9968360500002 }, "geometry": { "type": "MultiPolygon", "coordinates": [ [ [ [ -73.989789000163896, 40.637263999570926 ], [ -73.989205999832706, 40.637824000491847 ], [ -73.988620000026799, 40.638385000138271 ], [ -73.988039000243759, 40.638946999848216 ], [ -73.987580999586044, 40.63938300044196 ], [ -73.98745500008765, 40.639504999607325 ], [ -73.987186000474125, 40.639343000443596 ], [ -73.98554800070697, 40.638353999678159 ], [ -73.985252000430961, 40.638175000148301 ], [ -73.985540000311062, 40.637898000108777 ], [ -73.985835999688746, 40.637615999471102 ], [ -73.983633999856991, 40.636284999824795 ], [ -73.984218000013072, 40.635725999682819 ], [ -73.982015000356384, 40.634394999850521 ], [ -73.982597999789249, 40.633836999646356 ], [ -73.983178999572303, 40.633279000232648 ], [ -73.983762999728398, 40.632716999848057 ], [ -73.985963999735276, 40.63404699964746 ], [ -73.988166999391936, 40.635374000043079 ], [ -73.990372999421695, 40.636705000127584 ], [ -73.989789000163896, 40.637263999570926 ] ] ] ] } },
{ "type": "Feature", "properties": { "STATEFP": "36", "COUNTYFP": "047", "TRACTCE": "091600", "GEOID": "36047091600", "NAME": "916", "NAMELSAD": "Census Tract 916", "MTFCC": "G5020", "FUNCSTAT": "S", "ALAND": 215640.0, "AWATER": 0.0, "INTPTLAT": "+40.6591038", "INTPTLON": "-073.9091012", "Shape__Are": 375104.269531, "Shape__Len": 2729.50771721 }, "geometry": { "type": "MultiPolygon", "coordinates": [ [ [ [ -73.911727000076809, 40.662135000128949 ], [ -73.910776000397902, 40.662278000240427 ], [ -73.909857000506051, 40.66241200042883 ], [ -73.908920000172543, 40.662553999612555 ], [ -73.908523999439083, 40.66101399982238 ], [ -73.907584999455764, 40.661155999937982 ], [ -73.90719100016878, 40.659619000352251 ], [ -73.906795000333645, 40.658084000227397 ], [ -73.906369000361309, 40.656411999923364 ], [ -73.907307000519722, 40.656273000534398 ], [ -73.90824500067815, 40.656133000425683 ], [ -73.90917700009048, 40.655995000206211 ], [ -73.910122999746505, 40.65585199957394 ], [ -73.91054899971887, 40.657525000011049 ], [ -73.910942999904165, 40.659061000436942 ], [ -73.911334999541339, 40.660597000250348 ], [ -73.911727000076809, 40.662135000128949 ] ] ] ] } },
{ "type": "Feature", "properties": { "STATEFP": "36", "COUNTYFP": "047", "TRACTCE": "078400", "GEOID": "36047078400", "NAME": "784", "NAMELSAD": "Census Tract 784", "MTFCC": "G5020", "FUNCSTAT": "S", "ALAND": 167427.0, "AWATER": 0.0, "INTPTLAT": "+40.6342624", "INTPTLON": "-073.9429558", "Shape__Are": 291020.578125, "Shape__Len": 2214.9960193000002 }, "geometry": { "type": "MultiPolygon", "coordinates": [ [ [ [ -73.945123000844575, 40.636447999635998 ], [ -73.944154999650607, 40.636507000138728 ], [ -73.943220999690141, 40.636563999823849 ], [ -73.942249000094833, 40.636627999747233 ], [ -73.941282999449015, 40.636687000090845 ], [ -73.941038999949853, 40.634416999438045 ], [ -73.940787999879689, 40.632075999794907 ], [ -73.941757000000266, 40.632016999466877 ], [ -73.942728999595545, 40.631956999657618 ], [ -73.94366000008128, 40.631899999448059 ], [ -73.944629000201857, 40.631838000671813 ], [ -73.944881000096942, 40.63417700032344 ], [ -73.945123000844575, 40.636447999635998 ] ] ] ] } },
{ "type": "Feature", "properties": { "STATEFP": "36", "COUNTYFP": "047", "TRACTCE": "047200", "GEOID": "36047047200", "NAME": "472", "NAMELSAD": "Census Tract 472", "MTFCC": "G5020", "FUNCSTAT": "S", "ALAND": 172804.0, "AWATER": 0.0, "INTPTLAT": "+40.6270361", "INTPTLON": "-073.9841274", "Shape__Are": 300299.808594, "Shape__Len": 2719.6438726900001 }, "geometry": { "type": "MultiPolygon", "coordinates": [ [ [ [ -73.988337999994485, 40.628319000251317 ], [ -73.987841999701928, 40.628796999870183 ], [ -73.987259000269063, 40.629354999923557 ], [ -73.986675000112967, 40.629915999829414 ], [ -73.984204000667674, 40.62844799964401 ], [ -73.983015999365691, 40.627704999514854 ], [ -73.982132000532246, 40.627171000287312 ], [ -73.981243999704219, 40.626629000037561 ], [ -73.981094999741302, 40.626542999945777 ], [ -73.980867000135675, 40.626408999994318 ], [ -73.979817999649171, 40.62577399924492 ], [ -73.9803969997824, 40.625210999573845 ], [ -73.980985000136457, 40.624653000349454 ], [ -73.981565999919511, 40.624095000554057 ], [ -73.98383100039878, 40.625462999323076 ], [ -73.98326399996111, 40.626035000030384 ], [ -73.984761000161285, 40.626020000443859 ], [ -73.984941999911257, 40.626120000577941 ], [ -73.985965999385087, 40.62675599958996 ], [ -73.988428000406159, 40.628230999275338 ], [ -73.988337999994485, 40.628319000251317 ] ] ] ] } },
{ "type": "Feature", "properties": { "STATEFP": "36", "COUNTYFP": "047", "TRACTCE": "083600", "GEOID": "36047083600", "NAME": "836", "NAMELSAD": "Census Tract 836", "MTFCC": "G5020", "FUNCSTAT": "S", "ALAND": 208197.0, "AWATER": 0.0, "INTPTLAT": "+40.6371028", "INTPTLON": "-073.9351273", "Shape__Are": 361919.894531, "Shape__Len": 2422.421622 }, "geometry": { "type": "MultiPolygon", "coordinates": [ [ [ [ -73.937761999692299, 40.639258999687378 ], [ -73.936792000645141, 40.639318999751424 ], [ -73.935856000136525, 40.639377999761834 ], [ -73.934887000015976, 40.639439000399413 ], [ -73.933917999895399, 40.639496000307872 ], [ -73.932983999934933, 40.639555000161856 ], [ -73.932734000587999, 40.63721700012357 ], [ -73.932500000236274, 40.634946999766861 ], [ -73.933426999625723, 40.634883999662577 ], [ -73.934394999921381, 40.634826999906522 ], [ -73.935359999843996, 40.634766999895461 ], [ -73.936295999454273, 40.634708999969888 ], [ -73.937266999224676, 40.634650999993895 ], [ -73.937512000345365, 40.636921000189297 ], [ -73.937761999692299, 40.639258999687378 ] ] ] ] } },
{ "type": "Feature", "properties": { "STATEFP": "36", "COUNTYFP": "047", "TRACTCE": "084000", "GEOID": "36047084000", "NAME": "840", "NAMELSAD": "Census Tract 840", "MTFCC": "G5020", "FUNCSTAT": "S", "ALAND": 170057.0, "AWATER": 0.0, "INTPTLAT": "+40.6419943", "INTPTLON": "-073.9312920", "Shape__Are": 295660.097656, "Shape__Len": 2231.50899587 }, "geometry": { "type": "MultiPolygon", "coordinates": [ [ [ [ -73.933478000577665, 40.644192000078604 ], [ -73.932508999558777, 40.6442519997983 ], [ -73.931538999613309, 40.644313000071499 ], [ -73.930604999652843, 40.644370999832603 ], [ -73.929599000620684, 40.644433000602724 ], [ -73.929355000223183, 40.64213400007808 ], [ -73.929105999802843, 40.639795000393676 ], [ -73.930110999908422, 40.639734000081411 ], [ -73.931042000394172, 40.639676000380888 ], [ -73.932013000164545, 40.639615999956064 ], [ -73.932983999934933, 40.639555000161856 ], [ -73.933234000180192, 40.641895000038204 ], [ -73.933478000577665, 40.644192000078604 ] ] ] ] } },
{ "type": "Feature", "properties": { "STATEFP": "36", "COUNTYFP": "047", "TRACTCE": "092000", "GEOID": "36047092000", "NAME": "920", "NAMELSAD": "Census Tract 920", "MTFCC": "G5020", "FUNCSTAT": "S", "ALAND": 237149.0, "AWATER": 0.0, "INTPTLAT": "+40.6585644", "INTPTLON": "-073.9029876", "Shape__Are": 412509.808594, "Shape__Len": 2688.4747601600002 }, "geometry": { "type": "MultiPolygon", "coordinates": [ [ [ [ -73.90719100016878, 40.659619000352251 ], [ -73.906269999728792, 40.659754000125155 ], [ -73.905350000012035, 40.659890999691058 ], [ -73.904384999191109, 40.660034000524576 ], [ -73.903420999991724, 40.660177999376778 ], [ -73.902498999726816, 40.66031499943481 ], [ -73.901579999834979, 40.660450999527505 ], [ -73.900660999943113, 40.66058700002435 ], [ -73.90025900026022, 40.660619000060855 ], [ -73.899889000364368, 40.660640000182944 ], [ -73.899651999639588, 40.660735000490469 ], [ -73.899216999446395, 40.659112000355584 ], [ -73.898843000250906, 40.657556000426126 ], [ -73.89880700026589, 40.657406999310588 ], [ -73.898866999642024, 40.657398000380532 ], [ -73.899041000617615, 40.65737199990582 ], [ -73.899967000182173, 40.657285000157216 ], [ -73.900302999742848, 40.657262999928662 ], [ -73.900755000552763, 40.657229999231454 ], [ -73.901686999965094, 40.657104000136471 ], [ -73.902631999796228, 40.656965999881081 ], [ -73.90356400010684, 40.656825999863635 ], [ -73.904529999854375, 40.656683999390019 ], [ -73.905450000469457, 40.656547000734292 ], [ -73.906369000361309, 40.656411999923364 ], [ -73.906795000333645, 40.658084000227397 ], [ -73.90719100016878, 40.659619000352251 ] ] ] ] } },
{ "type": "Feature", "properties": { "STATEFP": "36", "COUNTYFP": "047", "TRACTCE": "090600", "GEOID": "36047090600", "NAME": "906", "NAMELSAD": "Census Tract 906", "MTFCC": "G5020", "FUNCSTAT": "S", "ALAND": 195831.0, "AWATER": 0.0, "INTPTLAT": "+40.6701302", "INTPTLON": "-073.9088595", "Shape__Are": 340756.855469, "Shape__Len": 2478.7597377900001 }, "geometry": { "type": "MultiPolygon", "coordinates": [ [ [ [ -73.911098999539774, 40.672183000365834 ], [ -73.910968000018514, 40.672236000167089 ], [ -73.909944999471278, 40.672660999968308 ], [ -73.909769999569093, 40.672733000110355 ], [ -73.909254999908285, 40.672947999210727 ], [ -73.90842000058035, 40.673313000500634 ], [ -73.907876999533812, 40.673567000234222 ], [ -73.907654999775971, 40.672745000240056 ], [ -73.907336999758641, 40.671505999468323 ], [ -73.906997999824938, 40.670240999974261 ], [ -73.90667300013493, 40.668973999854622 ], [ -73.906354999219289, 40.66770799976662 ], [ -73.90741399975154, 40.667547999401116 ], [ -73.908230999536144, 40.66742500013671 ], [ -73.910090000134559, 40.667154000441784 ], [ -73.910415999649487, 40.668415000277932 ], [ -73.910742000062712, 40.669685000116338 ], [ -73.911065999927814, 40.670955000296253 ], [ -73.911336000264555, 40.672076999955564 ], [ -73.911098999539774, 40.672183000365834 ] ] ] ] } },
{ "type": "Feature", "properties": { "STATEFP": "36", "COUNTYFP": "047", "TRACTCE": "090800", "GEOID": "36047090800", "NAME": "908", "NAMELSAD": "Census Tract 908", "MTFCC": "G5020", "FUNCSTAT": "S", "ALAND": 296447.0, "AWATER": 0.0, "INTPTLAT": "+40.6713226", "INTPTLON": "-073.9047719", "Shape__Are": 515849.195312, "Shape__Len": 3035.9218717399999 }, "geometry": { "type": "MultiPolygon", "coordinates": [ [ [ [ -73.907876999533812, 40.673567000234222 ], [ -73.907469000003118, 40.673762000145622 ], [ -73.906957000715352, 40.67398499995317 ], [ -73.90629699949298, 40.674264999883569 ], [ -73.906094999826607, 40.674352999443641 ], [ -73.905970000153133, 40.674407000401381 ], [ -73.905826000213082, 40.67446999930597 ], [ -73.90524000040719, 40.674724999552346 ], [ -73.90437299949555, 40.675109000014899 ], [ -73.903819999301575, 40.675378999941977 ], [ -73.903474999520085, 40.675506999540467 ], [ -73.903446999930992, 40.675395000160712 ], [ -73.902968000255214, 40.673438999636467 ], [ -73.902660000283618, 40.67219700029171 ], [ -73.902288999664535, 40.670936000431517 ], [ -73.901982000416197, 40.669670000117236 ], [ -73.901668000596842, 40.668412999785922 ], [ -73.901839000301067, 40.668387999762864 ], [ -73.902625999948427, 40.668272999945046 ], [ -73.903573000327683, 40.668128000603105 ], [ -73.90446399973213, 40.667988000163902 ], [ -73.905385999997037, 40.667855000530579 ], [ -73.906354999219289, 40.66770799976662 ], [ -73.90667300013493, 40.668973999854622 ], [ -73.906997999824938, 40.670240999974261 ], [ -73.907336999758641, 40.671505999468323 ], [ -73.907654999775971, 40.672745000240056 ], [ -73.907876999533812, 40.673567000234222 ] ] ] ] } },
{ "type": "Feature", "properties": { "STATEFP": "36", "COUNTYFP": "047", "TRACTCE": "091000", "GEOID": "36047091000", "NAME": "910", "NAMELSAD": "Census Tract 910", "MTFCC": "G5020", "FUNCSTAT": "S", "ALAND": 212068.0, "AWATER": 0.0, "INTPTLAT": "+40.6657515", "INTPTLON": "-073.9034065", "Shape__Are": 368959.449219, "Shape__Len": 2449.9252721299999 }, "geometry": { "type": "MultiPolygon", "coordinates": [ [ [ [ -73.906354999219289, 40.66770799976662 ], [ -73.905385999997037, 40.667855000530579 ], [ -73.90446399973213, 40.667988000163902 ], [ -73.903573000327683, 40.668128000603105 ], [ -73.902625999948427, 40.668272999945046 ], [ -73.901839000301067, 40.668387999762864 ], [ -73.901668000596842, 40.668412999785922 ], [ -73.901266000015625, 40.666880000201353 ], [ -73.900850999913914, 40.665345999836518 ], [ -73.900417000443952, 40.663805999775263 ], [ -73.90071400054488, 40.663738000117412 ], [ -73.901450999963544, 40.663659000307653 ], [ -73.902375999703182, 40.663517000069277 ], [ -73.90328399972438, 40.663384000378031 ], [ -73.90421100001214, 40.66324499984345 ], [ -73.905172999561699, 40.663105999700598 ], [ -73.905577999617648, 40.664659000095284 ], [ -73.905970999978052, 40.66618099928094 ], [ -73.906354999219289, 40.66770799976662 ] ] ] ] } },
{ "type": "Feature", "properties": { "STATEFP": "36", "COUNTYFP": "047", "TRACTCE": "091800", "GEOID": "36047091800", "NAME": "918", "NAMELSAD": "Census Tract 918", "MTFCC": "G5020", "FUNCSTAT": "S", "ALAND": 209632.0, "AWATER": 0.0, "INTPTLAT": "+40.6616527", "INTPTLON": "-073.9045855", "Shape__Are": 364680.039062, "Shape__Len": 2613.7101932300002 }, "geometry": { "type": "MultiPolygon", "coordinates": [ [ [ [ -73.908920000172543, 40.662553999612555 ], [ -73.908046000486522, 40.662683999963107 ], [ -73.907032000160115, 40.662833999842988 ], [ -73.906138000382626, 40.662966999949539 ], [ -73.905172999561699, 40.663105999700598 ], [ -73.90421100001214, 40.66324499984345 ], [ -73.90328399972438, 40.663384000378031 ], [ -73.902375999703182, 40.663517000069277 ], [ -73.901450999963544, 40.663659000307653 ], [ -73.901052999580273, 40.662124999452061 ], [ -73.900660999943113, 40.66058700002435 ], [ -73.901579999834979, 40.660450999527505 ], [ -73.902498999726816, 40.66031499943481 ], [ -73.903420999991724, 40.660177999376778 ], [ -73.904384999191109, 40.660034000524576 ], [ -73.905350000012035, 40.659890999691058 ], [ -73.906269999728792, 40.659754000125155 ], [ -73.90719100016878, 40.659619000352251 ], [ -73.907584999455764, 40.661155999937982 ], [ -73.908523999439083, 40.66101399982238 ], [ -73.908920000172543, 40.662553999612555 ] ] ] ] } },
{ "type": "Feature", "properties": { "STATEFP": "36", "COUNTYFP": "047", "TRACTCE": "092200", "GEOID": "36047092200", "NAME": "922", "NAMELSAD": "Census Tract 922", "MTFCC": "G5020", "FUNCSTAT": "S", "ALAND": 161392.0, "AWATER": 0.0, "INTPTLAT": "+40.6552406", "INTPTLON": "-073.9063497", "Shape__Are": 280708.453125, "Shape__Len": 3097.78136722 }, "geometry": { "type": "MultiPolygon", "coordinates": [ [ [ [ -73.910122999746505, 40.65585199957394 ], [ -73.90917700009048, 40.655995000206211 ], [ -73.90824500067815, 40.656133000425683 ], [ -73.907307000519722, 40.656273000534398 ], [ -73.906369000361309, 40.656411999923364 ], [ -73.905450000469457, 40.656547000734292 ], [ -73.904529999854375, 40.656683999390019 ], [ -73.90356400010684, 40.656825999863635 ], [ -73.902631999796228, 40.656965999881081 ], [ -73.901686999965094, 40.657104000136471 ], [ -73.900755000552763, 40.657229999231454 ], [ -73.900302999742848, 40.657262999928662 ], [ -73.900572000254655, 40.657093999386809 ], [ -73.901260999992743, 40.656451999914452 ], [ -73.902311000304181, 40.655792000060927 ], [ -73.903173000294601, 40.655300999871621 ], [ -73.904142000415177, 40.655146999673001 ], [ -73.905057000109068, 40.655012999883645 ], [ -73.906916000707483, 40.654732000448213 ], [ -73.907855999617425, 40.654588999834857 ], [ -73.907816000332758, 40.654435000037331 ], [ -73.907400000406156, 40.652843999649384 ], [ -73.90821600036584, 40.652312000045612 ], [ -73.908557999774288, 40.652096000035982 ], [ -73.909335000274226, 40.652808999895484 ], [ -73.909681999705541, 40.654142999923181 ], [ -73.909726000086479, 40.654313000219744 ], [ -73.909767000094362, 40.654471999848525 ], [ -73.910122999746505, 40.65585199957394 ] ] ] ] } },
{ "type": "Feature", "properties": { "STATEFP": "36", "COUNTYFP": "047", "TRACTCE": "093000", "GEOID": "36047093000", "NAME": "930", "NAMELSAD": "Census Tract 930", "MTFCC": "G5020", "FUNCSTAT": "S", "ALAND": 194229.0, "AWATER": 0.0, "INTPTLAT": "+40.6499290", "INTPTLON": "-073.9154075", "Shape__Are": 337764.15625, "Shape__Len": 2667.3678145399999 }, "geometry": { "type": "MultiPolygon", "coordinates": [ [ [ [ -73.917801000192881, 40.648568000636246 ], [ -73.917086999442134, 40.649026999808292 ], [ -73.916319999886255, 40.64952699981437 ], [ -73.918136999753557, 40.651157999992051 ], [ -73.91737000019765, 40.651653999761642 ], [ -73.916653999797077, 40.652117000114927 ], [ -73.915940999769546, 40.652576999894187 ], [ -73.915226000092204, 40.653038999500012 ], [ -73.913407000575077, 40.651406999816444 ], [ -73.91182300033627, 40.649984000205713 ], [ -73.912535000538895, 40.649521000046434 ], [ -73.913253000589279, 40.649060999646608 ], [ -73.913960999695632, 40.6486010001653 ], [ -73.914732000347797, 40.64810100003676 ], [ -73.915500999553501, 40.647604999757554 ], [ -73.916208999558151, 40.64715099976371 ], [ -73.916937000552622, 40.646682999581799 ], [ -73.918515000045318, 40.648105999381862 ], [ -73.917801000192881, 40.648568000636246 ] ] ] ] } },
{ "type": "Feature", "properties": { "STATEFP": "36", "COUNTYFP": "047", "TRACTCE": "093400", "GEOID": "36047093400", "NAME": "934", "NAMELSAD": "Census Tract 934", "MTFCC": "G5020", "FUNCSTAT": "S", "ALAND": 177758.0, "AWATER": 0.0, "INTPTLAT": "+40.6489251", "INTPTLON": "-073.9190149", "Shape__Are": 309114.097656, "Shape__Len": 2916.4318714000001 }, "geometry": { "type": "MultiPolygon", "coordinates": [ [ [ [ -73.920772999953584, 40.652553999673863 ], [ -73.919962000016781, 40.652788999833113 ], [ -73.918136999753557, 40.651157999992051 ], [ -73.916319999886255, 40.64952699981437 ], [ -73.917086999442134, 40.649026999808292 ], [ -73.917801000192881, 40.648568000636246 ], [ -73.918515000045318, 40.648105999381862 ], [ -73.916937000552622, 40.646682999581799 ], [ -73.917648000032017, 40.646223000067167 ], [ -73.918302000508305, 40.645812000161513 ], [ -73.918924000299228, 40.645398000041034 ], [ -73.919429999739208, 40.645060999681782 ], [ -73.919821000449787, 40.644784000270441 ], [ -73.919951000146114, 40.644707000347978 ], [ -73.919976000260476, 40.64502999959565 ], [ -73.920098000459205, 40.646177000009502 ], [ -73.920165999332951, 40.646808999953606 ], [ -73.920179000650052, 40.646927000313312 ], [ -73.920184999599527, 40.647030000144859 ], [ -73.920358999676793, 40.648597000037363 ], [ -73.920375000468653, 40.648778999822113 ], [ -73.920467000530152, 40.649654000114843 ], [ -73.920553999670489, 40.65045900061066 ], [ -73.920581000332987, 40.650706999805742 ], [ -73.920622000340856, 40.651098000347076 ], [ -73.920746000189411, 40.652271000491943 ], [ -73.920772999953584, 40.652553999673863 ] ] ] ] } },
{ "type": "Feature", "properties": { "STATEFP": "36", "COUNTYFP": "047", "TRACTCE": "093600", "GEOID": "36047093600", "NAME": "936", "NAMELSAD": "Census Tract 936", "MTFCC": "G5020", "FUNCSTAT": "S", "ALAND": 165121.0, "AWATER": 0.0, "INTPTLAT": "+40.6487962", "INTPTLON": "-073.9215837", "Shape__Are": 287137.128906, "Shape__Len": 3015.8279297 }, "geometry": { "type": "MultiPolygon", "coordinates": [ [ [ [ -73.923466999879949, 40.650833999905089 ], [ -73.923081000090576, 40.651854999922506 ], [ -73.922849000286988, 40.652462999879972 ], [ -73.92178399990695, 40.652490999829816 ], [ -73.921351999188502, 40.652517000162099 ], [ -73.920772999953584, 40.652553999673863 ], [ -73.920746000189411, 40.652271000491943 ], [ -73.920622000340856, 40.651098000347076 ], [ -73.920581000332987, 40.650706999805742 ], [ -73.920553999670489, 40.65045900061066 ], [ -73.920467000530152, 40.649654000114843 ], [ -73.920375000468653, 40.648778999822113 ], [ -73.920358999676793, 40.648597000037363 ], [ -73.920184999599527, 40.647030000144859 ], [ -73.920179000650052, 40.646927000313312 ], [ -73.920165999332951, 40.646808999953606 ], [ -73.920098000459205, 40.646177000009502 ], [ -73.919976000260476, 40.64502999959565 ], [ -73.920531999929167, 40.644999000176725 ], [ -73.9209839998408, 40.644975000154929 ], [ -73.921916000151427, 40.644908999539368 ], [ -73.922116999992895, 40.646796000721451 ], [ -73.923049999230116, 40.646738999549221 ], [ -73.923248999421759, 40.648598999760551 ], [ -73.922311999986547, 40.648657999747151 ], [ -73.922519000574113, 40.650586999650741 ], [ -73.92342599987208, 40.650529999671896 ], [ -73.923584999880745, 40.650520000663015 ], [ -73.923466999879949, 40.650833999905089 ] ] ] ] } },
{ "type": "Feature", "properties": { "STATEFP": "36", "COUNTYFP": "047", "TRACTCE": "074200", "GEOID": "36047074200", "NAME": "742", "NAMELSAD": "Census Tract 742", "MTFCC": "G5020", "FUNCSTAT": "S", "ALAND": 174327.0, "AWATER": 0.0, "INTPTLAT": "+40.6269944", "INTPTLON": "-073.9449753", "Shape__Are": 302949.753906, "Shape__Len": 2276.8847139 }, "geometry": { "type": "MultiPolygon", "coordinates": [ [ [ [ -73.947327000326169, 40.629166000647579 ], [ -73.946327000243471, 40.629277000460384 ], [ -73.945400999780603, 40.62937799995764 ], [ -73.94446799964507, 40.629479999450268 ], [ -73.944154999650607, 40.629508000179335 ], [ -73.943409000011101, 40.62955999965174 ], [ -73.943330999295, 40.62873100030324 ], [ -73.943093000541936, 40.627190000344626 ], [ -73.942644999929954, 40.624799999842288 ], [ -73.943570999494511, 40.624699000239417 ], [ -73.944496000132446, 40.624598000483807 ], [ -73.945425000070031, 40.624495999671069 ], [ -73.946421999779702, 40.62438500009354 ], [ -73.946875000414536, 40.626773999576827 ], [ -73.947327000326169, 40.629166000647579 ] ] ] ] } },
{ "type": "Feature", "properties": { "STATEFP": "36", "COUNTYFP": "047", "TRACTCE": "078000", "GEOID": "36047078000", "NAME": "780", "NAMELSAD": "Census Tract 780", "MTFCC": "G5020", "FUNCSTAT": "S", "ALAND": 164534.0, "AWATER": 0.0, "INTPTLAT": "+40.6344979", "INTPTLON": "-073.9391486", "Shape__Are": 285995.847656, "Shape__Len": 2200.91595689 }, "geometry": { "type": "MultiPolygon", "coordinates": [ [ [ [ -73.941282999449015, 40.636687000090845 ], [ -73.940348999488549, 40.636744000303992 ], [ -73.939412999878257, 40.636803999901765 ], [ -73.938479999742711, 40.636862000052446 ], [ -73.937512000345365, 40.636921000189297 ], [ -73.937266999224676, 40.634650999993895 ], [ -73.937077999977092, 40.63289799988906 ], [ -73.937036000144303, 40.632508999959626 ], [ -73.937012999679766, 40.632304000422167 ], [ -73.937593000536211, 40.632267999334317 ], [ -73.937997999693849, 40.632247000508748 ], [ -73.938924999981623, 40.632192999505385 ], [ -73.939853999919222, 40.632135000070726 ], [ -73.940787999879689, 40.632075999794907 ], [ -73.941038999949853, 40.634416999438045 ], [ -73.941282999449015, 40.636687000090845 ] ] ] ] } },
{ "type": "Feature", "properties": { "STATEFP": "36", "COUNTYFP": "047", "TRACTCE": "084600", "GEOID": "36047084600", "NAME": "846", "NAMELSAD": "Census Tract 846", "MTFCC": "G5020", "FUNCSTAT": "S", "ALAND": 166530.0, "AWATER": 0.0, "INTPTLAT": "+40.6422850", "INTPTLON": "-073.9274549", "Shape__Are": 289528.679688, "Shape__Len": 2179.7191760699998 }, "geometry": { "type": "MultiPolygon", "coordinates": [ [ [ [ -73.929599000620684, 40.644433000602724 ], [ -73.92859399961678, 40.644494000710495 ], [ -73.927659999656314, 40.64455300023657 ], [ -73.926688999885911, 40.644613999553044 ], [ -73.925720999590283, 40.644673999575012 ], [ -73.925382000554862, 40.642384000128146 ], [ -73.925478999740932, 40.641587000116594 ], [ -73.925703999871828, 40.640360999761519 ], [ -73.925742999331561, 40.640013999971622 ], [ -73.925933999127281, 40.639998000126383 ], [ -73.926197999616235, 40.639975999651256 ], [ -73.927165000087001, 40.639915999496068 ], [ -73.928098000222548, 40.639856999961125 ], [ -73.929105999802843, 40.639795000393676 ], [ -73.929355000223183, 40.64213400007808 ], [ -73.929599000620684, 40.644433000602724 ] ] ] ] } },
{ "type": "Feature", "properties": { "STATEFP": "36", "COUNTYFP": "047", "TRACTCE": "091200", "GEOID": "36047091200", "NAME": "912", "NAMELSAD": "Census Tract 912", "MTFCC": "G5020", "FUNCSTAT": "S", "ALAND": 167237.0, "AWATER": 0.0, "INTPTLAT": "+40.6651290", "INTPTLON": "-073.9076346", "Shape__Are": 290958.808594, "Shape__Len": 2224.1718315799999 }, "geometry": { "type": "MultiPolygon", "coordinates": [ [ [ [ -73.910090000134559, 40.667154000441784 ], [ -73.908230999536144, 40.66742500013671 ], [ -73.90741399975154, 40.667547999401116 ], [ -73.906354999219289, 40.66770799976662 ], [ -73.905970999978052, 40.66618099928094 ], [ -73.905577999617648, 40.664659000095284 ], [ -73.905172999561699, 40.663105999700598 ], [ -73.906138000382626, 40.662966999949539 ], [ -73.907032000160115, 40.662833999842988 ], [ -73.908046000486522, 40.662683999963107 ], [ -73.908920000172543, 40.662553999612555 ], [ -73.909305000136996, 40.664096999531942 ], [ -73.909699000322291, 40.665627999824082 ], [ -73.910090000134559, 40.667154000441784 ] ] ] ] } },
{ "type": "Feature", "properties": { "STATEFP": "36", "COUNTYFP": "047", "TRACTCE": "098200", "GEOID": "36047098200", "NAME": "982", "NAMELSAD": "Census Tract 982", "MTFCC": "G5020", "FUNCSTAT": "S", "ALAND": 345646.0, "AWATER": 0.0, "INTPTLAT": "+40.6509988", "INTPTLON": "-073.8943666", "Shape__Are": 601098.42578100006, "Shape__Len": 3595.0974995800002 }, "geometry": { "type": "MultiPolygon", "coordinates": [ [ [ [ -73.897342000751095, 40.650909000601587 ], [ -73.895861000444455, 40.651881000502605 ], [ -73.897610000539686, 40.653453999714046 ], [ -73.897259000012113, 40.653603999903517 ], [ -73.896992000048414, 40.653719000479228 ], [ -73.896781999986132, 40.653809999923141 ], [ -73.895943999386802, 40.654173000087191 ], [ -73.895206000143233, 40.654487999631584 ], [ -73.89441100009995, 40.654832999600615 ], [ -73.89354699956138, 40.655201999590048 ], [ -73.89245699996529, 40.653711000155212 ], [ -73.891365999645984, 40.652364999963197 ], [ -73.889994000017609, 40.651138000116369 ], [ -73.891251999843178, 40.650026000323265 ], [ -73.892550999676615, 40.648911000149305 ], [ -73.8932749995748, 40.648435999630529 ], [ -73.89398599995252, 40.647974000188597 ], [ -73.894678999888555, 40.647530000118671 ], [ -73.89541799985534, 40.647049000685314 ], [ -73.89616199984502, 40.646571000187578 ], [ -73.897832000297527, 40.648069999999535 ], [ -73.8970899999577, 40.648546000259586 ], [ -73.896345000143128, 40.649026999808285 ], [ -73.897942999727306, 40.650515000135691 ], [ -73.897342000751095, 40.650909000601587 ] ] ] ] } },
{ "type": "Feature", "properties": { "STATEFP": "36", "COUNTYFP": "047", "TRACTCE": "094401", "GEOID": "36047094401", "NAME": "944.01", "NAMELSAD": "Census Tract 944.01", "MTFCC": "G5020", "FUNCSTAT": "S", "ALAND": 368968.0, "AWATER": 0.0, "INTPTLAT": "+40.6387430", "INTPTLON": "-073.9229682", "Shape__Are": 641424.25, "Shape__Len": 4036.6753781100001 }, "geometry": { "type": "MultiPolygon", "coordinates": [ [ [ [ -73.926788000518428, 40.636108000298378 ], [ -73.92651300015882, 40.636539999495923 ], [ -73.926362000546092, 40.636908999749778 ], [ -73.926146000636024, 40.637568000244691 ], [ -73.926082000163603, 40.638162999934174 ], [ -73.926032999759798, 40.638543000214597 ], [ -73.925742999331561, 40.640013999971622 ], [ -73.925703999871828, 40.640360999761519 ], [ -73.925478999740932, 40.641587000116594 ], [ -73.925382000554862, 40.642384000128146 ], [ -73.924542000305749, 40.642439000340708 ], [ -73.923564999789235, 40.64249900027297 ], [ -73.923374999818449, 40.640495000344863 ], [ -73.923353999902048, 40.64017700022135 ], [ -73.923327000137874, 40.639899999627303 ], [ -73.922207000404569, 40.641064999810254 ], [ -73.921609000004779, 40.64168699943248 ], [ -73.919729000388273, 40.642724999488415 ], [ -73.919661999542811, 40.642103999954657 ], [ -73.919616999336967, 40.641659000402591 ], [ -73.919582999900086, 40.641398000018754 ], [ -73.919556000135913, 40.641185000046114 ], [ -73.919461999526263, 40.640239000115663 ], [ -73.919415000568904, 40.639775000520935 ], [ -73.919289999997119, 40.638596000160753 ], [ -73.919171999996351, 40.637470000268415 ], [ -73.920119000375635, 40.636987999877121 ], [ -73.920228000155561, 40.636931999908683 ], [ -73.920800000616083, 40.636637999474047 ], [ -73.921017000351071, 40.636527999669603 ], [ -73.921129000504067, 40.636470999953715 ], [ -73.921907999755518, 40.63607500004597 ], [ -73.922832000568548, 40.635543000376728 ], [ -73.923803000338935, 40.63548500044358 ], [ -73.924738000124307, 40.635427999837233 ], [ -73.925705999521654, 40.635367000306431 ], [ -73.926674999642216, 40.635306000038227 ], [ -73.927447999944206, 40.635258999894162 ], [ -73.926788000518428, 40.636108000298378 ] ] ] ] } },
{ "type": "Feature", "properties": { "STATEFP": "36", "COUNTYFP": "047", "TRACTCE": "095000", "GEOID": "36047095000", "NAME": "950", "NAMELSAD": "Census Tract 950", "MTFCC": "G5020", "FUNCSTAT": "S", "ALAND": 242438.0, "AWATER": 0.0, "INTPTLAT": "+40.6362488", "INTPTLON": "-073.9171451", "Shape__Are": 421431.199219, "Shape__Len": 3200.6635044999998 }, "geometry": { "type": "MultiPolygon", "coordinates": [ [ [ [ -73.919556000135913, 40.641185000046114 ], [ -73.918930000147043, 40.640585000117618 ], [ -73.916808999607767, 40.638682000408288 ], [ -73.914943000234985, 40.637006999867879 ], [ -73.913277999805331, 40.635507999729612 ], [ -73.914047999734251, 40.63501300000717 ], [ -73.914761999586702, 40.634549999609845 ], [ -73.915469999591366, 40.634086000013149 ], [ -73.916223999626766, 40.633605999904994 ], [ -73.917042999959506, 40.633076999932968 ], [ -73.91860399973379, 40.632095999928886 ], [ -73.918762999742441, 40.633636999842906 ], [ -73.918852000329224, 40.634483000202302 ], [ -73.918925000124148, 40.635158999811111 ], [ -73.919006000314994, 40.635893000385032 ], [ -73.91912300049087, 40.637012000043981 ], [ -73.919164000498739, 40.63740399973026 ], [ -73.919171999996351, 40.637470000268415 ], [ -73.919289999997119, 40.638596000160753 ], [ -73.919415000568904, 40.639775000520935 ], [ -73.919461999526263, 40.640239000115663 ], [ -73.919556000135913, 40.641185000046114 ] ] ] ] } },
{ "type": "Feature", "properties": { "STATEFP": "36", "COUNTYFP": "047", "TRACTCE": "095400", "GEOID": "36047095400", "NAME": "954", "NAMELSAD": "Census Tract 954", "MTFCC": "G5020", "FUNCSTAT": "S", "ALAND": 237026.0, "AWATER": 0.0, "INTPTLAT": "+40.6389669", "INTPTLON": "-073.9146325", "Shape__Are": 412055.328125, "Shape__Len": 2785.8914030599999 }, "geometry": { "type": "MultiPolygon", "coordinates": [ [ [ [ -73.918162999692811, 40.641080000107138 ], [ -73.917401999984705, 40.641516999688328 ], [ -73.916621000185117, 40.641948000049595 ], [ -73.91592499987604, 40.642384000128153 ], [ -73.913903999794215, 40.640569000409272 ], [ -73.912033999325146, 40.638890000152657 ], [ -73.910367000143992, 40.637391000029773 ], [ -73.911080999996429, 40.636931999908661 ], [ -73.911792000374149, 40.636465999737133 ], [ -73.912507999876397, 40.636006000023158 ], [ -73.913277999805331, 40.635507999729612 ], [ -73.914943000234985, 40.637006999867879 ], [ -73.916808999607767, 40.638682000408288 ], [ -73.918930000147043, 40.640585000117618 ], [ -73.918162999692811, 40.641080000107138 ] ] ] ] } },
{ "type": "Feature", "properties": { "STATEFP": "36", "COUNTYFP": "047", "TRACTCE": "002200", "GEOID": "36047002200", "NAME": "22", "NAMELSAD": "Census Tract 22", "MTFCC": "G5020", "FUNCSTAT": "S", "ALAND": 340046.0, "AWATER": 0.0, "INTPTLAT": "+40.6434585", "INTPTLON": "-074.0216933", "Shape__Are": 591229.48046899994, "Shape__Len": 4135.0142594700001 }, "geometry": { "type": "MultiPolygon", "coordinates": [ [ [ [ -74.026694000094508, 40.639699999581396 ], [ -74.026600000383155, 40.639786999763665 ], [ -74.026442000199424, 40.639939999973585 ], [ -74.026347999589788, 40.640043000363001 ], [ -74.026308999231716, 40.640089999865737 ], [ -74.026257000251505, 40.640132000075042 ], [ -74.026097999344529, 40.640269999700386 ], [ -74.025723999250715, 40.640631000621177 ], [ -74.025119999901449, 40.641210000039699 ], [ -74.024547000514318, 40.641760000256333 ], [ -74.023955999787219, 40.642326999959209 ], [ -74.02337099980619, 40.642888999881571 ], [ -74.022769000106749, 40.643469000101128 ], [ -74.022165999684091, 40.644050999911478 ], [ -74.021598000319827, 40.644598000128816 ], [ -74.023834999413381, 40.645918999276184 ], [ -74.023205000124847, 40.64650300068277 ], [ -74.022622000691968, 40.64706300043445 ], [ -74.022039999287372, 40.647620999824106 ], [ -74.021460000227549, 40.648181999604368 ], [ -74.019255999847644, 40.646853000481791 ], [ -74.017074000107357, 40.645538000181517 ], [ -74.016930999992226, 40.645474999847906 ], [ -74.016778999656253, 40.645398000041041 ], [ -74.016651000508048, 40.645331000614853 ], [ -74.017228999918061, 40.644786000107885 ], [ -74.017877000546562, 40.644201000108154 ], [ -74.017926000052071, 40.644232999824766 ], [ -74.018418999971558, 40.643760999893097 ], [ -74.019011000523577, 40.643165000398319 ], [ -74.019580000611057, 40.642594999779853 ], [ -74.020211999549417, 40.641980999443824 ], [ -74.020856999804892, 40.641434999560659 ], [ -74.020867000748936, 40.64151799965596 ], [ -74.020926000300179, 40.64158700011658 ], [ -74.020965999584845, 40.64165099999591 ], [ -74.02116499977646, 40.641416999436039 ], [ -74.021379000036717, 40.641271000366473 ], [ -74.021519999603711, 40.641180999473704 ], [ -74.021759999803194, 40.641018000312279 ], [ -74.021990999781892, 40.640859999959069 ], [ -74.022277000012153, 40.640689000173516 ], [ -74.022506999267605, 40.640557999925903 ], [ -74.02261599994587, 40.640425000134698 ], [ -74.023105000565721, 40.639996000145452 ], [ -74.02354499988347, 40.639313999748119 ], [ -74.023958000335341, 40.638916000330745 ], [ -74.02413099968939, 40.638752999728595 ], [ -74.024521999501644, 40.638340000147338 ], [ -74.024754000203544, 40.63812099984932 ], [ -74.026860999600757, 40.639536000214569 ], [ -74.026694000094508, 40.639699999581396 ] ] ] ] } },
{ "type": "Feature", "properties": { "STATEFP": "36", "COUNTYFP": "047", "TRACTCE": "003400", "GEOID": "36047003400", "NAME": "34", "NAMELSAD": "Census Tract 34", "MTFCC": "G5020", "FUNCSTAT": "S", "ALAND": 477399.0, "AWATER": 2570730.0, "INTPTLAT": "+40.6404176", "INTPTLON": "-074.0334392", "Shape__Are": 5299651.3945300002, "Shape__Len": 9785.0455799899992 }, "geometry": { "type": "MultiPolygon", "coordinates": [ [ [ [ -74.055749000049587, 40.651476000276737 ], [ -74.055354999864292, 40.65213500007998 ], [ -74.054596999630931, 40.653404000030314 ], [ -74.054517999988207, 40.653536000068442 ], [ -74.054423000451962, 40.653695999971049 ], [ -74.054197999422769, 40.654070999474627 ], [ -74.053483999570318, 40.655202999352703 ], [ -74.053229000200503, 40.65565699976667 ], [ -74.032644000362026, 40.643800000037061 ], [ -74.032076000099437, 40.643406999798799 ], [ -74.03056300000577, 40.642564000593211 ], [ -74.029059999957795, 40.641726999389604 ], [ -74.028922999690451, 40.641451000424752 ], [ -74.029105000163653, 40.641414999497648 ], [ -74.02907899932606, 40.641274000280532 ], [ -74.028900999949158, 40.641146999710742 ], [ -74.028900999949158, 40.641007999878212 ], [ -74.029073000376599, 40.640968999466224 ], [ -74.028851999545338, 40.640801999873609 ], [ -74.029095000117891, 40.6408109996786 ], [ -74.030321999981325, 40.639646999830077 ], [ -74.030605999663464, 40.638962999945335 ], [ -74.03089100006882, 40.63827899986881 ], [ -74.031267999637365, 40.637357000381478 ], [ -74.031404999904709, 40.637019000289861 ], [ -74.031547000194934, 40.636673000210486 ], [ -74.031826000752517, 40.635992999368653 ], [ -74.032037000639718, 40.635474999862339 ], [ -74.032316999225557, 40.63479100017905 ], [ -74.034999000354659, 40.635426000401061 ], [ -74.036499999854485, 40.635783000034763 ], [ -74.037245000567381, 40.635985000328048 ], [ -74.037940999978147, 40.635804999846641 ], [ -74.03809199959089, 40.63576599980334 ], [ -74.03847099970757, 40.635677000405778 ], [ -74.056192999565297, 40.639281000398753 ], [ -74.055749000049587, 40.651476000276737 ] ] ] ] } },
{ "type": "Feature", "properties": { "STATEFP": "36", "COUNTYFP": "047", "TRACTCE": "019000", "GEOID": "36047019000", "NAME": "190", "NAMELSAD": "Census Tract 190", "MTFCC": "G5020", "FUNCSTAT": "S", "ALAND": 212934.0, "AWATER": 0.0, "INTPTLAT": "+40.6210380", "INTPTLON": "-074.0003857", "Shape__Are": 369973.636719, "Shape__Len": 2659.2082176700001 }, "geometry": { "type": "MultiPolygon", "coordinates": [ [ [ [ -74.00343599934773, 40.620696000107884 ], [ -74.002857000112826, 40.621252999390208 ], [ -74.002276000329772, 40.621814999433155 ], [ -74.001694000721798, 40.622372000294014 ], [ -74.001201999728906, 40.622843000517854 ], [ -74.000529999709272, 40.623490000623491 ], [ -73.999945999553148, 40.624051000024863 ], [ -73.999320999389184, 40.6246560003284 ], [ -73.997712999759244, 40.623679999833925 ], [ -73.997941000263182, 40.622832999406896 ], [ -73.997986000469041, 40.622566999851507 ], [ -73.998295000265514, 40.621619000141983 ], [ -73.998388999976839, 40.621259000335257 ], [ -73.998595000739485, 40.62050200014378 ], [ -73.998635000024152, 40.620353999771233 ], [ -73.998661999788325, 40.620256999363043 ], [ -73.998811999576162, 40.619721000001469 ], [ -73.999035999882139, 40.618946000063396 ], [ -73.999271000058783, 40.618178000174112 ], [ -73.999425999869487, 40.617628000032575 ], [ -73.999487999793757, 40.617405000040193 ], [ -73.999620000038249, 40.617470999889207 ], [ -74.001817999672056, 40.6188060000704 ], [ -74.004018999678919, 40.620136000090326 ], [ -74.00343599934773, 40.620696000107884 ] ] ] ] } },
{ "type": "Feature", "properties": { "STATEFP": "36", "COUNTYFP": "047", "TRACTCE": "019200", "GEOID": "36047019200", "NAME": "192", "NAMELSAD": "Census Tract 192", "MTFCC": "G5020", "FUNCSTAT": "S", "ALAND": 189790.0, "AWATER": 0.0, "INTPTLAT": "+40.6284585", "INTPTLON": "-073.9989281", "Shape__Are": 329835.515625, "Shape__Len": 2363.5019697299999 }, "geometry": { "type": "MultiPolygon", "coordinates": [ [ [ [ -74.002227999750886, 40.62875100007561 ], [ -74.001931000548268, 40.629032999977895 ], [ -74.001735000729695, 40.629250999937227 ], [ -74.001677000105047, 40.629315000052891 ], [ -74.001349000041998, 40.629597999765025 ], [ -74.000748000167462, 40.630175000514441 ], [ -74.000141999371749, 40.630756000202567 ], [ -73.999560999588695, 40.631314999687277 ], [ -73.997358999756912, 40.629985999468701 ], [ -73.996115000175053, 40.629231999784579 ], [ -73.996335999209677, 40.628445000517168 ], [ -73.996557000040937, 40.627640999901544 ], [ -73.996702000704218, 40.627172000469912 ], [ -73.99678800001962, 40.626826000496266 ], [ -73.996878000431309, 40.626530000175947 ], [ -73.997017000348464, 40.626061999959326 ], [ -73.997240999756144, 40.625288999695258 ], [ -73.998116999990287, 40.625815999596917 ], [ -74.000313999799189, 40.627144999626104 ], [ -74.002515000704378, 40.628474999961014 ], [ -74.002227999750886, 40.62875100007561 ] ] ] ] } },
{ "type": "Feature", "properties": { "STATEFP": "36", "COUNTYFP": "047", "TRACTCE": "019600", "GEOID": "36047019600", "NAME": "196", "NAMELSAD": "Census Tract 196", "MTFCC": "G5020", "FUNCSTAT": "S", "ALAND": 188308.0, "AWATER": 0.0, "INTPTLAT": "+40.6234234", "INTPTLON": "-074.0041850", "Shape__Are": 327210.160156, "Shape__Len": 2297.2751195699998 }, "geometry": { "type": "MultiPolygon", "coordinates": [ [ [ [ -74.007259999951444, 40.623915000065494 ], [ -74.006677999445174, 40.624473000001039 ], [ -74.006095000012323, 40.625032999794925 ], [ -74.00565500069456, 40.62545500038464 ], [ -74.004932000621309, 40.626150999900496 ], [ -74.002730000789541, 40.624820999645983 ], [ -74.000529999709272, 40.623490000623491 ], [ -74.001201999728906, 40.622843000517854 ], [ -74.001694000721798, 40.622372000294014 ], [ -74.002276000329772, 40.621814999433155 ], [ -74.002857000112826, 40.621252999390208 ], [ -74.00343599934773, 40.620696000107884 ], [ -74.005637000252904, 40.622024000162291 ], [ -74.007839000084672, 40.623355000443361 ], [ -74.007259999951444, 40.623915000065494 ] ] ] ] } },
{ "type": "Feature", "properties": { "STATEFP": "36", "COUNTYFP": "047", "TRACTCE": "020800", "GEOID": "36047020800", "NAME": "208", "NAMELSAD": "Census Tract 208", "MTFCC": "G5020", "FUNCSTAT": "S", "ALAND": 143311.0, "AWATER": 0.0, "INTPTLAT": "+40.6259761", "INTPTLON": "-074.0097676", "Shape__Are": 249038.753906, "Shape__Len": 2388.3276390299998 }, "geometry": { "type": "MultiPolygon", "coordinates": [ [ [ [ -74.012857999866455, 40.6282070000427 ], [ -74.012142000364207, 40.628683999621543 ], [ -74.01207399969384, 40.62864299987023 ], [ -74.011781999615778, 40.628465999856587 ], [ -74.010811999670295, 40.62788099932817 ], [ -74.010680000324129, 40.62780100052418 ], [ -74.01049999950078, 40.627693000145989 ], [ -74.008435999761261, 40.626442999763235 ], [ -74.008299000392213, 40.626360999529133 ], [ -74.008134999462385, 40.626261999270248 ], [ -74.007962000108336, 40.62615799992151 ], [ -74.006505999916044, 40.62527900031413 ], [ -74.006399999610835, 40.625215999951514 ], [ -74.006095000012323, 40.625032999794925 ], [ -74.006677999445174, 40.624473000001039 ], [ -74.007259999951444, 40.623915000065494 ], [ -74.007839000084672, 40.623355000443361 ], [ -74.010042000639672, 40.624685999428891 ], [ -74.01224500029636, 40.626015999644487 ], [ -74.01166499943993, 40.626573999753788 ], [ -74.013572000617216, 40.627727999435422 ], [ -74.012857999866455, 40.6282070000427 ] ] ] ] } },
{ "type": "Feature", "properties": { "STATEFP": "36", "COUNTYFP": "047", "TRACTCE": "021000", "GEOID": "36047021000", "NAME": "210", "NAMELSAD": "Census Tract 210", "MTFCC": "G5020", "FUNCSTAT": "S", "ALAND": 150022.0, "AWATER": 0.0, "INTPTLAT": "+40.6276260", "INTPTLON": "-074.0081561", "Shape__Are": 260716.09375, "Shape__Len": 2294.0587093899999 }, "geometry": { "type": "MultiPolygon", "coordinates": [ [ [ [ -74.012142000364207, 40.628683999621543 ], [ -74.011428000511771, 40.629162000036708 ], [ -74.010700000415625, 40.629645999948941 ], [ -74.010004000106534, 40.630113000136554 ], [ -74.008754000676888, 40.62937100027419 ], [ -74.006553999596633, 40.628039999888053 ], [ -74.004349999216714, 40.626710999942638 ], [ -74.004932000621309, 40.626150999900496 ], [ -74.00565500069456, 40.62545500038464 ], [ -74.006095000012323, 40.625032999794925 ], [ -74.006399999610835, 40.625215999951514 ], [ -74.006505999916044, 40.62527900031413 ], [ -74.007962000108336, 40.62615799992151 ], [ -74.008134999462385, 40.626261999270248 ], [ -74.008299000392213, 40.626360999529133 ], [ -74.008435999761261, 40.626442999763235 ], [ -74.01049999950078, 40.627693000145989 ], [ -74.010680000324129, 40.62780100052418 ], [ -74.010811999670295, 40.62788099932817 ], [ -74.011781999615778, 40.628465999856587 ], [ -74.01207399969384, 40.62864299987023 ], [ -74.012142000364207, 40.628683999621543 ] ] ] ] } },
{ "type": "Feature", "properties": { "STATEFP": "36", "COUNTYFP": "047", "TRACTCE": "021400", "GEOID": "36047021400", "NAME": "214", "NAMELSAD": "Census Tract 214", "MTFCC": "G5020", "FUNCSTAT": "S", "ALAND": 167965.0, "AWATER": 0.0, "INTPTLAT": "+40.6316104", "INTPTLON": "-074.0031816", "Shape__Are": 291931.8125, "Shape__Len": 2230.3278105999998 }, "geometry": { "type": "MultiPolygon", "coordinates": [ [ [ [ -74.00670000008482, 40.632324000487849 ], [ -74.006616999345823, 40.632379000126413 ], [ -74.00630699972443, 40.632583999433621 ], [ -74.005563999559669, 40.633084000591445 ], [ -74.004820999394909, 40.633579999704004 ], [ -74.004107000440783, 40.634060000680833 ], [ -74.003989000440001, 40.633989999858521 ], [ -74.001764000143694, 40.632645000143512 ], [ -73.999560999588695, 40.631314999687277 ], [ -74.000141999371749, 40.630756000202567 ], [ -74.000748000167462, 40.630175000514441 ], [ -74.001349000041998, 40.629597999765025 ], [ -74.001677000105047, 40.629315000052891 ], [ -74.001735000729695, 40.629250999937227 ], [ -74.001931000548268, 40.629032999977895 ], [ -74.004136999679687, 40.630363999661732 ], [ -74.006339000409781, 40.631693999971219 ], [ -74.007022999226677, 40.63211000008733 ], [ -74.00670000008482, 40.632324000487849 ] ] ] ] } },
{ "type": "Feature", "properties": { "STATEFP": "36", "COUNTYFP": "047", "TRACTCE": "021800", "GEOID": "36047021800", "NAME": "218", "NAMELSAD": "Census Tract 218", "MTFCC": "G5020", "FUNCSTAT": "S", "ALAND": 157820.0, "AWATER": 0.0, "INTPTLAT": "+40.6343541", "INTPTLON": "-073.9978229", "Shape__Are": 274325.398438, "Shape__Len": 2380.7190197499999 }, "geometry": { "type": "MultiPolygon", "coordinates": [ [ [ [ -74.001240000262058, 40.63597799997379 ], [ -74.000525000584688, 40.636455999984499 ], [ -73.999806999635993, 40.636936000054064 ], [ -73.998265000128299, 40.636006000023151 ], [ -73.996066999596152, 40.6346730001788 ], [ -73.995074999909377, 40.634076999983186 ], [ -73.993865999589303, 40.633346999575082 ], [ -73.994450999570304, 40.632784999762826 ], [ -73.995033999901509, 40.63222999937696 ], [ -73.995394000649924, 40.631881000049056 ], [ -73.995616999334374, 40.631666999592248 ], [ -73.997813000216681, 40.632995999759295 ], [ -74.000015999873369, 40.634326000136596 ], [ -74.001956999589225, 40.635496999775647 ], [ -74.001240000262058, 40.63597799997379 ] ] ] ] } },
{ "type": "Feature", "properties": { "STATEFP": "36", "COUNTYFP": "081", "TRACTCE": "065703", "GEOID": "36081065703", "NAME": "657.03", "NAMELSAD": "Census Tract 657.03", "MTFCC": "G5020", "FUNCSTAT": "S", "ALAND": 268451.0, "AWATER": 0.0, "INTPTLAT": "+40.7151186", "INTPTLON": "-073.8752977", "Shape__Are": 467744.117188, "Shape__Len": 2957.6016392900001 }, "geometry": { "type": "MultiPolygon", "coordinates": [ [ [ [ -73.879299000503011, 40.715481999841941 ], [ -73.87909000026562, 40.715537000375981 ], [ -73.878270000107975, 40.715560999517741 ], [ -73.877185999461389, 40.715621999935856 ], [ -73.877204999727951, 40.716504999750342 ], [ -73.877219999796566, 40.717226000137025 ], [ -73.876387000118442, 40.71732900033291 ], [ -73.876279999988313, 40.717342000114968 ], [ -73.875367999769139, 40.717451999426032 ], [ -73.874402000021647, 40.717574999653635 ], [ -73.873208999595079, 40.717741000203901 ], [ -73.872391999810489, 40.717830999918959 ], [ -73.872083999838921, 40.715990999867095 ], [ -73.871693999851558, 40.714259999605495 ], [ -73.871618000581904, 40.713290000446733 ], [ -73.873028999670026, 40.713259999643832 ], [ -73.87359299973464, 40.713234000525759 ], [ -73.874325000028733, 40.71319600038229 ], [ -73.875270999684773, 40.713137000295767 ], [ -73.875478000272324, 40.713120000711193 ], [ -73.8777079996932, 40.71288799945853 ], [ -73.878291999849296, 40.712830999619975 ], [ -73.878582000277504, 40.713215000456742 ], [ -73.880206999625898, 40.715244000027958 ], [ -73.879299000503011, 40.715481999841941 ] ] ] ] } },
{ "type": "Feature", "properties": { "STATEFP": "36", "COUNTYFP": "081", "TRACTCE": "061301", "GEOID": "36081061301", "NAME": "613.01", "NAMELSAD": "Census Tract 613.01", "MTFCC": "G5020", "FUNCSTAT": "S", "ALAND": 712703.0, "AWATER": 0.0, "INTPTLAT": "+40.7089649", "INTPTLON": "-073.8931848", "Shape__Are": 1241573.73438, "Shape__Len": 6247.9048832300005 }, "geometry": { "type": "MultiPolygon", "coordinates": [ [ [ [ -73.900596000544098, 40.712696999998272 ], [ -73.900183999917132, 40.712680999883169 ], [ -73.899354999538659, 40.712647000476835 ], [ -73.897682999436313, 40.71257999983365 ], [ -73.897103000376489, 40.712557999465481 ], [ -73.896218999746409, 40.71252199946634 ], [ -73.895904000102149, 40.712507000255371 ], [ -73.895024999494964, 40.712477999365312 ], [ -73.89401899956448, 40.712440999737574 ], [ -73.893806000027453, 40.712433999916108 ], [ -73.888776000375017, 40.712285999822164 ], [ -73.88854600022124, 40.712275000271298 ], [ -73.887246999489477, 40.710262000124239 ], [ -73.887815999576958, 40.710037000563439 ], [ -73.887554999461059, 40.709584000276465 ], [ -73.888995000658127, 40.709113000069884 ], [ -73.888703000580094, 40.707668999636013 ], [ -73.88620100027434, 40.706704000196325 ], [ -73.885531999729423, 40.706446000016534 ], [ -73.885548999447863, 40.70615500056217 ], [ -73.886527999614174, 40.706224999896527 ], [ -73.887396000350719, 40.706018000037176 ], [ -73.888262999465709, 40.705809999849571 ], [ -73.889118999608371, 40.705598999948251 ], [ -73.889842999506556, 40.704971999866387 ], [ -73.891052999651535, 40.703816000426862 ], [ -73.891267999736698, 40.703596999868907 ], [ -73.891942000304482, 40.702885999689123 ], [ -73.892744000020471, 40.701850999956129 ], [ -73.892968000326462, 40.702136000026464 ], [ -73.893436000131601, 40.702188000108407 ], [ -73.893131000533074, 40.702567000318027 ], [ -73.892480000429828, 40.703365000168425 ], [ -73.891830999976406, 40.704289999765543 ], [ -73.891333000034038, 40.705087999402274 ], [ -73.891812999534736, 40.706397999920291 ], [ -73.892701000362763, 40.706177000321986 ], [ -73.893595000140266, 40.70595500030759 ], [ -73.894485999544699, 40.705733999920206 ], [ -73.895378999497296, 40.705511000101694 ], [ -73.896330999899419, 40.705274000431956 ], [ -73.896572999748741, 40.705766000080224 ], [ -73.896648999916735, 40.705913999684071 ], [ -73.896940000169877, 40.706498999813 ], [ -73.897230999524695, 40.707090999953913 ], [ -73.89756299978572, 40.707758999347192 ], [ -73.898003000001765, 40.708401000568131 ], [ -73.898453000263558, 40.709040000095385 ], [ -73.89890499927688, 40.709681000234959 ], [ -73.899355999363578, 40.710322999949817 ], [ -73.899708999541005, 40.710980999449937 ], [ -73.899855000029163, 40.711265000342294 ], [ -73.900184999742066, 40.711904000304493 ], [ -73.900596000544098, 40.712696999998272 ] ] ] ] } },
{ "type": "Feature", "properties": { "STATEFP": "36", "COUNTYFP": "047", "TRACTCE": "109800", "GEOID": "36047109800", "NAME": "1098", "NAMELSAD": "Census Tract 1098", "MTFCC": "G5020", "FUNCSTAT": "S", "ALAND": 854382.0, "AWATER": 0.0, "INTPTLAT": "+40.6526617", "INTPTLON": "-073.9016506", "Shape__Are": 1485899.55859, "Shape__Len": 5452.7345507500004 }, "geometry": { "type": "MultiPolygon", "coordinates": [ [ [ [ -73.909449000077032, 40.651522000089557 ], [ -73.908557999774288, 40.652096000035982 ], [ -73.90821600036584, 40.652312000045612 ], [ -73.907400000406156, 40.652843999649384 ], [ -73.907816000332758, 40.654435000037331 ], [ -73.907855999617425, 40.654588999834857 ], [ -73.906916000707483, 40.654732000448213 ], [ -73.905057000109068, 40.655012999883645 ], [ -73.904142000415177, 40.655146999673001 ], [ -73.903173000294601, 40.655300999871621 ], [ -73.902311000304181, 40.655792000060927 ], [ -73.901260999992743, 40.656451999914452 ], [ -73.900572000254655, 40.657093999386809 ], [ -73.900302999742848, 40.657262999928662 ], [ -73.899967000182173, 40.657285000157216 ], [ -73.899041000617615, 40.65737199990582 ], [ -73.898866999642024, 40.657398000380532 ], [ -73.89880700026589, 40.657406999310588 ], [ -73.897966000191857, 40.657532000150042 ], [ -73.897044999751841, 40.657667999783229 ], [ -73.89610999996647, 40.657754000670963 ], [ -73.895909999949936, 40.657771000072586 ], [ -73.895381999870338, 40.65771999981029 ], [ -73.89524499960298, 40.657534000286944 ], [ -73.894631000207966, 40.656692999779359 ], [ -73.893951999617329, 40.655778000098593 ], [ -73.89354699956138, 40.655201999590048 ], [ -73.89441100009995, 40.654832999600615 ], [ -73.895206000143233, 40.654487999631584 ], [ -73.895943999386802, 40.654173000087191 ], [ -73.896781999986132, 40.653809999923141 ], [ -73.896992000048414, 40.653719000479228 ], [ -73.897259000012113, 40.653603999903517 ], [ -73.897610000539686, 40.653453999714046 ], [ -73.895861000444455, 40.651881000502605 ], [ -73.897342000751095, 40.650909000601587 ], [ -73.897942999727306, 40.650515000135691 ], [ -73.898728000623166, 40.650024999801467 ], [ -73.89946900023979, 40.649542000254179 ], [ -73.900192999239664, 40.649089000342386 ], [ -73.900891999921811, 40.648641000068281 ], [ -73.901657999652784, 40.648141999426294 ], [ -73.902355000685105, 40.647689000234521 ], [ -73.903099999601366, 40.647200000160936 ], [ -73.903981999683282, 40.646629000031226 ], [ -73.905095999568815, 40.647607000192103 ], [ -73.905800000273828, 40.648265000170056 ], [ -73.906372000734351, 40.648778999822113 ], [ -73.907615000491305, 40.649896000522808 ], [ -73.908680999797923, 40.650716999468116 ], [ -73.909449000077032, 40.651522000089557 ] ] ] ] } },
{ "type": "Feature", "properties": { "STATEFP": "36", "COUNTYFP": "047", "TRACTCE": "112600", "GEOID": "36047112600", "NAME": "1126", "NAMELSAD": "Census Tract 1126", "MTFCC": "G5020", "FUNCSTAT": "S", "ALAND": 168500.0, "AWATER": 0.0, "INTPTLAT": "+40.6648986", "INTPTLON": "-073.8931118", "Shape__Are": 293152.492188, "Shape__Len": 2194.6223139 }, "geometry": { "type": "MultiPolygon", "coordinates": [ [ [ [ -73.896315999830804, 40.666019000139201 ], [ -73.895409000532837, 40.666153999905561 ], [ -73.894438999689044, 40.666297000258453 ], [ -73.893445999279024, 40.666445999914067 ], [ -73.892526000460563, 40.66658100017888 ], [ -73.891610000043457, 40.666716000170453 ], [ -73.890694000524675, 40.666852000158144 ], [ -73.89029900051446, 40.665312000119854 ], [ -73.889906999978976, 40.663778000485692 ], [ -73.890830000068789, 40.663641000044599 ], [ -73.891738000089987, 40.663507000281029 ], [ -73.892661000179785, 40.663369000324444 ], [ -73.893650000391844, 40.66322299953621 ], [ -73.894627999834924, 40.663080000769277 ], [ -73.895530999833241, 40.662944999550575 ], [ -73.895920999820589, 40.664470999548861 ], [ -73.896315999830804, 40.666019000139201 ] ] ] ] } },
{ "type": "Feature", "properties": { "STATEFP": "36", "COUNTYFP": "047", "TRACTCE": "112800", "GEOID": "36047112800", "NAME": "1128", "NAMELSAD": "Census Tract 1128", "MTFCC": "G5020", "FUNCSTAT": "S", "ALAND": 184193.0, "AWATER": 0.0, "INTPTLAT": "+40.6617411", "INTPTLON": "-073.8921088", "Shape__Are": 320424.460938, "Shape__Len": 2308.1297649799999 }, "geometry": { "type": "MultiPolygon", "coordinates": [ [ [ [ -73.895530999833241, 40.662944999550575 ], [ -73.894627999834924, 40.663080000769277 ], [ -73.893650000391844, 40.66322299953621 ], [ -73.892661000179785, 40.663369000324444 ], [ -73.891738000089987, 40.663507000281029 ], [ -73.890830000068789, 40.663641000044599 ], [ -73.889906999978976, 40.663778000485692 ], [ -73.889784999780233, 40.663294999647526 ], [ -73.888384999664453, 40.661338000219978 ], [ -73.889199999799231, 40.660988000075633 ], [ -73.890014999933996, 40.660636000095323 ], [ -73.890831999718614, 40.660284000301864 ], [ -73.891649000401515, 40.659933000387028 ], [ -73.892464000536293, 40.659581000291169 ], [ -73.893278999772747, 40.659230000084612 ], [ -73.894690000657533, 40.661126000188304 ], [ -73.894950000050201, 40.661015999854889 ], [ -73.895150999891655, 40.661313999941619 ], [ -73.895530999833241, 40.662944999550575 ] ] ] ] } },
{ "type": "Feature", "properties": { "STATEFP": "36", "COUNTYFP": "047", "TRACTCE": "113000", "GEOID": "36047113000", "NAME": "1130", "NAMELSAD": "Census Tract 1130", "MTFCC": "G5020", "FUNCSTAT": "S", "ALAND": 193832.0, "AWATER": 0.0, "INTPTLAT": "+40.6621721", "INTPTLON": "-073.8964707", "Shape__Are": 337198.734375, "Shape__Len": 3054.0323582599999 }, "geometry": { "type": "MultiPolygon", "coordinates": [ [ [ [ -73.8990759998794, 40.665608000197643 ], [ -73.898157999812469, 40.665746999895987 ], [ -73.897233000072831, 40.665877999758287 ], [ -73.896315999830804, 40.666019000139201 ], [ -73.895920999820589, 40.664470999548861 ], [ -73.895530999833241, 40.662944999550575 ], [ -73.895150999891655, 40.661313999941619 ], [ -73.894950000050201, 40.661015999854889 ], [ -73.894690000657533, 40.661126000188304 ], [ -73.893278999772747, 40.659230000084612 ], [ -73.894098000105515, 40.65887799968651 ], [ -73.894913000240294, 40.658526000156876 ], [ -73.89571800032931, 40.658159999988989 ], [ -73.896166999867887, 40.657973999647986 ], [ -73.896448999900201, 40.659102999611157 ], [ -73.896739999255018, 40.660216999466712 ], [ -73.896974999431649, 40.661134999978351 ], [ -73.897895999871636, 40.660998999917297 ], [ -73.898290000056946, 40.662534000427243 ], [ -73.89868000004428, 40.664061999548792 ], [ -73.8990759998794, 40.665608000197643 ] ] ] ] } },
{ "type": "Feature", "properties": { "STATEFP": "36", "COUNTYFP": "047", "TRACTCE": "113200", "GEOID": "36047113200", "NAME": "1132", "NAMELSAD": "Census Tract 1132", "MTFCC": "G5020", "FUNCSTAT": "S", "ALAND": 196193.0, "AWATER": 0.0, "INTPTLAT": "+40.6612884", "INTPTLON": "-073.8988885", "Shape__Are": 341295.148438, "Shape__Len": 3226.1855426299999 }, "geometry": { "type": "MultiPolygon", "coordinates": [ [ [ [ -73.901450999963544, 40.663659000307653 ], [ -73.90071400054488, 40.663738000117412 ], [ -73.900417000443952, 40.663805999775263 ], [ -73.900850999913914, 40.665345999836518 ], [ -73.899996999421077, 40.665472000398729 ], [ -73.8990759998794, 40.665608000197643 ], [ -73.89868000004428, 40.664061999548792 ], [ -73.898290000056946, 40.662534000427243 ], [ -73.897895999871636, 40.660998999917297 ], [ -73.896974999431649, 40.661134999978351 ], [ -73.896739999255018, 40.660216999466712 ], [ -73.896448999900201, 40.659102999611157 ], [ -73.896166999867887, 40.657973999647986 ], [ -73.896150999974367, 40.657912000554902 ], [ -73.89610999996647, 40.657754000670963 ], [ -73.897044999751841, 40.657667999783229 ], [ -73.897966000191857, 40.657532000150042 ], [ -73.89880700026589, 40.657406999310588 ], [ -73.898843000250906, 40.657556000426126 ], [ -73.899216999446395, 40.659112000355584 ], [ -73.899651999639588, 40.660735000490469 ], [ -73.899889000364368, 40.660640000182944 ], [ -73.90025900026022, 40.660619000060855 ], [ -73.900660999943113, 40.66058700002435 ], [ -73.901052999580273, 40.662124999452061 ], [ -73.901450999963544, 40.663659000307653 ] ] ] ] } },
{ "type": "Feature", "properties": { "STATEFP": "36", "COUNTYFP": "047", "TRACTCE": "114201", "GEOID": "36047114201", "NAME": "1142.01", "NAMELSAD": "Census Tract 1142.01", "MTFCC": "G5020", "FUNCSTAT": "S", "ALAND": 300918.0, "AWATER": 0.0, "INTPTLAT": "+40.6790020", "INTPTLON": "-073.9010285", "Shape__Are": 523770.320312, "Shape__Len": 4244.7359181499996 }, "geometry": { "type": "MultiPolygon", "coordinates": [ [ [ [ -73.904046000155702, 40.679220000301314 ], [ -73.902621999750465, 40.680664000235268 ], [ -73.900752000179722, 40.679676999613456 ], [ -73.900283000549663, 40.679442000166155 ], [ -73.899698000568662, 40.679544999530215 ], [ -73.898899000327404, 40.679560999430358 ], [ -73.898203999843219, 40.679768000432162 ], [ -73.897769000548351, 40.67992600062275 ], [ -73.897494000188743, 40.680073999728634 ], [ -73.897186000217161, 40.680368000227361 ], [ -73.897034999706108, 40.680565000130336 ], [ -73.896929000299224, 40.680746000520472 ], [ -73.896822999994001, 40.681155000378602 ], [ -73.896615000479869, 40.682008000179216 ], [ -73.896518000395488, 40.682396999746508 ], [ -73.896482000410472, 40.682529999666194 ], [ -73.896406000242479, 40.682679999866643 ], [ -73.896330999899419, 40.682830000410796 ], [ -73.896231000340308, 40.682976999853587 ], [ -73.896122999486963, 40.683140000056895 ], [ -73.895819000611667, 40.683516000259367 ], [ -73.89529300018188, 40.684169000229986 ], [ -73.894942000552604, 40.684548000089102 ], [ -73.894596999872789, 40.684882000579684 ], [ -73.894406000077069, 40.685090000039473 ], [ -73.894200000212763, 40.685309000131525 ], [ -73.894139000113398, 40.68524299990893 ], [ -73.892523000087536, 40.683423999768095 ], [ -73.891974999916442, 40.682742999809356 ], [ -73.893252999833507, 40.682066999911115 ], [ -73.894312000365744, 40.681566000549495 ], [ -73.89373300023253, 40.680854000210481 ], [ -73.893185000061422, 40.680161000407502 ], [ -73.893995000173334, 40.679767000356428 ], [ -73.894826000201647, 40.67933799987965 ], [ -73.895698000237843, 40.678971000061097 ], [ -73.896536999763754, 40.678594000014932 ], [ -73.897018999812587, 40.6783810002389 ], [ -73.897474999922181, 40.678162999964869 ], [ -73.897600999420547, 40.678098999680309 ], [ -73.897663000243142, 40.678067999956816 ], [ -73.897954999422879, 40.677888999996924 ], [ -73.898151000139762, 40.677767999580517 ], [ -73.898362000026964, 40.677658000126158 ], [ -73.898831999481928, 40.677447000305619 ], [ -73.899126000108126, 40.677313000350537 ], [ -73.899989999748385, 40.676900000289372 ], [ -73.900626999607937, 40.677264999701151 ], [ -73.903466000197568, 40.67889699966549 ], [ -73.904046000155702, 40.679220000301314 ] ] ] ] } },
{ "type": "Feature", "properties": { "STATEFP": "36", "COUNTYFP": "047", "TRACTCE": "114600", "GEOID": "36047114600", "NAME": "1146", "NAMELSAD": "Census Tract 1146", "MTFCC": "G5020", "FUNCSTAT": "S", "ALAND": 160101.0, "AWATER": 0.0, "INTPTLAT": "+40.6792066", "INTPTLON": "-073.8923418", "Shape__Are": 278662.089844, "Shape__Len": 2380.2038381900002 }, "geometry": { "type": "MultiPolygon", "coordinates": [ [ [ [ -73.896536999763754, 40.678594000014932 ], [ -73.895698000237843, 40.678971000061097 ], [ -73.894826000201647, 40.67933799987965 ], [ -73.893995000173334, 40.679767000356428 ], [ -73.893185000061422, 40.680161000407502 ], [ -73.892328000093869, 40.680569000385155 ], [ -73.892051000084422, 40.680701999864915 ], [ -73.891497000065556, 40.680970000187294 ], [ -73.890819000198121, 40.681294000368574 ], [ -73.890655000166603, 40.681372999724019 ], [ -73.889773999909579, 40.681801000683613 ], [ -73.889406000561877, 40.680142000441222 ], [ -73.88900599963047, 40.678556999958708 ], [ -73.889875000191921, 40.678302000062558 ], [ -73.890772999269061, 40.678165000164377 ], [ -73.891671999967741, 40.678031000289963 ], [ -73.892579000164034, 40.677900000457406 ], [ -73.893483999812176, 40.677762000308626 ], [ -73.894387999635413, 40.677629999839681 ], [ -73.895317999397932, 40.677495999571178 ], [ -73.896217999921518, 40.677357999948597 ], [ -73.896536999763754, 40.678594000014932 ] ] ] ] } },
{ "type": "Feature", "properties": { "STATEFP": "36", "COUNTYFP": "047", "TRACTCE": "115600", "GEOID": "36047115600", "NAME": "1156", "NAMELSAD": "Census Tract 1156", "MTFCC": "G5020", "FUNCSTAT": "S", "ALAND": 159862.0, "AWATER": 0.0, "INTPTLAT": "+40.6683267", "INTPTLON": "-073.8958947", "Shape__Are": 278154.015625, "Shape__Len": 2153.4105220900001 }, "geometry": { "type": "MultiPolygon", "coordinates": [ [ [ [ -73.898340999212266, 40.670212000441843 ], [ -73.897422000218725, 40.67034699989653 ], [ -73.896518000395488, 40.670481000225529 ], [ -73.895544000252045, 40.670626000583326 ], [ -73.894555999864906, 40.670769999733778 ], [ -73.894231000174898, 40.66951899971108 ], [ -73.893838999639428, 40.667979999506983 ], [ -73.893445999279024, 40.666445999914067 ], [ -73.894438999689044, 40.666297000258453 ], [ -73.895409000532837, 40.666153999905561 ], [ -73.896315999830804, 40.666019000139201 ], [ -73.897233000072831, 40.665877999758287 ], [ -73.897633000105913, 40.667418999934149 ], [ -73.898019999720205, 40.668958000139064 ], [ -73.898340999212266, 40.670212000441843 ] ] ] ] } },
{ "type": "Feature", "properties": { "STATEFP": "36", "COUNTYFP": "081", "TRACTCE": "067100", "GEOID": "36081067100", "NAME": "671", "NAMELSAD": "Census Tract 671", "MTFCC": "G5020", "FUNCSTAT": "S", "ALAND": 229104.0, "AWATER": 0.0, "INTPTLAT": "+40.7244752", "INTPTLON": "-073.8781025", "Shape__Are": 399302.207031, "Shape__Len": 2975.1045113099999 }, "geometry": { "type": "MultiPolygon", "coordinates": [ [ [ [ -73.882587999557799, 40.725083000124179 ], [ -73.881620999985373, 40.725237000126157 ], [ -73.880650000214985, 40.725395000058377 ], [ -73.879642999561284, 40.725560000099968 ], [ -73.87863499998096, 40.725727999932488 ], [ -73.877556000255538, 40.725751000099407 ], [ -73.876297000605064, 40.726354999950871 ], [ -73.875500000013631, 40.726727000449841 ], [ -73.874707999445079, 40.727089999816094 ], [ -73.874020000430221, 40.726544999656653 ], [ -73.873863000071395, 40.726428000002315 ], [ -73.873365999953933, 40.725996999611759 ], [ -73.872801999889305, 40.725304000285426 ], [ -73.872827000003653, 40.725296999774038 ], [ -73.87302199999732, 40.725240999741239 ], [ -73.87316799958721, 40.72519000003512 ], [ -73.873284999763072, 40.725141999835479 ], [ -73.87338500022048, 40.725101000133961 ], [ -73.873642999963351, 40.724970000254153 ], [ -73.874438999831568, 40.724599000229595 ], [ -73.875238000072812, 40.724230000357593 ], [ -73.876039999788802, 40.723859000292798 ], [ -73.876840999679871, 40.723487000102033 ], [ -73.877674000256306, 40.72310100043299 ], [ -73.878505000284619, 40.72271600067964 ], [ -73.879305999277378, 40.722345000345307 ], [ -73.880105999343542, 40.7219740006663 ], [ -73.88092000055174, 40.721603000281021 ], [ -73.882435000295246, 40.723509000262659 ], [ -73.881633999505866, 40.723880000236093 ], [ -73.882587999557799, 40.725083000124179 ] ] ] ] } },
{ "type": "Feature", "properties": { "STATEFP": "36", "COUNTYFP": "047", "TRACTCE": "013000", "GEOID": "36047013000", "NAME": "130", "NAMELSAD": "Census Tract 130", "MTFCC": "G5020", "FUNCSTAT": "S", "ALAND": 176432.0, "AWATER": 0.0, "INTPTLAT": "+40.6325873", "INTPTLON": "-074.0213843", "Shape__Are": 306659.25, "Shape__Len": 2269.89866579 }, "geometry": { "type": "MultiPolygon", "coordinates": [ [ [ [ -74.024238000717816, 40.632858999511164 ], [ -74.023883999817187, 40.633724000427542 ], [ -74.023518000119282, 40.634616000242609 ], [ -74.023235000262076, 40.635318000084233 ], [ -74.020722000085684, 40.634168999701785 ], [ -74.019263000418647, 40.633494000383052 ], [ -74.018244999894293, 40.633033999962393 ], [ -74.018529999401338, 40.632334000177615 ], [ -74.018586000376146, 40.632195999827374 ], [ -74.01889500017262, 40.631444000109951 ], [ -74.019063000402127, 40.631039000625364 ], [ -74.019259000220686, 40.630559999878919 ], [ -74.019358999779811, 40.630309999862561 ], [ -74.019549999575531, 40.629855000035192 ], [ -74.022023999393852, 40.630987999703059 ], [ -74.024519999851819, 40.632167000117647 ], [ -74.024238000717816, 40.632858999511164 ] ] ] ] } },
{ "type": "Feature", "properties": { "STATEFP": "36", "COUNTYFP": "047", "TRACTCE": "023800", "GEOID": "36047023800", "NAME": "238", "NAMELSAD": "Census Tract 238", "MTFCC": "G5020", "FUNCSTAT": "S", "ALAND": 169884.0, "AWATER": 0.0, "INTPTLAT": "+40.6305112", "INTPTLON": "-073.9914376", "Shape__Are": 295258.066406, "Shape__Len": 2508.4299123199999 }, "geometry": { "type": "MultiPolygon", "coordinates": [ [ [ [ -73.995616999334374, 40.631666999592248 ], [ -73.995394000649924, 40.631881000049056 ], [ -73.995033999901509, 40.63222999937696 ], [ -73.994450999570304, 40.632784999762826 ], [ -73.993865999589303, 40.633346999575082 ], [ -73.991663999757534, 40.632015999356909 ], [ -73.989461999925751, 40.630686000688677 ], [ -73.987259000269063, 40.629354999923557 ], [ -73.987841999701928, 40.628796999870183 ], [ -73.988337999994485, 40.628319000251317 ], [ -73.988428000406159, 40.628230999275338 ], [ -73.989009000189228, 40.627675999900077 ], [ -73.991211999845902, 40.629005999886495 ], [ -73.993412999852765, 40.630336000655078 ], [ -73.995459999873859, 40.631574999834918 ], [ -73.995616999334374, 40.631666999592248 ] ] ] ] } },
{ "type": "Feature", "properties": { "STATEFP": "36", "COUNTYFP": "047", "TRACTCE": "052800", "GEOID": "36047052800", "NAME": "528", "NAMELSAD": "Census Tract 528", "MTFCC": "G5020", "FUNCSTAT": "S", "ALAND": 175595.0, "AWATER": 0.0, "INTPTLAT": "+40.6308472", "INTPTLON": "-073.9626086", "Shape__Are": 305188.382812, "Shape__Len": 2926.20411104 }, "geometry": { "type": "MultiPolygon", "coordinates": [ [ [ [ -73.966165000617536, 40.631976999827288 ], [ -73.965528999684594, 40.632043999704358 ], [ -73.964602000295145, 40.632147000004935 ], [ -73.963674000182479, 40.632249999464833 ], [ -73.962299000181034, 40.632400000273911 ], [ -73.960860000605507, 40.632561999923901 ], [ -73.959898000157622, 40.632667999726202 ], [ -73.959444999522788, 40.630277000153157 ], [ -73.959267999970791, 40.62935399977367 ], [ -73.958993999436075, 40.627885999505935 ], [ -73.95995599988396, 40.62777799994695 ], [ -73.960147999504557, 40.62891499934652 ], [ -73.960218999649669, 40.629254999861033 ], [ -73.960263000030608, 40.629424000002153 ], [ -73.960407999795564, 40.630169999826371 ], [ -73.961368999520204, 40.630060000273751 ], [ -73.961823999804864, 40.630017000405566 ], [ -73.962298000356114, 40.629961000044212 ], [ -73.963224999745563, 40.629858999922796 ], [ -73.964152000033351, 40.629756999645608 ], [ -73.965080000146031, 40.629654999894413 ], [ -73.96607399948266, 40.629545000175213 ], [ -73.966676000080412, 40.631921999857646 ], [ -73.966165000617536, 40.631976999827288 ] ] ] ] } },
{ "type": "Feature", "properties": { "STATEFP": "36", "COUNTYFP": "047", "TRACTCE": "075200", "GEOID": "36047075200", "NAME": "752", "NAMELSAD": "Census Tract 752", "MTFCC": "G5020", "FUNCSTAT": "S", "ALAND": 173194.0, "AWATER": 0.0, "INTPTLAT": "+40.6261531", "INTPTLON": "-073.9525462", "Shape__Are": 300975.355469, "Shape__Len": 2266.8517901099999 }, "geometry": { "type": "MultiPolygon", "coordinates": [ [ [ [ -73.954885000223626, 40.628335999651753 ], [ -73.953959999585663, 40.628440000381275 ], [ -73.953030999648078, 40.628540000300667 ], [ -73.952069000098533, 40.628645999669942 ], [ -73.951105999825742, 40.6287499999167 ], [ -73.950661000485141, 40.626360999529112 ], [ -73.950202000002506, 40.623971000042175 ], [ -73.951165000275296, 40.623864999389113 ], [ -73.952126, 40.623758999931496 ], [ -73.95305200046279, 40.623658000118063 ], [ -73.953983000050201, 40.623554999678504 ], [ -73.954434999961833, 40.625945000415484 ], [ -73.954885000223626, 40.628335999651753 ] ] ] ] } },
{ "type": "Feature", "properties": { "STATEFP": "36", "COUNTYFP": "047", "TRACTCE": "113400", "GEOID": "36047113400", "NAME": "1134", "NAMELSAD": "Census Tract 1134", "MTFCC": "G5020", "FUNCSTAT": "S", "ALAND": 153420.0, "AWATER": 0.0, "INTPTLAT": "+40.6677793", "INTPTLON": "-073.8996082", "Shape__Are": 266940.316406, "Shape__Len": 2118.2051909400002 }, "geometry": { "type": "MultiPolygon", "coordinates": [ [ [ [ -73.901982000416197, 40.669670000117236 ], [ -73.901104000532214, 40.669800000224598 ], [ -73.900183000092227, 40.669939000043314 ], [ -73.899261999652239, 40.670072999829522 ], [ -73.898340999212266, 40.670212000441843 ], [ -73.898019999720205, 40.668958000139064 ], [ -73.897633000105913, 40.667418999934149 ], [ -73.897233000072831, 40.665877999758287 ], [ -73.898157999812469, 40.665746999895987 ], [ -73.8990759998794, 40.665608000197643 ], [ -73.899996999421077, 40.665472000398729 ], [ -73.900850999913914, 40.665345999836518 ], [ -73.901266000015625, 40.666880000201353 ], [ -73.901668000596842, 40.668412999785922 ], [ -73.901982000416197, 40.669670000117236 ] ] ] ] } },
{ "type": "Feature", "properties": { "STATEFP": "36", "COUNTYFP": "047", "TRACTCE": "043700", "GEOID": "36047043700", "NAME": "437", "NAMELSAD": "Census Tract 437", "MTFCC": "G5020", "FUNCSTAT": "S", "ALAND": 168127.0, "AWATER": 0.0, "INTPTLAT": "+40.6932450", "INTPTLON": "-073.9084239", "Shape__Are": 292750.09375, "Shape__Len": 2166.1226025400001 }, "geometry": { "type": "MultiPolygon", "coordinates": [ [ [ [ -73.911804999894613, 40.692784999919681 ], [ -73.910357000098244, 40.694259000045072 ], [ -73.910113000599083, 40.694505999993666 ], [ -73.908798999798705, 40.695844999514584 ], [ -73.908047000311441, 40.695416999522656 ], [ -73.907295999750758, 40.694986999810901 ], [ -73.9065450000884, 40.694559999609538 ], [ -73.905800000273828, 40.694127999413929 ], [ -73.905042999865344, 40.693704000118146 ], [ -73.906598999616762, 40.692119999866229 ], [ -73.90804200028856, 40.690647000012596 ], [ -73.90879700014888, 40.691074999995436 ], [ -73.909550000359374, 40.691502999953741 ], [ -73.910297999648705, 40.69192999999413 ], [ -73.911053000407335, 40.69235799990949 ], [ -73.911804999894613, 40.692784999919681 ] ] ] ] } },
{ "type": "Feature", "properties": { "STATEFP": "36", "COUNTYFP": "047", "TRACTCE": "114400", "GEOID": "36047114400", "NAME": "1144", "NAMELSAD": "Census Tract 1144", "MTFCC": "G5020", "FUNCSTAT": "S", "ALAND": 429912.0, "AWATER": 0.0, "INTPTLAT": "+40.6728096", "INTPTLON": "-073.8985527", "Shape__Are": 748131.796875, "Shape__Len": 4001.9750934799999 }, "geometry": { "type": "MultiPolygon", "coordinates": [ [ [ [ -73.903474999520085, 40.675506999540467 ], [ -73.903009000263083, 40.675678999486934 ], [ -73.902964000057224, 40.675698999499396 ], [ -73.902738000101436, 40.675796999882706 ], [ -73.902534999711833, 40.675884000011948 ], [ -73.900792000362699, 40.676572000057597 ], [ -73.899989999748385, 40.676900000289372 ], [ -73.899732000005528, 40.675703999501629 ], [ -73.899713999563858, 40.675610000215258 ], [ -73.899696000020512, 40.675519000533477 ], [ -73.899691999822565, 40.675497000187448 ], [ -73.899306999858084, 40.673981999465788 ], [ -73.898387000141327, 40.67412099942387 ], [ -73.897484999967915, 40.674254999662999 ], [ -73.896508999276335, 40.674396999520773 ], [ -73.895499000046186, 40.674550999562065 ], [ -73.894594000398058, 40.674683999466353 ], [ -73.89367000048334, 40.674821999854885 ], [ -73.893351999567699, 40.673582000038017 ], [ -73.893027999702596, 40.672315000036932 ], [ -73.892710999510186, 40.671046000075208 ], [ -73.893632999775093, 40.670909999783092 ], [ -73.894555999864906, 40.670769999733778 ], [ -73.895544000252045, 40.670626000583326 ], [ -73.896518000395488, 40.670481000225529 ], [ -73.897422000218725, 40.67034699989653 ], [ -73.898340999212266, 40.670212000441843 ], [ -73.899261999652239, 40.670072999829522 ], [ -73.900183000092227, 40.669939000043314 ], [ -73.901104000532214, 40.669800000224598 ], [ -73.901982000416197, 40.669670000117236 ], [ -73.902288999664535, 40.670936000431517 ], [ -73.902660000283618, 40.67219700029171 ], [ -73.902968000255214, 40.673438999636467 ], [ -73.903446999930992, 40.675395000160712 ], [ -73.903474999520085, 40.675506999540467 ] ] ] ] } },
{ "type": "Feature", "properties": { "STATEFP": "36", "COUNTYFP": "047", "TRACTCE": "093200", "GEOID": "36047093200", "NAME": "932", "NAMELSAD": "Census Tract 932", "MTFCC": "G5020", "FUNCSTAT": "S", "ALAND": 280436.0, "AWATER": 0.0, "INTPTLAT": "+40.6375676", "INTPTLON": "-073.9295091", "Shape__Are": 487496.0, "Shape__Len": 2784.3124809300002 }, "geometry": { "type": "MultiPolygon", "coordinates": [ [ [ [ -73.932983999934933, 40.639555000161856 ], [ -73.932013000164545, 40.639615999956064 ], [ -73.931042000394172, 40.639676000380888 ], [ -73.930110999908422, 40.639734000081411 ], [ -73.929105999802843, 40.639795000393676 ], [ -73.928098000222548, 40.639856999961125 ], [ -73.927165000087001, 40.639915999496068 ], [ -73.926197999616235, 40.639975999651256 ], [ -73.925933999127281, 40.639998000126383 ], [ -73.925742999331561, 40.640013999971622 ], [ -73.926032999759798, 40.638543000214597 ], [ -73.926082000163603, 40.638162999934174 ], [ -73.926146000636024, 40.637568000244691 ], [ -73.926362000546092, 40.636908999749778 ], [ -73.92651300015882, 40.636539999495923 ], [ -73.926788000518428, 40.636108000298378 ], [ -73.927447999944206, 40.635258999894162 ], [ -73.92861200005845, 40.635187000203963 ], [ -73.929624999661627, 40.635121000135648 ], [ -73.930553000672631, 40.635062999835924 ], [ -73.931530999217401, 40.635006000232679 ], [ -73.9322349999224, 40.634962999459283 ], [ -73.932500000236274, 40.634946999766861 ], [ -73.932734000587999, 40.63721700012357 ], [ -73.932983999934933, 40.639555000161856 ] ] ] ] } },
{ "type": "Feature", "properties": { "STATEFP": "36", "COUNTYFP": "047", "TRACTCE": "110400", "GEOID": "36047110400", "NAME": "1104", "NAMELSAD": "Census Tract 1104", "MTFCC": "G5020", "FUNCSTAT": "S", "ALAND": 742525.0, "AWATER": 0.0, "INTPTLAT": "+40.6574021", "INTPTLON": "-073.8887862", "Shape__Are": 1291536.7109399999, "Shape__Len": 6022.3751727099998 }, "geometry": { "type": "MultiPolygon", "coordinates": [ [ [ [ -73.896166999867887, 40.657973999647986 ], [ -73.89571800032931, 40.658159999988989 ], [ -73.894913000240294, 40.658526000156876 ], [ -73.894098000105515, 40.65887799968651 ], [ -73.893278999772747, 40.659230000084612 ], [ -73.892464000536293, 40.659581000291169 ], [ -73.891649000401515, 40.659933000387028 ], [ -73.890831999718614, 40.660284000301864 ], [ -73.890014999933996, 40.660636000095323 ], [ -73.889199999799231, 40.660988000075633 ], [ -73.888384999664453, 40.661338000219978 ], [ -73.887567999879835, 40.661689000237573 ], [ -73.886813999844435, 40.662013999742712 ], [ -73.885936000858777, 40.662394000510716 ], [ -73.885117999452632, 40.66274600007246 ], [ -73.884301999492948, 40.663095000206404 ], [ -73.883487000256494, 40.663448000477757 ], [ -73.882669999573565, 40.663797999979437 ], [ -73.881856000162031, 40.664150000308666 ], [ -73.880961000559623, 40.662927999423161 ], [ -73.880892000064307, 40.662833999843009 ], [ -73.881703000001153, 40.662472000120793 ], [ -73.882490999473433, 40.662135999787679 ], [ -73.883334000095616, 40.661773000701729 ], [ -73.884130999788724, 40.661433000214856 ], [ -73.884046999224836, 40.661317000317588 ], [ -73.884001999917288, 40.661252999536032 ], [ -73.882912000321227, 40.659781000046941 ], [ -73.883739000151564, 40.659427000431798 ], [ -73.884581999875437, 40.659061000436935 ], [ -73.886047000288528, 40.658429999715061 ], [ -73.887786000338068, 40.657682999755878 ], [ -73.886689000170961, 40.656205000012037 ], [ -73.885681000590665, 40.654850000428041 ], [ -73.884653000020549, 40.653450999665978 ], [ -73.884909000113595, 40.653341000307258 ], [ -73.885022000091496, 40.653292999439849 ], [ -73.885504999965249, 40.653089000138806 ], [ -73.886282000465172, 40.652756000330541 ], [ -73.887131000036845, 40.652393999758871 ], [ -73.887948999646355, 40.652041000284704 ], [ -73.888765999430944, 40.651691000433523 ], [ -73.889590999611471, 40.651338000647961 ], [ -73.889994000017609, 40.651138000116369 ], [ -73.891365999645984, 40.652364999963197 ], [ -73.89245699996529, 40.653711000155212 ], [ -73.89354699956138, 40.655201999590048 ], [ -73.893951999617329, 40.655778000098593 ], [ -73.894631000207966, 40.656692999779359 ], [ -73.89524499960298, 40.657534000286944 ], [ -73.895381999870338, 40.65771999981029 ], [ -73.895909999949936, 40.657771000072586 ], [ -73.89610999996647, 40.657754000670963 ], [ -73.896150999974367, 40.657912000554902 ], [ -73.896166999867887, 40.657973999647986 ] ] ] ] } },
{ "type": "Feature", "properties": { "STATEFP": "36", "COUNTYFP": "047", "TRACTCE": "094600", "GEOID": "36047094600", "NAME": "946", "NAMELSAD": "Census Tract 946", "MTFCC": "G5020", "FUNCSTAT": "S", "ALAND": 281769.0, "AWATER": 0.0, "INTPTLAT": "+40.6446169", "INTPTLON": "-073.9232797", "Shape__Are": 489922.175781, "Shape__Len": 3590.3907574300001 }, "geometry": { "type": "MultiPolygon", "coordinates": [ [ [ [ -73.926119999798445, 40.648419999759398 ], [ -73.925185999837979, 40.648478999904199 ], [ -73.924249000402767, 40.648538999859348 ], [ -73.923248999421759, 40.648598999760551 ], [ -73.923049999230116, 40.646738999549221 ], [ -73.922116999992895, 40.646796000721451 ], [ -73.921916000151427, 40.644908999539368 ], [ -73.9209839998408, 40.644975000154929 ], [ -73.920531999929167, 40.644999000176725 ], [ -73.919976000260476, 40.64502999959565 ], [ -73.919951000146114, 40.644707000347978 ], [ -73.919907000663514, 40.644330000171287 ], [ -73.919729000388273, 40.642724999488415 ], [ -73.921609000004779, 40.64168699943248 ], [ -73.922207000404569, 40.641064999810254 ], [ -73.923327000137874, 40.639899999627303 ], [ -73.923353999902048, 40.64017700022135 ], [ -73.923374999818449, 40.640495000344863 ], [ -73.923564999789235, 40.64249900027297 ], [ -73.924542000305749, 40.642439000340708 ], [ -73.925382000554862, 40.642384000128146 ], [ -73.925720999590283, 40.644673999575012 ], [ -73.925761999598151, 40.645055000193913 ], [ -73.925922000330033, 40.646560000011775 ], [ -73.926119999798445, 40.648419999759398 ] ] ] ] } },
{ "type": "Feature", "properties": { "STATEFP": "36", "COUNTYFP": "047", "TRACTCE": "119800", "GEOID": "36047119800", "NAME": "1198", "NAMELSAD": "Census Tract 1198", "MTFCC": "G5020", "FUNCSTAT": "S", "ALAND": 326903.0, "AWATER": 0.0, "INTPTLAT": "+40.6763145", "INTPTLON": "-073.8943861", "Shape__Are": 568933.40234399994, "Shape__Len": 3593.5898017300001 }, "geometry": { "type": "MultiPolygon", "coordinates": [ [ [ [ -73.899989999748385, 40.676900000289372 ], [ -73.899126000108126, 40.677313000350537 ], [ -73.898831999481928, 40.677447000305619 ], [ -73.898362000026964, 40.677658000126158 ], [ -73.898151000139762, 40.677767999580517 ], [ -73.897954999422879, 40.677888999996924 ], [ -73.897663000243142, 40.678067999956816 ], [ -73.897600999420547, 40.678098999680309 ], [ -73.897474999922181, 40.678162999964869 ], [ -73.897018999812587, 40.6783810002389 ], [ -73.896536999763754, 40.678594000014932 ], [ -73.896217999921518, 40.677357999948597 ], [ -73.895317999397932, 40.677495999571178 ], [ -73.894387999635413, 40.677629999839681 ], [ -73.893483999812176, 40.677762000308626 ], [ -73.892579000164034, 40.677900000457406 ], [ -73.891671999967741, 40.678031000289963 ], [ -73.890772999269061, 40.678165000164377 ], [ -73.889875000191921, 40.678302000062558 ], [ -73.88900599963047, 40.678556999958708 ], [ -73.888593000076895, 40.676956000101214 ], [ -73.888256000691328, 40.675624999559432 ], [ -73.889151000293722, 40.675496000047673 ], [ -73.890055999941893, 40.675357000231052 ], [ -73.89095899994021, 40.675224000306727 ], [ -73.891860000288716, 40.675091000117099 ], [ -73.892765999761778, 40.67495600072904 ], [ -73.89367000048334, 40.674821999854885 ], [ -73.894594000398058, 40.674683999466353 ], [ -73.895499000046186, 40.674550999562065 ], [ -73.896508999276335, 40.674396999520773 ], [ -73.897484999967915, 40.674254999662999 ], [ -73.898387000141327, 40.67412099942387 ], [ -73.899306999858084, 40.673981999465788 ], [ -73.899691999822565, 40.675497000187448 ], [ -73.899696000020512, 40.675519000533477 ], [ -73.899713999563858, 40.675610000215258 ], [ -73.899732000005528, 40.675703999501629 ], [ -73.899989999748385, 40.676900000289372 ] ] ] ] } },
{ "type": "Feature", "properties": { "STATEFP": "36", "COUNTYFP": "047", "TRACTCE": "089000", "GEOID": "36047089000", "NAME": "890", "NAMELSAD": "Census Tract 890", "MTFCC": "G5020", "FUNCSTAT": "S", "ALAND": 248416.0, "AWATER": 0.0, "INTPTLAT": "+40.6569877", "INTPTLON": "-073.9154892", "Shape__Are": 432087.605469, "Shape__Len": 3797.5513931 }, "geometry": { "type": "MultiPolygon", "coordinates": [ [ [ [ -73.919744000456888, 40.660770999854343 ], [ -73.919663000266027, 40.661404999929118 ], [ -73.919583999725006, 40.66199399971407 ], [ -73.919205000506636, 40.661655000701067 ], [ -73.918601999185654, 40.661118000071028 ], [ -73.918299000135249, 40.661162000022564 ], [ -73.918185000332457, 40.66072599996501 ], [ -73.917418999703159, 40.660051000026669 ], [ -73.917073999921641, 40.659745000148774 ], [ -73.915728000232548, 40.658550000075422 ], [ -73.915566999675733, 40.658393000054424 ], [ -73.914412999607237, 40.657362000559353 ], [ -73.914029000366014, 40.657004000068767 ], [ -73.91377999994566, 40.656782999516977 ], [ -73.913143999911028, 40.656221000061024 ], [ -73.912339000720308, 40.655531000426841 ], [ -73.911995999690319, 40.655560999966731 ], [ -73.911082999646268, 40.655702000349443 ], [ -73.910122999746505, 40.65585199957394 ], [ -73.909767000094362, 40.654471999848525 ], [ -73.909726000086479, 40.654313000219744 ], [ -73.910603999970448, 40.654187000386294 ], [ -73.910679000313522, 40.654179999896328 ], [ -73.912328999776264, 40.654134999649997 ], [ -73.913523999852629, 40.654161000023237 ], [ -73.913743999960658, 40.654168999611784 ], [ -73.91530699938474, 40.654222000098898 ], [ -73.915517000345332, 40.654407999996359 ], [ -73.916332000480125, 40.655131999811715 ], [ -73.918146999799291, 40.656765999863552 ], [ -73.917270000638553, 40.65733299951561 ], [ -73.919088999257369, 40.658965999789814 ], [ -73.920082000565699, 40.659858000293866 ], [ -73.919744000456888, 40.660770999854343 ] ] ] ] } },
{ "type": "Feature", "properties": { "STATEFP": "36", "COUNTYFP": "047", "TRACTCE": "089600", "GEOID": "36047089600", "NAME": "896", "NAMELSAD": "Census Tract 896", "MTFCC": "G5020", "FUNCSTAT": "S", "ALAND": 149024.0, "AWATER": 0.0, "INTPTLAT": "+40.6580074", "INTPTLON": "-073.9124095", "Shape__Are": 259216.042969, "Shape__Len": 2267.2652197399998 }, "geometry": { "type": "MultiPolygon", "coordinates": [ [ [ [ -73.914692000164834, 40.65850299994289 ], [ -73.913736000463047, 40.658644999952088 ], [ -73.914131000473262, 40.66018099980387 ], [ -73.913210000033274, 40.660319000223119 ], [ -73.912291999966328, 40.660454999626225 ], [ -73.911334999541339, 40.660597000250348 ], [ -73.910942999904165, 40.659061000436942 ], [ -73.91054899971887, 40.657525000011049 ], [ -73.910122999746505, 40.65585199957394 ], [ -73.911082999646268, 40.655702000349443 ], [ -73.911995999690319, 40.655560999966731 ], [ -73.912339000720308, 40.655531000426841 ], [ -73.913143999911028, 40.656221000061024 ], [ -73.91377999994566, 40.656782999516977 ], [ -73.914029000366014, 40.657004000068767 ], [ -73.914412999607237, 40.657362000559353 ], [ -73.915566999675733, 40.658393000054424 ], [ -73.914692000164834, 40.65850299994289 ] ] ] ] } },
{ "type": "Feature", "properties": { "STATEFP": "36", "COUNTYFP": "047", "TRACTCE": "006600", "GEOID": "36047006600", "NAME": "66", "NAMELSAD": "Census Tract 66", "MTFCC": "G5020", "FUNCSTAT": "S", "ALAND": 153740.0, "AWATER": 0.0, "INTPTLAT": "+40.6321309", "INTPTLON": "-074.0274985", "Shape__Are": 267214.777344, "Shape__Len": 2106.5046062299998 }, "geometry": { "type": "MultiPolygon", "coordinates": [ [ [ [ -74.030472999594053, 40.632098999573543 ], [ -74.030190999561768, 40.632791000353521 ], [ -74.029913000625726, 40.63347399998608 ], [ -74.029633000243251, 40.634153000500824 ], [ -74.026951000012446, 40.633515999585704 ], [ -74.026038999793286, 40.633302999687679 ], [ -74.025177000701163, 40.63309599967333 ], [ -74.024238000717816, 40.632858999511164 ], [ -74.024519999851819, 40.632167000117647 ], [ -74.024791999838385, 40.631506000615488 ], [ -74.02507100039594, 40.630814000153265 ], [ -74.025360999925852, 40.630108999582383 ], [ -74.028079999966579, 40.630753999944801 ], [ -74.03076399984721, 40.631391999377676 ], [ -74.030472999594053, 40.632098999573543 ] ] ] ] } },
{ "type": "Feature", "properties": { "STATEFP": "36", "COUNTYFP": "047", "TRACTCE": "006800", "GEOID": "36047006800", "NAME": "68", "NAMELSAD": "Census Tract 68", "MTFCC": "G5020", "FUNCSTAT": "S", "ALAND": 185509.0, "AWATER": 0.0, "INTPTLAT": "+40.6351749", "INTPTLON": "-074.0262304", "Shape__Are": 322457.96875, "Shape__Len": 2347.2589162099998 }, "geometry": { "type": "MultiPolygon", "coordinates": [ [ [ [ -74.02935700005871, 40.634836999903136 ], [ -74.029134000475977, 40.635372999983346 ], [ -74.028941999957027, 40.635867000392956 ], [ -74.028806999339494, 40.636188999423517 ], [ -74.028658000274902, 40.636545999749188 ], [ -74.028278999259896, 40.637468000211769 ], [ -74.027884000147992, 40.637345000020304 ], [ -74.027352999695353, 40.637180000288794 ], [ -74.025665999524392, 40.636666999968682 ], [ -74.025471999355631, 40.637140000333737 ], [ -74.022910000572068, 40.636108000298393 ], [ -74.023235000262076, 40.635318000084233 ], [ -74.023518000119282, 40.634616000242609 ], [ -74.023883999817187, 40.633724000427542 ], [ -74.024238000717816, 40.632858999511164 ], [ -74.025177000701163, 40.63309599967333 ], [ -74.026038999793286, 40.633302999687679 ], [ -74.026951000012446, 40.633515999585704 ], [ -74.029633000243251, 40.634153000500824 ], [ -74.02935700005871, 40.634836999903136 ] ] ] ] } },
{ "type": "Feature", "properties": { "STATEFP": "36", "COUNTYFP": "047", "TRACTCE": "007000", "GEOID": "36047007000", "NAME": "70", "NAMELSAD": "Census Tract 70", "MTFCC": "G5020", "FUNCSTAT": "S", "ALAND": 149197.0, "AWATER": 0.0, "INTPTLAT": "+40.6381971", "INTPTLON": "-074.0242975", "Shape__Are": 259362.296875, "Shape__Len": 2879.4737564100001 }, "geometry": { "type": "MultiPolygon", "coordinates": [ [ [ [ -74.02800400069691, 40.63814499960889 ], [ -74.02780200013224, 40.638625000486449 ], [ -74.027623999856999, 40.638804999499754 ], [ -74.026860999600757, 40.639536000214569 ], [ -74.024754000203544, 40.63812099984932 ], [ -74.024521999501644, 40.638340000147338 ], [ -74.02413099968939, 40.638752999728595 ], [ -74.023958000335341, 40.638916000330745 ], [ -74.02354499988347, 40.639313999748119 ], [ -74.023105000565721, 40.639996000145452 ], [ -74.02261599994587, 40.640425000134698 ], [ -74.022506999267605, 40.640557999925903 ], [ -74.022277000012153, 40.640689000173516 ], [ -74.021990999781892, 40.640859999959069 ], [ -74.021759999803194, 40.641018000312279 ], [ -74.021519999603711, 40.641180999473704 ], [ -74.021379000036717, 40.641271000366473 ], [ -74.02116499977646, 40.641416999436039 ], [ -74.021396999580048, 40.641145999737482 ], [ -74.021555999588699, 40.640870999711048 ], [ -74.021659000419177, 40.640664999965288 ], [ -74.021774000046932, 40.640409999690661 ], [ -74.021680000335579, 40.639832000142491 ], [ -74.021694999505883, 40.639632999888775 ], [ -74.021692000031152, 40.639461000369884 ], [ -74.021667000815114, 40.639298999736049 ], [ -74.021630999931787, 40.639190999549577 ], [ -74.021586000624254, 40.639073999832 ], [ -74.02151499958083, 40.638861999949498 ], [ -74.021420000044586, 40.63866100019159 ], [ -74.021344999701512, 40.638543000214604 ], [ -74.02120099976149, 40.638371000613965 ], [ -74.021086999958655, 40.638261999591329 ], [ -74.021224000226013, 40.638115000419369 ], [ -74.021358999945207, 40.637966999539522 ], [ -74.021692999856057, 40.637652999745953 ], [ -74.021921999286604, 40.637437999354638 ], [ -74.022149999790543, 40.637240000176327 ], [ -74.022480000401742, 40.636950999915342 ], [ -74.022625999991618, 40.636798999710145 ], [ -74.022910000572068, 40.636108000298393 ], [ -74.025471999355631, 40.637140000333737 ], [ -74.025665999524392, 40.636666999968682 ], [ -74.027352999695353, 40.637180000288794 ], [ -74.027884000147992, 40.637345000020304 ], [ -74.028278999259896, 40.637468000211769 ], [ -74.02800400069691, 40.63814499960889 ] ] ] ] } },
{ "type": "Feature", "properties": { "STATEFP": "36", "COUNTYFP": "047", "TRACTCE": "007200", "GEOID": "36047007200", "NAME": "72", "NAMELSAD": "Census Tract 72", "MTFCC": "G5020", "FUNCSTAT": "S", "ALAND": 62490.0, "AWATER": 0.0, "INTPTLAT": "+40.6402978", "INTPTLON": "-074.0204135", "Shape__Are": 108636.957031, "Shape__Len": 1418.49653724 }, "geometry": { "type": "MultiPolygon", "coordinates": [ [ [ [ -74.021774000046932, 40.640409999690661 ], [ -74.021659000419177, 40.640664999965288 ], [ -74.021555999588699, 40.640870999711048 ], [ -74.021396999580048, 40.641145999737482 ], [ -74.02116499977646, 40.641416999436039 ], [ -74.020965999584845, 40.64165099999591 ], [ -74.020926000300179, 40.64158700011658 ], [ -74.020867000748936, 40.64151799965596 ], [ -74.020856999804892, 40.641434999560659 ], [ -74.020211999549417, 40.641980999443824 ], [ -74.020117999838092, 40.641920999727553 ], [ -74.0184220003446, 40.640846000272099 ], [ -74.019024000044041, 40.640263999781908 ], [ -74.019608000200151, 40.63970399956095 ], [ -74.02018999980811, 40.639145000098701 ], [ -74.020773999964206, 40.638580999987312 ], [ -74.021032999531997, 40.638316999791833 ], [ -74.021086999958655, 40.638261999591329 ], [ -74.02120099976149, 40.638371000613965 ], [ -74.021344999701512, 40.638543000214604 ], [ -74.021420000044586, 40.63866100019159 ], [ -74.02151499958083, 40.638861999949498 ], [ -74.021586000624254, 40.639073999832 ], [ -74.021630999931787, 40.639190999549577 ], [ -74.021667000815114, 40.639298999736049 ], [ -74.021692000031152, 40.639461000369884 ], [ -74.021694999505883, 40.639632999888775 ], [ -74.021680000335579, 40.639832000142491 ], [ -74.021774000046932, 40.640409999690661 ] ] ] ] } },
{ "type": "Feature", "properties": { "STATEFP": "36", "COUNTYFP": "047", "TRACTCE": "010000", "GEOID": "36047010000", "NAME": "100", "NAMELSAD": "Census Tract 100", "MTFCC": "G5020", "FUNCSTAT": "S", "ALAND": 150970.0, "AWATER": 0.0, "INTPTLAT": "+40.6415355", "INTPTLON": "-074.0104457", "Shape__Are": 262473.074219, "Shape__Len": 2090.8779791500001 }, "geometry": { "type": "MultiPolygon", "coordinates": [ [ [ [ -74.013231999960283, 40.642305000251696 ], [ -74.012648999629107, 40.64286599973024 ], [ -74.012066000196228, 40.643424999386767 ], [ -74.011484000588268, 40.643986000357721 ], [ -74.009281000033269, 40.642657000154827 ], [ -74.0070790002015, 40.641325000162261 ], [ -74.00765999998454, 40.640764999980831 ], [ -74.00824200049081, 40.6402049998729 ], [ -74.008824999923675, 40.639644999838652 ], [ -74.009409000079785, 40.639084999878243 ], [ -74.011610999911568, 40.640416000277682 ], [ -74.013813999568242, 40.641745000112266 ], [ -74.013231999960283, 40.642305000251696 ] ] ] ] } },
{ "type": "Feature", "properties": { "STATEFP": "36", "COUNTYFP": "047", "TRACTCE": "011600", "GEOID": "36047011600", "NAME": "116", "NAMELSAD": "Census Tract 116", "MTFCC": "G5020", "FUNCSTAT": "S", "ALAND": 160266.0, "AWATER": 0.0, "INTPTLAT": "+40.6358731", "INTPTLON": "-074.0036488", "Shape__Are": 278588.257812, "Shape__Len": 2358.37016894 }, "geometry": { "type": "MultiPolygon", "coordinates": [ [ [ [ -74.006750999240111, 40.634744999741578 ], [ -74.006168999632138, 40.635302999855988 ], [ -74.005586000199287, 40.635866000340606 ], [ -74.005002999868097, 40.636424999992016 ], [ -74.004420000435232, 40.636985000452093 ], [ -74.003837999928948, 40.637546000332136 ], [ -74.003252999947946, 40.638103999531566 ], [ -74.002672000164893, 40.638666999572536 ], [ -74.000469999434813, 40.637337000459993 ], [ -73.999806999635993, 40.636936000054064 ], [ -74.000525000584688, 40.636455999984499 ], [ -74.001240000262058, 40.63597799997379 ], [ -74.001956999589225, 40.635496999775647 ], [ -74.002672999989812, 40.635018999715896 ], [ -74.003388000565465, 40.63453800010754 ], [ -74.004107000440783, 40.634060000680833 ], [ -74.004820999394909, 40.633579999704004 ], [ -74.005563999559669, 40.633084000591445 ], [ -74.007355999312608, 40.634163999994485 ], [ -74.006750999240111, 40.634744999741578 ] ] ] ] } },
{ "type": "Feature", "properties": { "STATEFP": "36", "COUNTYFP": "047", "TRACTCE": "012000", "GEOID": "36047012000", "NAME": "120", "NAMELSAD": "Census Tract 120", "MTFCC": "G5020", "FUNCSTAT": "S", "ALAND": 193342.0, "AWATER": 0.0, "INTPTLAT": "+40.6327817", "INTPTLON": "-074.0117295", "Shape__Are": 336052.585938, "Shape__Len": 3054.95830226 }, "geometry": { "type": "MultiPolygon", "coordinates": [ [ [ [ -74.016692000515931, 40.635519000363487 ], [ -74.016305999828248, 40.635895999859045 ], [ -74.014109000019346, 40.634563999935459 ], [ -74.011908000012482, 40.63323400020866 ], [ -74.011326000404509, 40.633794999566916 ], [ -74.010742000248428, 40.634356999740291 ], [ -74.008537000043603, 40.633028000757029 ], [ -74.007022999226677, 40.63211000008733 ], [ -74.007739000525575, 40.631630000090432 ], [ -74.008455999852742, 40.631150000051775 ], [ -74.009224000131852, 40.630634000047863 ], [ -74.010004000106534, 40.630113000136554 ], [ -74.010969999854041, 40.630682000168896 ], [ -74.013176999708691, 40.632013000390266 ], [ -74.015138999340948, 40.633217000009921 ], [ -74.015643000029442, 40.633529000040816 ], [ -74.015672000341738, 40.633515000179926 ], [ -74.015925000061728, 40.633381999991556 ], [ -74.0159159998409, 40.63371900000525 ], [ -74.015971000092478, 40.634047999726974 ], [ -74.016108000359836, 40.634486000421383 ], [ -74.016274000041193, 40.63486699988394 ], [ -74.01675200079039, 40.635439999861234 ], [ -74.016692000515931, 40.635519000363487 ] ] ] ] } },
{ "type": "Feature", "properties": { "STATEFP": "36", "COUNTYFP": "047", "TRACTCE": "013200", "GEOID": "36047013200", "NAME": "132", "NAMELSAD": "Census Tract 132", "MTFCC": "G5020", "FUNCSTAT": "S", "ALAND": 155778.0, "AWATER": 0.0, "INTPTLAT": "+40.6279744", "INTPTLON": "-074.0156708", "Shape__Are": 270722.347656, "Shape__Len": 2579.3469608800001 }, "geometry": { "type": "MultiPolygon", "coordinates": [ [ [ [ -74.018878999380775, 40.624303000059925 ], [ -74.01784200038648, 40.626591000280222 ], [ -74.017223000070274, 40.628100999976603 ], [ -74.016933999466957, 40.628816999622735 ], [ -74.016884000136557, 40.628947000254811 ], [ -74.016643000112126, 40.629576000635026 ], [ -74.01634300053648, 40.63028600001352 ], [ -74.016048000085391, 40.631032999877206 ], [ -74.014902999339398, 40.630353000223828 ], [ -74.014782000762196, 40.630279999879455 ], [ -74.012702000230874, 40.629023999948643 ], [ -74.012500000564501, 40.628900999881772 ], [ -74.012142000364207, 40.628683999621543 ], [ -74.012857999866455, 40.6282070000427 ], [ -74.013572000617216, 40.627727999435422 ], [ -74.014284999746437, 40.627246999802182 ], [ -74.015000999248713, 40.6267689993158 ], [ -74.015708000326754, 40.6262950002819 ], [ -74.01648699957822, 40.625774999448403 ], [ -74.017261999530021, 40.625268999567929 ], [ -74.017976000280783, 40.624787999951472 ], [ -74.018878999380775, 40.624303000059925 ] ] ] ] } },
{ "type": "Feature", "properties": { "STATEFP": "36", "COUNTYFP": "047", "TRACTCE": "013400", "GEOID": "36047013400", "NAME": "134", "NAMELSAD": "Census Tract 134", "MTFCC": "G5020", "FUNCSTAT": "S", "ALAND": 268233.0, "AWATER": 0.0, "INTPTLAT": "+40.6295241", "INTPTLON": "-074.0202705", "Shape__Are": 466175.0625, "Shape__Len": 3502.5834198500002 }, "geometry": { "type": "MultiPolygon", "coordinates": [ [ [ [ -74.02507100039594, 40.630814000153265 ], [ -74.024791999838385, 40.631506000615488 ], [ -74.024519999851819, 40.632167000117647 ], [ -74.022023999393852, 40.630987999703059 ], [ -74.019549999575531, 40.629855000035192 ], [ -74.019358999779811, 40.630309999862561 ], [ -74.019259000220686, 40.630559999878919 ], [ -74.019063000402127, 40.631039000625364 ], [ -74.01889500017262, 40.631444000109951 ], [ -74.018586000376146, 40.632195999827374 ], [ -74.018529999401338, 40.632334000177615 ], [ -74.018448000283882, 40.632296000257824 ], [ -74.016956000106589, 40.631622000527102 ], [ -74.016695999815582, 40.63145399993148 ], [ -74.01650199964682, 40.631326000330219 ], [ -74.016458000164192, 40.631296999560888 ], [ -74.016222999987562, 40.631145000118408 ], [ -74.016048000085391, 40.631032999877206 ], [ -74.01634300053648, 40.63028600001352 ], [ -74.016643000112126, 40.629576000635026 ], [ -74.016884000136557, 40.628947000254811 ], [ -74.016933999466957, 40.628816999622735 ], [ -74.017223000070274, 40.628100999976603 ], [ -74.01784200038648, 40.626591000280222 ], [ -74.018175000472397, 40.626790999370513 ], [ -74.018314999316175, 40.626876000319527 ], [ -74.018639000079588, 40.627071000363344 ], [ -74.018960999396555, 40.626296000477602 ], [ -74.020599999886926, 40.627276999784229 ], [ -74.022959000077549, 40.628700999610828 ], [ -74.025360999925852, 40.630108999582383 ], [ -74.02507100039594, 40.630814000153265 ] ] ] ] } },
{ "type": "Feature", "properties": { "STATEFP": "36", "COUNTYFP": "081", "TRACTCE": "024300", "GEOID": "36081024300", "NAME": "243", "NAMELSAD": "Census Tract 243", "MTFCC": "G5020", "FUNCSTAT": "S", "ALAND": 540128.0, "AWATER": 0.0, "INTPTLAT": "+40.7366667", "INTPTLON": "-073.9020404", "Shape__Are": 941717.33203100006, "Shape__Len": 5217.2406408200004 }, "geometry": { "type": "MultiPolygon", "coordinates": [ [ [ [ -73.910239000097476, 40.734339000179091 ], [ -73.909911000034398, 40.734997000542847 ], [ -73.909597000215044, 40.735655999761782 ], [ -73.909329000426453, 40.736231999396196 ], [ -73.909305999961916, 40.736287000481894 ], [ -73.909285000045529, 40.736333999541998 ], [ -73.908893999334964, 40.736378000210607 ], [ -73.90788599975464, 40.7365300001306 ], [ -73.907597000049634, 40.736589999806405 ], [ -73.907371000093832, 40.736644999915491 ], [ -73.906706999571782, 40.736847000346586 ], [ -73.906426000262712, 40.736944000059289 ], [ -73.906077000283261, 40.737098999734741 ], [ -73.905933000343197, 40.737163000518592 ], [ -73.905565999922089, 40.737336000468026 ], [ -73.904818999559367, 40.737671000259589 ], [ -73.904638999634315, 40.737752999803249 ], [ -73.903691000328479, 40.738129000085323 ], [ -73.903657999818194, 40.738141999888676 ], [ -73.902941000491012, 40.738403000063684 ], [ -73.902751999446807, 40.738591999527699 ], [ -73.902713999811994, 40.73862999946671 ], [ -73.901790000795572, 40.738967999832127 ], [ -73.901741000391766, 40.738980999471536 ], [ -73.901487999773465, 40.739116000498605 ], [ -73.901349999681216, 40.739181999751459 ], [ -73.90103000001406, 40.739334999933277 ], [ -73.900796000560661, 40.739445000331486 ], [ -73.900223000275204, 40.739854000544391 ], [ -73.899919999428178, 40.740072999591263 ], [ -73.89973600020349, 40.740205000216342 ], [ -73.899492999630937, 40.740383000335015 ], [ -73.899240999735852, 40.740599000152848 ], [ -73.8992160005198, 40.74061800057283 ], [ -73.899146000199607, 40.740668000183199 ], [ -73.898984999642821, 40.740646000250351 ], [ -73.898683000417336, 40.740591999889347 ], [ -73.897695999855102, 40.740407999892945 ], [ -73.897444999784938, 40.740360000461187 ], [ -73.897012000139895, 40.740275999670764 ], [ -73.89752900034884, 40.740764999769432 ], [ -73.896856000504286, 40.74063700030672 ], [ -73.895837999979918, 40.740452999754147 ], [ -73.895856000421574, 40.740072000420895 ], [ -73.895884000010668, 40.739461999999335 ], [ -73.895872000315109, 40.739065999721596 ], [ -73.895901999554013, 40.738354000669624 ], [ -73.895930000041417, 40.737638999779428 ], [ -73.8959559999807, 40.736924999951249 ], [ -73.895975000247276, 40.736441000421081 ], [ -73.896016000255145, 40.735238999534324 ], [ -73.896028999775623, 40.735018000374907 ], [ -73.896510999824471, 40.735097000007784 ], [ -73.896912000580784, 40.73508700006807 ], [ -73.897832000297527, 40.735159999389289 ], [ -73.899021999452728, 40.735149000214761 ], [ -73.900009999839867, 40.734849999491004 ], [ -73.900114999421859, 40.734813000045577 ], [ -73.900269999232549, 40.734741000274752 ], [ -73.900371999339811, 40.734681000292781 ], [ -73.900496999911581, 40.734590000284932 ], [ -73.900618000285419, 40.734475999605763 ], [ -73.900711000171839, 40.734358999601234 ], [ -73.900995999678869, 40.734008999656773 ], [ -73.901080000242771, 40.733908000654907 ], [ -73.901943000058139, 40.73433999943564 ], [ -73.902865999249627, 40.734767000522424 ], [ -73.903786999689615, 40.735216999848035 ], [ -73.90470300010675, 40.735680000498462 ], [ -73.905170000086969, 40.73586000030194 ], [ -73.905735999801394, 40.734632999451442 ], [ -73.906017999833722, 40.734010999541084 ], [ -73.906632000127033, 40.732796000193538 ], [ -73.910688999460945, 40.733470999998751 ], [ -73.910239000097476, 40.734339000179091 ] ] ] ] } },
{ "type": "Feature", "properties": { "STATEFP": "36", "COUNTYFP": "081", "TRACTCE": "024500", "GEOID": "36081024500", "NAME": "245", "NAMELSAD": "Census Tract 245", "MTFCC": "G5020", "FUNCSTAT": "S", "ALAND": 257660.0, "AWATER": 0.0, "INTPTLAT": "+40.7393540", "INTPTLON": "-073.9050486", "Shape__Are": 449269.902344, "Shape__Len": 3075.1005752199999 }, "geometry": { "type": "MultiPolygon", "coordinates": [ [ [ [ -73.909260000829491, 40.736403000593015 ], [ -73.909229999793936, 40.736454999779134 ], [ -73.909217000273458, 40.736495999972675 ], [ -73.908555000299557, 40.73792999979343 ], [ -73.908323000495955, 40.738630999339449 ], [ -73.907783999647393, 40.740745000231193 ], [ -73.907556000041765, 40.741658999666889 ], [ -73.906338999325769, 40.741529000224368 ], [ -73.905503999997819, 40.741434000052202 ], [ -73.904618999542848, 40.741332000239332 ], [ -73.90372699941517, 40.74123199993732 ], [ -73.903229000371098, 40.741163000492065 ], [ -73.902697000093539, 40.74110500052813 ], [ -73.902128999830964, 40.741029999889598 ], [ -73.901678999569185, 40.74096999945403 ], [ -73.900601999493574, 40.740857999857383 ], [ -73.900425999766483, 40.740836999826954 ], [ -73.899793999929813, 40.740761999566843 ], [ -73.899720000309969, 40.740753000319494 ], [ -73.899635999746067, 40.740743999709629 ], [ -73.899556000278437, 40.740731000414712 ], [ -73.899146000199607, 40.740668000183199 ], [ -73.8992160005198, 40.74061800057283 ], [ -73.899240999735852, 40.740599000152848 ], [ -73.899492999630937, 40.740383000335015 ], [ -73.89973600020349, 40.740205000216342 ], [ -73.899919999428178, 40.740072999591263 ], [ -73.900223000275204, 40.739854000544391 ], [ -73.900796000560661, 40.739445000331486 ], [ -73.90103000001406, 40.739334999933277 ], [ -73.901349999681216, 40.739181999751459 ], [ -73.901487999773465, 40.739116000498605 ], [ -73.901741000391766, 40.738980999471536 ], [ -73.901790000795572, 40.738967999832127 ], [ -73.902713999811994, 40.73862999946671 ], [ -73.902751999446807, 40.738591999527699 ], [ -73.902941000491012, 40.738403000063684 ], [ -73.903657999818194, 40.738141999888676 ], [ -73.903691000328479, 40.738129000085323 ], [ -73.904638999634315, 40.737752999803249 ], [ -73.904818999559367, 40.737671000259589 ], [ -73.905565999922089, 40.737336000468026 ], [ -73.905933000343197, 40.737163000518592 ], [ -73.906077000283261, 40.737098999734741 ], [ -73.906426000262712, 40.736944000059289 ], [ -73.906706999571782, 40.736847000346586 ], [ -73.907371000093832, 40.736644999915491 ], [ -73.907597000049634, 40.736589999806405 ], [ -73.90788599975464, 40.7365300001306 ], [ -73.908893999334964, 40.736378000210607 ], [ -73.909285000045529, 40.736333999541998 ], [ -73.909260000829491, 40.736403000593015 ] ] ] ] } },
{ "type": "Feature", "properties": { "STATEFP": "36", "COUNTYFP": "081", "TRACTCE": "026300", "GEOID": "36081026300", "NAME": "263", "NAMELSAD": "Census Tract 263", "MTFCC": "G5020", "FUNCSTAT": "S", "ALAND": 207862.0, "AWATER": 0.0, "INTPTLAT": "+40.7457619", "INTPTLON": "-073.8970294", "Shape__Are": 362505.171875, "Shape__Len": 2503.5229090900002 }, "geometry": { "type": "MultiPolygon", "coordinates": [ [ [ [ -73.900029000106443, 40.743761999817522 ], [ -73.899034999871532, 40.746012999783339 ], [ -73.899029999848665, 40.746047999602155 ], [ -73.898941999985098, 40.746236999802719 ], [ -73.898615999571874, 40.746937000529925 ], [ -73.898336000087696, 40.747561000197138 ], [ -73.897916999788038, 40.748494000094837 ], [ -73.897577000029415, 40.749299999738568 ], [ -73.896871000572901, 40.748993000234961 ], [ -73.896611000281894, 40.748878000020568 ], [ -73.89645700029611, 40.748809999380022 ], [ -73.896429999633625, 40.748800000140676 ], [ -73.896359000386838, 40.74877000037187 ], [ -73.896145000126566, 40.748679999623306 ], [ -73.89610999996647, 40.748668999962042 ], [ -73.895840000528054, 40.748546999761018 ], [ -73.895658999879771, 40.748473000433677 ], [ -73.894447000084966, 40.746534999953241 ], [ -73.894733999241822, 40.746503000334513 ], [ -73.894826000201647, 40.746493000067659 ], [ -73.895024999494964, 40.746469999584335 ], [ -73.894970999966603, 40.746373999907561 ], [ -73.894919999912972, 40.746274999457697 ], [ -73.894865000559705, 40.746165999905578 ], [ -73.894812999782857, 40.746046999840949 ], [ -73.894736999614892, 40.745816000148444 ], [ -73.894704999827823, 40.745671999845747 ], [ -73.894672999142458, 40.745449000415924 ], [ -73.894668000017887, 40.745326999752201 ], [ -73.894673999865688, 40.745214000231996 ], [ -73.894679999713475, 40.74509600028118 ], [ -73.894698999980037, 40.744999000205141 ], [ -73.894719000071518, 40.744890999701525 ], [ -73.894765000102268, 40.744738999829885 ], [ -73.894813999607777, 40.744607000035622 ], [ -73.894852000140915, 40.744521999379806 ], [ -73.894894999798623, 40.744441999584097 ], [ -73.894975000164564, 40.744301000433033 ], [ -73.895009999426335, 40.744238999968381 ], [ -73.89512100065275, 40.74407399996506 ], [ -73.895192999724443, 40.743979000024972 ], [ -73.895263999869556, 40.74388199968103 ], [ -73.895304999877439, 40.743842999544938 ], [ -73.89534299951228, 40.743799999525521 ], [ -73.895425000426357, 40.743720999338159 ], [ -73.895500999696026, 40.743647000085538 ], [ -73.895772999682592, 40.743420000107783 ], [ -73.896453000098163, 40.742861000256589 ], [ -73.896585999269234, 40.742902999713436 ], [ -73.897294999997115, 40.743063999994632 ], [ -73.897536000021546, 40.743121999611496 ], [ -73.898130000223375, 40.743257999523991 ], [ -73.899074000229575, 40.743486999654131 ], [ -73.900029000106443, 40.743761999817522 ] ] ] ] } },
{ "type": "Feature", "properties": { "STATEFP": "36", "COUNTYFP": "081", "TRACTCE": "029100", "GEOID": "36081029100", "NAME": "291", "NAMELSAD": "Census Tract 291", "MTFCC": "G5020", "FUNCSTAT": "S", "ALAND": 261476.0, "AWATER": 0.0, "INTPTLAT": "+40.7513358", "INTPTLON": "-073.8951993", "Shape__Are": 456081.582031, "Shape__Len": 3024.8035532899999 }, "geometry": { "type": "MultiPolygon", "coordinates": [ [ [ [ -73.898541999952016, 40.754173999897738 ], [ -73.897924000359069, 40.754239999859578 ], [ -73.897500999861435, 40.754280999978164 ], [ -73.896798999704558, 40.754357999916714 ], [ -73.89652200059345, 40.75438899952217 ], [ -73.895589999384484, 40.754484999876873 ], [ -73.894661000345209, 40.754582999358803 ], [ -73.893734000057449, 40.754680999376788 ], [ -73.893398000496774, 40.752851999833503 ], [ -73.893047999794092, 40.750908000227966 ], [ -73.892708000035455, 40.748863000155445 ], [ -73.892409000284715, 40.747134999991871 ], [ -73.893796999806639, 40.747692000516885 ], [ -73.895277000288345, 40.748317000312888 ], [ -73.895658999879771, 40.748473000433677 ], [ -73.895840000528054, 40.748546999761018 ], [ -73.89610999996647, 40.748668999962042 ], [ -73.896145000126566, 40.748679999623306 ], [ -73.896359000386838, 40.74877000037187 ], [ -73.896527999542911, 40.749062999439616 ], [ -73.896864999826789, 40.749606000158693 ], [ -73.897074999889085, 40.749944999573813 ], [ -73.897143000559467, 40.750071000096256 ], [ -73.897205000483737, 40.750197999398225 ], [ -73.897261000560235, 40.750328000270471 ], [ -73.897308999342513, 40.750458999902975 ], [ -73.897397000104363, 40.750803999913252 ], [ -73.897459000028633, 40.751063000028751 ], [ -73.897479000120143, 40.751149000175033 ], [ -73.897572999831468, 40.751763999989322 ], [ -73.897582999877201, 40.751899000249452 ], [ -73.897587999900068, 40.751956999646936 ], [ -73.89759400064618, 40.752038999952454 ], [ -73.89760899981647, 40.752129999907567 ], [ -73.897628999907951, 40.752221000418643 ], [ -73.897651000547583, 40.752302999718054 ], [ -73.897682999436313, 40.752399999348015 ], [ -73.897733000563349, 40.752538000029851 ], [ -73.897791000289672, 40.752673999741098 ], [ -73.897856999513579, 40.752807999855001 ], [ -73.897931999856652, 40.752939000045551 ], [ -73.898216000437102, 40.753367000479237 ], [ -73.898398999836886, 40.75364300026439 ], [ -73.898737999770617, 40.754153999628279 ], [ -73.898541999952016, 40.754173999897738 ] ] ] ] } },
{ "type": "Feature", "properties": { "STATEFP": "36", "COUNTYFP": "081", "TRACTCE": "029300", "GEOID": "36081029300", "NAME": "293", "NAMELSAD": "Census Tract 293", "MTFCC": "G5020", "FUNCSTAT": "S", "ALAND": 151336.0, "AWATER": 0.0, "INTPTLAT": "+40.7519327", "INTPTLON": "-073.8994830", "Shape__Are": 263978.386719, "Shape__Len": 2473.7449469100002 }, "geometry": { "type": "MultiPolygon", "coordinates": [ [ [ [ -73.902471999962643, 40.753762999310602 ], [ -73.902121000333352, 40.753801000108915 ], [ -73.901213000312168, 40.753901999528594 ], [ -73.900302999742848, 40.753991000372295 ], [ -73.899572999996863, 40.754064000042582 ], [ -73.899180999461379, 40.754110000511382 ], [ -73.898762999884966, 40.754149000070335 ], [ -73.898737999770617, 40.754153999628279 ], [ -73.898398999836886, 40.75364300026439 ], [ -73.898216000437102, 40.753367000479237 ], [ -73.897931999856652, 40.752939000045551 ], [ -73.897856999513579, 40.752807999855001 ], [ -73.897791000289672, 40.752673999741098 ], [ -73.897733000563349, 40.752538000029851 ], [ -73.897682999436313, 40.752399999348015 ], [ -73.897651000547583, 40.752302999718054 ], [ -73.897628999907951, 40.752221000418643 ], [ -73.89760899981647, 40.752129999907567 ], [ -73.89759400064618, 40.752038999952454 ], [ -73.897587999900068, 40.751956999646936 ], [ -73.897582999877201, 40.751899000249452 ], [ -73.897572999831468, 40.751763999989322 ], [ -73.897479000120143, 40.751149000175033 ], [ -73.897459000028633, 40.751063000028751 ], [ -73.897397000104363, 40.750803999913252 ], [ -73.897308999342513, 40.750458999902975 ], [ -73.897261000560235, 40.750328000270471 ], [ -73.897205000483737, 40.750197999398225 ], [ -73.897143000559467, 40.750071000096256 ], [ -73.897074999889085, 40.749944999573813 ], [ -73.896864999826789, 40.749606000158693 ], [ -73.896527999542911, 40.749062999439616 ], [ -73.896359000386838, 40.74877000037187 ], [ -73.896429999633625, 40.748800000140676 ], [ -73.89645700029611, 40.748809999380022 ], [ -73.896611000281894, 40.748878000020568 ], [ -73.896871000572901, 40.748993000234961 ], [ -73.897577000029415, 40.749299999738568 ], [ -73.898391000339288, 40.749643000223024 ], [ -73.898574999563976, 40.74972200018113 ], [ -73.899228000215373, 40.750002999995175 ], [ -73.899658000385685, 40.750182000131836 ], [ -73.899708999541005, 40.750204000313076 ], [ -73.900050999847764, 40.750352999492996 ], [ -73.901063000524331, 40.750782999620561 ], [ -73.900763000050361, 40.751470000213459 ], [ -73.900871000005409, 40.752062000551142 ], [ -73.901557999195347, 40.751995000116452 ], [ -73.902158000143302, 40.751931999666468 ], [ -73.902276000144056, 40.752596999893733 ], [ -73.902471999962643, 40.753762999310602 ] ] ] ] } },
{ "type": "Feature", "properties": { "STATEFP": "36", "COUNTYFP": "081", "TRACTCE": "028700", "GEOID": "36081028700", "NAME": "287", "NAMELSAD": "Census Tract 287", "MTFCC": "G5020", "FUNCSTAT": "S", "ALAND": 195625.0, "AWATER": 0.0, "INTPTLAT": "+40.7509654", "INTPTLON": "-073.8894359", "Shape__Are": 341219.179688, "Shape__Len": 3200.7011374899998 }, "geometry": { "type": "MultiPolygon", "coordinates": [ [ [ [ -73.891189000094002, 40.751101000328681 ], [ -73.890262000704539, 40.751200000399173 ], [ -73.890613000333815, 40.75314499996859 ], [ -73.890947999171246, 40.754973999617441 ], [ -73.890012999385874, 40.755070999433528 ], [ -73.889088000544547, 40.755169999717189 ], [ -73.888157000058825, 40.75526599962469 ], [ -73.887823999972881, 40.753438000173432 ], [ -73.888756000283536, 40.753339999684293 ], [ -73.888400999557959, 40.751396000055855 ], [ -73.88802900001231, 40.749355999257951 ], [ -73.887647000420884, 40.747245000421266 ], [ -73.887782999964998, 40.747229000444335 ], [ -73.888678000465717, 40.747133999566387 ], [ -73.889570999519989, 40.74703899991389 ], [ -73.89050099928248, 40.746941999949577 ], [ -73.890576000523879, 40.747343000365937 ], [ -73.890901000213901, 40.749008999787456 ], [ -73.890865000228885, 40.749057000463459 ], [ -73.890824000221002, 40.749061000688336 ], [ -73.891189000094002, 40.751101000328681 ] ] ] ] } },
{ "type": "Feature", "properties": { "STATEFP": "36", "COUNTYFP": "081", "TRACTCE": "028900", "GEOID": "36081028900", "NAME": "289", "NAMELSAD": "Census Tract 289", "MTFCC": "G5020", "FUNCSTAT": "S", "ALAND": 172620.0, "AWATER": 0.0, "INTPTLAT": "+40.7512785", "INTPTLON": "-073.8919022", "Shape__Are": 301095.242188, "Shape__Len": 2945.6948233899998 }, "geometry": { "type": "MultiPolygon", "coordinates": [ [ [ [ -73.893734000057449, 40.754680999376788 ], [ -73.892802999571686, 40.75477799962038 ], [ -73.891881000205117, 40.754873000465359 ], [ -73.890947999171246, 40.754973999617441 ], [ -73.890613000333815, 40.75314499996859 ], [ -73.890262000704539, 40.751200000399173 ], [ -73.891189000094002, 40.751101000328681 ], [ -73.890824000221002, 40.749061000688336 ], [ -73.890865000228885, 40.749057000463459 ], [ -73.890901000213901, 40.749008999787456 ], [ -73.890576000523879, 40.747343000365937 ], [ -73.89050099928248, 40.746941999949577 ], [ -73.89143099994331, 40.746844999843802 ], [ -73.891607000568726, 40.746826999591072 ], [ -73.891684000561625, 40.746819000233366 ], [ -73.891749999785546, 40.746811999943887 ], [ -73.892409000284715, 40.747134999991871 ], [ -73.892708000035455, 40.748863000155445 ], [ -73.893047999794092, 40.750908000227966 ], [ -73.893398000496774, 40.752851999833503 ], [ -73.893734000057449, 40.754680999376788 ] ] ] ] } }
]
}
